run_id,wall_elapsed_s,sim_time_s,frame,round_number,paused,ai_enabled,ai_mode,ai_quiet_timer,ai_stable_timer,ai_mode_timer,ai_mode_duration,ai_completion_delay,ai_attractor_strength,ai_cursor_x,ai_cursor_y,ai_cursor_z,cell_count,stem_count,neural_blue_count,muscle_rose_count,epithelial_green_count,blood_amber_count,differentiated_count,completion_fraction,frontier_count,signal_count,free_signal_count,attached_signal_count,branch_count,decoration_count,avg_exposure,max_exposure,avg_neighbors,avg_signal_speed,avg_signal_age,type_balance_score,dominant_type,resetting,csv_path
20260526-202226-sentence-script-a-cluster-of-identical-p-380e8c,0.0048,0.0,0,1,0,1,SEED,0.5,0.0,0.0,7.0,0.0,0.16,0.0,0.0,0.0,105,105,0,0,0,0,0,0.0,0,10,10,0,0,2,0.0,0.0,2.30476,0.60109,0.0,0.0,none,0,/Users/b/phoenix/code/simulation_shared_data/csv_runs/20260526-202226-sentence-script-a-cluster-of-identical-p-380e8c/20260526-202226-sentence-script-a-cluster-of-identical-p-380e8c_stem_cell_differentiation.csv
20260526-202226-sentence-script-a-cluster-of-identical-p-380e8c,0.2057,0.3,18,1,0,1,SEED,0.2,0.3,0.3,7.0,0.0,0.2,0.45944,-0.15182,-0.03604,105,105,0,0,0,0,0,0.0,0,10,9,1,0,2,0.00056,0.23423,2.30476,0.60475,0.3,0.0,none,0,/Users/b/phoenix/code/simulation_shared_data/csv_runs/20260526-202226-sentence-script-a-cluster-of-identical-p-380e8c/20260526-202226-sentence-script-a-cluster-of-identical-p-380e8c_stem_cell_differentiation.csv
20260526-202226-sentence-script-a-cluster-of-identical-p-380e8c,0.4162,0.6,36,1,0,1,SEED,-0.0167,0.6,0.6,7.0,0.0,0.2,0.76805,-0.49666,0.22384,105,105,0,0,0,0,0,0.0,0,14,13,1,0,3,0.00113,0.4737,2.30476,0.67147,0.45714,0.0,none,0,/Users/b/phoenix/code/simulation_shared_data/csv_runs/20260526-202226-sentence-script-a-cluster-of-identical-p-380e8c/20260526-202226-sentence-script-a-cluster-of-identical-p-380e8c_stem_cell_differentiation.csv
20260526-202226-sentence-script-a-cluster-of-identical-p-380e8c,0.6268,0.9,54,1,0,1,SEED,-0.0167,0.9,0.9,7.0,0.0,0.2,0.6676,-0.49778,0.44081,105,105,0,0,0,0,0,0.0,0,14,12,2,0,3,0.00191,0.7047,2.30476,0.68075,0.75714,0.0,none,0,/Users/b/phoenix/code/simulation_shared_data/csv_runs/20260526-202226-sentence-script-a-cluster-of-identical-p-380e8c/20260526-202226-sentence-script-a-cluster-of-identical-p-380e8c_stem_cell_differentiation.csv
20260526-202226-sentence-script-a-cluster-of-identical-p-380e8c,0.8436,1.15,69,1,0,1,SEED,-0.0167,1.15,1.15,7.0,0.0,0.2,0.34169,-0.17328,0.431,105,105,0,0,0,0,0,0.0,0,19,13,6,0,4,0.0045,0.89093,2.30476,0.68513,0.80789,0.0,none,0,/Users/b/phoenix/code/simulation_shared_data/csv_runs/20260526-202226-sentence-script-a-cluster-of-identical-p-380e8c/20260526-202226-sentence-script-a-cluster-of-identical-p-380e8c_stem_cell_differentiation.csv
20260526-202226-sentence-script-a-cluster-of-identical-p-380e8c,1.0472,1.35,81,1,0,1,SEED,-0.0167,1.35,1.35,7.0,0.0,0.2,0.31471,-0.11713,0.13896,105,105,0,0,0,0,0,0.0,0,19,12,7,0,4,0.0069,1.03595,2.30476,0.6791,1.00789,0.0,none,0,/Users/b/phoenix/code/simulation_shared_data/csv_runs/20260526-202226-sentence-script-a-cluster-of-identical-p-380e8c/20260526-202226-sentence-script-a-cluster-of-identical-p-380e8c_stem_cell_differentiation.csv
20260526-202226-sentence-script-a-cluster-of-identical-p-380e8c,1.2504,1.55,93,1,0,1,SEED,-0.0167,1.55,1.55,7.0,0.0,0.2,0.26469,-0.42643,0.75494,105,105,0,0,0,0,0,0.0,0,19,12,7,0,3,0.0097,1.17752,2.30476,0.68786,1.20789,0.0,none,0,/Users/b/phoenix/code/simulation_shared_data/csv_runs/20260526-202226-sentence-script-a-cluster-of-identical-p-380e8c/20260526-202226-sentence-script-a-cluster-of-identical-p-380e8c_stem_cell_differentiation.csv
20260526-202226-sentence-script-a-cluster-of-identical-p-380e8c,1.4549,1.75,105,1,0,1,SEED,-0.0167,1.75,1.75,7.0,0.0,0.2,0.10943,-0.38583,0.79248,105,105,0,0,0,0,0,0.0,0,22,14,8,0,4,0.01305,1.31573,2.30476,0.68564,1.24091,0.0,none,0,/Users/b/phoenix/code/simulation_shared_data/csv_runs/20260526-202226-sentence-script-a-cluster-of-identical-p-380e8c/20260526-202226-sentence-script-a-cluster-of-identical-p-380e8c_stem_cell_differentiation.csv
20260526-202226-sentence-script-a-cluster-of-identical-p-380e8c,1.6596,1.95,117,1,0,1,SEED,-0.0167,0.15,1.95,7.0,0.0,0.2,-0.05019,-0.33768,0.79842,105,104,0,0,0,1,1,0.00952,1,27,16,11,0,4,0.0161,1.38301,2.30476,0.60487,1.20494,0.0,blood_amber,0,/Users/b/phoenix/code/simulation_shared_data/csv_runs/20260526-202226-sentence-script-a-cluster-of-identical-p-380e8c/20260526-202226-sentence-script-a-cluster-of-identical-p-380e8c_stem_cell_differentiation.csv
20260526-202226-sentence-script-a-cluster-of-identical-p-380e8c,1.8619,2.15,129,1,0,1,SEED,-0.0167,0.35,2.15,7.0,0.0,0.2,-0.10332,-0.31973,0.65454,105,104,0,0,0,1,1,0.00952,1,27,11,16,0,4,0.0216,1.51634,2.30476,0.60007,1.40494,0.0,blood_amber,0,/Users/b/phoenix/code/simulation_shared_data/csv_runs/20260526-202226-sentence-script-a-cluster-of-identical-p-380e8c/20260526-202226-sentence-script-a-cluster-of-identical-p-380e8c_stem_cell_differentiation.csv
20260526-202226-sentence-script-a-cluster-of-identical-p-380e8c,2.0654,2.35,141,1,0,1,SEED,-0.0167,0.1333,2.35,7.0,0.0,0.2,-0.11992,-0.22507,0.65876,105,103,0,0,0,2,2,0.01905,4,35,20,15,0,6,0.02743,1.54918,2.30476,0.56047,1.26952,0.0,blood_amber,0,/Users/b/phoenix/code/simulation_shared_data/csv_runs/20260526-202226-sentence-script-a-cluster-of-identical-p-380e8c/20260526-202226-sentence-script-a-cluster-of-identical-p-380e8c_stem_cell_differentiation.csv
20260526-202226-sentence-script-a-cluster-of-identical-p-380e8c,2.2725,2.55,153,1,0,1,SEED,-0.0167,0.0167,2.55,7.0,0.0,0.2,-0.49225,-0.15797,0.63063,105,100,1,0,2,2,5,0.04762,12,50,35,15,2,9,0.03148,1.55186,2.30476,0.47543,1.05333,0.4,epithelial_green,0,/Users/b/phoenix/code/simulation_shared_data/csv_runs/20260526-202226-sentence-script-a-cluster-of-identical-p-380e8c/20260526-202226-sentence-script-a-cluster-of-identical-p-380e8c_stem_cell_differentiation.csv
20260526-202226-sentence-script-a-cluster-of-identical-p-380e8c,2.4826,2.75,165,1,0,1,SEED,-0.0167,0.2167,2.75,7.0,0.0,0.2,-0.60772,-0.09023,0.52026,105,100,1,0,2,2,5,0.04762,12,50,36,14,2,8,0.03348,1.55186,2.30476,0.44647,1.25333,0.4,epithelial_green,0,/Users/b/phoenix/code/simulation_shared_data/csv_runs/20260526-202226-sentence-script-a-cluster-of-identical-p-380e8c/20260526-202226-sentence-script-a-cluster-of-identical-p-380e8c_stem_cell_differentiation.csv
20260526-202226-sentence-script-a-cluster-of-identical-p-380e8c,2.6975,2.95,177,1,0,1,SEED,-0.0167,0.4167,2.95,7.0,0.0,0.2,-0.69897,-0.02072,0.38915,105,100,1,0,2,2,5,0.04762,12,50,35,15,2,8,0.03617,1.55186,2.30476,0.4276,1.45333,0.4,epithelial_green,0,/Users/b/phoenix/code/simulation_shared_data/csv_runs/20260526-202226-sentence-script-a-cluster-of-identical-p-380e8c/20260526-202226-sentence-script-a-cluster-of-identical-p-380e8c_stem_cell_differentiation.csv
20260526-202226-sentence-script-a-cluster-of-identical-p-380e8c,2.8979,3.1333,188,1,0,1,SEED,-0.0167,0.1,3.1333,7.0,0.0,0.2,-0.63626,0.0073,0.3119,105,99,1,1,2,2,6,0.05714,12,58,46,12,3,9,0.03915,1.55186,2.30476,0.39632,1.42874,0.66667,epithelial_green,0,/Users/b/phoenix/code/simulation_shared_data/csv_runs/20260526-202226-sentence-script-a-cluster-of-identical-p-380e8c/20260526-202226-sentence-script-a-cluster-of-identical-p-380e8c_stem_cell_differentiation.csv
20260526-202226-sentence-script-a-cluster-of-identical-p-380e8c,3.1131,3.35,201,1,0,1,SEED,-0.0167,0.3167,3.35,7.0,0.0,0.2,-0.75749,0.02845,0.21997,105,99,1,1,2,2,6,0.05714,12,58,48,10,3,8,0.0418,1.55186,2.30476,0.37757,1.6454,0.66667,epithelial_green,0,/Users/b/phoenix/code/simulation_shared_data/csv_runs/20260526-202226-sentence-script-a-cluster-of-identical-p-380e8c/20260526-202226-sentence-script-a-cluster-of-identical-p-380e8c_stem_cell_differentiation.csv
20260526-202226-sentence-script-a-cluster-of-identical-p-380e8c,3.3189,3.55,213,1,0,1,SEED,-0.0167,0.5167,3.55,7.0,0.0,0.2,-0.79662,0.18479,-0.07349,105,99,1,1,2,2,6,0.05714,12,58,50,8,3,7,0.04436,1.55186,2.30476,0.3616,1.8454,0.66667,epithelial_green,0,/Users/b/phoenix/code/simulation_shared_data/csv_runs/20260526-202226-sentence-script-a-cluster-of-identical-p-380e8c/20260526-202226-sentence-script-a-cluster-of-identical-p-380e8c_stem_cell_differentiation.csv
20260526-202226-sentence-script-a-cluster-of-identical-p-380e8c,3.5264,3.75,225,1,0,1,SEED,-0.0167,0.7167,3.75,7.0,0.0,0.2,-0.76614,0.24781,-0.23028,105,98,1,1,3,2,7,0.06667,14,66,60,6,3,6,0.04633,1.55186,2.30476,0.37773,1.80455,0.57143,epithelial_green,0,/Users/b/phoenix/code/simulation_shared_data/csv_runs/20260526-202226-sentence-script-a-cluster-of-identical-p-380e8c/20260526-202226-sentence-script-a-cluster-of-identical-p-380e8c_stem_cell_differentiation.csv
20260526-202226-sentence-script-a-cluster-of-identical-p-380e8c,3.7364,3.95,237,1,0,1,SEED,-0.0167,0.0,3.95,7.0,0.0,0.2,-0.70512,0.30599,-0.3779,105,95,1,2,4,3,10,0.09524,23,78,73,5,3,9,0.0478,1.55186,2.30476,0.36735,1.70705,0.6,epithelial_green,0,/Users/b/phoenix/code/simulation_shared_data/csv_runs/20260526-202226-sentence-script-a-cluster-of-identical-p-380e8c/20260526-202226-sentence-script-a-cluster-of-identical-p-380e8c_stem_cell_differentiation.csv
20260526-202226-sentence-script-a-cluster-of-identical-p-380e8c,3.9447,4.15,249,1,0,1,SEED,-0.0167,0.0667,4.15,7.0,0.0,0.2,-0.47778,0.17495,-0.28659,105,94,1,2,5,3,11,0.10476,23,86,79,7,4,10,0.04908,1.55186,2.30476,0.37392,1.73973,0.54545,epithelial_green,0,/Users/b/phoenix/code/simulation_shared_data/csv_runs/20260526-202226-sentence-script-a-cluster-of-identical-p-380e8c/20260526-202226-sentence-script-a-cluster-of-identical-p-380e8c_stem_cell_differentiation.csv
20260526-202226-sentence-script-a-cluster-of-identical-p-380e8c,4.1533,4.35,261,1,0,1,SEED,-0.0167,0.2667,4.35,7.0,0.0,0.2,-0.21727,0.10212,-0.34497,105,94,1,2,5,3,11,0.10476,23,86,79,7,4,9,0.04974,1.55186,2.30476,0.37893,1.93973,0.54545,epithelial_green,0,/Users/b/phoenix/code/simulation_shared_data/csv_runs/20260526-202226-sentence-script-a-cluster-of-identical-p-380e8c/20260526-202226-sentence-script-a-cluster-of-identical-p-380e8c_stem_cell_differentiation.csv
20260526-202226-sentence-script-a-cluster-of-identical-p-380e8c,4.4313,4.5167,271,1,0,1,SEED,-0.0167,0.4333,4.5167,7.0,0.0,0.2,-0.25274,0.04334,-0.40016,105,94,1,2,5,3,11,0.10476,23,86,73,13,4,9,0.05204,1.55186,2.30476,0.37407,2.1064,0.54545,epithelial_green,0,/Users/b/phoenix/code/simulation_shared_data/csv_runs/20260526-202226-sentence-script-a-cluster-of-identical-p-380e8c/20260526-202226-sentence-script-a-cluster-of-identical-p-380e8c_stem_cell_differentiation.csv
20260526-202226-sentence-script-a-cluster-of-identical-p-380e8c,4.6495,4.6667,280,1,0,1,SEED,-0.0167,0.0,4.6667,7.0,0.0,0.2,-0.28342,0.45844,-0.74811,105,93,2,2,5,3,12,0.11429,26,91,78,13,4,9,0.0553,1.55186,2.30476,0.35636,2.13333,0.66667,epithelial_green,0,/Users/b/phoenix/code/simulation_shared_data/csv_runs/20260526-202226-sentence-script-a-cluster-of-identical-p-380e8c/20260526-202226-sentence-script-a-cluster-of-identical-p-380e8c_stem_cell_differentiation.csv
20260526-202226-sentence-script-a-cluster-of-identical-p-380e8c,4.8623,4.8,288,1,0,1,SEED,-0.0167,0.1333,4.8,7.0,0.0,0.2,-0.18145,0.47505,-0.77915,105,93,2,2,5,3,12,0.11429,26,93,79,14,4,10,0.05662,1.55186,2.30476,0.36468,2.21971,0.66667,epithelial_green,0,/Users/b/phoenix/code/simulation_shared_data/csv_runs/20260526-202226-sentence-script-a-cluster-of-identical-p-380e8c/20260526-202226-sentence-script-a-cluster-of-identical-p-380e8c_stem_cell_differentiation.csv
20260526-202226-sentence-script-a-cluster-of-identical-p-380e8c,5.0765,4.9333,296,1,0,1,SEED,-0.0167,0.2667,4.9333,7.0,0.0,0.2,-0.07626,0.48752,-0.79636,105,93,2,2,5,3,12,0.11429,26,93,76,17,4,9,0.05837,1.55186,2.30476,0.36566,2.35305,0.66667,epithelial_green,0,/Users/b/phoenix/code/simulation_shared_data/csv_runs/20260526-202226-sentence-script-a-cluster-of-identical-p-380e8c/20260526-202226-sentence-script-a-cluster-of-identical-p-380e8c_stem_cell_differentiation.csv
20260526-202226-sentence-script-a-cluster-of-identical-p-380e8c,5.2802,5.0833,305,1,0,1,SEED,-0.0167,0.4167,5.0833,7.0,0.0,0.2,0.14037,0.45966,-0.63817,105,93,2,2,5,3,12,0.11429,26,93,76,17,4,7,0.06122,1.55186,2.30476,0.37518,2.50305,0.66667,epithelial_green,0,/Users/b/phoenix/code/simulation_shared_data/csv_runs/20260526-202226-sentence-script-a-cluster-of-identical-p-380e8c/20260526-202226-sentence-script-a-cluster-of-identical-p-380e8c_stem_cell_differentiation.csv
20260526-202226-sentence-script-a-cluster-of-identical-p-380e8c,5.4901,5.2833,317,1,0,1,SEED,-0.0167,0.0,5.2833,7.0,0.0,0.2,-0.09173,0.37229,-0.53226,105,90,4,2,6,3,15,0.14286,30,107,94,13,6,7,0.06456,1.55186,2.30476,0.36175,2.35779,0.66667,epithelial_green,0,/Users/b/phoenix/code/simulation_shared_data/csv_runs/20260526-202226-sentence-script-a-cluster-of-identical-p-380e8c/20260526-202226-sentence-script-a-cluster-of-identical-p-380e8c_stem_cell_differentiation.csv
20260526-202226-sentence-script-a-cluster-of-identical-p-380e8c,5.6975,5.4833,329,1,0,1,SEED,-0.0167,0.0833,5.4833,7.0,0.0,0.2,-0.1498,0.34668,-0.65817,105,89,4,2,6,4,16,0.15238,30,116,101,15,7,9,0.06638,1.55186,2.30476,0.36043,2.36839,0.75,epithelial_green,0,/Users/b/phoenix/code/simulation_shared_data/csv_runs/20260526-202226-sentence-script-a-cluster-of-identical-p-380e8c/20260526-202226-sentence-script-a-cluster-of-identical-p-380e8c_stem_cell_differentiation.csv
20260526-202226-sentence-script-a-cluster-of-identical-p-380e8c,5.9011,5.6833,341,1,0,1,SEED,-0.0167,0.2833,5.6833,7.0,0.0,0.2,0.48703,0.47751,-0.63467,105,89,4,2,6,4,16,0.15238,30,116,100,16,7,9,0.07036,1.55186,2.30476,0.35515,2.56839,0.75,epithelial_green,0,/Users/b/phoenix/code/simulation_shared_data/csv_runs/20260526-202226-sentence-script-a-cluster-of-identical-p-380e8c/20260526-202226-sentence-script-a-cluster-of-identical-p-380e8c_stem_cell_differentiation.csv
20260526-202226-sentence-script-a-cluster-of-identical-p-380e8c,6.1085,5.8833,353,1,0,1,SEED,-0.0167,0.0667,5.8833,7.0,0.0,0.2,0.60341,0.45214,-0.52526,105,88,4,3,6,4,17,0.1619,32,121,107,14,8,8,0.07323,1.55186,2.30476,0.34919,2.65744,0.79412,epithelial_green,0,/Users/b/phoenix/code/simulation_shared_data/csv_runs/20260526-202226-sentence-script-a-cluster-of-identical-p-380e8c/20260526-202226-sentence-script-a-cluster-of-identical-p-380e8c_stem_cell_differentiation.csv
20260526-202226-sentence-script-a-cluster-of-identical-p-380e8c,6.3168,6.0833,365,1,0,1,SEED,-0.0167,0.0333,6.0833,7.0,0.0,0.2,0.64885,0.31337,-0.43984,105,87,4,3,6,5,18,0.17143,32,124,108,16,9,9,0.07674,1.55186,2.30476,0.35056,2.78952,0.77778,epithelial_green,0,/Users/b/phoenix/code/simulation_shared_data/csv_runs/20260526-202226-sentence-script-a-cluster-of-identical-p-380e8c/20260526-202226-sentence-script-a-cluster-of-identical-p-380e8c_stem_cell_differentiation.csv
20260526-202226-sentence-script-a-cluster-of-identical-p-380e8c,6.5348,6.3,378,1,0,1,SEED,-0.0167,0.25,6.3,7.0,0.0,0.2,0.31602,0.21773,-0.2487,105,87,4,3,6,5,18,0.17143,32,127,112,15,9,10,0.08056,1.55186,2.30476,0.34475,2.94029,0.77778,epithelial_green,0,/Users/b/phoenix/code/simulation_shared_data/csv_runs/20260526-202226-sentence-script-a-cluster-of-identical-p-380e8c/20260526-202226-sentence-script-a-cluster-of-identical-p-380e8c_stem_cell_differentiation.csv
20260526-202226-sentence-script-a-cluster-of-identical-p-380e8c,6.7352,6.5,390,1,0,1,SEED,-0.0167,0.0667,6.5,7.0,0.0,0.2,0.04838,0.11369,-0.13733,105,86,4,3,7,5,19,0.18095,32,131,116,15,10,7,0.08547,1.55186,2.30476,0.33708,3.04746,0.73684,epithelial_green,0,/Users/b/phoenix/code/simulation_shared_data/csv_runs/20260526-202226-sentence-script-a-cluster-of-identical-p-380e8c/20260526-202226-sentence-script-a-cluster-of-identical-p-380e8c_stem_cell_differentiation.csv
20260526-202226-sentence-script-a-cluster-of-identical-p-380e8c,6.9418,6.7,402,1,0,1,SEED,-0.0167,0.2667,6.7,7.0,0.0,0.2,0.79597,0.26476,0.08018,105,86,4,3,7,5,19,0.18095,32,136,119,17,10,7,0.09224,1.55186,2.30476,0.34223,3.13419,0.73684,epithelial_green,0,/Users/b/phoenix/code/simulation_shared_data/csv_runs/20260526-202226-sentence-script-a-cluster-of-identical-p-380e8c/20260526-202226-sentence-script-a-cluster-of-identical-p-380e8c_stem_cell_differentiation.csv
20260526-202226-sentence-script-a-cluster-of-identical-p-380e8c,7.1472,6.9,414,1,0,1,SEED,-0.0167,0.0333,6.9,7.0,0.0,0.2,0.76418,0.20299,0.23672,105,84,5,4,7,5,21,0.2,32,143,127,16,11,9,0.09806,1.55186,2.30476,0.34044,3.17413,0.83333,epithelial_green,0,/Users/b/phoenix/code/simulation_shared_data/csv_runs/20260526-202226-sentence-script-a-cluster-of-identical-p-380e8c/20260526-202226-sentence-script-a-cluster-of-identical-p-380e8c_stem_cell_differentiation.csv
20260526-202226-sentence-script-a-cluster-of-identical-p-380e8c,7.3619,7.1,426,1,0,1,REST,-0.0167,0.2333,0.0833,7.1411,0.0,0.02,-0.95007,1.89595,0.55442,105,84,5,4,7,5,21,0.2,32,143,124,19,11,8,0.10325,1.55186,2.30476,0.3382,3.37413,0.83333,epithelial_green,0,/Users/b/phoenix/code/simulation_shared_data/csv_runs/20260526-202226-sentence-script-a-cluster-of-identical-p-380e8c/20260526-202226-sentence-script-a-cluster-of-identical-p-380e8c_stem_cell_differentiation.csv
20260526-202226-sentence-script-a-cluster-of-identical-p-380e8c,7.5684,7.3,438,1,0,1,REST,-0.0167,0.05,0.2833,7.1411,0.0,0.02,-0.97148,1.9289,0.51598,105,83,5,4,8,5,22,0.20952,32,147,131,16,12,8,0.10855,1.55186,2.30476,0.33482,3.47959,0.77273,epithelial_green,0,/Users/b/phoenix/code/simulation_shared_data/csv_runs/20260526-202226-sentence-script-a-cluster-of-identical-p-380e8c/20260526-202226-sentence-script-a-cluster-of-identical-p-380e8c_stem_cell_differentiation.csv
20260526-202226-sentence-script-a-cluster-of-identical-p-380e8c,7.784,7.5167,451,1,0,1,REST,-0.0167,0.0,0.5,7.1411,0.0,0.02,-0.99292,1.95876,0.47341,105,80,5,7,8,5,25,0.2381,37,160,149,11,13,11,0.11202,1.55186,2.30476,0.32665,3.40208,0.8,epithelial_green,0,/Users/b/phoenix/code/simulation_shared_data/csv_runs/20260526-202226-sentence-script-a-cluster-of-identical-p-380e8c/20260526-202226-sentence-script-a-cluster-of-identical-p-380e8c_stem_cell_differentiation.csv
20260526-202226-sentence-script-a-cluster-of-identical-p-380e8c,8.005,7.7,462,1,0,1,REST,-0.0167,0.1833,0.6833,7.1411,0.0,0.02,-1.0096,1.97828,0.43669,105,80,5,7,8,5,25,0.2381,37,160,150,10,13,9,0.11317,1.55186,2.30476,0.33171,3.58542,0.8,epithelial_green,0,/Users/b/phoenix/code/simulation_shared_data/csv_runs/20260526-202226-sentence-script-a-cluster-of-identical-p-380e8c/20260526-202226-sentence-script-a-cluster-of-identical-p-380e8c_stem_cell_differentiation.csv
20260526-202226-sentence-script-a-cluster-of-identical-p-380e8c,8.2173,7.8167,469,1,0,1,REST,-0.0167,0.3,0.8,7.1411,0.0,0.02,-1.01952,1.98762,0.41302,105,80,5,7,8,5,25,0.2381,37,160,150,10,13,9,0.11374,1.55186,2.30476,0.32555,3.70208,0.8,epithelial_green,0,/Users/b/phoenix/code/simulation_shared_data/csv_runs/20260526-202226-sentence-script-a-cluster-of-identical-p-380e8c/20260526-202226-sentence-script-a-cluster-of-identical-p-380e8c_stem_cell_differentiation.csv
20260526-202226-sentence-script-a-cluster-of-identical-p-380e8c,8.4196,7.9833,479,1,0,1,REST,-0.0167,0.0667,0.9667,7.1411,0.0,0.02,-1.03272,1.99651,0.37881,105,79,5,8,8,5,26,0.24762,40,165,155,10,13,10,0.11459,1.55186,2.30476,0.32656,3.75404,0.76923,muscle_rose,0,/Users/b/phoenix/code/simulation_shared_data/csv_runs/20260526-202226-sentence-script-a-cluster-of-identical-p-380e8c/20260526-202226-sentence-script-a-cluster-of-identical-p-380e8c_stem_cell_differentiation.csv
20260526-202226-sentence-script-a-cluster-of-identical-p-380e8c,8.6961,8.1167,487,1,0,1,REST,-0.0167,0.05,1.1,7.1411,0.0,0.02,-1.04245,1.99971,0.35114,105,78,6,8,8,5,27,0.25714,40,168,159,9,14,8,0.11534,1.55186,2.30476,0.32374,3.81944,0.81481,muscle_rose,0,/Users/b/phoenix/code/simulation_shared_data/csv_runs/20260526-202226-sentence-script-a-cluster-of-identical-p-380e8c/20260526-202226-sentence-script-a-cluster-of-identical-p-380e8c_stem_cell_differentiation.csv
20260526-202226-sentence-script-a-cluster-of-identical-p-380e8c,8.9092,8.25,495,1,0,1,REST,-0.0167,0.1833,1.2333,7.1411,0.0,0.02,-1.05144,1.99937,0.32322,105,77,6,8,9,5,28,0.26667,42,172,163,9,15,9,0.11594,1.55186,2.30476,0.3233,3.86085,0.78571,epithelial_green,0,/Users/b/phoenix/code/simulation_shared_data/csv_runs/20260526-202226-sentence-script-a-cluster-of-identical-p-380e8c/20260526-202226-sentence-script-a-cluster-of-identical-p-380e8c_stem_cell_differentiation.csv
20260526-202226-sentence-script-a-cluster-of-identical-p-380e8c,9.1104,8.4333,506,1,0,1,REST,-0.0167,0.1667,1.4167,7.1411,0.0,0.02,-1.06258,1.99313,0.28446,105,77,6,8,9,5,28,0.26667,42,172,162,10,15,8,0.11698,1.55186,2.30476,0.31947,4.04419,0.78571,epithelial_green,0,/Users/b/phoenix/code/simulation_shared_data/csv_runs/20260526-202226-sentence-script-a-cluster-of-identical-p-380e8c/20260526-202226-sentence-script-a-cluster-of-identical-p-380e8c_stem_cell_differentiation.csv
20260526-202226-sentence-script-a-cluster-of-identical-p-380e8c,9.3266,8.65,519,1,0,1,REST,-0.0167,0.0167,1.6333,7.1411,0.0,0.02,-1.07391,1.97744,0.23816,105,75,6,8,10,6,30,0.28571,45,179,171,8,17,8,0.11973,1.55186,2.30476,0.31429,4.0973,0.8,epithelial_green,0,/Users/b/phoenix/code/simulation_shared_data/csv_runs/20260526-202226-sentence-script-a-cluster-of-identical-p-380e8c/20260526-202226-sentence-script-a-cluster-of-identical-p-380e8c_stem_cell_differentiation.csv
20260526-202226-sentence-script-a-cluster-of-identical-p-380e8c,9.53,8.9167,535,1,0,1,REST,-0.0167,0.2833,1.9,7.1411,0.0,0.02,-1.08508,1.94685,0.18058,105,74,6,9,10,6,31,0.29524,44,185,177,8,18,8,0.12335,1.55186,2.30476,0.31004,4.22243,0.77419,epithelial_green,0,/Users/b/phoenix/code/simulation_shared_data/csv_runs/20260526-202226-sentence-script-a-cluster-of-identical-p-380e8c/20260526-202226-sentence-script-a-cluster-of-identical-p-380e8c_stem_cell_differentiation.csv
20260526-202226-sentence-script-a-cluster-of-identical-p-380e8c,9.7386,9.2333,554,1,0,1,REST,-0.0167,0.1,2.2167,7.1411,0.0,0.02,-1.09433,1.89726,0.11154,105,72,6,10,11,6,33,0.31429,42,190,182,8,20,8,0.1254,1.55186,2.30476,0.30948,4.23211,0.72727,epithelial_green,0,/Users/b/phoenix/code/simulation_shared_data/csv_runs/20260526-202226-sentence-script-a-cluster-of-identical-p-380e8c/20260526-202226-sentence-script-a-cluster-of-identical-p-380e8c_stem_cell_differentiation.csv
20260526-202226-sentence-script-a-cluster-of-identical-p-380e8c,9.9448,9.5167,571,1,0,1,REST,-0.0167,0.3833,2.5,7.1411,0.0,0.02,-1.09889,1.84453,0.04938,105,72,6,10,11,6,33,0.31429,42,190,182,8,20,7,0.12628,1.55186,2.30476,0.3035,4.51544,0.72727,epithelial_green,0,/Users/b/phoenix/code/simulation_shared_data/csv_runs/20260526-202226-sentence-script-a-cluster-of-identical-p-380e8c/20260526-202226-sentence-script-a-cluster-of-identical-p-380e8c_stem_cell_differentiation.csv
20260526-202226-sentence-script-a-cluster-of-identical-p-380e8c,10.1493,9.7333,584,1,0,1,REST,-0.0167,0.0167,2.7167,7.1411,0.0,0.02,-1.1,1.80157,0.00173,105,70,7,10,11,7,35,0.33333,42,190,183,7,22,9,0.12723,1.55186,2.30476,0.29998,4.28316,0.8,epithelial_green,0,/Users/b/phoenix/code/simulation_shared_data/csv_runs/20260526-202226-sentence-script-a-cluster-of-identical-p-380e8c/20260526-202226-sentence-script-a-cluster-of-identical-p-380e8c_stem_cell_differentiation.csv
20260526-202226-sentence-script-a-cluster-of-identical-p-380e8c,10.3589,9.9667,598,1,0,1,REST,-0.0167,0.0833,2.95,7.1411,0.0,0.02,-1.09888,1.75529,-0.04959,105,69,7,10,11,8,36,0.34286,42,190,185,5,23,8,0.12817,1.55186,2.30476,0.29191,4.27886,0.83333,epithelial_green,0,/Users/b/phoenix/code/simulation_shared_data/csv_runs/20260526-202226-sentence-script-a-cluster-of-identical-p-380e8c/20260526-202226-sentence-script-a-cluster-of-identical-p-380e8c_stem_cell_differentiation.csv
20260526-202226-sentence-script-a-cluster-of-identical-p-380e8c,10.5676,10.2167,613,1,0,1,REST,-0.0167,0.3333,3.2,7.1411,0.0,0.02,-1.09503,1.70845,-0.10445,105,69,7,10,11,8,36,0.34286,42,190,184,6,23,7,0.12917,1.55186,2.30476,0.28951,4.52886,0.83333,epithelial_green,0,/Users/b/phoenix/code/simulation_shared_data/csv_runs/20260526-202226-sentence-script-a-cluster-of-identical-p-380e8c/20260526-202226-sentence-script-a-cluster-of-identical-p-380e8c_stem_cell_differentiation.csv
20260526-202226-sentence-script-a-cluster-of-identical-p-380e8c,10.7788,10.4667,628,1,0,1,REST,-0.0167,0.5833,3.45,7.1411,0.0,0.02,-1.08844,1.6673,-0.15904,105,69,7,10,11,8,36,0.34286,42,190,184,6,23,5,0.13101,1.55186,2.30476,0.28803,4.77886,0.83333,epithelial_green,0,/Users/b/phoenix/code/simulation_shared_data/csv_runs/20260526-202226-sentence-script-a-cluster-of-identical-p-380e8c/20260526-202226-sentence-script-a-cluster-of-identical-p-380e8c_stem_cell_differentiation.csv
20260526-202226-sentence-script-a-cluster-of-identical-p-380e8c,10.986,10.6667,640,1,0,1,REST,-0.0167,0.0333,3.65,7.1411,0.0,0.02,-1.08121,1.64022,-0.20244,105,65,7,12,12,9,40,0.38095,40,190,184,6,27,9,0.13214,1.55186,2.30476,0.28295,4.03132,0.8,muscle_rose,0,/Users/b/phoenix/code/simulation_shared_data/csv_runs/20260526-202226-sentence-script-a-cluster-of-identical-p-380e8c/20260526-202226-sentence-script-a-cluster-of-identical-p-380e8c_stem_cell_differentiation.csv
20260526-202226-sentence-script-a-cluster-of-identical-p-380e8c,11.1922,10.8833,653,1,0,1,REST,-0.0167,0.0833,3.8667,7.1411,0.0,0.02,-1.07143,1.6181,-0.24909,105,62,9,12,13,9,43,0.40952,37,190,183,7,30,10,0.13292,1.55186,2.30476,0.28729,3.60728,0.83721,epithelial_green,0,/Users/b/phoenix/code/simulation_shared_data/csv_runs/20260526-202226-sentence-script-a-cluster-of-identical-p-380e8c/20260526-202226-sentence-script-a-cluster-of-identical-p-380e8c_stem_cell_differentiation.csv
20260526-202226-sentence-script-a-cluster-of-identical-p-380e8c,11.3973,11.1,666,1,0,1,REST,-0.0167,0.0333,4.0833,7.1411,0.0,0.02,-1.05963,1.60448,-0.29527,105,60,9,12,15,9,45,0.42857,38,190,184,6,32,11,0.13459,1.55186,2.30476,0.28229,3.42193,0.8,epithelial_green,0,/Users/b/phoenix/code/simulation_shared_data/csv_runs/20260526-202226-sentence-script-a-cluster-of-identical-p-380e8c/20260526-202226-sentence-script-a-cluster-of-identical-p-380e8c_stem_cell_differentiation.csv
20260526-202226-sentence-script-a-cluster-of-identical-p-380e8c,11.5977,11.3167,679,1,0,1,REST,-0.0167,0.0667,4.3,7.1411,0.0,0.02,-1.04584,1.6,-0.3409,105,59,9,12,16,9,46,0.4381,37,190,186,4,33,12,0.13517,1.55186,2.30476,0.28824,3.40421,0.78261,epithelial_green,0,/Users/b/phoenix/code/simulation_shared_data/csv_runs/20260526-202226-sentence-script-a-cluster-of-identical-p-380e8c/20260526-202226-sentence-script-a-cluster-of-identical-p-380e8c_stem_cell_differentiation.csv
20260526-202226-sentence-script-a-cluster-of-identical-p-380e8c,11.8096,11.5333,692,1,0,1,REST,-0.0167,0.2833,4.5167,7.1411,0.0,0.02,-1.03009,1.60488,-0.38588,105,59,9,12,16,9,46,0.4381,37,190,186,4,33,12,0.13582,1.55186,2.30476,0.28465,3.62088,0.78261,epithelial_green,0,/Users/b/phoenix/code/simulation_shared_data/csv_runs/20260526-202226-sentence-script-a-cluster-of-identical-p-380e8c/20260526-202226-sentence-script-a-cluster-of-identical-p-380e8c_stem_cell_differentiation.csv
20260526-202226-sentence-script-a-cluster-of-identical-p-380e8c,12.0132,11.7333,704,1,0,1,REST,-0.0167,0.05,4.7167,7.1411,0.0,0.02,-1.01384,1.61749,-0.42677,105,58,9,13,16,9,47,0.44762,36,190,186,4,34,12,0.13614,1.55186,2.30476,0.28632,3.5757,0.76596,epithelial_green,0,/Users/b/phoenix/code/simulation_shared_data/csv_runs/20260526-202226-sentence-script-a-cluster-of-identical-p-380e8c/20260526-202226-sentence-script-a-cluster-of-identical-p-380e8c_stem_cell_differentiation.csv
20260526-202226-sentence-script-a-cluster-of-identical-p-380e8c,12.2324,11.95,717,1,0,1,REST,-0.0167,0.2667,4.9333,7.1411,0.0,0.02,-0.9944,1.63934,-0.47028,105,58,9,13,16,9,47,0.44762,36,190,187,3,34,8,0.13636,1.55186,2.30476,0.28596,3.79237,0.76596,epithelial_green,0,/Users/b/phoenix/code/simulation_shared_data/csv_runs/20260526-202226-sentence-script-a-cluster-of-identical-p-380e8c/20260526-202226-sentence-script-a-cluster-of-identical-p-380e8c_stem_cell_differentiation.csv
20260526-202226-sentence-script-a-cluster-of-identical-p-380e8c,12.4481,12.1667,730,1,0,1,REST,-0.0167,0.0,5.15,7.1411,0.0,0.02,-0.97309,1.66871,-0.51292,105,57,9,13,17,9,48,0.45714,35,190,186,4,35,8,0.1373,1.55186,2.30476,0.27933,3.75184,0.75,epithelial_green,0,/Users/b/phoenix/code/simulation_shared_data/csv_runs/20260526-202226-sentence-script-a-cluster-of-identical-p-380e8c/20260526-202226-sentence-script-a-cluster-of-identical-p-380e8c_stem_cell_differentiation.csv
20260526-202226-sentence-script-a-cluster-of-identical-p-380e8c,12.664,12.3833,743,1,0,1,REST,-0.0167,0.2167,5.3667,7.1411,0.0,0.02,-0.94996,1.70421,-0.55459,105,57,9,13,17,9,48,0.45714,35,190,186,4,35,6,0.13809,1.55186,2.30476,0.27854,3.96851,0.75,epithelial_green,0,/Users/b/phoenix/code/simulation_shared_data/csv_runs/20260526-202226-sentence-script-a-cluster-of-identical-p-380e8c/20260526-202226-sentence-script-a-cluster-of-identical-p-380e8c_stem_cell_differentiation.csv
20260526-202226-sentence-script-a-cluster-of-identical-p-380e8c,12.886,12.5833,755,1,0,1,REST,-0.0167,0.4167,5.5667,7.1411,0.0,0.02,-0.92702,1.741,-0.59214,105,57,9,13,17,9,48,0.45714,35,190,185,5,35,5,0.1394,1.55186,2.30476,0.27492,4.16851,0.75,epithelial_green,0,/Users/b/phoenix/code/simulation_shared_data/csv_runs/20260526-202226-sentence-script-a-cluster-of-identical-p-380e8c/20260526-202226-sentence-script-a-cluster-of-identical-p-380e8c_stem_cell_differentiation.csv
20260526-202226-sentence-script-a-cluster-of-identical-p-380e8c,13.0875,12.7833,767,1,0,1,REST,-0.0167,0.6167,5.7667,7.1411,0.0,0.02,-0.9026,1.78014,-0.62874,105,57,9,13,17,9,48,0.45714,35,190,184,6,35,5,0.14087,1.55186,2.30476,0.27286,4.36851,0.75,epithelial_green,0,/Users/b/phoenix/code/simulation_shared_data/csv_runs/20260526-202226-sentence-script-a-cluster-of-identical-p-380e8c/20260526-202226-sentence-script-a-cluster-of-identical-p-380e8c_stem_cell_differentiation.csv
20260526-202226-sentence-script-a-cluster-of-identical-p-380e8c,13.3026,12.9833,779,1,0,1,REST,-0.0167,0.8167,5.9667,7.1411,0.0,0.02,-0.87674,1.82007,-0.66433,105,57,9,13,17,9,48,0.45714,35,190,184,6,35,3,0.14306,1.55186,2.30476,0.2699,4.56851,0.75,epithelial_green,0,/Users/b/phoenix/code/simulation_shared_data/csv_runs/20260526-202226-sentence-script-a-cluster-of-identical-p-380e8c/20260526-202226-sentence-script-a-cluster-of-identical-p-380e8c_stem_cell_differentiation.csv
20260526-202226-sentence-script-a-cluster-of-identical-p-380e8c,13.5035,13.1667,790,1,0,1,REST,-0.0167,0.15,6.15,7.1411,0.0,0.02,-0.8518,1.85602,-0.69602,105,56,9,13,18,9,49,0.46667,34,190,186,4,36,4,0.14395,1.55186,2.30476,0.27232,4.51982,0.73469,epithelial_green,0,/Users/b/phoenix/code/simulation_shared_data/csv_runs/20260526-202226-sentence-script-a-cluster-of-identical-p-380e8c/20260526-202226-sentence-script-a-cluster-of-identical-p-380e8c_stem_cell_differentiation.csv
20260526-202226-sentence-script-a-cluster-of-identical-p-380e8c,13.7069,13.35,801,1,0,1,REST,-0.0167,0.05,6.3333,7.1411,0.0,0.02,-0.82571,1.89008,-0.72678,105,55,9,13,19,9,50,0.47619,33,190,186,4,37,4,0.14457,1.55186,2.30476,0.26713,4.5214,0.72,epithelial_green,0,/Users/b/phoenix/code/simulation_shared_data/csv_runs/20260526-202226-sentence-script-a-cluster-of-identical-p-380e8c/20260526-202226-sentence-script-a-cluster-of-identical-p-380e8c_stem_cell_differentiation.csv
20260526-202226-sentence-script-a-cluster-of-identical-p-380e8c,13.917,13.5333,812,1,0,1,REST,-0.0167,0.2333,6.5167,7.1411,0.0,0.02,-0.79851,1.92112,-0.75656,105,55,9,13,19,9,50,0.47619,33,190,187,3,37,4,0.14475,1.55186,2.30476,0.27199,4.70474,0.72,epithelial_green,0,/Users/b/phoenix/code/simulation_shared_data/csv_runs/20260526-202226-sentence-script-a-cluster-of-identical-p-380e8c/20260526-202226-sentence-script-a-cluster-of-identical-p-380e8c_stem_cell_differentiation.csv
20260526-202226-sentence-script-a-cluster-of-identical-p-380e8c,14.1176,13.7333,824,1,0,1,REST,-0.0167,0.4333,6.7167,7.1411,0.0,0.02,-0.76762,1.95033,-0.78789,105,55,9,13,19,9,50,0.47619,33,190,187,3,37,4,0.14495,1.55186,2.30476,0.27073,4.90474,0.72,epithelial_green,0,/Users/b/phoenix/code/simulation_shared_data/csv_runs/20260526-202226-sentence-script-a-cluster-of-identical-p-380e8c/20260526-202226-sentence-script-a-cluster-of-identical-p-380e8c_stem_cell_differentiation.csv
20260526-202226-sentence-script-a-cluster-of-identical-p-380e8c,14.3239,13.95,837,1,0,1,REST,-0.0167,0.65,6.9333,7.1411,0.0,0.02,-0.73277,1.97517,-0.8204,105,55,9,13,19,9,50,0.47619,33,190,186,4,37,4,0.14597,1.55186,2.30476,0.26449,5.1214,0.72,epithelial_green,0,/Users/b/phoenix/code/simulation_shared_data/csv_runs/20260526-202226-sentence-script-a-cluster-of-identical-p-380e8c/20260526-202226-sentence-script-a-cluster-of-identical-p-380e8c_stem_cell_differentiation.csv
20260526-202226-sentence-script-a-cluster-of-identical-p-380e8c,14.528,14.1667,850,1,0,1,REST,-0.0167,0.8667,7.15,7.1411,0.0,0.02,-0.69654,1.99182,-0.85137,105,55,9,13,19,9,50,0.47619,33,190,187,3,37,4,0.14675,1.55186,2.30476,0.2683,5.33807,0.72,epithelial_green,0,/Users/b/phoenix/code/simulation_shared_data/csv_runs/20260526-202226-sentence-script-a-cluster-of-identical-p-380e8c/20260526-202226-sentence-script-a-cluster-of-identical-p-380e8c_stem_cell_differentiation.csv
20260526-202226-sentence-script-a-cluster-of-identical-p-380e8c,14.7362,14.3833,863,1,0,1,CURATE,-0.0167,0.1333,0.1833,8.3652,0.0,0.24,-0.48391,1.27669,-0.43309,105,54,9,14,19,9,51,0.48571,32,190,186,4,38,5,0.14697,1.55186,2.30476,0.26817,5.21684,0.70588,epithelial_green,0,/Users/b/phoenix/code/simulation_shared_data/csv_runs/20260526-202226-sentence-script-a-cluster-of-identical-p-380e8c/20260526-202226-sentence-script-a-cluster-of-identical-p-380e8c_stem_cell_differentiation.csv
20260526-202226-sentence-script-a-cluster-of-identical-p-380e8c,14.9415,14.5833,875,1,0,1,CURATE,-0.0167,0.3333,0.3833,8.3652,0.0,0.24,-0.21995,0.84917,-0.21731,105,54,9,14,19,9,51,0.48571,32,190,185,5,38,4,0.14815,1.55186,2.30476,0.26873,5.41684,0.70588,epithelial_green,0,/Users/b/phoenix/code/simulation_shared_data/csv_runs/20260526-202226-sentence-script-a-cluster-of-identical-p-380e8c/20260526-202226-sentence-script-a-cluster-of-identical-p-380e8c_stem_cell_differentiation.csv
20260526-202226-sentence-script-a-cluster-of-identical-p-380e8c,15.1494,14.7833,887,1,0,1,CURATE,-0.0167,0.0667,0.5833,8.3652,0.0,0.24,-0.09869,0.32494,-0.14842,105,53,9,14,20,9,52,0.49524,31,190,184,6,39,5,0.15046,1.55186,2.30476,0.27428,5.31868,0.69231,epithelial_green,0,/Users/b/phoenix/code/simulation_shared_data/csv_runs/20260526-202226-sentence-script-a-cluster-of-identical-p-380e8c/20260526-202226-sentence-script-a-cluster-of-identical-p-380e8c_stem_cell_differentiation.csv
20260526-202226-sentence-script-a-cluster-of-identical-p-380e8c,15.3498,14.9667,898,1,0,1,CURATE,-0.0167,0.25,0.7667,8.3652,0.0,0.24,-0.13639,0.31766,0.09189,105,53,9,14,20,9,52,0.49524,31,190,183,7,39,5,0.15223,1.55186,2.30476,0.28729,5.50202,0.69231,epithelial_green,0,/Users/b/phoenix/code/simulation_shared_data/csv_runs/20260526-202226-sentence-script-a-cluster-of-identical-p-380e8c/20260526-202226-sentence-script-a-cluster-of-identical-p-380e8c_stem_cell_differentiation.csv
20260526-202226-sentence-script-a-cluster-of-identical-p-380e8c,15.5682,15.1667,910,1,0,1,CURATE,-0.0167,0.45,0.9667,8.3652,0.0,0.24,-0.03676,0.13023,0.09844,105,53,9,14,20,9,52,0.49524,31,186,185,1,39,6,0.15312,1.55186,2.30476,0.29624,5.50833,0.69231,epithelial_green,0,/Users/b/phoenix/code/simulation_shared_data/csv_runs/20260526-202226-sentence-script-a-cluster-of-identical-p-380e8c/20260526-202226-sentence-script-a-cluster-of-identical-p-380e8c_stem_cell_differentiation.csv
20260526-202226-sentence-script-a-cluster-of-identical-p-380e8c,15.7846,15.3667,922,1,0,1,CURATE,-0.0167,0.65,1.1667,8.3652,0.0,0.24,0.00264,0.04775,0.08921,105,53,9,14,20,9,52,0.49524,31,186,182,4,39,5,0.15386,1.55186,2.30476,0.29837,5.70833,0.69231,epithelial_green,0,/Users/b/phoenix/code/simulation_shared_data/csv_runs/20260526-202226-sentence-script-a-cluster-of-identical-p-380e8c/20260526-202226-sentence-script-a-cluster-of-identical-p-380e8c_stem_cell_differentiation.csv
20260526-202226-sentence-script-a-cluster-of-identical-p-380e8c,15.9941,15.55,933,1,0,1,CURATE,-0.0167,0.8333,1.35,8.3652,0.0,0.24,0.09047,-0.05486,0.1673,105,53,9,14,20,9,52,0.49524,31,186,177,9,39,4,0.15567,1.55186,2.30476,0.29575,5.89167,0.69231,epithelial_green,0,/Users/b/phoenix/code/simulation_shared_data/csv_runs/20260526-202226-sentence-script-a-cluster-of-identical-p-380e8c/20260526-202226-sentence-script-a-cluster-of-identical-p-380e8c_stem_cell_differentiation.csv
20260526-202226-sentence-script-a-cluster-of-identical-p-380e8c,16.196,15.7667,946,1,0,1,CURATE,-0.0167,1.05,1.5667,8.3652,0.0,0.24,-0.01097,-0.19101,0.33934,105,53,9,14,20,9,52,0.49524,31,186,175,11,39,4,0.15948,1.55186,2.30476,0.31005,6.10833,0.69231,epithelial_green,0,/Users/b/phoenix/code/simulation_shared_data/csv_runs/20260526-202226-sentence-script-a-cluster-of-identical-p-380e8c/20260526-202226-sentence-script-a-cluster-of-identical-p-380e8c_stem_cell_differentiation.csv
20260526-202226-sentence-script-a-cluster-of-identical-p-380e8c,16.4058,15.9833,959,1,0,1,CURATE,-0.0167,1.2667,1.7833,8.3652,0.0,0.24,-0.19693,-0.17762,0.25069,105,53,9,14,20,9,52,0.49524,31,184,183,1,39,4,0.15991,1.55186,2.30476,0.32207,6.16476,0.69231,epithelial_green,0,/Users/b/phoenix/code/simulation_shared_data/csv_runs/20260526-202226-sentence-script-a-cluster-of-identical-p-380e8c/20260526-202226-sentence-script-a-cluster-of-identical-p-380e8c_stem_cell_differentiation.csv
20260526-202226-sentence-script-a-cluster-of-identical-p-380e8c,16.615,16.2,972,1,0,1,CURATE,-0.0167,1.4833,2.0,8.3652,0.0,0.24,-0.08756,-0.34248,0.31468,105,53,9,14,20,9,52,0.49524,31,184,178,6,39,3,0.16154,1.55186,2.30476,0.33557,6.38143,0.69231,epithelial_green,0,/Users/b/phoenix/code/simulation_shared_data/csv_runs/20260526-202226-sentence-script-a-cluster-of-identical-p-380e8c/20260526-202226-sentence-script-a-cluster-of-identical-p-380e8c_stem_cell_differentiation.csv
20260526-202226-sentence-script-a-cluster-of-identical-p-380e8c,16.8239,16.4167,985,1,0,1,CURATE,-0.0167,1.7,2.2167,8.3652,0.0,0.24,0.0203,-0.48045,0.50066,105,53,9,14,20,9,52,0.49524,31,180,169,11,39,4,0.16571,1.55186,2.30476,0.3363,6.33009,0.69231,epithelial_green,0,/Users/b/phoenix/code/simulation_shared_data/csv_runs/20260526-202226-sentence-script-a-cluster-of-identical-p-380e8c/20260526-202226-sentence-script-a-cluster-of-identical-p-380e8c_stem_cell_differentiation.csv
20260526-202226-sentence-script-a-cluster-of-identical-p-380e8c,17.0356,16.6167,997,1,0,1,CURATE,-0.0167,0.05,2.4167,8.3652,0.0,0.24,0.09357,-0.2311,0.47018,105,52,9,14,21,9,53,0.50476,30,184,171,13,40,5,0.16995,1.55186,2.30476,0.34371,6.38995,0.67925,epithelial_green,0,/Users/b/phoenix/code/simulation_shared_data/csv_runs/20260526-202226-sentence-script-a-cluster-of-identical-p-380e8c/20260526-202226-sentence-script-a-cluster-of-identical-p-380e8c_stem_cell_differentiation.csv
20260526-202226-sentence-script-a-cluster-of-identical-p-380e8c,17.2585,16.8167,1009,1,0,1,CURATE,-0.0167,0.25,2.6167,8.3652,0.0,0.24,0.17141,-0.21275,0.30125,105,52,9,14,21,9,53,0.50476,30,177,164,13,40,5,0.17358,1.55186,2.30476,0.34649,6.30989,0.67925,epithelial_green,0,/Users/b/phoenix/code/simulation_shared_data/csv_runs/20260526-202226-sentence-script-a-cluster-of-identical-p-380e8c/20260526-202226-sentence-script-a-cluster-of-identical-p-380e8c_stem_cell_differentiation.csv
20260526-202226-sentence-script-a-cluster-of-identical-p-380e8c,17.466,17.0167,1021,1,0,1,CURATE,-0.0167,0.0667,2.8167,8.3652,0.0,0.24,0.12065,-0.02083,0.10009,105,51,10,14,21,9,54,0.51429,29,180,167,13,41,6,0.177,1.55186,2.30476,0.35689,6.40278,0.7037,epithelial_green,0,/Users/b/phoenix/code/simulation_shared_data/csv_runs/20260526-202226-sentence-script-a-cluster-of-identical-p-380e8c/20260526-202226-sentence-script-a-cluster-of-identical-p-380e8c_stem_cell_differentiation.csv
20260526-202226-sentence-script-a-cluster-of-identical-p-380e8c,17.6804,17.2167,1033,1,0,1,CURATE,-0.0167,0.2667,3.0167,8.3652,0.0,0.24,0.06044,-0.1574,0.01325,105,51,10,14,21,9,54,0.51429,29,180,167,13,41,6,0.18158,1.55186,2.30476,0.3718,6.60278,0.7037,epithelial_green,0,/Users/b/phoenix/code/simulation_shared_data/csv_runs/20260526-202226-sentence-script-a-cluster-of-identical-p-380e8c/20260526-202226-sentence-script-a-cluster-of-identical-p-380e8c_stem_cell_differentiation.csv
20260526-202226-sentence-script-a-cluster-of-identical-p-380e8c,17.893,17.4167,1045,1,0,1,CURATE,-0.0167,0.4667,3.2167,8.3652,0.0,0.24,0.11119,-0.30853,-0.085,105,51,10,14,21,9,54,0.51429,29,181,166,15,41,5,0.1864,1.55186,2.30476,0.37696,6.76529,0.7037,epithelial_green,0,/Users/b/phoenix/code/simulation_shared_data/csv_runs/20260526-202226-sentence-script-a-cluster-of-identical-p-380e8c/20260526-202226-sentence-script-a-cluster-of-identical-p-380e8c_stem_cell_differentiation.csv
20260526-202226-sentence-script-a-cluster-of-identical-p-380e8c,18.1132,17.6167,1057,1,0,1,CURATE,-0.0167,0.15,3.4167,8.3652,0.0,0.24,-0.07056,-0.28025,-0.14856,105,49,11,14,22,9,56,0.53333,28,181,168,13,43,8,0.18991,1.55186,2.30476,0.38274,6.2488,0.71429,epithelial_green,0,/Users/b/phoenix/code/simulation_shared_data/csv_runs/20260526-202226-sentence-script-a-cluster-of-identical-p-380e8c/20260526-202226-sentence-script-a-cluster-of-identical-p-380e8c_stem_cell_differentiation.csv
20260526-202226-sentence-script-a-cluster-of-identical-p-380e8c,18.3206,17.8333,1070,1,0,1,CURATE,-0.0167,0.0167,3.6333,8.3652,0.0,0.24,-0.23893,-0.3961,0.07172,105,46,12,16,22,9,59,0.5619,26,190,177,13,46,9,0.19324,1.55186,2.30476,0.38396,5.99228,0.71186,epithelial_green,0,/Users/b/phoenix/code/simulation_shared_data/csv_runs/20260526-202226-sentence-script-a-cluster-of-identical-p-380e8c/20260526-202226-sentence-script-a-cluster-of-identical-p-380e8c_stem_cell_differentiation.csv
20260526-202226-sentence-script-a-cluster-of-identical-p-380e8c,18.5328,18.05,1083,1,0,1,CURATE,-0.0167,0.05,3.85,8.3652,0.0,0.24,-0.16122,-0.31859,0.14896,105,45,12,16,23,9,60,0.57143,29,190,178,12,47,10,0.19507,1.55186,2.30476,0.39296,5.98456,0.7,epithelial_green,0,/Users/b/phoenix/code/simulation_shared_data/csv_runs/20260526-202226-sentence-script-a-cluster-of-identical-p-380e8c/20260526-202226-sentence-script-a-cluster-of-identical-p-380e8c_stem_cell_differentiation.csv
20260526-202226-sentence-script-a-cluster-of-identical-p-380e8c,18.7509,18.2667,1096,1,0,1,CURATE,-0.0167,0.2667,4.0667,8.3652,0.0,0.24,-0.14162,-0.40209,0.10006,105,45,12,16,23,9,60,0.57143,29,182,172,10,47,10,0.19739,1.55186,2.30476,0.3934,5.82253,0.7,epithelial_green,0,/Users/b/phoenix/code/simulation_shared_data/csv_runs/20260526-202226-sentence-script-a-cluster-of-identical-p-380e8c/20260526-202226-sentence-script-a-cluster-of-identical-p-380e8c_stem_cell_differentiation.csv
20260526-202226-sentence-script-a-cluster-of-identical-p-380e8c,18.9722,18.4833,1109,1,0,1,CURATE,-0.0167,0.4833,4.2833,8.3652,0.0,0.24,-0.0699,-0.44857,0.25629,105,45,12,16,23,9,60,0.57143,29,182,170,12,47,10,0.20078,1.55186,2.30476,0.39551,6.03919,0.7,epithelial_green,0,/Users/b/phoenix/code/simulation_shared_data/csv_runs/20260526-202226-sentence-script-a-cluster-of-identical-p-380e8c/20260526-202226-sentence-script-a-cluster-of-identical-p-380e8c_stem_cell_differentiation.csv
20260526-202226-sentence-script-a-cluster-of-identical-p-380e8c,19.1763,18.6667,1120,1,0,1,CURATE,-0.0167,0.0167,4.4667,8.3652,0.0,0.24,-0.08287,-0.58334,0.29427,105,44,12,16,23,10,61,0.58095,28,180,168,12,48,9,0.20365,1.55186,2.30476,0.3967,5.75981,0.72131,epithelial_green,0,/Users/b/phoenix/code/simulation_shared_data/csv_runs/20260526-202226-sentence-script-a-cluster-of-identical-p-380e8c/20260526-202226-sentence-script-a-cluster-of-identical-p-380e8c_stem_cell_differentiation.csv
20260526-202226-sentence-script-a-cluster-of-identical-p-380e8c,19.384,18.8667,1132,1,0,1,CURATE,-0.0167,0.05,4.6667,8.3652,0.0,0.24,-0.27527,-0.56219,0.2837,105,41,13,16,23,12,64,0.60952,25,190,176,14,51,12,0.20837,1.55186,2.30476,0.38589,5.32088,0.78125,epithelial_green,0,/Users/b/phoenix/code/simulation_shared_data/csv_runs/20260526-202226-sentence-script-a-cluster-of-identical-p-380e8c/20260526-202226-sentence-script-a-cluster-of-identical-p-380e8c_stem_cell_differentiation.csv
20260526-202226-sentence-script-a-cluster-of-identical-p-380e8c,19.5852,19.05,1143,1,0,1,CURATE,-0.0167,0.0,4.85,8.3652,0.0,0.24,-0.24789,-0.37098,-0.00975,105,39,14,17,23,12,66,0.62857,23,190,178,12,53,11,0.20952,1.55186,2.30476,0.38796,5.07509,0.78788,epithelial_green,0,/Users/b/phoenix/code/simulation_shared_data/csv_runs/20260526-202226-sentence-script-a-cluster-of-identical-p-380e8c/20260526-202226-sentence-script-a-cluster-of-identical-p-380e8c_stem_cell_differentiation.csv
20260526-202226-sentence-script-a-cluster-of-identical-p-380e8c,19.7921,19.2333,1154,1,0,1,CURATE,-0.0167,0.15,5.0333,8.3652,0.0,0.24,-0.49742,-0.26864,0.02721,105,38,14,17,24,12,67,0.6381,22,190,178,12,54,10,0.21079,1.55186,2.30476,0.38085,5.09895,0.77612,epithelial_green,0,/Users/b/phoenix/code/simulation_shared_data/csv_runs/20260526-202226-sentence-script-a-cluster-of-identical-p-380e8c/20260526-202226-sentence-script-a-cluster-of-identical-p-380e8c_stem_cell_differentiation.csv
20260526-202226-sentence-script-a-cluster-of-identical-p-380e8c,19.9982,19.4167,1165,1,0,1,CURATE,-0.0167,0.3333,5.2167,8.3652,0.0,0.24,-0.50726,-0.27391,0.24052,105,38,14,17,24,12,67,0.6381,22,181,169,12,54,11,0.2124,1.55186,2.30476,0.38021,4.8721,0.77612,epithelial_green,0,/Users/b/phoenix/code/simulation_shared_data/csv_runs/20260526-202226-sentence-script-a-cluster-of-identical-p-380e8c/20260526-202226-sentence-script-a-cluster-of-identical-p-380e8c_stem_cell_differentiation.csv
20260526-202226-sentence-script-a-cluster-of-identical-p-380e8c,20.2146,19.6167,1177,1,0,1,CURATE,-0.0167,0.05,5.4167,8.3652,0.0,0.24,-0.6344,-0.25574,0.47781,105,36,14,17,25,13,69,0.65714,20,190,180,10,56,12,0.21399,1.55186,2.30476,0.37112,4.73263,0.77536,epithelial_green,0,/Users/b/phoenix/code/simulation_shared_data/csv_runs/20260526-202226-sentence-script-a-cluster-of-identical-p-380e8c/20260526-202226-sentence-script-a-cluster-of-identical-p-380e8c_stem_cell_differentiation.csv
20260526-202226-sentence-script-a-cluster-of-identical-p-380e8c,20.4271,19.8333,1190,1,0,1,CURATE,-0.0167,0.1167,5.6333,8.3652,0.0,0.24,-0.78835,-0.27846,0.42433,105,34,14,18,25,14,71,0.67619,19,190,182,8,58,13,0.21524,1.55186,2.30476,0.36608,4.38851,0.78873,epithelial_green,0,/Users/b/phoenix/code/simulation_shared_data/csv_runs/20260526-202226-sentence-script-a-cluster-of-identical-p-380e8c/20260526-202226-sentence-script-a-cluster-of-identical-p-380e8c_stem_cell_differentiation.csv
20260526-202226-sentence-script-a-cluster-of-identical-p-380e8c,20.6271,20.0333,1202,1,0,1,CURATE,-0.0167,0.15,5.8333,8.3652,0.0,0.24,-0.68814,-0.59315,0.40396,105,33,14,18,25,15,72,0.68571,18,190,185,5,59,12,0.21491,1.55186,2.30476,0.35364,4.29447,0.80556,epithelial_green,0,/Users/b/phoenix/code/simulation_shared_data/csv_runs/20260526-202226-sentence-script-a-cluster-of-identical-p-380e8c/20260526-202226-sentence-script-a-cluster-of-identical-p-380e8c_stem_cell_differentiation.csv
20260526-202226-sentence-script-a-cluster-of-identical-p-380e8c,20.8293,20.2333,1214,1,0,1,CURATE,-0.0167,0.0167,6.0333,8.3652,0.0,0.24,-0.68431,-0.64544,0.2401,105,32,15,18,25,15,73,0.69524,17,190,184,6,60,11,0.21515,1.55186,2.30476,0.34896,4.09079,0.81507,epithelial_green,0,/Users/b/phoenix/code/simulation_shared_data/csv_runs/20260526-202226-sentence-script-a-cluster-of-identical-p-380e8c/20260526-202226-sentence-script-a-cluster-of-identical-p-380e8c_stem_cell_differentiation.csv
20260526-202226-sentence-script-a-cluster-of-identical-p-380e8c,21.0296,20.4333,1226,1,0,1,CURATE,-0.0167,0.2167,6.2333,8.3652,0.0,0.24,-0.89792,-0.51691,-0.03563,105,32,15,18,25,15,73,0.69524,17,190,184,6,60,9,0.21603,1.55186,2.30476,0.34954,4.29079,0.81507,epithelial_green,0,/Users/b/phoenix/code/simulation_shared_data/csv_runs/20260526-202226-sentence-script-a-cluster-of-identical-p-380e8c/20260526-202226-sentence-script-a-cluster-of-identical-p-380e8c_stem_cell_differentiation.csv
20260526-202226-sentence-script-a-cluster-of-identical-p-380e8c,21.2398,20.6333,1238,1,0,1,CURATE,-0.0167,0.4167,6.4333,8.3652,0.0,0.24,-0.85053,-0.65985,-0.11097,105,32,15,18,25,15,73,0.69524,17,190,184,6,60,9,0.21736,1.55186,2.30476,0.35142,4.49079,0.81507,epithelial_green,0,/Users/b/phoenix/code/simulation_shared_data/csv_runs/20260526-202226-sentence-script-a-cluster-of-identical-p-380e8c/20260526-202226-sentence-script-a-cluster-of-identical-p-380e8c_stem_cell_differentiation.csv
20260526-202226-sentence-script-a-cluster-of-identical-p-380e8c,21.4501,20.8333,1250,1,0,1,CURATE,-0.0167,0.05,6.6333,8.3652,0.0,0.24,-0.69717,-0.8025,0.0839,105,31,15,18,26,15,74,0.70476,16,188,181,7,61,9,0.21859,1.55186,2.30476,0.34576,4.3633,0.7973,epithelial_green,0,/Users/b/phoenix/code/simulation_shared_data/csv_runs/20260526-202226-sentence-script-a-cluster-of-identical-p-380e8c/20260526-202226-sentence-script-a-cluster-of-identical-p-380e8c_stem_cell_differentiation.csv
20260526-202226-sentence-script-a-cluster-of-identical-p-380e8c,21.6773,21.0333,1262,1,0,1,CURATE,-0.0167,0.0167,6.8333,8.3652,0.0,0.24,-0.78058,-0.9332,0.06106,105,30,16,18,26,15,75,0.71429,16,190,184,6,62,8,0.21931,1.55186,2.30476,0.34734,4.46123,0.80667,epithelial_green,0,/Users/b/phoenix/code/simulation_shared_data/csv_runs/20260526-202226-sentence-script-a-cluster-of-identical-p-380e8c/20260526-202226-sentence-script-a-cluster-of-identical-p-380e8c_stem_cell_differentiation.csv
20260526-202226-sentence-script-a-cluster-of-identical-p-380e8c,21.8868,21.2333,1274,1,0,1,CURATE,-0.0167,0.2167,7.0333,8.3652,0.0,0.24,-0.55418,-0.87668,-0.07369,105,30,16,18,26,15,75,0.71429,16,182,180,2,62,7,0.21975,1.55186,2.30476,0.34012,4.23306,0.80667,epithelial_green,0,/Users/b/phoenix/code/simulation_shared_data/csv_runs/20260526-202226-sentence-script-a-cluster-of-identical-p-380e8c/20260526-202226-sentence-script-a-cluster-of-identical-p-380e8c_stem_cell_differentiation.csv
20260526-202226-sentence-script-a-cluster-of-identical-p-380e8c,22.1009,21.4333,1286,1,0,1,CURATE,-0.0167,0.0333,7.2333,8.3652,0.0,0.24,-0.60305,-0.82901,-0.2189,105,29,16,19,26,15,76,0.72381,16,186,181,5,63,7,0.22101,1.55186,2.30476,0.3411,4.33916,0.81579,epithelial_green,0,/Users/b/phoenix/code/simulation_shared_data/csv_runs/20260526-202226-sentence-script-a-cluster-of-identical-p-380e8c/20260526-202226-sentence-script-a-cluster-of-identical-p-380e8c_stem_cell_differentiation.csv
20260526-202226-sentence-script-a-cluster-of-identical-p-380e8c,22.3182,21.6333,1298,1,0,1,CURATE,-0.0167,0.2333,7.4333,8.3652,0.0,0.24,-0.53772,-0.79535,-0.03877,105,29,16,19,26,15,76,0.72381,16,186,180,6,63,7,0.22241,1.55186,2.30476,0.34272,4.53916,0.81579,epithelial_green,0,/Users/b/phoenix/code/simulation_shared_data/csv_runs/20260526-202226-sentence-script-a-cluster-of-identical-p-380e8c/20260526-202226-sentence-script-a-cluster-of-identical-p-380e8c_stem_cell_differentiation.csv
20260526-202226-sentence-script-a-cluster-of-identical-p-380e8c,22.5281,21.85,1311,1,0,1,CURATE,-0.0167,0.45,7.65,8.3652,0.0,0.24,-0.56785,-0.68741,-0.13721,105,29,16,19,26,15,76,0.72381,16,186,179,7,63,6,0.22392,1.55186,2.30476,0.35126,4.75582,0.81579,epithelial_green,0,/Users/b/phoenix/code/simulation_shared_data/csv_runs/20260526-202226-sentence-script-a-cluster-of-identical-p-380e8c/20260526-202226-sentence-script-a-cluster-of-identical-p-380e8c_stem_cell_differentiation.csv
20260526-202226-sentence-script-a-cluster-of-identical-p-380e8c,22.7371,22.0667,1324,1,0,1,CURATE,-0.0167,0.6667,7.8667,8.3652,0.0,0.24,-0.66105,-0.51011,0.01479,105,29,16,19,26,15,76,0.72381,16,183,176,7,63,6,0.22562,1.55186,2.30476,0.35279,4.69517,0.81579,epithelial_green,0,/Users/b/phoenix/code/simulation_shared_data/csv_runs/20260526-202226-sentence-script-a-cluster-of-identical-p-380e8c/20260526-202226-sentence-script-a-cluster-of-identical-p-380e8c_stem_cell_differentiation.csv
20260526-202226-sentence-script-a-cluster-of-identical-p-380e8c,22.9463,22.2833,1337,1,0,1,CURATE,-0.0167,0.0167,8.0833,8.3652,0.0,0.24,-0.72894,-0.466,-0.06915,105,28,16,19,26,16,77,0.73333,17,186,177,9,64,5,0.2284,1.55186,2.30476,0.36204,4.83315,0.82468,epithelial_green,0,/Users/b/phoenix/code/simulation_shared_data/csv_runs/20260526-202226-sentence-script-a-cluster-of-identical-p-380e8c/20260526-202226-sentence-script-a-cluster-of-identical-p-380e8c_stem_cell_differentiation.csv
20260526-202226-sentence-script-a-cluster-of-identical-p-380e8c,23.1562,22.4833,1349,1,0,1,CURATE,-0.0167,0.05,8.2833,8.3652,0.0,0.24,-0.63166,-0.59865,0.30393,105,27,16,20,26,16,78,0.74286,16,188,178,10,65,7,0.23153,1.55186,2.30476,0.35622,4.74034,0.82051,epithelial_green,0,/Users/b/phoenix/code/simulation_shared_data/csv_runs/20260526-202226-sentence-script-a-cluster-of-identical-p-380e8c/20260526-202226-sentence-script-a-cluster-of-identical-p-380e8c_stem_cell_differentiation.csv
20260526-202226-sentence-script-a-cluster-of-identical-p-380e8c,23.3584,22.7,1362,1,0,1,WEAVE,-0.0167,0.0,0.1333,9.9537,0.0,0.22,0.87701,-1.04921,-0.81466,105,25,16,20,27,17,80,0.7619,15,190,178,12,67,10,0.23572,1.55186,2.30476,0.34903,4.42904,0.825,epithelial_green,0,/Users/b/phoenix/code/simulation_shared_data/csv_runs/20260526-202226-sentence-script-a-cluster-of-identical-p-380e8c/20260526-202226-sentence-script-a-cluster-of-identical-p-380e8c_stem_cell_differentiation.csv
20260526-202226-sentence-script-a-cluster-of-identical-p-380e8c,23.5663,22.9167,1375,1,0,1,WEAVE,-0.0167,0.0,0.35,9.9537,0.0,0.22,0.99425,-0.96417,-0.28772,105,23,17,20,27,18,82,0.78095,13,190,177,13,69,11,0.24005,1.55186,2.30476,0.35805,4.07053,0.84146,epithelial_green,0,/Users/b/phoenix/code/simulation_shared_data/csv_runs/20260526-202226-sentence-script-a-cluster-of-identical-p-380e8c/20260526-202226-sentence-script-a-cluster-of-identical-p-380e8c_stem_cell_differentiation.csv
20260526-202226-sentence-script-a-cluster-of-identical-p-380e8c,23.7674,23.1333,1388,1,0,1,WEAVE,-0.0167,0.1333,0.5667,9.9537,0.0,0.22,1.03685,-0.74979,0.24664,105,22,17,20,27,19,83,0.79048,12,190,172,18,70,14,0.24495,1.55186,2.30476,0.35274,3.82096,0.8494,epithelial_green,0,/Users/b/phoenix/code/simulation_shared_data/csv_runs/20260526-202226-sentence-script-a-cluster-of-identical-p-380e8c/20260526-202226-sentence-script-a-cluster-of-identical-p-380e8c_stem_cell_differentiation.csv
20260526-202226-sentence-script-a-cluster-of-identical-p-380e8c,23.9706,23.35,1401,1,0,1,WEAVE,-0.0167,0.05,0.7833,9.9537,0.0,0.22,0.99511,-0.43483,0.74469,105,21,17,20,27,20,84,0.8,12,190,173,17,71,14,0.24969,1.55186,2.30476,0.35171,3.89412,0.85714,epithelial_green,0,/Users/b/phoenix/code/simulation_shared_data/csv_runs/20260526-202226-sentence-script-a-cluster-of-identical-p-380e8c/20260526-202226-sentence-script-a-cluster-of-identical-p-380e8c_stem_cell_differentiation.csv
20260526-202226-sentence-script-a-cluster-of-identical-p-380e8c,24.1844,23.5667,1414,1,0,1,WEAVE,-0.0167,0.0167,1.0,9.9537,0.0,0.22,0.86609,-0.06155,1.16709,105,20,17,20,28,20,85,0.80952,11,190,173,17,72,16,0.25237,1.55186,2.30476,0.35875,3.77526,0.84118,epithelial_green,0,/Users/b/phoenix/code/simulation_shared_data/csv_runs/20260526-202226-sentence-script-a-cluster-of-identical-p-380e8c/20260526-202226-sentence-script-a-cluster-of-identical-p-380e8c_stem_cell_differentiation.csv
20260526-202226-sentence-script-a-cluster-of-identical-p-380e8c,24.3853,23.7667,1426,1,0,1,WEAVE,-0.0167,0.2167,1.2,9.9537,0.0,0.22,0.67339,0.29154,1.46221,105,20,17,20,28,20,85,0.80952,11,190,181,9,72,14,0.25435,1.55186,2.30476,0.35926,3.97526,0.84118,epithelial_green,0,/Users/b/phoenix/code/simulation_shared_data/csv_runs/20260526-202226-sentence-script-a-cluster-of-identical-p-380e8c/20260526-202226-sentence-script-a-cluster-of-identical-p-380e8c_stem_cell_differentiation.csv
20260526-202226-sentence-script-a-cluster-of-identical-p-380e8c,24.5991,23.9833,1439,1,0,1,WEAVE,-0.0167,0.05,1.4167,9.9537,0.0,0.22,0.39615,0.63518,1.65854,105,19,18,20,28,20,86,0.81905,10,190,180,10,73,13,0.25563,1.55186,2.30476,0.35794,4.00035,0.84884,epithelial_green,0,/Users/b/phoenix/code/simulation_shared_data/csv_runs/20260526-202226-sentence-script-a-cluster-of-identical-p-380e8c/20260526-202226-sentence-script-a-cluster-of-identical-p-380e8c_stem_cell_differentiation.csv
20260526-202226-sentence-script-a-cluster-of-identical-p-380e8c,24.8147,24.2,1452,1,0,1,WEAVE,-0.0167,0.1333,1.6333,9.9537,0.0,0.22,0.06618,0.89362,1.71607,105,18,19,20,28,20,87,0.82857,9,190,183,7,74,12,0.25754,1.55186,2.30476,0.36072,3.8814,0.85632,epithelial_green,0,/Users/b/phoenix/code/simulation_shared_data/csv_runs/20260526-202226-sentence-script-a-cluster-of-identical-p-380e8c/20260526-202226-sentence-script-a-cluster-of-identical-p-380e8c_stem_cell_differentiation.csv
20260526-202226-sentence-script-a-cluster-of-identical-p-380e8c,25.0182,24.4,1464,1,0,1,WEAVE,-0.0167,0.0,1.8333,9.9537,0.0,0.22,-0.26382,1.02632,1.64672,105,17,20,20,28,20,88,0.8381,9,190,184,6,75,15,0.25858,1.55186,2.30476,0.36147,3.84018,0.86364,epithelial_green,0,/Users/b/phoenix/code/simulation_shared_data/csv_runs/20260526-202226-sentence-script-a-cluster-of-identical-p-380e8c/20260526-202226-sentence-script-a-cluster-of-identical-p-380e8c_stem_cell_differentiation.csv
20260526-202226-sentence-script-a-cluster-of-identical-p-380e8c,25.2295,24.6,1476,1,0,1,WEAVE,-0.0167,0.15,2.0333,9.9537,0.0,0.22,-0.59499,1.04151,1.46947,105,16,20,21,28,20,89,0.84762,8,190,185,5,76,14,0.25881,1.55186,2.30476,0.36073,3.85342,0.87079,epithelial_green,0,/Users/b/phoenix/code/simulation_shared_data/csv_runs/20260526-202226-sentence-script-a-cluster-of-identical-p-380e8c/20260526-202226-sentence-script-a-cluster-of-identical-p-380e8c_stem_cell_differentiation.csv
20260526-202226-sentence-script-a-cluster-of-identical-p-380e8c,25.434,24.8167,1489,1,0,1,WEAVE,-0.0167,0.3667,2.25,9.9537,0.0,0.22,-0.92716,0.92369,1.17547,105,16,20,21,28,20,89,0.84762,8,190,184,6,76,12,0.2596,1.55186,2.30476,0.35975,4.07009,0.87079,epithelial_green,0,/Users/b/phoenix/code/simulation_shared_data/csv_runs/20260526-202226-sentence-script-a-cluster-of-identical-p-380e8c/20260526-202226-sentence-script-a-cluster-of-identical-p-380e8c_stem_cell_differentiation.csv
20260526-202226-sentence-script-a-cluster-of-identical-p-380e8c,25.6381,25.0333,1502,1,0,1,WEAVE,-0.0167,0.1167,2.4667,9.9537,0.0,0.22,-1.20244,0.68196,0.80386,105,15,20,21,29,20,90,0.85714,7,190,183,7,77,14,0.26003,1.55186,2.30476,0.3708,4.01421,0.85556,epithelial_green,0,/Users/b/phoenix/code/simulation_shared_data/csv_runs/20260526-202226-sentence-script-a-cluster-of-identical-p-380e8c/20260526-202226-sentence-script-a-cluster-of-identical-p-380e8c_stem_cell_differentiation.csv
20260526-202226-sentence-script-a-cluster-of-identical-p-380e8c,25.8509,25.2667,1516,1,0,1,WEAVE,-0.0167,0.1167,2.7,9.9537,0.0,0.22,-1.40464,0.32055,0.35614,105,14,21,21,29,20,91,0.86667,6,190,182,8,78,12,0.26138,1.55186,2.30476,0.36751,3.97368,0.86264,epithelial_green,0,/Users/b/phoenix/code/simulation_shared_data/csv_runs/20260526-202226-sentence-script-a-cluster-of-identical-p-380e8c/20260526-202226-sentence-script-a-cluster-of-identical-p-380e8c_stem_cell_differentiation.csv
20260526-202226-sentence-script-a-cluster-of-identical-p-380e8c,26.0588,25.4833,1529,1,0,1,WEAVE,-0.0167,0.3333,2.9167,9.9537,0.0,0.22,-1.48279,-0.06096,-0.06533,105,14,21,21,29,20,91,0.86667,6,190,182,8,78,13,0.2632,1.55186,2.30476,0.3607,4.07044,0.86264,epithelial_green,0,/Users/b/phoenix/code/simulation_shared_data/csv_runs/20260526-202226-sentence-script-a-cluster-of-identical-p-380e8c/20260526-202226-sentence-script-a-cluster-of-identical-p-380e8c_stem_cell_differentiation.csv
20260526-202226-sentence-script-a-cluster-of-identical-p-380e8c,26.274,25.7,1542,1,0,1,WEAVE,-0.0167,0.1833,3.1333,9.9537,0.0,0.22,-1.44255,-0.4343,-0.45684,105,13,21,22,29,20,92,0.87619,5,190,182,8,79,11,0.26307,1.55186,2.30476,0.3725,4.16553,0.86957,epithelial_green,0,/Users/b/phoenix/code/simulation_shared_data/csv_runs/20260526-202226-sentence-script-a-cluster-of-identical-p-380e8c/20260526-202226-sentence-script-a-cluster-of-identical-p-380e8c_stem_cell_differentiation.csv
20260526-202226-sentence-script-a-cluster-of-identical-p-380e8c,26.4902,25.9167,1555,1,0,1,WEAVE,-0.0167,0.4,3.35,9.9537,0.0,0.22,-1.28121,-0.74938,-0.78832,105,13,21,22,29,20,92,0.87619,5,190,185,5,79,13,0.26289,1.55186,2.30476,0.36392,4.29877,0.86957,epithelial_green,0,/Users/b/phoenix/code/simulation_shared_data/csv_runs/20260526-202226-sentence-script-a-cluster-of-identical-p-380e8c/20260526-202226-sentence-script-a-cluster-of-identical-p-380e8c_stem_cell_differentiation.csv
20260526-202226-sentence-script-a-cluster-of-identical-p-380e8c,26.691,26.1167,1567,1,0,1,WEAVE,-0.0167,0.6,3.55,9.9537,0.0,0.22,-1.03122,-0.95175,-1.02075,105,13,21,22,29,20,92,0.87619,5,190,186,4,79,10,0.26306,1.55186,2.30476,0.37077,4.49877,0.86957,epithelial_green,0,/Users/b/phoenix/code/simulation_shared_data/csv_runs/20260526-202226-sentence-script-a-cluster-of-identical-p-380e8c/20260526-202226-sentence-script-a-cluster-of-identical-p-380e8c_stem_cell_differentiation.csv
20260526-202226-sentence-script-a-cluster-of-identical-p-380e8c,26.9013,26.3333,1580,1,0,1,WEAVE,-0.0167,0.8167,3.7667,9.9537,0.0,0.22,-0.66725,-1.04759,-1.17862,105,13,21,22,29,20,92,0.87619,5,190,185,5,79,9,0.26334,1.55186,2.30476,0.37712,4.71544,0.86957,epithelial_green,0,/Users/b/phoenix/code/simulation_shared_data/csv_runs/20260526-202226-sentence-script-a-cluster-of-identical-p-380e8c/20260526-202226-sentence-script-a-cluster-of-identical-p-380e8c_stem_cell_differentiation.csv
20260526-202226-sentence-script-a-cluster-of-identical-p-380e8c,27.1171,26.5333,1592,1,0,1,WEAVE,-0.0167,1.0167,3.9667,9.9537,0.0,0.22,-0.26738,-1.01131,-1.23232,105,13,21,22,29,20,92,0.87619,5,190,185,5,79,9,0.26413,1.55186,2.30476,0.38501,4.78281,0.86957,epithelial_green,0,/Users/b/phoenix/code/simulation_shared_data/csv_runs/20260526-202226-sentence-script-a-cluster-of-identical-p-380e8c/20260526-202226-sentence-script-a-cluster-of-identical-p-380e8c_stem_cell_differentiation.csv
20260526-202226-sentence-script-a-cluster-of-identical-p-380e8c,27.321,26.7333,1604,1,0,1,WEAVE,-0.0167,1.2167,4.1667,9.9537,0.0,0.22,0.16701,-0.85925,-1.1995,105,13,21,22,29,20,92,0.87619,5,190,183,7,79,8,0.26553,1.55186,2.30476,0.38718,4.98281,0.86957,epithelial_green,0,/Users/b/phoenix/code/simulation_shared_data/csv_runs/20260526-202226-sentence-script-a-cluster-of-identical-p-380e8c/20260526-202226-sentence-script-a-cluster-of-identical-p-380e8c_stem_cell_differentiation.csv
20260526-202226-sentence-script-a-cluster-of-identical-p-380e8c,27.5275,26.9333,1616,1,0,1,WEAVE,-0.0167,0.1667,4.3667,9.9537,0.0,0.22,0.60623,-0.6088,-1.08824,105,12,21,22,29,21,93,0.88571,5,190,183,7,80,9,0.26711,1.55186,2.30476,0.3933,4.83132,0.87634,epithelial_green,0,/Users/b/phoenix/code/simulation_shared_data/csv_runs/20260526-202226-sentence-script-a-cluster-of-identical-p-380e8c/20260526-202226-sentence-script-a-cluster-of-identical-p-380e8c_stem_cell_differentiation.csv
20260526-202226-sentence-script-a-cluster-of-identical-p-380e8c,27.7357,27.1333,1628,1,0,1,WEAVE,-0.0167,0.3667,4.5667,9.9537,0.0,0.22,1.01912,-0.28866,-0.91168,105,12,21,22,29,21,93,0.88571,5,190,185,5,80,9,0.26767,1.55186,2.30476,0.39596,5.03132,0.87634,epithelial_green,0,/Users/b/phoenix/code/simulation_shared_data/csv_runs/20260526-202226-sentence-script-a-cluster-of-identical-p-380e8c/20260526-202226-sentence-script-a-cluster-of-identical-p-380e8c_stem_cell_differentiation.csv
20260526-202226-sentence-script-a-cluster-of-identical-p-380e8c,27.9427,27.3333,1640,1,0,1,WEAVE,-0.0167,0.5667,4.7667,9.9537,0.0,0.22,1.37539,0.06453,-0.68681,105,12,21,22,29,21,93,0.88571,5,190,187,3,80,9,0.26781,1.55186,2.30476,0.39671,5.23132,0.87634,epithelial_green,0,/Users/b/phoenix/code/simulation_shared_data/csv_runs/20260526-202226-sentence-script-a-cluster-of-identical-p-380e8c/20260526-202226-sentence-script-a-cluster-of-identical-p-380e8c_stem_cell_differentiation.csv
20260526-202226-sentence-script-a-cluster-of-identical-p-380e8c,28.1569,27.5333,1652,1,0,1,WEAVE,-0.0167,0.7667,4.9667,9.9537,0.0,0.22,1.64784,0.41034,-0.43288,105,12,21,22,29,21,93,0.88571,5,190,187,3,80,9,0.26796,1.55186,2.30476,0.40009,5.33851,0.87634,epithelial_green,0,/Users/b/phoenix/code/simulation_shared_data/csv_runs/20260526-202226-sentence-script-a-cluster-of-identical-p-380e8c/20260526-202226-sentence-script-a-cluster-of-identical-p-380e8c_stem_cell_differentiation.csv
20260526-202226-sentence-script-a-cluster-of-identical-p-380e8c,28.3643,27.7333,1664,1,0,1,WEAVE,-0.0167,0.9667,5.1667,9.9537,0.0,0.22,1.81451,0.70916,-0.16983,105,12,21,22,29,21,93,0.88571,5,190,188,2,80,9,0.2681,1.55186,2.30476,0.40777,5.53851,0.87634,epithelial_green,0,/Users/b/phoenix/code/simulation_shared_data/csv_runs/20260526-202226-sentence-script-a-cluster-of-identical-p-380e8c/20260526-202226-sentence-script-a-cluster-of-identical-p-380e8c_stem_cell_differentiation.csv
20260526-202226-sentence-script-a-cluster-of-identical-p-380e8c,28.5749,27.95,1677,1,0,1,WEAVE,-0.0167,1.1833,5.3833,9.9537,0.0,0.22,1.85858,0.94041,0.10338,105,12,21,22,29,21,93,0.88571,5,190,185,5,80,6,0.26995,1.55186,2.30476,0.40535,5.70719,0.87634,epithelial_green,0,/Users/b/phoenix/code/simulation_shared_data/csv_runs/20260526-202226-sentence-script-a-cluster-of-identical-p-380e8c/20260526-202226-sentence-script-a-cluster-of-identical-p-380e8c_stem_cell_differentiation.csv
20260526-202226-sentence-script-a-cluster-of-identical-p-380e8c,28.787,28.1667,1690,1,0,1,WEAVE,-0.0167,1.4,5.6,9.9537,0.0,0.22,1.75318,1.0455,0.34372,105,12,21,22,29,21,93,0.88571,5,190,184,6,80,8,0.27138,1.55186,2.30476,0.41517,5.77518,0.87634,epithelial_green,0,/Users/b/phoenix/code/simulation_shared_data/csv_runs/20260526-202226-sentence-script-a-cluster-of-identical-p-380e8c/20260526-202226-sentence-script-a-cluster-of-identical-p-380e8c_stem_cell_differentiation.csv
20260526-202226-sentence-script-a-cluster-of-identical-p-380e8c,28.9994,28.3833,1703,1,0,1,WEAVE,-0.0167,1.6167,5.8167,9.9537,0.0,0.22,1.50284,1.01035,0.53458,105,11,21,22,30,21,94,0.89524,4,190,179,11,81,9,0.27451,1.55186,2.30476,0.40788,5.78939,0.8617,epithelial_green,0,/Users/b/phoenix/code/simulation_shared_data/csv_runs/20260526-202226-sentence-script-a-cluster-of-identical-p-380e8c/20260526-202226-sentence-script-a-cluster-of-identical-p-380e8c_stem_cell_differentiation.csv
20260526-202226-sentence-script-a-cluster-of-identical-p-380e8c,29.2088,28.5833,1715,1,0,1,WEAVE,-0.0167,0.1833,6.0167,9.9537,0.0,0.22,1.15752,0.85719,0.65731,105,11,21,22,30,21,94,0.89524,4,190,180,10,81,7,0.27505,1.55186,2.30476,0.40912,5.98939,0.8617,epithelial_green,0,/Users/b/phoenix/code/simulation_shared_data/csv_runs/20260526-202226-sentence-script-a-cluster-of-identical-p-380e8c/20260526-202226-sentence-script-a-cluster-of-identical-p-380e8c_stem_cell_differentiation.csv
20260526-202226-sentence-script-a-cluster-of-identical-p-380e8c,29.4188,28.8,1728,1,0,1,WEAVE,-0.0167,0.4,6.2333,9.9537,0.0,0.22,0.68571,0.58135,0.72764,105,11,21,22,30,21,94,0.89524,4,190,179,11,81,6,0.27601,1.55186,2.30476,0.41708,6.20605,0.8617,epithelial_green,0,/Users/b/phoenix/code/simulation_shared_data/csv_runs/20260526-202226-sentence-script-a-cluster-of-identical-p-380e8c/20260526-202226-sentence-script-a-cluster-of-identical-p-380e8c_stem_cell_differentiation.csv
20260526-202226-sentence-script-a-cluster-of-identical-p-380e8c,29.6313,29.0333,1742,1,0,1,WEAVE,-0.0167,0.6333,6.4667,9.9537,0.0,0.22,0.10525,0.1984,0.73159,105,11,21,22,30,21,94,0.89524,4,190,179,11,81,8,0.27705,1.55186,2.30476,0.42767,6.2293,0.8617,epithelial_green,0,/Users/b/phoenix/code/simulation_shared_data/csv_runs/20260526-202226-sentence-script-a-cluster-of-identical-p-380e8c/20260526-202226-sentence-script-a-cluster-of-identical-p-380e8c_stem_cell_differentiation.csv
20260526-202226-sentence-script-a-cluster-of-identical-p-380e8c,29.848,29.2667,1756,1,0,1,WEAVE,-0.0167,0.8667,6.7,9.9537,0.0,0.22,-0.49761,-0.21536,0.66878,105,11,21,22,30,21,94,0.89524,4,190,182,8,81,9,0.27767,1.55186,2.30476,0.43326,6.35404,0.8617,epithelial_green,0,/Users/b/phoenix/code/simulation_shared_data/csv_runs/20260526-202226-sentence-script-a-cluster-of-identical-p-380e8c/20260526-202226-sentence-script-a-cluster-of-identical-p-380e8c_stem_cell_differentiation.csv
20260526-202226-sentence-script-a-cluster-of-identical-p-380e8c,30.0526,29.4833,1769,1,0,1,WEAVE,-0.0167,1.0833,6.9167,9.9537,0.0,0.22,-1.02756,-0.57094,0.56226,105,11,21,22,30,21,94,0.89524,4,190,183,7,81,8,0.27836,1.55186,2.30476,0.42902,6.5707,0.8617,epithelial_green,0,/Users/b/phoenix/code/simulation_shared_data/csv_runs/20260526-202226-sentence-script-a-cluster-of-identical-p-380e8c/20260526-202226-sentence-script-a-cluster-of-identical-p-380e8c_stem_cell_differentiation.csv
20260526-202226-sentence-script-a-cluster-of-identical-p-380e8c,30.2529,29.6833,1781,1,0,1,WEAVE,-0.0167,1.2833,7.1167,9.9537,0.0,0.22,-1.45198,-0.83213,0.43464,105,11,21,22,30,21,94,0.89524,4,190,183,7,81,7,0.2792,1.55186,2.30476,0.42886,6.7707,0.8617,epithelial_green,0,/Users/b/phoenix/code/simulation_shared_data/csv_runs/20260526-202226-sentence-script-a-cluster-of-identical-p-380e8c/20260526-202226-sentence-script-a-cluster-of-identical-p-380e8c_stem_cell_differentiation.csv
20260526-202226-sentence-script-a-cluster-of-identical-p-380e8c,30.4675,29.9,1794,1,0,1,WEAVE,-0.0167,1.5,7.3333,9.9537,0.0,0.22,-1.80519,-1.00689,0.27843,105,11,21,22,30,21,94,0.89524,4,190,183,7,81,9,0.28012,1.55186,2.30476,0.43545,6.75754,0.8617,epithelial_green,0,/Users/b/phoenix/code/simulation_shared_data/csv_runs/20260526-202226-sentence-script-a-cluster-of-identical-p-380e8c/20260526-202226-sentence-script-a-cluster-of-identical-p-380e8c_stem_cell_differentiation.csv
20260526-202226-sentence-script-a-cluster-of-identical-p-380e8c,30.6765,30.1167,1807,1,0,1,WEAVE,-0.0167,0.1333,7.55,9.9537,0.0,0.22,-2.01807,-1.04658,0.1177,105,10,21,23,30,21,95,0.90476,3,190,183,7,82,9,0.28197,1.55186,2.30476,0.42957,6.74193,0.86842,epithelial_green,0,/Users/b/phoenix/code/simulation_shared_data/csv_runs/20260526-202226-sentence-script-a-cluster-of-identical-p-380e8c/20260526-202226-sentence-script-a-cluster-of-identical-p-380e8c_stem_cell_differentiation.csv
20260526-202226-sentence-script-a-cluster-of-identical-p-380e8c,30.8915,30.3333,1820,1,0,1,WEAVE,-0.0167,0.0,7.7667,9.9537,0.0,0.22,-2.07155,-0.94588,-0.03436,105,9,21,23,30,22,96,0.91429,2,190,184,6,83,8,0.28328,1.55186,2.30476,0.43534,6.60465,0.875,epithelial_green,0,/Users/b/phoenix/code/simulation_shared_data/csv_runs/20260526-202226-sentence-script-a-cluster-of-identical-p-380e8c/20260526-202226-sentence-script-a-cluster-of-identical-p-380e8c_stem_cell_differentiation.csv
20260526-202226-sentence-script-a-cluster-of-identical-p-380e8c,31.0994,30.5333,1832,1,0,1,WEAVE,-0.0167,0.2,7.9667,9.9537,0.0,0.22,-1.97406,-0.7397,-0.15756,105,9,21,23,30,22,96,0.91429,2,190,186,4,83,10,0.28379,1.55186,2.30476,0.43997,6.68763,0.875,epithelial_green,0,/Users/b/phoenix/code/simulation_shared_data/csv_runs/20260526-202226-sentence-script-a-cluster-of-identical-p-380e8c/20260526-202226-sentence-script-a-cluster-of-identical-p-380e8c_stem_cell_differentiation.csv
20260526-202226-sentence-script-a-cluster-of-identical-p-380e8c,31.3052,30.7333,1844,1,0,1,WEAVE,-0.0167,0.4,8.1667,9.9537,0.0,0.22,-1.74128,-0.44884,-0.2577,105,9,21,23,30,22,96,0.91429,2,190,186,4,83,10,0.2843,1.55186,2.30476,0.4457,6.88763,0.875,epithelial_green,0,/Users/b/phoenix/code/simulation_shared_data/csv_runs/20260526-202226-sentence-script-a-cluster-of-identical-p-380e8c/20260526-202226-sentence-script-a-cluster-of-identical-p-380e8c_stem_cell_differentiation.csv
20260526-202226-sentence-script-a-cluster-of-identical-p-380e8c,31.5216,30.9333,1856,1,0,1,WEAVE,-0.0167,0.6,8.3667,9.9537,0.0,0.22,-1.38861,-0.10659,-0.33073,105,9,21,23,30,22,96,0.91429,2,190,186,4,83,8,0.28479,1.55186,2.30476,0.44927,7.08763,0.875,epithelial_green,0,/Users/b/phoenix/code/simulation_shared_data/csv_runs/20260526-202226-sentence-script-a-cluster-of-identical-p-380e8c/20260526-202226-sentence-script-a-cluster-of-identical-p-380e8c_stem_cell_differentiation.csv
20260526-202226-sentence-script-a-cluster-of-identical-p-380e8c,31.7261,31.1167,1867,1,0,1,WEAVE,-0.0167,0.7833,8.55,9.9537,0.0,0.22,-0.98038,0.21886,-0.37229,105,9,21,23,30,22,96,0.91429,2,190,186,4,83,10,0.28523,1.55186,2.30476,0.45195,7.02833,0.875,epithelial_green,0,/Users/b/phoenix/code/simulation_shared_data/csv_runs/20260526-202226-sentence-script-a-cluster-of-identical-p-380e8c/20260526-202226-sentence-script-a-cluster-of-identical-p-380e8c_stem_cell_differentiation.csv
20260526-202226-sentence-script-a-cluster-of-identical-p-380e8c,31.9348,31.3167,1879,1,0,1,WEAVE,-0.0167,0.05,8.75,9.9537,0.0,0.22,-0.47097,0.5488,-0.39016,105,8,21,23,31,22,97,0.92381,1,190,187,3,84,9,0.2856,1.55186,2.30476,0.45332,6.91982,0.86082,epithelial_green,0,/Users/b/phoenix/code/simulation_shared_data/csv_runs/20260526-202226-sentence-script-a-cluster-of-identical-p-380e8c/20260526-202226-sentence-script-a-cluster-of-identical-p-380e8c_stem_cell_differentiation.csv
20260526-202226-sentence-script-a-cluster-of-identical-p-380e8c,32.1427,31.5,1890,1,0,1,WEAVE,-0.0167,0.2333,8.9333,9.9537,0.0,0.22,0.02543,0.79686,-0.38294,105,8,21,23,31,22,97,0.92381,1,190,188,2,84,8,0.2859,1.55186,2.30476,0.46072,6.97816,0.86082,epithelial_green,0,/Users/b/phoenix/code/simulation_shared_data/csv_runs/20260526-202226-sentence-script-a-cluster-of-identical-p-380e8c/20260526-202226-sentence-script-a-cluster-of-identical-p-380e8c_stem_cell_differentiation.csv
20260526-202226-sentence-script-a-cluster-of-identical-p-380e8c,32.3535,31.7167,1903,1,0,1,WEAVE,-0.0167,0.45,9.15,9.9537,0.0,0.22,0.60763,0.98961,-0.34884,105,8,21,23,31,22,97,0.92381,1,190,188,2,84,9,0.28648,1.55186,2.30476,0.4681,6.94211,0.86082,epithelial_green,0,/Users/b/phoenix/code/simulation_shared_data/csv_runs/20260526-202226-sentence-script-a-cluster-of-identical-p-380e8c/20260526-202226-sentence-script-a-cluster-of-identical-p-380e8c_stem_cell_differentiation.csv
20260526-202226-sentence-script-a-cluster-of-identical-p-380e8c,32.5656,31.9333,1916,1,0,1,WEAVE,-0.0167,0.6667,9.3667,9.9537,0.0,0.22,1.14013,1.0496,-0.29212,105,8,21,23,31,22,97,0.92381,1,190,189,1,84,8,0.28691,1.55186,2.30476,0.47913,7.15877,0.86082,epithelial_green,0,/Users/b/phoenix/code/simulation_shared_data/csv_runs/20260526-202226-sentence-script-a-cluster-of-identical-p-380e8c/20260526-202226-sentence-script-a-cluster-of-identical-p-380e8c_stem_cell_differentiation.csv
20260526-202226-sentence-script-a-cluster-of-identical-p-380e8c,32.7764,32.15,1929,1,0,1,WEAVE,-0.0167,0.8833,9.5833,9.9537,0.0,0.22,1.57981,0.9688,-0.21881,105,8,21,23,31,22,97,0.92381,1,190,188,2,84,7,0.28714,1.55186,2.30476,0.48261,7.37544,0.86082,epithelial_green,0,/Users/b/phoenix/code/simulation_shared_data/csv_runs/20260526-202226-sentence-script-a-cluster-of-identical-p-380e8c/20260526-202226-sentence-script-a-cluster-of-identical-p-380e8c_stem_cell_differentiation.csv
20260526-202226-sentence-script-a-cluster-of-identical-p-380e8c,32.9862,32.3667,1942,1,0,1,WEAVE,-0.0167,1.1,9.8,9.9537,0.0,0.22,1.8914,0.75804,-0.13509,105,8,21,23,31,22,97,0.92381,1,190,189,1,84,9,0.28752,1.55186,2.30476,0.48899,7.39421,0.86082,epithelial_green,0,/Users/b/phoenix/code/simulation_shared_data/csv_runs/20260526-202226-sentence-script-a-cluster-of-identical-p-380e8c/20260526-202226-sentence-script-a-cluster-of-identical-p-380e8c_stem_cell_differentiation.csv
20260526-202226-sentence-script-a-cluster-of-identical-p-380e8c,33.1936,32.5667,1954,1,0,1,CURATE,-0.0167,1.3,0.0333,7.7708,0.0,0.24,1.8788,0.38594,0.05988,105,8,21,23,31,22,97,0.92381,1,183,182,1,84,8,0.28759,1.55186,2.30476,0.50061,7.18807,0.86082,epithelial_green,0,/Users/b/phoenix/code/simulation_shared_data/csv_runs/20260526-202226-sentence-script-a-cluster-of-identical-p-380e8c/20260526-202226-sentence-script-a-cluster-of-identical-p-380e8c_stem_cell_differentiation.csv
20260526-202226-sentence-script-a-cluster-of-identical-p-380e8c,33.3949,32.75,1965,1,0,1,CURATE,-0.0167,1.4833,0.2167,7.7708,0.0,0.24,1.20196,-0.24302,0.63669,105,8,21,23,31,22,97,0.92381,1,183,180,3,84,8,0.28962,1.55186,2.30476,0.49783,7.3714,0.86082,epithelial_green,0,/Users/b/phoenix/code/simulation_shared_data/csv_runs/20260526-202226-sentence-script-a-cluster-of-identical-p-380e8c/20260526-202226-sentence-script-a-cluster-of-identical-p-380e8c_stem_cell_differentiation.csv
20260526-202226-sentence-script-a-cluster-of-identical-p-380e8c,33.5958,32.95,1977,1,0,1,CURATE,-0.0167,0.1667,0.4167,7.7708,0.0,0.24,0.6249,-0.54085,1.00489,105,7,21,24,31,22,98,0.93333,2,188,184,4,85,8,0.29021,1.55186,2.30476,0.49509,7.3742,0.86735,epithelial_green,0,/Users/b/phoenix/code/simulation_shared_data/csv_runs/20260526-202226-sentence-script-a-cluster-of-identical-p-380e8c/20260526-202226-sentence-script-a-cluster-of-identical-p-380e8c_stem_cell_differentiation.csv
20260526-202226-sentence-script-a-cluster-of-identical-p-380e8c,33.8073,33.15,1989,1,0,1,CURATE,-0.0167,0.0,0.6167,7.7708,0.0,0.24,0.04026,-0.14021,1.01379,105,6,22,24,31,22,99,0.94286,1,187,182,5,86,9,0.29162,1.55186,2.30476,0.49442,7.06194,0.87374,epithelial_green,0,/Users/b/phoenix/code/simulation_shared_data/csv_runs/20260526-202226-sentence-script-a-cluster-of-identical-p-380e8c/20260526-202226-sentence-script-a-cluster-of-identical-p-380e8c_stem_cell_differentiation.csv
20260526-202226-sentence-script-a-cluster-of-identical-p-380e8c,34.0249,33.35,2001,1,0,1,CURATE,-0.0167,0.2,0.8167,7.7708,0.0,0.24,-0.47367,0.49466,0.87506,105,6,22,24,31,22,99,0.94286,1,189,183,6,86,8,0.292,1.55186,2.30476,0.49269,7.18536,0.87374,epithelial_green,0,/Users/b/phoenix/code/simulation_shared_data/csv_runs/20260526-202226-sentence-script-a-cluster-of-identical-p-380e8c/20260526-202226-sentence-script-a-cluster-of-identical-p-380e8c_stem_cell_differentiation.csv
20260526-202226-sentence-script-a-cluster-of-identical-p-380e8c,34.2271,33.5333,2012,1,0,1,CURATE,-0.0167,0.3833,1.0,7.7708,0.0,0.24,-0.80526,0.90429,0.78556,105,6,22,24,31,22,99,0.94286,1,189,184,5,86,7,0.29303,1.55186,2.30476,0.49495,7.36869,0.87374,epithelial_green,0,/Users/b/phoenix/code/simulation_shared_data/csv_runs/20260526-202226-sentence-script-a-cluster-of-identical-p-380e8c/20260526-202226-sentence-script-a-cluster-of-identical-p-380e8c_stem_cell_differentiation.csv
20260526-202226-sentence-script-a-cluster-of-identical-p-380e8c,34.4396,33.75,2025,1,0,1,CURATE,-0.0167,0.6,1.2167,7.7708,0.0,0.24,-1.07767,1.24081,0.71203,105,6,22,24,31,22,99,0.94286,1,184,180,4,86,7,0.29462,1.55186,2.30476,0.49168,7.16486,0.87374,epithelial_green,0,/Users/b/phoenix/code/simulation_shared_data/csv_runs/20260526-202226-sentence-script-a-cluster-of-identical-p-380e8c/20260526-202226-sentence-script-a-cluster-of-identical-p-380e8c_stem_cell_differentiation.csv
20260526-202226-sentence-script-a-cluster-of-identical-p-380e8c,34.647,33.9667,2038,1,0,1,CURATE,-0.0167,0.8167,1.4333,7.7708,0.0,0.24,-1.26101,1.46729,0.66254,105,6,22,24,31,22,99,0.94286,1,184,180,4,86,5,0.29606,1.55186,2.30476,0.49698,7.38152,0.87374,epithelial_green,0,/Users/b/phoenix/code/simulation_shared_data/csv_runs/20260526-202226-sentence-script-a-cluster-of-identical-p-380e8c/20260526-202226-sentence-script-a-cluster-of-identical-p-380e8c_stem_cell_differentiation.csv
20260526-202226-sentence-script-a-cluster-of-identical-p-380e8c,34.8574,34.1833,2051,1,0,1,CURATE,-0.0167,1.0333,1.65,7.7708,0.0,0.24,-1.3844,1.61972,0.62923,105,6,22,24,31,22,99,0.94286,1,181,176,5,86,6,0.29753,1.55186,2.30476,0.49587,7.43941,0.87374,epithelial_green,0,/Users/b/phoenix/code/simulation_shared_data/csv_runs/20260526-202226-sentence-script-a-cluster-of-identical-p-380e8c/20260526-202226-sentence-script-a-cluster-of-identical-p-380e8c_stem_cell_differentiation.csv
20260526-202226-sentence-script-a-cluster-of-identical-p-380e8c,35.08,34.4,2064,1,0,1,CURATE,-0.0167,0.1833,1.8667,7.7708,0.0,0.24,-1.30305,1.75158,0.60952,105,5,23,24,31,22,100,0.95238,2,187,182,5,87,5,0.29784,1.55186,2.30476,0.49682,7.41684,0.88,epithelial_green,0,/Users/b/phoenix/code/simulation_shared_data/csv_runs/20260526-202226-sentence-script-a-cluster-of-identical-p-380e8c/20260526-202226-sentence-script-a-cluster-of-identical-p-380e8c_stem_cell_differentiation.csv
20260526-202226-sentence-script-a-cluster-of-identical-p-380e8c,35.2953,34.6167,2077,1,0,1,CURATE,-0.0167,0.1667,2.0833,7.7708,0.0,0.24,-1.07384,1.87139,0.59912,105,4,24,24,31,22,101,0.9619,1,190,186,4,88,5,0.29778,1.55186,2.30476,0.49004,7.24605,0.88614,epithelial_green,0,/Users/b/phoenix/code/simulation_shared_data/csv_runs/20260526-202226-sentence-script-a-cluster-of-identical-p-380e8c/20260526-202226-sentence-script-a-cluster-of-identical-p-380e8c_stem_cell_differentiation.csv
20260526-202226-sentence-script-a-cluster-of-identical-p-380e8c,35.5079,34.8167,2089,1,0,1,CURATE,-0.0167,0.3667,2.2833,7.7708,0.0,0.24,-0.9294,1.94689,0.59257,105,4,24,24,31,22,101,0.9619,1,190,186,4,88,5,0.29771,1.55186,2.30476,0.49618,7.44605,0.88614,epithelial_green,0,/Users/b/phoenix/code/simulation_shared_data/csv_runs/20260526-202226-sentence-script-a-cluster-of-identical-p-380e8c/20260526-202226-sentence-script-a-cluster-of-identical-p-380e8c_stem_cell_differentiation.csv
20260526-202226-sentence-script-a-cluster-of-identical-p-380e8c,35.7253,35.0167,2101,1,0,1,CURATE,-0.0167,0.5667,2.4833,7.7708,0.0,0.24,-0.82918,1.99927,0.58802,105,4,24,24,31,22,101,0.9619,1,184,183,1,88,6,0.29838,1.55186,2.30476,0.50254,7.34275,0.88614,epithelial_green,0,/Users/b/phoenix/code/simulation_shared_data/csv_runs/20260526-202226-sentence-script-a-cluster-of-identical-p-380e8c/20260526-202226-sentence-script-a-cluster-of-identical-p-380e8c_stem_cell_differentiation.csv
20260526-202226-sentence-script-a-cluster-of-identical-p-380e8c,35.93,35.2,2112,1,0,1,CURATE,-0.0167,0.75,2.6667,7.7708,0.0,0.24,-0.76451,2.03307,0.58509,105,4,24,24,31,22,101,0.9619,1,184,183,1,88,5,0.29867,1.55186,2.30476,0.50911,7.52609,0.88614,epithelial_green,0,/Users/b/phoenix/code/simulation_shared_data/csv_runs/20260526-202226-sentence-script-a-cluster-of-identical-p-380e8c/20260526-202226-sentence-script-a-cluster-of-identical-p-380e8c_stem_cell_differentiation.csv
20260526-202226-sentence-script-a-cluster-of-identical-p-380e8c,36.144,35.4,2124,1,0,1,CURATE,-0.0167,0.95,2.8667,7.7708,0.0,0.24,-0.71477,2.05907,0.58283,105,4,24,24,31,22,101,0.9619,1,184,183,1,88,4,0.29898,1.55186,2.30476,0.51464,7.72609,0.88614,epithelial_green,0,/Users/b/phoenix/code/simulation_shared_data/csv_runs/20260526-202226-sentence-script-a-cluster-of-identical-p-380e8c/20260526-202226-sentence-script-a-cluster-of-identical-p-380e8c_stem_cell_differentiation.csv
20260526-202226-sentence-script-a-cluster-of-identical-p-380e8c,36.3461,35.5833,2135,1,0,1,CURATE,-0.0167,1.1333,3.05,7.7708,0.0,0.24,-0.68268,2.07585,0.58137,105,4,24,24,31,22,101,0.9619,1,181,179,2,88,5,0.29929,1.55186,2.30476,0.51332,7.61041,0.88614,epithelial_green,0,/Users/b/phoenix/code/simulation_shared_data/csv_runs/20260526-202226-sentence-script-a-cluster-of-identical-p-380e8c/20260526-202226-sentence-script-a-cluster-of-identical-p-380e8c_stem_cell_differentiation.csv
20260526-202226-sentence-script-a-cluster-of-identical-p-380e8c,36.5559,35.8167,2149,1,0,1,CURATE,-0.0167,1.3667,3.2833,7.7708,0.0,0.24,-0.65469,2.09048,0.5801,105,4,24,24,31,22,101,0.9619,1,181,179,2,88,4,0.30009,1.55186,2.30476,0.51624,7.84374,0.88614,epithelial_green,0,/Users/b/phoenix/code/simulation_shared_data/csv_runs/20260526-202226-sentence-script-a-cluster-of-identical-p-380e8c/20260526-202226-sentence-script-a-cluster-of-identical-p-380e8c_stem_cell_differentiation.csv
20260526-202226-sentence-script-a-cluster-of-identical-p-380e8c,36.7605,36.0667,2164,1,0,1,CURATE,-0.0167,1.6167,3.5333,7.7708,0.0,0.24,-0.63538,2.10057,0.57923,105,4,24,24,31,22,101,0.9619,1,178,178,0,88,4,0.30027,1.55186,2.30476,0.52251,7.92996,0.88614,epithelial_green,0,/Users/b/phoenix/code/simulation_shared_data/csv_runs/20260526-202226-sentence-script-a-cluster-of-identical-p-380e8c/20260526-202226-sentence-script-a-cluster-of-identical-p-380e8c_stem_cell_differentiation.csv
20260526-202226-sentence-script-a-cluster-of-identical-p-380e8c,36.9611,36.3167,2179,1,0,1,CURATE,-0.0167,1.8667,3.7833,7.7708,0.0,0.24,-0.62316,2.10696,0.57867,105,4,24,24,31,22,101,0.9619,1,178,178,0,88,4,0.30059,1.55186,2.30476,0.52644,8.17996,0.88614,epithelial_green,0,/Users/b/phoenix/code/simulation_shared_data/csv_runs/20260526-202226-sentence-script-a-cluster-of-identical-p-380e8c/20260526-202226-sentence-script-a-cluster-of-identical-p-380e8c_stem_cell_differentiation.csv
20260526-202226-sentence-script-a-cluster-of-identical-p-380e8c,37.1775,36.55,2193,1,0,1,CURATE,-0.0167,2.1,4.0167,7.7708,0.0,0.24,-0.61583,2.11079,0.57834,105,4,24,24,31,22,101,0.9619,1,178,177,1,88,3,0.30186,1.55186,2.30476,0.5269,8.4133,0.88614,epithelial_green,0,/Users/b/phoenix/code/simulation_shared_data/csv_runs/20260526-202226-sentence-script-a-cluster-of-identical-p-380e8c/20260526-202226-sentence-script-a-cluster-of-identical-p-380e8c_stem_cell_differentiation.csv
20260526-202226-sentence-script-a-cluster-of-identical-p-380e8c,37.3898,36.75,2205,1,0,1,CURATE,-0.0167,2.3,4.2167,7.7708,0.0,0.24,-0.61161,2.113,0.57815,105,4,24,24,31,22,101,0.9619,1,179,178,1,88,3,0.30209,1.55186,2.30476,0.52932,8.56611,0.88614,epithelial_green,0,/Users/b/phoenix/code/simulation_shared_data/csv_runs/20260526-202226-sentence-script-a-cluster-of-identical-p-380e8c/20260526-202226-sentence-script-a-cluster-of-identical-p-380e8c_stem_cell_differentiation.csv
20260526-202226-sentence-script-a-cluster-of-identical-p-380e8c,37.6367,36.9167,2215,1,0,1,CURATE,-0.0167,2.4667,4.3833,7.7708,0.0,0.24,-0.6091,2.11431,0.57804,105,4,24,24,31,22,101,0.9619,1,176,176,0,88,3,0.30195,1.55186,2.30476,0.53763,8.40303,0.88614,epithelial_green,0,/Users/b/phoenix/code/simulation_shared_data/csv_runs/20260526-202226-sentence-script-a-cluster-of-identical-p-380e8c/20260526-202226-sentence-script-a-cluster-of-identical-p-380e8c_stem_cell_differentiation.csv
20260526-202226-sentence-script-a-cluster-of-identical-p-380e8c,37.8454,37.1,2226,1,0,1,CURATE,-0.0167,2.65,4.5667,7.7708,0.0,0.24,-0.60709,2.11536,0.57794,105,4,24,24,31,22,101,0.9619,1,176,176,0,88,3,0.3018,1.55186,2.30476,0.53507,8.58636,0.88614,epithelial_green,0,/Users/b/phoenix/code/simulation_shared_data/csv_runs/20260526-202226-sentence-script-a-cluster-of-identical-p-380e8c/20260526-202226-sentence-script-a-cluster-of-identical-p-380e8c_stem_cell_differentiation.csv
20260526-202226-sentence-script-a-cluster-of-identical-p-380e8c,38.0559,37.2833,2237,1,0,1,CURATE,-0.0167,2.8333,4.75,7.7708,0.0,0.24,-0.60566,2.11611,0.57788,105,4,24,24,31,22,101,0.9619,1,176,176,0,88,3,0.30165,1.55186,2.30476,0.53728,8.7697,0.88614,epithelial_green,0,/Users/b/phoenix/code/simulation_shared_data/csv_runs/20260526-202226-sentence-script-a-cluster-of-identical-p-380e8c/20260526-202226-sentence-script-a-cluster-of-identical-p-380e8c_stem_cell_differentiation.csv
20260526-202226-sentence-script-a-cluster-of-identical-p-380e8c,38.2612,37.4667,2248,1,0,1,CURATE,-0.0167,3.0167,4.9333,7.7708,0.0,0.24,-0.60463,2.11664,0.57783,105,4,24,24,31,22,101,0.9619,1,172,171,1,88,4,0.30164,1.55186,2.30476,0.52805,8.65359,0.88614,epithelial_green,0,/Users/b/phoenix/code/simulation_shared_data/csv_runs/20260526-202226-sentence-script-a-cluster-of-identical-p-380e8c/20260526-202226-sentence-script-a-cluster-of-identical-p-380e8c_stem_cell_differentiation.csv
20260526-202226-sentence-script-a-cluster-of-identical-p-380e8c,38.4699,37.6667,2260,1,0,1,CURATE,-0.0167,3.2167,5.1333,7.7708,0.0,0.24,-0.60384,2.11706,0.5778,105,4,24,24,31,22,101,0.9619,1,173,170,3,88,4,0.30224,1.55186,2.30476,0.52603,8.80328,0.88614,epithelial_green,0,/Users/b/phoenix/code/simulation_shared_data/csv_runs/20260526-202226-sentence-script-a-cluster-of-identical-p-380e8c/20260526-202226-sentence-script-a-cluster-of-identical-p-380e8c_stem_cell_differentiation.csv
20260526-202226-sentence-script-a-cluster-of-identical-p-380e8c,38.682,37.8833,2273,1,0,1,CURATE,-0.0167,3.4333,5.35,7.7708,0.0,0.24,-0.60325,2.11736,0.57777,105,4,24,24,31,22,101,0.9619,1,173,169,4,88,3,0.30364,1.55186,2.30476,0.53385,9.01994,0.88614,epithelial_green,0,/Users/b/phoenix/code/simulation_shared_data/csv_runs/20260526-202226-sentence-script-a-cluster-of-identical-p-380e8c/20260526-202226-sentence-script-a-cluster-of-identical-p-380e8c_stem_cell_differentiation.csv
20260526-202226-sentence-script-a-cluster-of-identical-p-380e8c,38.8997,38.1,2286,1,0,1,CURATE,-0.0167,0.1,5.5667,7.7708,0.0,0.24,-0.1404,2.01695,0.44693,105,3,24,24,31,23,102,0.97143,0,178,174,4,89,4,0.30433,1.55186,2.30476,0.5301,8.98024,0.89216,epithelial_green,0,/Users/b/phoenix/code/simulation_shared_data/csv_runs/20260526-202226-sentence-script-a-cluster-of-identical-p-380e8c/20260526-202226-sentence-script-a-cluster-of-identical-p-380e8c_stem_cell_differentiation.csv
20260526-202226-sentence-script-a-cluster-of-identical-p-380e8c,39.1066,38.3,2298,1,0,1,CURATE,-0.0167,0.3,5.7667,7.7708,0.0,0.24,0.32623,1.93462,0.05364,105,3,24,24,31,23,102,0.97143,0,177,177,0,89,5,0.30479,1.55186,2.30476,0.53721,8.88804,0.89216,epithelial_green,0,/Users/b/phoenix/code/simulation_shared_data/csv_runs/20260526-202226-sentence-script-a-cluster-of-identical-p-380e8c/20260526-202226-sentence-script-a-cluster-of-identical-p-380e8c_stem_cell_differentiation.csv
20260526-202226-sentence-script-a-cluster-of-identical-p-380e8c,39.3186,38.5167,2311,1,0,1,CURATE,-0.0167,0.5167,5.9833,7.7708,0.0,0.24,0.79378,1.7672,-0.09694,105,3,24,24,31,23,102,0.97143,0,178,178,0,89,4,0.30477,1.55186,2.30476,0.54276,9.05375,0.89216,epithelial_green,0,/Users/b/phoenix/code/simulation_shared_data/csv_runs/20260526-202226-sentence-script-a-cluster-of-identical-p-380e8c/20260526-202226-sentence-script-a-cluster-of-identical-p-380e8c_stem_cell_differentiation.csv
20260526-202226-sentence-script-a-cluster-of-identical-p-380e8c,39.5261,38.7167,2323,1,0,1,CURATE,-0.0167,0.7167,6.1833,7.7708,0.0,0.24,1.21658,1.5056,-0.09386,105,3,24,24,31,23,102,0.97143,0,178,178,0,89,4,0.30522,1.55186,2.30476,0.54373,9.25375,0.89216,epithelial_green,0,/Users/b/phoenix/code/simulation_shared_data/csv_runs/20260526-202226-sentence-script-a-cluster-of-identical-p-380e8c/20260526-202226-sentence-script-a-cluster-of-identical-p-380e8c_stem_cell_differentiation.csv
20260526-202226-sentence-script-a-cluster-of-identical-p-380e8c,39.7356,38.9167,2335,1,0,1,CURATE,-0.0167,0.9167,6.3833,7.7708,0.0,0.24,1.33586,1.42456,-0.35189,105,3,24,24,31,23,102,0.97143,0,178,177,1,89,4,0.30526,1.55186,2.30476,0.5474,9.45375,0.89216,epithelial_green,0,/Users/b/phoenix/code/simulation_shared_data/csv_runs/20260526-202226-sentence-script-a-cluster-of-identical-p-380e8c/20260526-202226-sentence-script-a-cluster-of-identical-p-380e8c_stem_cell_differentiation.csv
20260526-202226-sentence-script-a-cluster-of-identical-p-380e8c,39.9535,39.1167,2347,1,0,1,CURATE,-0.0167,1.1167,6.5833,7.7708,0.0,0.24,1.32389,1.49043,-0.5957,105,3,24,24,31,23,102,0.97143,0,174,172,2,89,5,0.30573,1.55186,2.30476,0.55324,9.3228,0.89216,epithelial_green,0,/Users/b/phoenix/code/simulation_shared_data/csv_runs/20260526-202226-sentence-script-a-cluster-of-identical-p-380e8c/20260526-202226-sentence-script-a-cluster-of-identical-p-380e8c_stem_cell_differentiation.csv
20260526-202226-sentence-script-a-cluster-of-identical-p-380e8c,40.1794,39.3167,2359,1,0,1,CURATE,-0.0167,1.3167,6.7833,7.7708,0.0,0.24,1.34989,1.57384,-0.64808,105,3,24,24,31,23,102,0.97143,0,174,171,3,89,3,0.30658,1.55186,2.30476,0.55931,9.5228,0.89216,epithelial_green,0,/Users/b/phoenix/code/simulation_shared_data/csv_runs/20260526-202226-sentence-script-a-cluster-of-identical-p-380e8c/20260526-202226-sentence-script-a-cluster-of-identical-p-380e8c_stem_cell_differentiation.csv
20260526-202226-sentence-script-a-cluster-of-identical-p-380e8c,40.3925,39.5167,2371,1,0,1,CURATE,-0.0167,1.5167,6.9833,7.7708,0.0,0.24,1.30569,1.64415,-0.80419,105,3,24,24,31,23,102,0.97143,0,174,170,4,89,3,0.30774,1.55186,2.30476,0.56175,9.7228,0.89216,epithelial_green,0,/Users/b/phoenix/code/simulation_shared_data/csv_runs/20260526-202226-sentence-script-a-cluster-of-identical-p-380e8c/20260526-202226-sentence-script-a-cluster-of-identical-p-380e8c_stem_cell_differentiation.csv
20260526-202226-sentence-script-a-cluster-of-identical-p-380e8c,40.6028,39.7333,2384,1,0,1,CURATE,-0.0167,1.7333,7.2,7.7708,0.0,0.24,1.69511,1.36665,-0.38683,105,3,24,24,31,23,102,0.97143,0,168,164,4,89,4,0.30983,1.55186,2.30476,0.55494,9.52183,0.89216,epithelial_green,0,/Users/b/phoenix/code/simulation_shared_data/csv_runs/20260526-202226-sentence-script-a-cluster-of-identical-p-380e8c/20260526-202226-sentence-script-a-cluster-of-identical-p-380e8c_stem_cell_differentiation.csv
20260526-202226-sentence-script-a-cluster-of-identical-p-380e8c,40.8124,39.9667,2398,1,0,1,CURATE,-0.0167,0.2,7.4333,7.7708,0.0,0.24,1.51714,1.60469,-0.57335,105,2,24,24,31,24,103,0.98095,0,172,168,4,90,4,0.3107,1.55186,2.30476,0.56009,9.53333,0.89806,epithelial_green,0,/Users/b/phoenix/code/simulation_shared_data/csv_runs/20260526-202226-sentence-script-a-cluster-of-identical-p-380e8c/20260526-202226-sentence-script-a-cluster-of-identical-p-380e8c_stem_cell_differentiation.csv
20260526-202226-sentence-script-a-cluster-of-identical-p-380e8c,41.0297,40.2,2412,1,0,1,CURATE,-0.0167,0.4333,7.6667,7.7708,0.0,0.24,1.40474,1.76348,-0.68312,105,2,24,24,31,24,103,0.98095,0,173,171,2,90,4,0.31152,1.55186,2.30476,0.56549,9.7105,0.89806,epithelial_green,0,/Users/b/phoenix/code/simulation_shared_data/csv_runs/20260526-202226-sentence-script-a-cluster-of-identical-p-380e8c/20260526-202226-sentence-script-a-cluster-of-identical-p-380e8c_stem_cell_differentiation.csv
20260526-202226-sentence-script-a-cluster-of-identical-p-380e8c,41.2398,40.4333,2426,1,0,1,WEAVE,-0.0167,0.6667,0.1167,9.4849,0.0,0.22,-0.74147,-0.35051,-0.78106,105,2,24,24,31,24,103,0.98095,0,174,173,1,90,4,0.31225,1.55186,2.30476,0.56774,9.88755,0.89806,epithelial_green,0,/Users/b/phoenix/code/simulation_shared_data/csv_runs/20260526-202226-sentence-script-a-cluster-of-identical-p-380e8c/20260526-202226-sentence-script-a-cluster-of-identical-p-380e8c_stem_cell_differentiation.csv
20260526-202226-sentence-script-a-cluster-of-identical-p-380e8c,41.4579,40.65,2439,1,0,1,WEAVE,-0.0167,0.8833,0.3333,9.4849,0.0,0.22,-0.53839,-0.68338,-1.0846,105,2,24,24,31,24,103,0.98095,0,174,172,2,90,3,0.31311,1.55186,2.30476,0.56878,10.10421,0.89806,epithelial_green,0,/Users/b/phoenix/code/simulation_shared_data/csv_runs/20260526-202226-sentence-script-a-cluster-of-identical-p-380e8c/20260526-202226-sentence-script-a-cluster-of-identical-p-380e8c_stem_cell_differentiation.csv
20260526-202226-sentence-script-a-cluster-of-identical-p-380e8c,41.6679,40.85,2451,1,0,1,WEAVE,-0.0167,1.0833,0.5333,9.4849,0.0,0.22,-0.32807,-0.91011,-1.30309,105,1,24,24,31,25,104,0.99048,0,178,176,2,91,4,0.31375,1.55186,2.30476,0.56642,10.07266,0.90385,epithelial_green,0,/Users/b/phoenix/code/simulation_shared_data/csv_runs/20260526-202226-sentence-script-a-cluster-of-identical-p-380e8c/20260526-202226-sentence-script-a-cluster-of-identical-p-380e8c_stem_cell_differentiation.csv
20260526-202226-sentence-script-a-cluster-of-identical-p-380e8c,41.8804,41.05,2463,1,0,1,RESETTING,-0.0167,0.1833,0.1833,2.8,0.2,0.0,0.0,0.0,0.0,105,1,24,24,31,25,104,0.99048,0,179,177,2,91,3,0.31412,1.55186,2.30476,0.55872,10.21611,0.90385,epithelial_green,1,/Users/b/phoenix/code/simulation_shared_data/csv_runs/20260526-202226-sentence-script-a-cluster-of-identical-p-380e8c/20260526-202226-sentence-script-a-cluster-of-identical-p-380e8c_stem_cell_differentiation.csv
20260526-202226-sentence-script-a-cluster-of-identical-p-380e8c,42.0859,41.2333,2474,1,0,1,RESETTING,-0.0167,0.3667,0.3667,2.8,0.3833,0.0,0.0,0.0,0.0,105,1,24,24,31,25,104,0.99048,0,179,178,1,91,3,0.31445,1.55186,2.30476,0.56007,10.39944,0.90385,epithelial_green,1,/Users/b/phoenix/code/simulation_shared_data/csv_runs/20260526-202226-sentence-script-a-cluster-of-identical-p-380e8c/20260526-202226-sentence-script-a-cluster-of-identical-p-380e8c_stem_cell_differentiation.csv
20260526-202226-sentence-script-a-cluster-of-identical-p-380e8c,42.3043,41.4333,2486,1,0,1,RESETTING,-0.0167,0.5667,0.5667,2.8,0.5833,0.0,0.0,0.0,0.0,105,1,24,24,31,25,104,0.99048,0,179,178,1,91,3,0.3148,1.55186,2.30476,0.56372,10.59944,0.90385,epithelial_green,1,/Users/b/phoenix/code/simulation_shared_data/csv_runs/20260526-202226-sentence-script-a-cluster-of-identical-p-380e8c/20260526-202226-sentence-script-a-cluster-of-identical-p-380e8c_stem_cell_differentiation.csv
20260526-202226-sentence-script-a-cluster-of-identical-p-380e8c,42.5186,41.6333,2498,1,0,1,RESETTING,-0.0167,0.7667,0.7667,2.8,0.7833,0.0,0.0,0.0,0.0,105,1,24,24,31,25,104,0.99048,0,179,179,0,91,3,0.31505,1.55186,2.30476,0.56526,10.79944,0.90385,epithelial_green,1,/Users/b/phoenix/code/simulation_shared_data/csv_runs/20260526-202226-sentence-script-a-cluster-of-identical-p-380e8c/20260526-202226-sentence-script-a-cluster-of-identical-p-380e8c_stem_cell_differentiation.csv
20260526-202226-sentence-script-a-cluster-of-identical-p-380e8c,42.7324,41.85,2511,1,0,1,RESETTING,-0.0167,0.9833,0.9833,2.8,1.0,0.0,0.0,0.0,0.0,105,1,24,24,31,25,104,0.99048,0,179,179,0,91,3,0.31499,1.55186,2.30476,0.56308,11.01611,0.90385,epithelial_green,1,/Users/b/phoenix/code/simulation_shared_data/csv_runs/20260526-202226-sentence-script-a-cluster-of-identical-p-380e8c/20260526-202226-sentence-script-a-cluster-of-identical-p-380e8c_stem_cell_differentiation.csv
20260526-202226-sentence-script-a-cluster-of-identical-p-380e8c,42.9438,42.0667,2524,1,0,1,RESETTING,-0.0167,1.2,1.2,2.8,1.2167,0.0,0.0,0.0,0.0,105,1,24,24,31,25,104,0.99048,0,182,182,0,91,2,0.31493,1.55186,2.30476,0.5633,11.04991,0.90385,epithelial_green,1,/Users/b/phoenix/code/simulation_shared_data/csv_runs/20260526-202226-sentence-script-a-cluster-of-identical-p-380e8c/20260526-202226-sentence-script-a-cluster-of-identical-p-380e8c_stem_cell_differentiation.csv
20260526-202226-sentence-script-a-cluster-of-identical-p-380e8c,43.1616,42.2833,2537,1,0,1,RESETTING,-0.0167,1.4167,1.4167,2.8,1.4333,0.0,0.0,0.0,0.0,105,1,24,24,31,25,104,0.99048,0,182,182,0,91,2,0.31487,1.55186,2.30476,0.5604,11.26658,0.90385,epithelial_green,1,/Users/b/phoenix/code/simulation_shared_data/csv_runs/20260526-202226-sentence-script-a-cluster-of-identical-p-380e8c/20260526-202226-sentence-script-a-cluster-of-identical-p-380e8c_stem_cell_differentiation.csv
20260526-202226-sentence-script-a-cluster-of-identical-p-380e8c,43.3719,42.5,2550,1,0,1,RESETTING,-0.0167,1.6333,1.6333,2.8,1.65,0.0,0.0,0.0,0.0,105,1,24,24,31,25,104,0.99048,0,182,182,0,91,2,0.31481,1.55186,2.30476,0.56934,11.48324,0.90385,epithelial_green,1,/Users/b/phoenix/code/simulation_shared_data/csv_runs/20260526-202226-sentence-script-a-cluster-of-identical-p-380e8c/20260526-202226-sentence-script-a-cluster-of-identical-p-380e8c_stem_cell_differentiation.csv
20260526-202226-sentence-script-a-cluster-of-identical-p-380e8c,43.5791,42.7,2562,1,0,1,RESETTING,-0.0167,1.8333,1.8333,2.8,1.85,0.0,0.0,0.0,0.0,105,1,24,24,31,25,104,0.99048,0,182,182,0,91,2,0.31476,1.55186,2.30476,0.57143,11.68324,0.90385,epithelial_green,1,/Users/b/phoenix/code/simulation_shared_data/csv_runs/20260526-202226-sentence-script-a-cluster-of-identical-p-380e8c/20260526-202226-sentence-script-a-cluster-of-identical-p-380e8c_stem_cell_differentiation.csv
20260526-202226-sentence-script-a-cluster-of-identical-p-380e8c,43.7951,42.9,2574,1,0,1,RESETTING,-0.0167,2.0333,2.0333,2.8,2.05,0.0,0.0,0.0,0.0,105,1,24,24,31,25,104,0.99048,0,182,182,0,91,2,0.31471,1.55186,2.30476,0.57373,11.88324,0.90385,epithelial_green,1,/Users/b/phoenix/code/simulation_shared_data/csv_runs/20260526-202226-sentence-script-a-cluster-of-identical-p-380e8c/20260526-202226-sentence-script-a-cluster-of-identical-p-380e8c_stem_cell_differentiation.csv
20260526-202226-sentence-script-a-cluster-of-identical-p-380e8c,43.9956,43.0833,2585,1,0,1,RESETTING,-0.0167,2.2167,2.2167,2.8,2.2333,0.0,0.0,0.0,0.0,105,1,24,24,31,25,104,0.99048,0,182,182,0,91,2,0.31466,1.55186,2.30476,0.56688,12.06658,0.90385,epithelial_green,1,/Users/b/phoenix/code/simulation_shared_data/csv_runs/20260526-202226-sentence-script-a-cluster-of-identical-p-380e8c/20260526-202226-sentence-script-a-cluster-of-identical-p-380e8c_stem_cell_differentiation.csv
20260526-202226-sentence-script-a-cluster-of-identical-p-380e8c,44.2142,43.2833,2597,1,0,1,RESETTING,-0.0167,2.4167,2.4167,2.8,2.4333,0.0,0.0,0.0,0.0,105,1,24,24,31,25,104,0.99048,0,183,183,0,91,2,0.31461,1.55186,2.30476,0.56874,12.20046,0.90385,epithelial_green,1,/Users/b/phoenix/code/simulation_shared_data/csv_runs/20260526-202226-sentence-script-a-cluster-of-identical-p-380e8c/20260526-202226-sentence-script-a-cluster-of-identical-p-380e8c_stem_cell_differentiation.csv
20260526-202226-sentence-script-a-cluster-of-identical-p-380e8c,44.4136,43.4667,2608,1,0,1,RESETTING,-0.0167,2.6,2.6,2.8,2.6167,0.0,0.0,0.0,0.0,105,1,24,24,31,25,104,0.99048,0,184,184,0,91,2,0.31457,1.55186,2.30476,0.57437,12.31694,0.90385,epithelial_green,1,/Users/b/phoenix/code/simulation_shared_data/csv_runs/20260526-202226-sentence-script-a-cluster-of-identical-p-380e8c/20260526-202226-sentence-script-a-cluster-of-identical-p-380e8c_stem_cell_differentiation.csv
20260526-202226-sentence-script-a-cluster-of-identical-p-380e8c,44.632,0.0,2620,2,0,1,SEED,0.5,0.0,0.0,2.8,0.0,0.0,0.0,0.0,0.0,105,105,0,0,0,0,0,0.0,0,10,8,2,0,2,0.0,0.0,2.11429,0.63536,0.01667,0.0,none,0,/Users/b/phoenix/code/simulation_shared_data/csv_runs/20260526-202226-sentence-script-a-cluster-of-identical-p-380e8c/20260526-202226-sentence-script-a-cluster-of-identical-p-380e8c_stem_cell_differentiation.csv
20260526-202226-sentence-script-a-cluster-of-identical-p-380e8c,44.8409,0.2667,2636,2,0,1,SEED,0.2333,0.2667,0.2667,2.8,0.0,0.2,0.31977,0.13371,0.59335,105,105,0,0,0,0,0,0.0,0,10,9,1,0,2,0.00059,0.22067,2.11429,0.6336,0.28333,0.0,none,0,/Users/b/phoenix/code/simulation_shared_data/csv_runs/20260526-202226-sentence-script-a-cluster-of-identical-p-380e8c/20260526-202226-sentence-script-a-cluster-of-identical-p-380e8c_stem_cell_differentiation.csv
20260526-202226-sentence-script-a-cluster-of-identical-p-380e8c,45.05,0.6,2656,2,0,1,SEED,-0.0167,0.6,0.6,2.8,0.0,0.2,0.02181,0.44109,0.7997,105,105,0,0,0,0,0,0.0,0,15,12,3,0,3,0.00189,0.48675,2.11429,0.63507,0.44444,0.0,none,0,/Users/b/phoenix/code/simulation_shared_data/csv_runs/20260526-202226-sentence-script-a-cluster-of-identical-p-380e8c/20260526-202226-sentence-script-a-cluster-of-identical-p-380e8c_stem_cell_differentiation.csv
20260526-202226-sentence-script-a-cluster-of-identical-p-380e8c,45.257,0.9,2674,2,0,1,SEED,-0.0167,0.9,0.9,2.8,0.0,0.2,-0.2155,0.48048,0.77043,105,105,0,0,0,0,0,0.0,0,17,11,6,0,4,0.00553,0.81214,2.11429,0.63037,0.65882,0.0,none,0,/Users/b/phoenix/code/simulation_shared_data/csv_runs/20260526-202226-sentence-script-a-cluster-of-identical-p-380e8c/20260526-202226-sentence-script-a-cluster-of-identical-p-380e8c_stem_cell_differentiation.csv
20260526-202226-sentence-script-a-cluster-of-identical-p-380e8c,45.4587,1.1,2686,2,0,1,SEED,-0.0167,1.1,1.1,2.8,0.0,0.2,-0.34457,0.54786,0.63979,105,104,1,0,0,0,1,0.00952,2,21,14,7,0,5,0.00784,1.26335,2.11429,0.59533,0.69524,0.0,neural_blue,0,/Users/b/phoenix/code/simulation_shared_data/csv_runs/20260526-202226-sentence-script-a-cluster-of-identical-p-380e8c/20260526-202226-sentence-script-a-cluster-of-identical-p-380e8c_stem_cell_differentiation.csv
20260526-202226-sentence-script-a-cluster-of-identical-p-380e8c,45.6626,1.3,2698,2,0,1,SEED,-0.0167,0.1833,1.3,2.8,0.0,0.2,-0.3906,0.50759,0.4032,105,104,1,0,0,0,1,0.00952,2,21,14,7,0,5,0.00975,1.26335,2.11429,0.55661,0.89524,0.0,neural_blue,0,/Users/b/phoenix/code/simulation_shared_data/csv_runs/20260526-202226-sentence-script-a-cluster-of-identical-p-380e8c/20260526-202226-sentence-script-a-cluster-of-identical-p-380e8c_stem_cell_differentiation.csv
20260526-202226-sentence-script-a-cluster-of-identical-p-380e8c,45.8679,1.5,2710,2,0,1,SEED,-0.0167,0.3833,1.5,2.8,0.0,0.2,-0.17735,0.3092,0.16288,105,104,1,0,0,0,1,0.00952,2,24,13,11,0,5,0.01204,1.26335,2.11429,0.56787,0.96042,0.0,neural_blue,0,/Users/b/phoenix/code/simulation_shared_data/csv_runs/20260526-202226-sentence-script-a-cluster-of-identical-p-380e8c/20260526-202226-sentence-script-a-cluster-of-identical-p-380e8c_stem_cell_differentiation.csv
20260526-202226-sentence-script-a-cluster-of-identical-p-380e8c,46.0737,1.7,2722,2,0,1,SEED,-0.0167,0.1167,1.7,2.8,0.0,0.2,-0.70281,0.48057,0.38218,105,103,1,0,1,0,2,0.01905,3,29,19,10,0,6,0.01461,1.26335,2.11429,0.51984,0.98333,0.0,neural_blue,0,/Users/b/phoenix/code/simulation_shared_data/csv_runs/20260526-202226-sentence-script-a-cluster-of-identical-p-380e8c/20260526-202226-sentence-script-a-cluster-of-identical-p-380e8c_stem_cell_differentiation.csv
20260526-202226-sentence-script-a-cluster-of-identical-p-380e8c,46.2801,1.9,2734,2,0,1,SEED,-0.0167,0.3167,1.9,2.8,0.0,0.2,-0.76473,0.45661,0.23493,105,103,1,0,1,0,2,0.01905,3,34,21,13,0,6,0.01687,1.26335,2.11429,0.53682,1.01667,0.0,neural_blue,0,/Users/b/phoenix/code/simulation_shared_data/csv_runs/20260526-202226-sentence-script-a-cluster-of-identical-p-380e8c/20260526-202226-sentence-script-a-cluster-of-identical-p-380e8c_stem_cell_differentiation.csv
20260526-202226-sentence-script-a-cluster-of-identical-p-380e8c,46.4811,2.1,2746,2,0,1,SEED,-0.0167,0.5167,2.1,2.8,0.0,0.2,-0.75788,0.30224,0.15034,105,103,1,0,1,0,2,0.01905,3,34,19,15,0,6,0.0203,1.26335,2.11429,0.52482,1.21667,0.0,neural_blue,0,/Users/b/phoenix/code/simulation_shared_data/csv_runs/20260526-202226-sentence-script-a-cluster-of-identical-p-380e8c/20260526-202226-sentence-script-a-cluster-of-identical-p-380e8c_stem_cell_differentiation.csv
20260526-202226-sentence-script-a-cluster-of-identical-p-380e8c,46.6849,2.3,2758,2,0,1,SEED,-0.0167,0.1667,2.3,2.8,0.0,0.2,-0.57806,0.16819,0.21595,105,102,1,1,1,0,3,0.02857,4,40,25,15,1,6,0.02464,1.28642,2.11429,0.47028,1.23167,0.5,neural_blue,0,/Users/b/phoenix/code/simulation_shared_data/csv_runs/20260526-202226-sentence-script-a-cluster-of-identical-p-380e8c/20260526-202226-sentence-script-a-cluster-of-identical-p-380e8c_stem_cell_differentiation.csv
20260526-202226-sentence-script-a-cluster-of-identical-p-380e8c,46.8908,2.5,2770,2,0,1,SEED,-0.0167,0.1167,2.5,2.8,0.0,0.2,-0.60451,0.03876,0.12473,105,101,1,1,2,0,4,0.0381,5,49,34,15,1,7,0.02846,1.49949,2.11429,0.42885,1.1881,0.5,epithelial_green,0,/Users/b/phoenix/code/simulation_shared_data/csv_runs/20260526-202226-sentence-script-a-cluster-of-identical-p-380e8c/20260526-202226-sentence-script-a-cluster-of-identical-p-380e8c_stem_cell_differentiation.csv
20260526-202226-sentence-script-a-cluster-of-identical-p-380e8c,47.1023,2.7,2782,2,0,1,SEED,-0.0167,0.3167,2.7,2.8,0.0,0.2,-0.70132,0.27865,-0.3849,105,101,1,1,2,0,4,0.0381,5,49,34,15,1,7,0.03266,1.49949,2.11429,0.42346,1.3881,0.5,epithelial_green,0,/Users/b/phoenix/code/simulation_shared_data/csv_runs/20260526-202226-sentence-script-a-cluster-of-identical-p-380e8c/20260526-202226-sentence-script-a-cluster-of-identical-p-380e8c_stem_cell_differentiation.csv
20260526-202226-sentence-script-a-cluster-of-identical-p-380e8c,47.3109,2.9,2794,2,0,1,WRAP,-0.0167,0.1667,0.0833,9.8277,0.0,0.08,-3.22997,1.11291,-1.06174,105,100,1,2,2,0,5,0.04762,8,54,38,16,1,6,0.03602,1.49949,2.11429,0.40191,1.45648,0.4,muscle_rose,0,/Users/b/phoenix/code/simulation_shared_data/csv_runs/20260526-202226-sentence-script-a-cluster-of-identical-p-380e8c/20260526-202226-sentence-script-a-cluster-of-identical-p-380e8c_stem_cell_differentiation.csv
20260526-202226-sentence-script-a-cluster-of-identical-p-380e8c,47.5163,3.1,2806,2,0,1,WRAP,-0.0167,0.3667,0.2833,9.8277,0.0,0.08,-2.9877,1.03243,-1.62284,105,100,1,2,2,0,5,0.04762,8,54,40,14,1,6,0.0388,1.49949,2.11429,0.38329,1.65648,0.4,muscle_rose,0,/Users/b/phoenix/code/simulation_shared_data/csv_runs/20260526-202226-sentence-script-a-cluster-of-identical-p-380e8c/20260526-202226-sentence-script-a-cluster-of-identical-p-380e8c_stem_cell_differentiation.csv
20260526-202226-sentence-script-a-cluster-of-identical-p-380e8c,47.7237,3.3,2818,2,0,1,WRAP,-0.0167,0.5667,0.4833,9.8277,0.0,0.08,-2.6489,0.93946,-2.13151,105,100,1,2,2,0,5,0.04762,8,54,41,13,1,5,0.04188,1.49949,2.11429,0.36443,1.85648,0.4,muscle_rose,0,/Users/b/phoenix/code/simulation_shared_data/csv_runs/20260526-202226-sentence-script-a-cluster-of-identical-p-380e8c/20260526-202226-sentence-script-a-cluster-of-identical-p-380e8c_stem_cell_differentiation.csv
20260526-202226-sentence-script-a-cluster-of-identical-p-380e8c,47.9332,3.5,2830,2,0,1,WRAP,-0.0167,0.1667,0.6833,9.8277,0.0,0.08,-2.2245,0.83514,-2.57131,105,99,2,2,2,0,6,0.05714,10,61,48,13,1,5,0.04372,1.49949,2.11429,0.35905,1.84098,0.5,neural_blue,0,/Users/b/phoenix/code/simulation_shared_data/csv_runs/20260526-202226-sentence-script-a-cluster-of-identical-p-380e8c/20260526-202226-sentence-script-a-cluster-of-identical-p-380e8c_stem_cell_differentiation.csv
20260526-202226-sentence-script-a-cluster-of-identical-p-380e8c,48.1354,3.6833,2841,2,0,1,WRAP,-0.0167,0.35,0.8667,9.8277,0.0,0.08,-1.77194,0.73061,-2.90176,105,99,2,2,2,0,6,0.05714,10,61,50,11,1,4,0.04571,1.49949,2.11429,0.35169,2.02432,0.5,neural_blue,0,/Users/b/phoenix/code/simulation_shared_data/csv_runs/20260526-202226-sentence-script-a-cluster-of-identical-p-380e8c/20260526-202226-sentence-script-a-cluster-of-identical-p-380e8c_stem_cell_differentiation.csv
20260526-202226-sentence-script-a-cluster-of-identical-p-380e8c,48.339,3.8833,2853,2,0,1,WRAP,-0.0167,0.15,1.0667,9.8277,0.0,0.08,-1.22381,0.60816,-3.17211,105,97,3,2,3,0,8,0.07619,15,70,60,10,2,6,0.04798,1.49949,2.11429,0.34472,1.94881,0.5,neural_blue,0,/Users/b/phoenix/code/simulation_shared_data/csv_runs/20260526-202226-sentence-script-a-cluster-of-identical-p-380e8c/20260526-202226-sentence-script-a-cluster-of-identical-p-380e8c_stem_cell_differentiation.csv
20260526-202226-sentence-script-a-cluster-of-identical-p-380e8c,48.5486,4.1,2866,2,0,1,WRAP,-0.0167,0.1333,1.2833,9.8277,0.0,0.08,-0.58597,0.46725,-3.34913,105,96,4,2,3,0,9,0.08571,16,76,65,11,3,6,0.04973,1.49949,2.11429,0.32311,2.00636,0.44444,neural_blue,0,/Users/b/phoenix/code/simulation_shared_data/csv_runs/20260526-202226-sentence-script-a-cluster-of-identical-p-380e8c/20260526-202226-sentence-script-a-cluster-of-identical-p-380e8c_stem_cell_differentiation.csv
20260526-202226-sentence-script-a-cluster-of-identical-p-380e8c,48.76,4.3167,2879,2,0,1,WRAP,-0.0167,0.1,1.5,9.8277,0.0,0.08,0.07409,0.31971,-3.39919,105,95,5,2,3,0,10,0.09524,18,81,69,12,3,7,0.05191,1.49949,2.11429,0.32027,2.09362,0.4,neural_blue,0,/Users/b/phoenix/code/simulation_shared_data/csv_runs/20260526-202226-sentence-script-a-cluster-of-identical-p-380e8c/20260526-202226-sentence-script-a-cluster-of-identical-p-380e8c_stem_cell_differentiation.csv
20260526-202226-sentence-script-a-cluster-of-identical-p-380e8c,48.9693,4.5333,2892,2,0,1,WRAP,-0.0167,0.3167,1.7167,9.8277,0.0,0.08,0.73133,0.16764,-3.32041,105,95,5,2,3,0,10,0.09524,18,81,71,10,3,6,0.05449,1.49949,2.11429,0.3147,2.31029,0.4,neural_blue,0,/Users/b/phoenix/code/simulation_shared_data/csv_runs/20260526-202226-sentence-script-a-cluster-of-identical-p-380e8c/20260526-202226-sentence-script-a-cluster-of-identical-p-380e8c_stem_cell_differentiation.csv
20260526-202226-sentence-script-a-cluster-of-identical-p-380e8c,49.1788,4.75,2905,2,0,1,WRAP,-0.0167,0.5333,1.9333,9.8277,0.0,0.08,1.36086,0.01319,-3.11578,105,95,5,2,3,0,10,0.09524,18,82,72,10,3,6,0.05734,1.49949,2.11429,0.31381,2.49675,0.4,neural_blue,0,/Users/b/phoenix/code/simulation_shared_data/csv_runs/20260526-202226-sentence-script-a-cluster-of-identical-p-380e8c/20260526-202226-sentence-script-a-cluster-of-identical-p-380e8c_stem_cell_differentiation.csv
20260526-202226-sentence-script-a-cluster-of-identical-p-380e8c,49.3822,4.95,2917,2,0,1,WRAP,-0.0167,0.0167,2.1333,9.8277,0.0,0.08,1.89669,-0.12959,-2.8218,105,94,6,2,3,0,11,0.10476,19,88,79,9,4,6,0.05995,1.49949,2.11429,0.30602,2.51515,0.36364,neural_blue,0,/Users/b/phoenix/code/simulation_shared_data/csv_runs/20260526-202226-sentence-script-a-cluster-of-identical-p-380e8c/20260526-202226-sentence-script-a-cluster-of-identical-p-380e8c_stem_cell_differentiation.csv
20260526-202226-sentence-script-a-cluster-of-identical-p-380e8c,49.5894,5.15,2929,2,0,1,WRAP,-0.0167,0.1,2.3333,9.8277,0.0,0.08,2.37123,-0.27081,-2.43665,105,93,6,3,3,0,12,0.11429,19,95,87,8,5,5,0.06223,1.49949,2.11429,0.29413,2.52386,0.5,neural_blue,0,/Users/b/phoenix/code/simulation_shared_data/csv_runs/20260526-202226-sentence-script-a-cluster-of-identical-p-380e8c/20260526-202226-sentence-script-a-cluster-of-identical-p-380e8c_stem_cell_differentiation.csv
20260526-202226-sentence-script-a-cluster-of-identical-p-380e8c,49.8035,5.35,2941,2,0,1,WRAP,-0.0167,0.3,2.5333,9.8277,0.0,0.08,2.76915,-0.40875,-1.97276,105,93,6,3,3,0,12,0.11429,19,96,88,8,5,5,0.06376,1.49949,2.11429,0.29667,2.69601,0.5,neural_blue,0,/Users/b/phoenix/code/simulation_shared_data/csv_runs/20260526-202226-sentence-script-a-cluster-of-identical-p-380e8c/20260526-202226-sentence-script-a-cluster-of-identical-p-380e8c_stem_cell_differentiation.csv
20260526-202226-sentence-script-a-cluster-of-identical-p-380e8c,50.0038,5.5333,2952,2,0,1,WRAP,-0.0167,0.0167,2.7167,9.8277,0.0,0.08,3.05557,-0.5309,-1.49113,105,91,7,3,4,0,14,0.13333,21,105,96,9,7,6,0.06565,1.49949,2.11429,0.30392,2.63794,0.42857,neural_blue,0,/Users/b/phoenix/code/simulation_shared_data/csv_runs/20260526-202226-sentence-script-a-cluster-of-identical-p-380e8c/20260526-202226-sentence-script-a-cluster-of-identical-p-380e8c_stem_cell_differentiation.csv
20260526-202226-sentence-script-a-cluster-of-identical-p-380e8c,50.2064,5.7167,2963,2,0,1,WRAP,-0.0167,0.15,2.9,9.8277,0.0,0.08,3.259,-0.64766,-0.96899,105,90,8,3,4,0,15,0.14286,20,109,100,9,8,7,0.06729,1.49949,2.11429,0.30692,2.72355,0.4,neural_blue,0,/Users/b/phoenix/code/simulation_shared_data/csv_runs/20260526-202226-sentence-script-a-cluster-of-identical-p-380e8c/20260526-202226-sentence-script-a-cluster-of-identical-p-380e8c_stem_cell_differentiation.csv
20260526-202226-sentence-script-a-cluster-of-identical-p-380e8c,50.4142,5.9,2974,2,0,1,WRAP,-0.0167,0.3333,3.0833,9.8277,0.0,0.08,3.37389,-0.75783,-0.42054,105,90,8,3,4,0,15,0.14286,20,109,104,5,8,7,0.06824,1.49949,2.11429,0.30879,2.90688,0.4,neural_blue,0,/Users/b/phoenix/code/simulation_shared_data/csv_runs/20260526-202226-sentence-script-a-cluster-of-identical-p-380e8c/20260526-202226-sentence-script-a-cluster-of-identical-p-380e8c_stem_cell_differentiation.csv
20260526-202226-sentence-script-a-cluster-of-identical-p-380e8c,50.6198,6.1167,2987,2,0,1,WRAP,-0.0167,0.0167,3.3,9.8277,0.0,0.08,3.39144,-0.87803,0.24118,105,89,8,4,4,0,16,0.15238,20,115,110,5,9,7,0.06936,1.49949,2.11429,0.30041,2.96333,0.5,neural_blue,0,/Users/b/phoenix/code/simulation_shared_data/csv_runs/20260526-202226-sentence-script-a-cluster-of-identical-p-380e8c/20260526-202226-sentence-script-a-cluster-of-identical-p-380e8c_stem_cell_differentiation.csv
20260526-202226-sentence-script-a-cluster-of-identical-p-380e8c,50.8375,6.3333,3000,2,0,1,WRAP,-0.0167,0.2333,3.5167,9.8277,0.0,0.08,3.28043,-0.98578,0.89376,105,89,8,4,4,0,16,0.15238,20,115,110,5,9,6,0.07207,1.49949,2.11429,0.29584,3.18,0.5,neural_blue,0,/Users/b/phoenix/code/simulation_shared_data/csv_runs/20260526-202226-sentence-script-a-cluster-of-identical-p-380e8c/20260526-202226-sentence-script-a-cluster-of-identical-p-380e8c_stem_cell_differentiation.csv
20260526-202226-sentence-script-a-cluster-of-identical-p-380e8c,51.0488,6.55,3013,2,0,1,WRAP,-0.0167,0.45,3.7333,9.8277,0.0,0.08,3.04507,-1.07954,1.51245,105,89,8,4,4,0,16,0.15238,20,116,110,6,9,6,0.0738,1.49949,2.11429,0.29528,3.36796,0.5,neural_blue,0,/Users/b/phoenix/code/simulation_shared_data/csv_runs/20260526-202226-sentence-script-a-cluster-of-identical-p-380e8c/20260526-202226-sentence-script-a-cluster-of-identical-p-380e8c_stem_cell_differentiation.csv
20260526-202226-sentence-script-a-cluster-of-identical-p-380e8c,51.2488,6.75,3025,2,0,1,WRAP,-0.0167,0.65,3.9333,9.8277,0.0,0.08,2.7251,-1.15253,2.03318,105,89,8,4,4,0,16,0.15238,20,116,111,5,9,3,0.07558,1.49949,2.11429,0.28662,3.56796,0.5,neural_blue,0,/Users/b/phoenix/code/simulation_shared_data/csv_runs/20260526-202226-sentence-script-a-cluster-of-identical-p-380e8c/20260526-202226-sentence-script-a-cluster-of-identical-p-380e8c_stem_cell_differentiation.csv
20260526-202226-sentence-script-a-cluster-of-identical-p-380e8c,51.4532,6.95,3037,2,0,1,WRAP,-0.0167,0.05,4.1333,9.8277,0.0,0.08,2.31708,-1.21158,2.4882,105,88,8,5,4,0,17,0.1619,22,120,116,4,10,4,0.07647,1.49949,2.11429,0.29047,3.645,0.47059,neural_blue,0,/Users/b/phoenix/code/simulation_shared_data/csv_runs/20260526-202226-sentence-script-a-cluster-of-identical-p-380e8c/20260526-202226-sentence-script-a-cluster-of-identical-p-380e8c_stem_cell_differentiation.csv
20260526-202226-sentence-script-a-cluster-of-identical-p-380e8c,51.6656,7.15,3049,2,0,1,WRAP,-0.0167,0.15,4.3333,9.8277,0.0,0.08,1.83418,-1.25599,2.86283,105,87,9,5,4,0,18,0.17143,23,126,122,4,11,5,0.07676,1.49949,2.11429,0.29449,3.66958,0.44444,neural_blue,0,/Users/b/phoenix/code/simulation_shared_data/csv_runs/20260526-202226-sentence-script-a-cluster-of-identical-p-380e8c/20260526-202226-sentence-script-a-cluster-of-identical-p-380e8c_stem_cell_differentiation.csv
20260526-202226-sentence-script-a-cluster-of-identical-p-380e8c,51.8804,7.35,3061,2,0,1,WRAP,-0.0167,0.35,4.5333,9.8277,0.0,0.08,1.29202,-1.28522,3.14495,105,87,9,5,4,0,18,0.17143,23,127,124,3,11,4,0.07724,1.49949,2.11429,0.29648,3.83963,0.44444,neural_blue,0,/Users/b/phoenix/code/simulation_shared_data/csv_runs/20260526-202226-sentence-script-a-cluster-of-identical-p-380e8c/20260526-202226-sentence-script-a-cluster-of-identical-p-380e8c_stem_cell_differentiation.csv
20260526-202226-sentence-script-a-cluster-of-identical-p-380e8c,52.0843,7.5333,3072,2,0,1,WRAP,-0.0167,0.1167,4.7167,9.8277,0.0,0.08,0.7579,-1.29837,3.31445,105,86,10,5,4,0,19,0.18095,23,131,127,4,12,5,0.07756,1.49949,2.11429,0.30227,3.9042,0.42105,neural_blue,0,/Users/b/phoenix/code/simulation_shared_data/csv_runs/20260526-202226-sentence-script-a-cluster-of-identical-p-380e8c/20260526-202226-sentence-script-a-cluster-of-identical-p-380e8c_stem_cell_differentiation.csv
20260526-202226-sentence-script-a-cluster-of-identical-p-380e8c,52.2998,7.7333,3084,2,0,1,WRAP,-0.0167,0.0,4.9167,9.8277,0.0,0.08,0.15227,-1.29767,3.39659,105,85,11,5,4,0,20,0.19048,23,135,131,4,13,6,0.07813,1.49949,2.11429,0.30535,3.98309,0.4,neural_blue,0,/Users/b/phoenix/code/simulation_shared_data/csv_runs/20260526-202226-sentence-script-a-cluster-of-identical-p-380e8c/20260526-202226-sentence-script-a-cluster-of-identical-p-380e8c_stem_cell_differentiation.csv
20260526-202226-sentence-script-a-cluster-of-identical-p-380e8c,52.518,7.9333,3096,2,0,1,WRAP,-0.0167,0.2,5.1167,9.8277,0.0,0.08,-0.45828,-1.28128,3.36897,105,84,12,5,4,0,21,0.2,23,138,133,5,14,7,0.0785,1.49949,2.11429,0.30527,4.09251,0.35714,neural_blue,0,/Users/b/phoenix/code/simulation_shared_data/csv_runs/20260526-202226-sentence-script-a-cluster-of-identical-p-380e8c/20260526-202226-sentence-script-a-cluster-of-identical-p-380e8c_stem_cell_differentiation.csv
20260526-202226-sentence-script-a-cluster-of-identical-p-380e8c,52.7297,8.1667,3110,2,0,1,WRAP,-0.0167,0.2167,5.35,9.8277,0.0,0.08,-1.15051,-1.24262,3.19943,105,84,12,5,4,0,21,0.2,23,138,135,3,14,5,0.07916,1.49949,2.11429,0.30648,4.32585,0.35714,neural_blue,0,/Users/b/phoenix/code/simulation_shared_data/csv_runs/20260526-202226-sentence-script-a-cluster-of-identical-p-380e8c/20260526-202226-sentence-script-a-cluster-of-identical-p-380e8c_stem_cell_differentiation.csv
20260526-202226-sentence-script-a-cluster-of-identical-p-380e8c,52.9399,8.4,3124,2,0,1,WRAP,-0.0167,0.45,5.5833,9.8277,0.0,0.08,-1.79218,-1.18352,2.88931,105,84,12,5,4,0,21,0.2,23,139,136,3,14,5,0.07992,1.49949,2.11429,0.30493,4.52794,0.35714,neural_blue,0,/Users/b/phoenix/code/simulation_shared_data/csv_runs/20260526-202226-sentence-script-a-cluster-of-identical-p-380e8c/20260526-202226-sentence-script-a-cluster-of-identical-p-380e8c_stem_cell_differentiation.csv
20260526-202226-sentence-script-a-cluster-of-identical-p-380e8c,53.1494,8.6333,3138,2,0,1,WRAP,-0.0167,0.1,5.8167,9.8277,0.0,0.08,-2.35511,-1.10495,2.45223,105,83,12,5,5,0,22,0.20952,25,146,136,10,15,5,0.08212,1.49949,2.11429,0.30558,4.5395,0.40909,neural_blue,0,/Users/b/phoenix/code/simulation_shared_data/csv_runs/20260526-202226-sentence-script-a-cluster-of-identical-p-380e8c/20260526-202226-sentence-script-a-cluster-of-identical-p-380e8c_stem_cell_differentiation.csv
20260526-202226-sentence-script-a-cluster-of-identical-p-380e8c,53.3537,8.85,3151,2,0,1,WRAP,-0.0167,0.1,6.0333,9.8277,0.0,0.08,-2.78564,-1.01569,1.94941,105,82,12,5,6,0,23,0.21905,26,152,142,10,16,6,0.08537,1.49949,2.11429,0.30968,4.57368,0.43478,neural_blue,0,/Users/b/phoenix/code/simulation_shared_data/csv_runs/20260526-202226-sentence-script-a-cluster-of-identical-p-380e8c/20260526-202226-sentence-script-a-cluster-of-identical-p-380e8c_stem_cell_differentiation.csv
20260526-202226-sentence-script-a-cluster-of-identical-p-380e8c,53.5616,9.05,3163,2,0,1,WRAP,-0.0167,0.3,6.2333,9.8277,0.0,0.08,-3.08964,-0.92047,1.41921,105,82,12,5,6,0,23,0.21905,26,153,142,11,16,5,0.08858,1.49949,2.11429,0.31826,4.74303,0.43478,neural_blue,0,/Users/b/phoenix/code/simulation_shared_data/csv_runs/20260526-202226-sentence-script-a-cluster-of-identical-p-380e8c/20260526-202226-sentence-script-a-cluster-of-identical-p-380e8c_stem_cell_differentiation.csv
20260526-202226-sentence-script-a-cluster-of-identical-p-380e8c,53.7743,9.25,3175,2,0,1,WRAP,-0.0167,0.5,6.4333,9.8277,0.0,0.08,-3.2938,-0.81413,0.84314,105,82,12,5,6,0,23,0.21905,26,153,143,10,16,4,0.09278,1.49949,2.11429,0.32114,4.94303,0.43478,neural_blue,0,/Users/b/phoenix/code/simulation_shared_data/csv_runs/20260526-202226-sentence-script-a-cluster-of-identical-p-380e8c/20260526-202226-sentence-script-a-cluster-of-identical-p-380e8c_stem_cell_differentiation.csv
20260526-202226-sentence-script-a-cluster-of-identical-p-380e8c,53.9911,9.45,3187,2,0,1,WRAP,-0.0167,0.7,6.6333,9.8277,0.0,0.08,-3.39153,-0.69795,0.23983,105,82,12,5,6,0,23,0.21905,26,154,146,8,16,4,0.09558,1.49949,2.11429,0.3288,5.11028,0.43478,neural_blue,0,/Users/b/phoenix/code/simulation_shared_data/csv_runs/20260526-202226-sentence-script-a-cluster-of-identical-p-380e8c/20260526-202226-sentence-script-a-cluster-of-identical-p-380e8c_stem_cell_differentiation.csv
20260526-202226-sentence-script-a-cluster-of-identical-p-380e8c,54.1965,9.6333,3198,2,0,1,WRAP,-0.0167,0.0833,6.8167,9.8277,0.0,0.08,-3.38486,-0.584,-0.32049,105,80,14,5,6,0,25,0.2381,25,163,153,10,18,6,0.09838,1.49949,2.11429,0.32466,5.009,0.38,neural_blue,0,/Users/b/phoenix/code/simulation_shared_data/csv_runs/20260526-202226-sentence-script-a-cluster-of-identical-p-380e8c/20260526-202226-sentence-script-a-cluster-of-identical-p-380e8c_stem_cell_differentiation.csv
20260526-202226-sentence-script-a-cluster-of-identical-p-380e8c,54.4173,9.8167,3209,2,0,1,WRAP,-0.0167,0.2667,7.0,9.8277,0.0,0.08,-3.28625,-0.46413,-0.87211,105,80,14,5,6,0,25,0.2381,25,163,150,13,18,5,0.10139,1.49949,2.11429,0.3244,5.19233,0.38,neural_blue,0,/Users/b/phoenix/code/simulation_shared_data/csv_runs/20260526-202226-sentence-script-a-cluster-of-identical-p-380e8c/20260526-202226-sentence-script-a-cluster-of-identical-p-380e8c_stem_cell_differentiation.csv
20260526-202226-sentence-script-a-cluster-of-identical-p-380e8c,54.6228,10.0333,3222,2,0,1,WRAP,-0.0167,0.1667,7.2167,9.8277,0.0,0.08,-3.05498,-0.31647,-1.49235,105,79,14,5,7,0,26,0.24762,25,168,153,15,19,5,0.10642,1.49949,2.11429,0.32537,5.25407,0.38462,neural_blue,0,/Users/b/phoenix/code/simulation_shared_data/csv_runs/20260526-202226-sentence-script-a-cluster-of-identical-p-380e8c/20260526-202226-sentence-script-a-cluster-of-identical-p-380e8c_stem_cell_differentiation.csv
20260526-202226-sentence-script-a-cluster-of-identical-p-380e8c,54.8346,10.25,3235,2,0,1,WRAP,-0.0167,0.05,7.4333,9.8277,0.0,0.08,-2.70791,-0.16432,-2.05602,105,76,16,5,7,1,29,0.27619,26,181,167,14,22,8,0.11189,1.51126,2.11429,0.3302,5.08223,0.39655,neural_blue,0,/Users/b/phoenix/code/simulation_shared_data/csv_runs/20260526-202226-sentence-script-a-cluster-of-identical-p-380e8c/20260526-202226-sentence-script-a-cluster-of-identical-p-380e8c_stem_cell_differentiation.csv
20260526-202226-sentence-script-a-cluster-of-identical-p-380e8c,55.037,10.45,3247,2,0,1,WRAP,-0.0167,0.1833,7.6333,9.8277,0.0,0.08,-2.29608,-0.02176,-2.5076,105,76,16,5,7,1,29,0.27619,26,182,168,14,22,8,0.11541,1.51126,2.11429,0.33212,5.25366,0.39655,neural_blue,0,/Users/b/phoenix/code/simulation_shared_data/csv_runs/20260526-202226-sentence-script-a-cluster-of-identical-p-380e8c/20260526-202226-sentence-script-a-cluster-of-identical-p-380e8c_stem_cell_differentiation.csv
20260526-202226-sentence-script-a-cluster-of-identical-p-380e8c,55.252,10.6833,3261,2,0,1,WRAP,-0.0167,0.4167,7.8667,9.8277,0.0,0.08,-1.7229,0.14477,-2.93115,105,76,16,5,7,1,29,0.27619,26,183,165,18,22,7,0.12106,1.51126,2.11429,0.33119,5.45729,0.39655,neural_blue,0,/Users/b/phoenix/code/simulation_shared_data/csv_runs/20260526-202226-sentence-script-a-cluster-of-identical-p-380e8c/20260526-202226-sentence-script-a-cluster-of-identical-p-380e8c_stem_cell_differentiation.csv
20260526-202226-sentence-script-a-cluster-of-identical-p-380e8c,55.4547,10.8833,3273,2,0,1,WRAP,-0.0167,0.0333,8.0667,9.8277,0.0,0.08,-1.1703,0.28572,-3.19224,105,75,17,5,7,1,30,0.28571,25,189,172,17,23,7,0.12542,1.51126,2.11429,0.334,5.47928,0.36667,neural_blue,0,/Users/b/phoenix/code/simulation_shared_data/csv_runs/20260526-202226-sentence-script-a-cluster-of-identical-p-380e8c/20260526-202226-sentence-script-a-cluster-of-identical-p-380e8c_stem_cell_differentiation.csv
20260526-202226-sentence-script-a-cluster-of-identical-p-380e8c,55.6605,11.0833,3285,2,0,1,WRAP,-0.0167,0.0167,8.2667,9.8277,0.0,0.08,-0.57989,0.42321,-3.35018,105,74,17,6,7,1,31,0.29524,25,190,175,15,24,7,0.12876,1.51607,2.11429,0.33964,5.47474,0.40323,neural_blue,0,/Users/b/phoenix/code/simulation_shared_data/csv_runs/20260526-202226-sentence-script-a-cluster-of-identical-p-380e8c/20260526-202226-sentence-script-a-cluster-of-identical-p-380e8c_stem_cell_differentiation.csv
20260526-202226-sentence-script-a-cluster-of-identical-p-380e8c,55.8662,11.2833,3297,2,0,1,WRAP,-0.0167,0.1167,8.4667,9.8277,0.0,0.08,0.02926,0.55559,-3.39987,105,73,17,6,8,1,32,0.30476,28,190,172,18,24,8,0.13176,1.51607,2.11429,0.33212,5.43965,0.4375,neural_blue,0,/Users/b/phoenix/code/simulation_shared_data/csv_runs/20260526-202226-sentence-script-a-cluster-of-identical-p-380e8c/20260526-202226-sentence-script-a-cluster-of-identical-p-380e8c_stem_cell_differentiation.csv
20260526-202226-sentence-script-a-cluster-of-identical-p-380e8c,56.0744,11.4833,3309,2,0,1,WRAP,-0.0167,0.0167,8.6667,9.8277,0.0,0.08,0.63747,0.68126,-3.33971,105,71,18,6,9,1,34,0.32381,26,190,173,17,26,7,0.13618,1.51607,2.11429,0.32116,5.11553,0.41176,neural_blue,0,/Users/b/phoenix/code/simulation_shared_data/csv_runs/20260526-202226-sentence-script-a-cluster-of-identical-p-380e8c/20260526-202226-sentence-script-a-cluster-of-identical-p-380e8c_stem_cell_differentiation.csv
20260526-202226-sentence-script-a-cluster-of-identical-p-380e8c,56.2813,11.6833,3321,2,0,1,WRAP,-0.0167,0.0167,8.8667,9.8277,0.0,0.08,1.22507,0.79869,-3.17162,105,69,19,6,10,1,36,0.34286,24,190,178,12,28,9,0.13833,1.51607,2.11429,0.32467,4.72219,0.38889,neural_blue,0,/Users/b/phoenix/code/simulation_shared_data/csv_runs/20260526-202226-sentence-script-a-cluster-of-identical-p-380e8c/20260526-202226-sentence-script-a-cluster-of-identical-p-380e8c_stem_cell_differentiation.csv
20260526-202226-sentence-script-a-cluster-of-identical-p-380e8c,56.4816,11.8667,3332,2,0,1,WRAP,-0.0167,0.1333,9.05,9.8277,0.0,0.08,1.72938,0.89788,-2.92733,105,68,19,7,10,1,37,0.35238,24,190,181,9,29,10,0.13828,1.51607,2.11429,0.32707,4.69482,0.43243,neural_blue,0,/Users/b/phoenix/code/simulation_shared_data/csv_runs/20260526-202226-sentence-script-a-cluster-of-identical-p-380e8c/20260526-202226-sentence-script-a-cluster-of-identical-p-380e8c_stem_cell_differentiation.csv
20260526-202226-sentence-script-a-cluster-of-identical-p-380e8c,56.6957,12.0833,3345,2,0,1,WRAP,-0.0167,0.0333,9.2667,9.8277,0.0,0.08,2.26382,1.00328,-2.53675,105,67,19,7,11,1,38,0.3619,24,190,184,6,30,10,0.13804,1.51607,2.11429,0.34105,4.54333,0.42105,neural_blue,0,/Users/b/phoenix/code/simulation_shared_data/csv_runs/20260526-202226-sentence-script-a-cluster-of-identical-p-380e8c/20260526-202226-sentence-script-a-cluster-of-identical-p-380e8c_stem_cell_differentiation.csv
20260526-202226-sentence-script-a-cluster-of-identical-p-380e8c,56.8967,12.2833,3357,2,0,1,WRAP,-0.0167,0.0833,9.4667,9.8277,0.0,0.08,2.6814,1.08797,-2.09047,105,64,21,7,12,1,41,0.39048,22,190,186,4,33,12,0.13802,1.51607,2.11429,0.34004,4.07658,0.39024,neural_blue,0,/Users/b/phoenix/code/simulation_shared_data/csv_runs/20260526-202226-sentence-script-a-cluster-of-identical-p-380e8c/20260526-202226-sentence-script-a-cluster-of-identical-p-380e8c_stem_cell_differentiation.csv
20260526-202226-sentence-script-a-cluster-of-identical-p-380e8c,57.1117,12.5,3370,2,0,1,WRAP,-0.0167,0.0667,9.6833,9.8277,0.0,0.08,3.03565,1.16485,-1.53129,105,63,22,7,12,1,42,0.4,21,190,186,4,34,12,0.13794,1.51607,2.11429,0.34028,4.09298,0.38095,neural_blue,0,/Users/b/phoenix/code/simulation_shared_data/csv_runs/20260526-202226-sentence-script-a-cluster-of-identical-p-380e8c/20260526-202226-sentence-script-a-cluster-of-identical-p-380e8c_stem_cell_differentiation.csv
20260526-202226-sentence-script-a-cluster-of-identical-p-380e8c,57.3139,12.7,3382,2,0,1,CURATE,-0.0167,0.0667,0.05,5.1389,0.0,0.24,3.03875,1.13424,-0.96986,105,61,22,7,14,1,44,0.41905,22,184,179,5,36,12,0.13825,1.51607,2.11429,0.34143,3.50933,0.36364,neural_blue,0,/Users/b/phoenix/code/simulation_shared_data/csv_runs/20260526-202226-sentence-script-a-cluster-of-identical-p-380e8c/20260526-202226-sentence-script-a-cluster-of-identical-p-380e8c_stem_cell_differentiation.csv
20260526-202226-sentence-script-a-cluster-of-identical-p-380e8c,57.529,12.9,3394,2,0,1,CURATE,-0.0167,0.2667,0.25,5.1389,0.0,0.24,1.98225,0.79816,-0.67355,105,61,22,7,14,1,44,0.41905,22,184,178,6,36,10,0.13927,1.51607,2.11429,0.33729,3.70933,0.36364,neural_blue,0,/Users/b/phoenix/code/simulation_shared_data/csv_runs/20260526-202226-sentence-script-a-cluster-of-identical-p-380e8c/20260526-202226-sentence-script-a-cluster-of-identical-p-380e8c_stem_cell_differentiation.csv
20260526-202226-sentence-script-a-cluster-of-identical-p-380e8c,57.7378,13.1,3406,2,0,1,CURATE,-0.0167,0.0833,0.45,5.1389,0.0,0.24,1.48553,0.28157,-0.38528,105,60,22,7,15,1,45,0.42857,21,189,182,7,37,11,0.1407,1.51607,2.11429,0.33618,3.80855,0.35556,neural_blue,0,/Users/b/phoenix/code/simulation_shared_data/csv_runs/20260526-202226-sentence-script-a-cluster-of-identical-p-380e8c/20260526-202226-sentence-script-a-cluster-of-identical-p-380e8c_stem_cell_differentiation.csv
20260526-202226-sentence-script-a-cluster-of-identical-p-380e8c,57.941,13.2833,3417,2,0,1,CURATE,-0.0167,0.1167,0.6333,5.1389,0.0,0.24,1.03616,0.16779,-0.4015,105,59,22,7,16,1,46,0.4381,20,190,184,6,38,10,0.1414,1.51607,2.11429,0.3292,3.73316,0.34783,neural_blue,0,/Users/b/phoenix/code/simulation_shared_data/csv_runs/20260526-202226-sentence-script-a-cluster-of-identical-p-380e8c/20260526-202226-sentence-script-a-cluster-of-identical-p-380e8c_stem_cell_differentiation.csv
20260526-202226-sentence-script-a-cluster-of-identical-p-380e8c,58.1583,13.4833,3429,2,0,1,CURATE,-0.0167,0.3167,0.8333,5.1389,0.0,0.24,0.9182,0.00832,-0.0651,105,59,22,7,16,1,46,0.4381,20,184,178,6,38,9,0.14205,1.51607,2.11429,0.32681,3.6337,0.34783,neural_blue,0,/Users/b/phoenix/code/simulation_shared_data/csv_runs/20260526-202226-sentence-script-a-cluster-of-identical-p-380e8c/20260526-202226-sentence-script-a-cluster-of-identical-p-380e8c_stem_cell_differentiation.csv
20260526-202226-sentence-script-a-cluster-of-identical-p-380e8c,58.3711,13.6667,3440,2,0,1,CURATE,-0.0167,0.5,1.0167,5.1389,0.0,0.24,0.62681,0.13443,0.18226,105,59,22,7,16,1,46,0.4381,20,184,179,5,38,7,0.14338,1.51607,2.11429,0.3319,3.81703,0.34783,neural_blue,0,/Users/b/phoenix/code/simulation_shared_data/csv_runs/20260526-202226-sentence-script-a-cluster-of-identical-p-380e8c/20260526-202226-sentence-script-a-cluster-of-identical-p-380e8c_stem_cell_differentiation.csv
20260526-202226-sentence-script-a-cluster-of-identical-p-380e8c,58.5872,13.85,3451,2,0,1,CURATE,-0.0167,0.1333,1.2,5.1389,0.0,0.24,0.49945,0.14958,0.27235,105,58,22,8,16,1,47,0.44762,19,188,183,5,39,6,0.14427,1.51607,2.11429,0.32871,3.91879,0.38298,neural_blue,0,/Users/b/phoenix/code/simulation_shared_data/csv_runs/20260526-202226-sentence-script-a-cluster-of-identical-p-380e8c/20260526-202226-sentence-script-a-cluster-of-identical-p-380e8c_stem_cell_differentiation.csv
20260526-202226-sentence-script-a-cluster-of-identical-p-380e8c,58.7983,14.0833,3465,2,0,1,CURATE,-0.0167,0.05,1.4333,5.1389,0.0,0.24,0.36993,0.11264,0.17254,105,57,22,8,16,2,48,0.45714,18,186,185,1,40,8,0.14516,1.51607,2.11429,0.34235,3.81102,0.41667,neural_blue,0,/Users/b/phoenix/code/simulation_shared_data/csv_runs/20260526-202226-sentence-script-a-cluster-of-identical-p-380e8c/20260526-202226-sentence-script-a-cluster-of-identical-p-380e8c_stem_cell_differentiation.csv
20260526-202226-sentence-script-a-cluster-of-identical-p-380e8c,59.0029,14.3167,3479,2,0,1,CURATE,-0.0167,0.2833,1.6667,5.1389,0.0,0.24,0.23777,-0.02946,0.31259,105,57,22,8,16,2,48,0.45714,18,186,184,2,40,7,0.14515,1.51607,2.11429,0.3496,4.04435,0.41667,neural_blue,0,/Users/b/phoenix/code/simulation_shared_data/csv_runs/20260526-202226-sentence-script-a-cluster-of-identical-p-380e8c/20260526-202226-sentence-script-a-cluster-of-identical-p-380e8c_stem_cell_differentiation.csv
20260526-202226-sentence-script-a-cluster-of-identical-p-380e8c,59.2095,14.5667,3494,2,0,1,CURATE,-0.0167,0.0333,1.9167,5.1389,0.0,0.24,0.04912,-0.03689,0.06899,105,55,22,10,16,2,50,0.47619,17,190,188,2,42,7,0.14514,1.52953,2.11429,0.36691,4.10886,0.48,neural_blue,0,/Users/b/phoenix/code/simulation_shared_data/csv_runs/20260526-202226-sentence-script-a-cluster-of-identical-p-380e8c/20260526-202226-sentence-script-a-cluster-of-identical-p-380e8c_stem_cell_differentiation.csv
20260526-202226-sentence-script-a-cluster-of-identical-p-380e8c,59.4362,14.8167,3509,2,0,1,CURATE,-0.0167,0.1833,2.1667,5.1389,0.0,0.24,0.19367,-0.0209,-0.12735,105,54,22,10,17,2,51,0.48571,16,190,187,3,43,8,0.14466,1.52953,2.11429,0.36663,4.11868,0.47059,neural_blue,0,/Users/b/phoenix/code/simulation_shared_data/csv_runs/20260526-202226-sentence-script-a-cluster-of-identical-p-380e8c/20260526-202226-sentence-script-a-cluster-of-identical-p-380e8c_stem_cell_differentiation.csv
20260526-202226-sentence-script-a-cluster-of-identical-p-380e8c,59.6612,15.0667,3524,2,0,1,CURATE,-0.0167,0.4333,2.4167,5.1389,0.0,0.24,0.10742,-0.0799,-0.04099,105,54,22,10,17,2,51,0.48571,16,186,180,6,43,7,0.14598,1.52953,2.11429,0.36856,4.20717,0.47059,neural_blue,0,/Users/b/phoenix/code/simulation_shared_data/csv_runs/20260526-202226-sentence-script-a-cluster-of-identical-p-380e8c/20260526-202226-sentence-script-a-cluster-of-identical-p-380e8c_stem_cell_differentiation.csv
20260526-202226-sentence-script-a-cluster-of-identical-p-380e8c,59.864,15.3833,3543,2,0,1,CURATE,-0.0167,0.75,2.7333,5.1389,0.0,0.24,0.06837,0.0985,0.23882,105,54,22,10,17,2,51,0.48571,16,187,181,6,43,6,0.14795,1.52953,2.11429,0.36824,4.50107,0.47059,neural_blue,0,/Users/b/phoenix/code/simulation_shared_data/csv_runs/20260526-202226-sentence-script-a-cluster-of-identical-p-380e8c/20260526-202226-sentence-script-a-cluster-of-identical-p-380e8c_stem_cell_differentiation.csv
20260526-202226-sentence-script-a-cluster-of-identical-p-380e8c,60.0043,15.6167,3557,2,0,1,CURATE,-0.0167,0.9833,2.9667,5.1389,0.0,0.24,-0.14047,0.01699,0.24054,105,54,22,10,17,2,51,0.48571,16,182,176,6,43,7,0.14982,1.52953,2.11429,0.366,4.49542,0.47059,neural_blue,0,/Users/b/phoenix/code/simulation_shared_data/csv_runs/20260526-202226-sentence-script-a-cluster-of-identical-p-380e8c/20260526-202226-sentence-script-a-cluster-of-identical-p-380e8c_stem_cell_differentiation.csv
