run_id,elapsed_seconds,step_index,round_index,ai_enabled,ai_mode,ai_previous_mode,ai_mode_timer,ai_mode_duration,ai_stagnant_timer,ai_completion_timer,active_count,attached_count,detached_count,fused_count,orbiting_count,fusion_count,fusion_effect_count,particle_count,avg_track_position_s,avg_radius_from_centrosome,mean_speed,max_speed,near_membrane_count,inner_count,outer_count,clustered_score,motion_score,total_detach_events,total_track_switch_events,total_collision_events,representative_vesicle_id,representative_state,representative_track,representative_s,representative_radius_from_centrosome,representative_x,representative_y,representative_z,representative_intent
20260526-194049-sentence-script-long-microtubule-tracks-723305,0.0,0,1,1,ORGANIZE,,0.0167,10.9416,0.0167,0.0,22,22,0,0,0,0,0,20,1.74111,1.76692,0.11998,0.2088,0,21,0,0.03463,0.04399,0,0,4,20,attached,6,2.73832,2.75265,-0.84921,1.58929,2.08089,
20260526-194049-sentence-script-long-microtubule-tracks-723305,0.1,6,1,1,ORGANIZE,,0.1167,10.9416,0.0,0.0,22,22,0,0,0,0,0,20,1.83764,1.8618,1.76855,13.83237,0,21,0,0.03463,0.64847,0,0,4,20,attached,6,2.73832,2.75278,-0.85118,1.57883,2.0882,
20260526-194049-sentence-script-long-microtubule-tracks-723305,0.2,12,1,1,ORGANIZE,,0.2167,10.9416,0.0,0.0,22,21,1,0,0,0,0,20,1.97908,2.01045,1.60511,12.09252,0,19,0,0.02165,0.60425,2,0,4,20,attached,6,2.96601,2.97939,-0.8993,1.71106,2.26722,
20260526-194049-sentence-script-long-microtubule-tracks-723305,0.3,18,1,1,ORGANIZE,,0.3167,10.9416,0.0,0.0,22,22,0,0,0,0,0,20,2.07905,2.09971,2.82673,14.31422,0,17,0,0.01732,1.03647,2,0,4,20,attached,6,2.96601,2.97928,-0.89772,1.71947,2.26134,
20260526-194049-sentence-script-long-microtubule-tracks-723305,0.4,24,1,1,ORGANIZE,,0.4167,10.9416,0.0,0.0,22,22,0,0,0,0,0,20,2.20795,2.22688,1.13248,12.36753,0,15,0,0.00866,0.41524,2,0,4,20,attached,6,3.19371,3.20595,-0.94277,1.86807,2.42892,
20260526-194049-sentence-script-long-microtubule-tracks-723305,0.5,30,1,1,ORGANIZE,,0.5167,10.9416,0.0,0.0,22,22,0,0,0,0,0,20,2.23277,2.25219,0.13139,0.20776,0,15,0,0.01732,0.04817,2,1,4,16,attached,19,3.26581,3.27983,-0.44487,-0.98484,3.09668,attached
20260526-194049-sentence-script-long-microtubule-tracks-723305,0.6,36,1,1,ORGANIZE,,0.6167,10.9416,0.0,0.0,22,22,0,0,0,0,0,20,2.32579,2.3446,1.28882,13.15655,0,13,0,0.01299,0.47257,2,1,4,20,attached,6,3.42141,3.43297,-0.98525,2.03032,2.58696,
20260526-194049-sentence-script-long-microtubule-tracks-723305,0.7,42,1,1,ORGANIZE,,0.7167,10.9416,0.0,0.0,22,22,0,0,0,0,0,20,2.43192,2.45042,2.49427,14.22635,0,12,0,0.01299,0.91456,2,1,4,16,attached,19,3.46735,3.48043,-0.45321,-1.08138,3.27698,attached
20260526-194049-sentence-script-long-microtubule-tracks-723305,0.8,48,1,1,ORGANIZE,,0.8167,10.9416,0.0,0.0,22,20,2,0,0,0,0,16,2.46115,2.44965,0.77309,14.16751,0,12,0,0.01732,0.28045,4,3,6,20,attached,6,3.6491,3.65992,-1.03365,2.1611,2.76699,
20260526-194049-sentence-script-long-microtubule-tracks-723305,0.9,54,1,1,ORGANIZE,,0.9167,10.9416,0.0,0.0,22,22,0,0,0,0,0,13,2.51008,2.52936,1.14624,11.49945,0,12,0,0.02165,0.42029,4,3,6,16,attached,19,3.66889,3.68141,-0.46165,-1.17116,3.45949,attached
20260526-194049-sentence-script-long-microtubule-tracks-723305,1.0,60,1,1,ORGANIZE,,1.0167,10.9416,0.0,0.0,22,22,0,0,0,0,0,11,2.62744,2.64659,0.64649,9.63496,0,11,0,0.01299,0.23705,4,3,6,20,attached,6,3.8768,3.8869,-1.08731,2.26387,2.96659,
20260526-194049-sentence-script-long-microtubule-tracks-723305,1.1,66,1,1,ORGANIZE,,1.1167,10.9416,0.0,0.0,22,22,0,0,0,0,0,9,2.67758,2.69684,0.13498,0.20978,0,10,0,0.01732,0.04949,5,3,6,20,attached,6,3.8768,3.88699,-1.08988,2.25016,2.97617,
20260526-194049-sentence-script-long-microtubule-tracks-723305,1.2,72,1,1,ORGANIZE,,1.2167,10.9416,0.0,0.0,22,22,0,0,0,0,0,10,2.75199,2.77194,2.19784,14.1675,0,9,0,0.00866,0.80587,5,4,8,20,attached,6,4.10449,4.11417,-1.13887,2.37777,3.15841,
20260526-194049-sentence-script-long-microtubule-tracks-723305,1.3,78,1,1,ORGANIZE,,1.3167,10.9416,0.0,0.0,22,22,0,0,0,0,0,9,2.83568,2.85371,1.23503,12.27111,0,8,0,0.01299,0.45284,5,4,8,20,attached,6,4.10449,4.11405,-1.13122,2.4185,3.12995,attached
20260526-194049-sentence-script-long-microtubule-tracks-723305,1.4,84,1,1,ORGANIZE,,1.4167,10.9416,0.0,0.0,22,22,0,0,0,0,0,8,2.82568,2.84367,8.77061,189.97947,0,8,0,0.00866,3.21589,5,5,8,20,attached,6,4.33219,4.34133,-1.17682,2.5642,3.29956,attached
20260526-194049-sentence-script-long-microtubule-tracks-723305,1.5,90,1,1,ORGANIZE,,1.5167,10.9416,0.0,0.0,22,22,0,0,0,0,0,4,2.93432,2.95134,0.60183,10.66582,0,8,0,0.01732,0.22067,5,5,8,20,attached,6,4.33219,4.34136,-1.17614,2.56782,3.29703,attached
20260526-194049-sentence-script-long-microtubule-tracks-723305,1.6,96,1,1,ORGANIZE,,1.6167,10.9416,0.0,0.0,22,22,0,0,0,0,0,4,2.90917,2.92672,1.14087,13.46246,0,8,0,0.00866,0.41832,5,6,8,20,attached,6,4.55988,4.56855,-1.2252,2.69504,3.47955,attached
20260526-194049-sentence-script-long-microtubule-tracks-723305,1.7,102,1,1,ORGANIZE,,1.7167,10.9416,0.0,0.0,22,22,0,0,0,0,0,4,3.01713,3.03363,3.43973,24.23736,0,8,0,0.00866,1.26123,5,8,8,20,attached,6,4.78758,4.79588,-1.28255,2.77818,3.69287,attached
20260526-194049-sentence-script-long-microtubule-tracks-723305,1.8,108,1,1,ORGANIZE,,1.8167,10.9416,0.0,0.0,22,22,0,0,0,0,0,4,3.10511,3.12117,2.74929,14.16782,0,7,0,0.00433,1.00807,5,8,8,20,attached,6,4.78758,4.79585,-1.28173,2.7825,3.68985,attached
20260526-194049-sentence-script-long-microtubule-tracks-723305,1.9,114,1,1,ORGANIZE,,1.9167,10.9416,0.0,0.0,22,22,0,0,0,0,0,0,3.19063,3.20636,1.22369,14.1687,0,6,0,0.0,0.44869,5,8,8,20,attached,6,5.01528,5.0231,-1.32723,2.92869,3.85911,attached
20260526-194049-sentence-script-long-microtubule-tracks-723305,2.0,120,1,1,ORGANIZE,,2.0167,10.9416,0.0,0.0,22,22,0,0,0,0,0,0,3.17688,3.19366,0.13783,0.20882,0,7,0,0.00866,0.05054,5,9,8,20,attached,6,5.24297,5.25044,-1.37199,3.07883,4.02561,attached
20260526-194049-sentence-script-long-microtubule-tracks-723305,2.1,126,1,1,ORGANIZE,,2.1167,10.9416,0.0,0.0,22,22,0,0,0,0,0,0,3.32064,3.33668,1.34468,10.08597,0,7,0,0.0,0.49305,5,10,8,20,attached,6,5.24297,5.2505,-1.36922,3.09362,4.01528,attached
20260526-194049-sentence-script-long-microtubule-tracks-723305,2.2,132,1,1,ORGANIZE,,2.2167,10.9416,0.0,0.0,22,22,0,0,0,0,0,0,3.39773,3.41349,0.12148,0.2094,0,7,1,0.00433,0.04454,5,10,8,20,attached,6,5.47067,5.47793,-1.41565,3.23484,4.18802,attached
20260526-194049-sentence-script-long-microtubule-tracks-723305,2.3,138,1,1,ORGANIZE,,2.3167,10.9416,0.0,0.0,22,22,0,0,0,0,0,0,3.54106,3.556,2.31146,14.16766,0,7,1,0.00433,0.84753,5,10,8,20,attached,6,5.47067,5.47792,-1.41603,3.23284,4.18941,attached
20260526-194049-sentence-script-long-microtubule-tracks-723305,2.4,144,1,1,ORGANIZE,,2.4167,10.9416,0.0,0.0,22,22,0,0,0,0,0,0,3.62532,3.64008,1.12037,13.15637,0,7,1,0.0,0.4108,5,10,8,20,attached,6,5.69836,5.70526,-1.46599,3.35527,4.37528,attached
20260526-194049-sentence-script-long-microtubule-tracks-723305,2.5,150,1,1,ORGANIZE,,2.5167,10.9416,0.0,0.0,22,22,0,0,0,0,0,0,3.71195,3.7258,0.68597,11.99761,0,7,1,0.00433,0.25152,5,10,8,20,attached,6,5.69836,5.70523,-1.46904,3.33904,4.38662,attached
20260526-194049-sentence-script-long-microtubule-tracks-723305,2.6,156,1,1,ORGANIZE,,2.6167,10.9416,0.0,0.0,22,22,0,0,0,0,0,0,3.70361,3.71889,2.06218,16.55841,0,7,2,0.0,0.75613,5,12,8,20,attached,6,5.92606,5.9327,-1.51989,3.45676,4.57577,attached
20260526-194049-sentence-script-long-microtubule-tracks-723305,2.7,162,1,1,ORGANIZE,,2.7167,10.9416,0.0,0.0,22,22,0,0,0,0,0,0,3.72009,3.73552,0.45769,7.35112,0,7,1,0.00433,0.16782,5,13,8,7,attached,4,5.45676,5.46275,-3.67252,3.94057,-0.90896,attached
20260526-194049-sentence-script-long-microtubule-tracks-723305,2.8,168,1,1,ORGANIZE,,2.8167,10.9416,0.0,0.0,22,22,0,0,0,0,0,0,3.7903,3.80717,0.91649,8.64251,0,7,3,0.00433,0.33605,5,14,8,7,attached,4,5.67603,5.68185,-3.83204,4.08908,-0.93717,attached
20260526-194049-sentence-script-long-microtubule-tracks-723305,2.9,174,1,1,ORGANIZE,,2.9167,10.9416,0.0,0.0,22,21,1,0,0,0,0,0,3.84047,3.89843,1.0738,12.09423,0,7,5,0.00433,0.39628,6,14,8,8,attached,25,5.72456,5.73106,-3.67366,-4.15003,-1.45825,attached
20260526-194049-sentence-script-long-microtubule-tracks-723305,3.0,180,1,1,ORGANIZE,,3.0167,10.9416,0.0,0.0,22,22,0,0,0,0,0,0,3.97964,3.99462,0.55617,8.64157,0,6,5,0.00433,0.20393,6,14,8,8,attached,25,5.94893,5.95523,-3.80851,-4.32507,-1.50127,attached
20260526-194049-sentence-script-long-microtubule-tracks-723305,3.1,186,1,1,ORGANIZE,,3.1167,10.9416,0.0,0.0,22,20,2,0,0,0,0,4,4.04382,4.05222,2.58001,14.16879,0,6,7,0.00866,4.36844,8,15,10,8,attached,25,6.17331,6.17942,-3.94939,-4.49409,-1.54622,attached
20260526-194049-sentence-script-long-microtubule-tracks-723305,3.2,192,1,1,ORGANIZE,,3.2167,10.9416,0.0,0.0,22,22,0,0,0,0,0,4,4.124,4.13709,2.11084,13.15786,1,6,7,0.00866,0.77397,8,15,10,8,attached,25,6.39768,6.40357,-4.09856,-4.65481,-1.59381,attached
20260526-194049-sentence-script-long-microtubule-tracks-723305,3.3,198,1,1,ORGANIZE,,3.3167,10.9416,0.0,0.0,22,22,0,0,0,0,0,4,4.04987,4.06299,0.76972,14.1675,1,6,7,0.00866,0.28223,8,16,10,8,attached,25,6.39768,6.40351,-4.10801,-4.64536,-1.59682,attached
20260526-194049-sentence-script-long-microtubule-tracks-723305,3.4,204,1,1,ORGANIZE,,3.4167,10.9416,0.0,0.0,22,22,0,0,0,0,0,4,4.1391,4.15278,4.02773,63.3186,1,6,8,0.00866,1.47683,8,17,10,8,attached,25,6.62205,6.62767,-4.26927,-4.79401,-1.64827,attached
20260526-194049-sentence-script-long-microtubule-tracks-723305,3.5,210,1,1,ORGANIZE,,3.5167,10.9416,0.0,0.0,22,22,0,0,0,0,0,4,4.00937,4.02348,1.50243,12.09266,1,6,9,0.01299,0.55089,8,18,10,8,attached,25,6.62205,6.6277,-4.28266,-4.78062,-1.65254,attached
20260526-194049-sentence-script-long-microtubule-tracks-723305,3.6,216,1,1,ORGANIZE,,3.6167,10.9416,0.0,0.0,22,22,0,0,0,0,0,4,4.12187,4.13513,0.54302,8.64023,2,5,9,0.00866,0.19911,8,19,10,8,attached,25,6.84643,6.85194,-4.43835,-4.93483,-1.70221,attached
20260526-194049-sentence-script-long-microtubule-tracks-723305,3.7,222,1,1,ORGANIZE,,3.7167,10.9416,0.0,0.0,22,22,0,0,0,0,0,4,4.2283,4.24085,0.8975,8.64237,3,5,9,0.00433,0.32908,8,19,10,8,attached,25,7.0708,7.07614,-4.58603,-5.09705,-1.74932,attached
20260526-194049-sentence-script-long-microtubule-tracks-723305,3.8,228,1,1,ORGANIZE,,3.8167,10.9416,0.0,0.0,22,21,1,0,0,0,0,4,4.31792,4.32177,0.12355,0.26675,3,4,9,0.00866,0.06398,9,19,10,8,attached,25,7.0708,7.07609,-4.57819,-5.10489,-1.74682,attached
20260526-194049-sentence-script-long-microtubule-tracks-723305,3.9,234,1,1,ORGANIZE,,3.9167,10.9416,0.0,0.0,22,22,0,0,0,0,0,0,4.43148,4.44314,1.67601,14.31333,4,4,10,0.00866,0.61454,9,20,10,8,attached,25,7.29517,7.30027,-4.7124,-5.28057,-1.78964,attached
20260526-194049-sentence-script-long-microtubule-tracks-723305,4.0,240,1,1,ORGANIZE,,4.0167,10.9416,0.0,0.0,22,22,0,0,0,0,0,0,4.50601,4.51719,0.99884,8.64251,4,4,10,0.01299,0.36624,9,20,10,8,attached,25,7.29517,7.30029,-4.69845,-5.29452,-1.78519,attached
20260526-194049-sentence-script-long-microtubule-tracks-723305,4.1,246,1,1,ORGANIZE,,4.1167,10.9416,0.0,0.0,22,22,0,0,0,0,0,0,4.62576,4.63656,2.11131,14.13759,4,4,10,0.00433,0.77415,9,20,10,8,attached,25,7.51955,7.52455,-4.83604,-5.46682,-1.82908,attached
20260526-194049-sentence-script-long-microtubule-tracks-723305,4.2,252,1,1,ORGANIZE,,4.2167,10.9416,0.0,0.0,22,22,0,0,0,0,0,0,4.68349,4.69406,0.68693,12.36667,5,4,10,0.00433,0.25187,9,20,10,8,attached,25,7.51955,7.52457,-4.83377,-5.46909,-1.82836,attached
20260526-194049-sentence-script-long-microtubule-tracks-723305,4.3,258,1,1,ORGANIZE,,4.3167,10.9416,0.0,0.0,21,21,0,1,0,1,1,18,4.67122,4.68162,1.06716,11.49777,6,4,9,0.00476,0.37351,9,20,10,7,attached,4,7.4302,7.43462,-4.98651,5.39496,-1.14138,attached
20260526-194049-sentence-script-long-microtubule-tracks-723305,4.4,264,1,1,ORGANIZE,,4.4167,10.9416,0.0,0.0,21,21,0,1,0,1,1,18,4.7598,4.76989,1.20469,14.31353,6,4,9,0.01429,0.42164,9,21,10,7,attached,4,7.4302,7.43466,-4.97784,5.40334,-1.13985,attached
20260526-194049-sentence-script-long-microtubule-tracks-723305,4.5,270,1,1,ORGANIZE,,4.5167,10.9416,0.0,0.0,21,21,0,1,0,1,1,18,4.88493,4.89459,0.8111,14.13716,7,4,9,0.00476,0.28389,9,21,10,7,attached,4,7.64947,7.65381,-5.12633,5.56253,-1.16612,attached
20260526-194049-sentence-script-long-microtubule-tracks-723305,4.6,276,1,1,ORGANIZE,,4.6167,10.9416,0.0,0.0,21,21,0,1,0,1,1,22,4.92984,4.93935,3.34869,40.75037,8,4,9,0.00476,1.17204,9,22,12,7,attached,4,7.64947,7.65377,-5.13431,5.55481,-1.16753,attached
20260526-194049-sentence-script-long-microtubule-tracks-723305,4.7,282,1,1,ORGANIZE,,4.7167,10.9416,0.0,0.0,20,18,2,2,0,2,2,40,4.90093,4.90654,0.15303,0.30174,7,4,8,0.01579,0.08527,11,22,12,16,attached,19,7.49817,7.50422,-0.63016,-2.33506,7.10379,attached
20260526-194049-sentence-script-long-microtubule-tracks-723305,4.8,288,1,1,ORGANIZE,,4.8167,10.9416,0.0,0.0,20,18,2,2,0,2,2,40,5.01592,5.01142,0.7149,12.09409,8,4,8,0.01053,0.26869,11,22,12,16,attached,19,7.69971,7.70561,-0.63931,-2.37797,7.30157,attached
20260526-194049-sentence-script-long-microtubule-tracks-723305,4.9,294,1,1,ORGANIZE,,4.9167,10.9416,0.0,0.0,20,18,2,2,0,2,2,40,5.08562,5.07598,0.55748,8.64046,8,4,8,0.00526,0.21404,11,22,12,16,attached,19,7.69971,7.70565,-0.63954,-2.36239,7.30666,attached
20260526-194049-sentence-script-long-microtubule-tracks-723305,5.0,300,1,1,ORGANIZE,,5.0167,10.9416,0.0,0.0,19,18,1,3,0,3,3,58,5.02577,5.02172,2.15907,38.6088,7,4,7,0.01754,0.69263,11,23,12,9,attached,0,7.67845,7.68265,-0.00396,7.67845,-0.25394,attached
20260526-194049-sentence-script-long-microtubule-tracks-723305,5.1,306,1,1,ORGANIZE,,5.1167,10.9416,0.0,0.0,19,19,0,3,0,3,3,62,5.07012,5.07916,1.05532,8.64235,7,3,7,0.01754,0.33418,11,23,14,9,attached,0,7.67845,7.68267,0.01637,7.67845,-0.25394,attached
20260526-194049-sentence-script-long-microtubule-tracks-723305,5.2,312,1,1,ORGANIZE,,5.2167,10.9416,0.0,0.0,17,14,3,5,0,5,5,98,4.82354,4.85192,0.66013,8.64255,5,2,5,0.01471,0.24627,15,23,14,5,attached,4,7.71829,7.72402,-5.16771,5.61069,-1.21472,attached
20260526-194049-sentence-script-long-microtubule-tracks-723305,5.3,318,1,1,ORGANIZE,,5.3167,10.9416,0.0,0.0,17,14,3,5,0,5,5,97,4.89004,4.90709,1.82028,11.99726,5,1,5,0.01471,0.54412,15,23,14,5,attached,4,7.71829,7.72398,-5.17791,5.60082,-1.21652,attached
20260526-194049-sentence-script-long-microtubule-tracks-723305,5.4,324,1,1,ORGANIZE,,5.4167,10.9416,0.0167,0.0,16,14,2,6,0,6,6,109,4.68765,4.76276,2.24393,8.64065,4,1,5,0.01667,0.61323,15,24,14,12,attached,28,7.48899,7.49366,-0.89164,-7.06722,-2.32688,attached
20260526-194049-sentence-script-long-microtubule-tracks-723305,5.5,330,1,1,ORGANIZE,,5.5167,10.9416,0.0,0.0,16,14,2,6,0,6,6,108,4.76263,4.83226,1.8694,10.08622,4,1,6,0.01667,0.51075,15,24,14,12,attached,28,7.65707,7.6616,-0.92373,-7.22239,-2.38411,attached
20260526-194049-sentence-script-long-microtubule-tracks-723305,5.6,336,1,1,ORGANIZE,,5.6167,10.9416,0.0,0.0,16,16,0,6,0,6,6,107,4.86433,4.87377,0.68148,8.64003,4,2,6,0.01667,0.18173,15,25,14,12,attached,28,7.65707,7.66157,-0.94274,-7.22017,-2.3833,attached
20260526-194049-sentence-script-long-microtubule-tracks-723305,5.7,342,1,1,ORGANIZE,,5.7167,10.9416,0.0,0.0,15,14,1,7,0,7,7,121,4.78166,4.7433,0.15756,0.20495,3,2,5,0.01905,0.0506,16,27,14,19,attached,10,7.583,7.58715,3.28441,2.33685,-6.42781,attached
20260526-194049-sentence-script-long-microtubule-tracks-723305,5.8,348,1,1,ORGANIZE,,5.8167,10.9416,0.0,0.0,15,15,0,7,0,7,7,118,4.76654,4.77591,0.14865,0.20967,3,2,5,0.01905,0.03716,16,28,16,19,attached,10,7.583,7.5872,3.28627,2.32342,-6.43178,attached
20260526-194049-sentence-script-long-microtubule-tracks-723305,5.9,354,1,1,ORGANIZE,,5.9167,10.9416,0.0,0.0,14,14,0,8,0,8,8,134,4.59387,4.60357,0.75181,8.64185,2,2,4,0.02198,0.17542,16,28,16,20,attached,1,7.60171,7.60691,-2.01815,7.15649,1.60527,switched
20260526-194049-sentence-script-long-microtubule-tracks-723305,6.0,360,1,1,ORGANIZE,,6.0167,10.9416,0.0,0.0,13,13,0,9,0,9,9,147,4.22143,4.23158,0.805,8.64,0,2,3,0.02564,0.17442,16,31,16,14,attached,0,6.29411,6.30092,-0.01964,6.29411,-0.2921,attached
20260526-194049-sentence-script-long-microtubule-tracks-723305,6.1,366,1,1,ORGANIZE,,6.1167,10.9416,0.0,0.0,13,13,0,9,0,9,9,144,4.22533,4.23558,0.8485,8.6416,0,2,3,0.02564,0.18384,17,32,16,14,attached,0,6.29411,6.30089,-0.00946,6.29411,-0.2921,attached
20260526-194049-sentence-script-long-microtubule-tracks-723305,6.2,372,1,1,ORGANIZE,,6.2167,10.9416,0.0,0.0,13,13,0,9,0,9,9,138,4.25445,4.26459,1.46434,8.64038,0,3,4,0.02564,0.31727,17,33,16,14,attached,0,6.29411,6.3009,0.01122,6.29411,-0.2921,attached
20260526-194049-sentence-script-long-microtubule-tracks-723305,6.3,378,1,1,ORGANIZE,,6.3167,10.9416,0.0,0.0,13,13,0,9,0,9,9,137,4.2081,4.21834,0.7824,8.64248,1,3,3,0.01282,0.16952,17,34,16,14,attached,0,6.53266,6.53925,0.02798,6.53266,-0.2921,attached
20260526-194049-sentence-script-long-microtubule-tracks-723305,6.4,384,1,1,ORGANIZE,,6.4167,10.9416,0.0,0.0,13,13,0,9,0,9,9,129,4.232,4.24221,1.01344,8.64255,1,3,3,0.01282,0.21958,17,38,16,14,attached,0,6.77121,6.7776,0.03497,6.77121,-0.2921,attached
20260526-194049-sentence-script-long-microtubule-tracks-723305,6.5,390,1,1,ORGANIZE,,6.5167,10.9416,0.0,0.0,13,13,0,9,0,9,9,120,4.28738,4.29741,0.1349,0.20939,1,3,3,0.01282,0.02923,17,38,16,14,attached,0,6.77121,6.77757,0.02974,6.77121,-0.2921,attached
20260526-194049-sentence-script-long-microtubule-tracks-723305,6.6,396,1,1,ORGANIZE,,6.6167,10.9416,0.0,0.0,13,13,0,9,0,9,9,113,4.36058,4.37047,0.77914,8.64156,1,4,5,0.01282,0.16881,17,39,16,14,attached,0,7.00976,7.01586,0.01412,7.00976,-0.2921,attached
20260526-194049-sentence-script-long-microtubule-tracks-723305,6.7,402,1,1,ORGANIZE,,6.7167,10.9416,0.0,0.0,13,13,0,9,0,9,9,99,4.43431,4.44399,2.52649,14.31446,1,2,4,0.01282,0.54741,17,39,16,14,attached,0,7.24831,7.25419,-0.00643,7.24831,-0.2921,attached
20260526-194049-sentence-script-long-microtubule-tracks-723305,6.8,408,1,1,ORGANIZE,,6.8167,10.9416,0.0,0.0,13,13,0,9,0,9,9,90,4.45647,4.46604,0.76812,8.64216,1,2,4,0.01282,0.16643,17,39,16,14,attached,0,7.24831,7.25423,-0.02473,7.24831,-0.2921,attached
20260526-194049-sentence-script-long-microtubule-tracks-723305,6.9,414,1,1,ORGANIZE,,6.9167,10.9416,0.0,0.0,13,13,0,9,0,9,9,82,4.51208,4.52146,0.80121,8.64028,1,1,3,0.01282,0.1736,17,40,16,14,attached,0,7.48686,7.49263,-0.0344,7.48686,-0.2921,attached
20260526-194049-sentence-script-long-microtubule-tracks-723305,7.0,420,1,1,ORGANIZE,,7.0167,10.9416,0.0,0.0,13,13,0,9,0,9,9,74,4.35495,4.36624,2.19718,18.47898,1,1,4,0.01282,0.47606,17,42,16,14,attached,0,7.48686,7.49262,-0.03204,7.48686,-0.2921,attached
20260526-194049-sentence-script-long-microtubule-tracks-723305,7.1,426,1,1,ORGANIZE,,7.1167,10.9416,0.0,0.0,12,12,0,10,0,10,10,80,4.16596,4.17747,0.30514,2.1111,0,1,3,0.01515,0.06103,17,42,16,21,attached,4,6.13947,6.14583,-4.14286,4.42467,-1.01503,attached
20260526-194049-sentence-script-long-microtubule-tracks-723305,7.2,432,1,1,ORGANIZE,,7.2167,10.9416,0.0,0.0,12,12,0,10,0,10,10,74,4.22596,4.23782,0.83221,8.64081,0,1,3,0.01515,0.16644,17,42,16,21,attached,4,6.28347,6.28971,-4.24362,4.52608,-1.03285,attached
20260526-194049-sentence-script-long-microtubule-tracks-723305,7.3,438,1,1,ORGANIZE,,7.3167,10.9416,0.0,0.0,12,12,0,10,0,10,10,66,4.18689,4.19918,0.82271,8.64,0,2,3,0.01515,0.16454,17,43,16,21,attached,4,6.28347,6.28967,-4.23791,4.5316,-1.03184,attached
20260526-194049-sentence-script-long-microtubule-tracks-723305,7.4,444,1,1,ORGANIZE,,7.4167,10.9416,0.0,0.0,12,12,0,10,0,10,10,54,4.21089,4.22371,0.84017,8.64025,1,2,3,0.01515,0.16803,17,43,16,21,attached,4,6.42747,6.43348,-4.32331,4.64786,-1.04695,attached
20260526-194049-sentence-script-long-microtubule-tracks-723305,7.5,450,1,1,ORGANIZE,,7.5167,10.9416,0.0,0.0,12,12,0,10,0,10,10,44,4.27089,4.28431,2.39064,8.64214,1,2,5,0.0,0.47813,17,43,16,21,attached,4,6.57147,6.57735,-4.40635,4.7664,-1.06164,attached
20260526-194049-sentence-script-long-microtubule-tracks-723305,7.6,456,1,1,ORGANIZE,,7.6167,10.9416,0.0,0.0,12,12,0,10,0,10,10,38,4.22106,4.23676,0.16174,0.20927,1,2,5,0.01515,0.03235,17,44,16,21,attached,4,6.57147,6.5774,-4.39441,4.77795,-1.05953,attached
20260526-194049-sentence-script-long-microtubule-tracks-723305,7.7,462,1,1,ORGANIZE,,7.7167,10.9416,0.0,0.0,12,12,0,10,0,10,10,36,4.28106,4.29645,0.12251,0.20915,2,2,5,0.0,0.0245,17,44,16,21,attached,4,6.71547,6.72131,-4.48722,4.88704,-1.07594,attached
20260526-194049-sentence-script-long-microtubule-tracks-723305,7.8,468,1,1,ORGANIZE,,7.8167,10.9416,0.0,0.0,12,12,0,10,0,10,10,34,4.37437,4.3898,0.10564,0.20991,2,2,5,0.01515,0.02113,17,44,16,21,attached,4,6.71547,6.72128,-4.49096,4.88343,-1.0766,attached
20260526-194049-sentence-script-long-microtubule-tracks-723305,7.9,474,1,1,ORGANIZE,,7.9167,10.9416,0.0,0.0,12,12,0,10,0,10,10,29,4.43849,4.45365,0.85538,8.64252,2,2,5,0.0,0.17108,17,45,16,21,attached,4,6.85947,6.86511,-4.59989,4.97693,-1.09587,attached
20260526-194049-sentence-script-long-microtubule-tracks-723305,8.0,480,1,1,ORGANIZE,,8.0167,10.9416,0.0,0.0,12,12,0,10,0,10,10,27,4.52249,4.53615,0.15042,0.20989,2,2,5,0.0,0.03008,17,45,16,21,attached,4,7.00347,7.00899,-4.71234,5.06703,-1.11576,attached
20260526-194049-sentence-script-long-microtubule-tracks-723305,8.1,486,1,1,ORGANIZE,,8.1167,10.9416,0.0,0.0,12,12,0,10,0,10,10,26,4.59449,4.60787,1.55819,8.64203,2,2,5,0.0,0.31164,17,45,16,21,attached,4,7.00347,7.00903,-4.72539,5.05441,-1.11807,attached
20260526-194049-sentence-script-long-microtubule-tracks-723305,8.2,492,1,1,ORGANIZE,,8.2167,10.9416,0.0,0.0,12,12,0,10,0,10,10,20,4.6207,4.6331,0.31458,2.34739,2,2,5,0.0,0.06292,18,46,16,21,attached,4,7.14747,7.15295,-4.83006,5.15203,-1.13659,attached
20260526-194049-sentence-script-long-microtubule-tracks-723305,8.3,498,1,1,ORGANIZE,,8.3167,10.9416,0.0,0.0,12,12,0,10,0,10,10,17,4.6602,4.67242,1.09272,8.64141,2,2,5,0.0,0.21854,18,47,16,21,attached,4,7.14747,7.1529,-4.79081,5.19,-1.12964,attached
20260526-194049-sentence-script-long-microtubule-tracks-723305,8.4,504,1,1,ORGANIZE,,8.4167,10.9416,0.0,0.0,12,12,0,10,0,10,10,15,4.26966,4.2885,33.8709,396.74015,2,3,4,0.0,6.77418,18,48,16,21,attached,4,7.29147,7.29684,-4.87979,5.30279,-1.14538,attached
20260526-194049-sentence-script-long-microtubule-tracks-723305,8.5,510,1,1,ORGANIZE,,8.5167,10.9416,0.0,0.0,12,12,0,10,0,10,10,12,4.32599,4.34333,0.85017,8.64251,2,3,4,0.0,0.17003,18,48,16,21,attached,4,7.29147,7.29684,-4.87921,5.30336,-1.14528,attached
20260526-194049-sentence-script-long-microtubule-tracks-723305,8.6,516,1,1,ORGANIZE,,8.6167,10.9416,0.0,0.0,12,12,0,10,0,10,10,10,4.39301,4.40837,2.56544,8.64249,2,3,4,0.0,0.51309,18,49,16,21,attached,4,7.43547,7.4407,-4.98484,5.40005,-1.16397,attached
20260526-194049-sentence-script-long-microtubule-tracks-723305,8.7,522,1,1,ORGANIZE,,8.7167,10.9416,0.0,0.0,12,12,0,10,0,10,10,9,4.46501,4.47994,0.12395,0.2099,2,3,5,0.0,0.02479,18,49,16,21,attached,4,7.43547,7.44066,-4.99837,5.38697,-1.16636,attached
20260526-194049-sentence-script-long-microtubule-tracks-723305,8.8,528,1,1,ORGANIZE,,8.8167,10.9416,0.0167,0.0,12,12,0,10,0,10,10,6,4.53701,4.55091,0.23156,1.61737,2,3,6,0.0,0.04631,18,49,16,21,attached,4,7.57947,7.58458,-5.11065,5.47723,-1.18622,attached
20260526-194049-sentence-script-long-microtubule-tracks-723305,8.9,534,1,1,ORGANIZE,,8.9167,10.9416,0.0,0.0,11,11,0,11,0,11,11,24,4.35205,4.3663,0.913,8.64255,2,3,5,0.0,0.16738,18,49,16,18,attached,25,7.23892,7.24455,-4.65841,-5.25308,-1.78548,attached
20260526-194049-sentence-script-long-microtubule-tracks-723305,9.0,540,1,1,ORGANIZE,,9.0167,10.9416,0.0,0.0,11,11,0,11,0,11,11,24,4.44369,4.45679,0.15857,0.20937,2,3,5,0.0,0.02907,18,49,16,18,attached,25,7.23892,7.24453,-4.67245,-5.23903,-1.78996,attached
20260526-194049-sentence-script-long-microtubule-tracks-723305,9.1,546,1,1,ORGANIZE,,9.1167,10.9416,0.0,0.0,11,11,0,11,0,11,11,24,4.54842,4.5609,1.66382,8.64255,2,3,5,0.0,0.30503,18,49,16,18,attached,25,7.38292,7.38846,-4.78008,-5.3303,-1.8243,attached
20260526-194049-sentence-script-long-microtubule-tracks-723305,9.2,552,1,1,ORGANIZE,,9.2167,10.9416,0.0,0.0,11,11,0,11,0,11,11,21,4.61387,4.62598,0.1461,0.20856,2,3,5,0.0,0.02679,18,49,16,18,attached,25,7.52692,7.53239,-4.88214,-5.42713,-1.85686,attached
20260526-194049-sentence-script-long-microtubule-tracks-723305,9.3,558,1,1,ORGANIZE,,9.3167,10.9416,0.0,0.0,11,11,0,11,0,11,11,20,4.65387,4.66642,1.66392,8.64237,2,3,5,0.01818,0.30505,18,50,16,18,attached,25,7.52692,7.53239,-4.88141,-5.42786,-1.85662,attached
20260526-194049-sentence-script-long-microtubule-tracks-723305,9.4,564,1,1,ORGANIZE,,9.4167,10.9416,0.0,0.0,11,11,0,11,0,11,11,20,4.77169,4.78337,0.90254,8.64254,3,2,5,0.01818,0.16547,18,50,16,18,attached,25,7.67092,7.67624,-4.96737,-5.54079,-1.88405,attached
20260526-194049-sentence-script-long-microtubule-tracks-723305,9.5,570,1,1,ORGANIZE,,9.5167,10.9416,0.0,0.0,10,10,0,12,0,12,12,36,4.52497,4.53726,0.13478,0.20484,2,2,4,0.0,0.02246,18,50,16,10,attached,1,7.00823,7.01473,-1.90707,6.59625,1.43496,attached
20260526-194049-sentence-script-long-microtubule-tracks-723305,9.6,576,1,1,ORGANIZE,,9.6167,10.9416,0.0,0.0,10,10,0,12,0,12,12,36,4.64017,4.65213,0.1348,0.20811,2,2,4,0.02222,0.02247,18,50,16,10,attached,1,7.00823,7.0147,-1.88857,6.60124,1.43628,attached
20260526-194049-sentence-script-long-microtubule-tracks-723305,9.7,582,1,1,ORGANIZE,,9.7167,10.9416,0.0,0.0,10,9,1,12,0,12,12,36,5.0833,4.69927,0.99207,8.64254,3,2,4,0.02222,0.17796,19,50,16,10,attached,1,7.15223,7.15859,-1.90787,6.74056,1.47317,attached
20260526-194049-sentence-script-long-microtubule-tracks-723305,9.8,588,1,1,ORGANIZE,,9.8167,10.9416,0.0,0.0,10,10,0,12,0,12,12,36,4.77761,4.78894,0.81219,6.88093,3,2,4,0.02222,0.13537,19,50,16,10,attached,1,7.15223,7.15864,-1.89426,6.74424,1.47414,attached
20260526-194049-sentence-script-long-microtubule-tracks-723305,9.9,594,1,1,ORGANIZE,,9.9167,10.9416,0.0167,0.0,10,10,0,12,0,12,12,36,4.84961,4.86086,0.13973,0.20948,3,2,4,0.02222,0.02329,19,50,16,10,attached,1,7.29623,7.30253,-1.92999,6.87912,1.50986,attached
20260526-194049-sentence-script-long-microtubule-tracks-723305,10.0,600,1,1,ORGANIZE,,10.0167,10.9416,0.0,0.0,10,10,0,12,0,12,12,32,4.8395,4.85125,1.01793,8.74285,4,2,4,0.02222,0.16966,19,52,16,10,attached,1,7.44023,7.44637,-1.97737,7.01086,1.54474,attached
20260526-194049-sentence-script-long-microtubule-tracks-723305,10.1,606,1,1,ORGANIZE,,10.1167,10.9416,0.0,0.0,10,10,0,12,0,12,12,31,4.84061,4.85254,0.98179,8.64128,4,2,4,0.02222,0.16363,19,54,16,10,attached,1,7.58423,7.59021,-2.03338,7.14027,1.579,attached
20260526-194049-sentence-script-long-microtubule-tracks-723305,10.2,612,1,1,ORGANIZE,,10.2167,10.9416,0.0,0.0,9,9,0,13,0,13,13,49,4.58376,4.59578,0.07084,0.20632,3,2,3,0.0,0.01063,19,54,16,4,attached,13,7.1221,7.12692,6.97161,0.76579,-1.26614,attached
20260526-194049-sentence-script-long-microtubule-tracks-723305,10.3,618,1,1,ORGANIZE,,10.3167,10.9416,0.0,0.0,9,9,0,13,0,13,13,49,4.63176,4.64348,0.11719,0.20357,3,3,3,0.0,0.01758,19,54,16,4,attached,13,7.1221,7.12694,6.97102,0.77158,-1.26601,attached
20260526-194049-sentence-script-long-microtubule-tracks-723305,10.4,624,1,1,ORGANIZE,,10.4167,10.9416,0.0,0.0,9,9,0,13,0,13,13,46,4.71176,4.72289,1.09668,8.64224,3,3,4,0.0,0.1645,19,54,16,4,attached,13,7.2661,7.27082,7.11156,0.7801,-1.29691,attached
20260526-194049-sentence-script-long-microtubule-tracks-723305,10.5,630,1,1,ORGANIZE,,10.5167,10.9416,0.0,0.0,9,9,0,13,0,13,13,45,4.78927,4.79993,2.20311,10.14101,3,2,5,0.0,0.33047,19,55,16,4,attached,13,7.4101,7.41468,7.2531,0.77869,-1.32803,attached
20260526-194049-sentence-script-long-microtubule-tracks-723305,10.6,636,1,1,ORGANIZE,,10.6167,10.9416,0.0,0.0,9,9,0,13,0,13,13,41,4.78781,4.79842,3.08034,26.7103,3,2,4,0.0,0.46205,19,56,16,4,attached,13,7.4101,7.41468,7.25519,0.75815,-1.32848,attached
20260526-194049-sentence-script-long-microtubule-tracks-723305,10.7,642,1,1,ORGANIZE,,10.7167,10.9416,0.0,0.0,9,9,0,13,0,13,13,38,4.86781,4.87804,2.01836,8.6424,3,2,4,0.0,0.30275,19,56,16,4,attached,13,7.5541,7.55863,7.39686,0.75544,-1.35963,attached
20260526-194049-sentence-script-long-microtubule-tracks-723305,10.8,648,1,1,ORGANIZE,,10.8167,10.9416,0.0333,0.0,9,9,0,13,0,13,13,36,4.91581,4.92577,0.12699,0.19431,3,2,4,0.0,0.01905,19,56,16,4,attached,13,7.5541,7.55866,7.39773,0.74693,-1.35982,attached
20260526-194049-sentence-script-long-microtubule-tracks-723305,10.9,654,1,1,ORGANIZE,,10.9167,10.9416,0.0,0.0,9,9,0,13,0,13,13,33,5.02781,5.03733,0.14534,0.20851,3,2,4,0.0,0.0218,19,56,16,4,attached,13,7.6981,7.70256,7.53725,0.76537,-1.3905,attached
20260526-194049-sentence-script-long-microtubule-tracks-723305,11.0,660,1,1,CAREFUL,ORGANIZE,0.0667,9.5257,0.0833,0.0,8,8,0,14,0,14,14,50,4.71157,4.72173,1.17351,8.42616,2,2,3,0.0,0.15647,19,56,16,0,attached,1,7.572,7.57765,-2.0667,7.11642,1.58306,attached
20260526-194049-sentence-script-long-microtubule-tracks-723305,11.1,666,1,1,CAREFUL,ORGANIZE,0.1667,9.5257,0.0,0.0,8,8,0,14,0,14,14,50,4.78066,4.79049,0.11224,0.18468,2,2,3,0.0,0.01497,19,56,16,0,attached,1,7.572,7.57761,-2.05206,7.12038,1.58411,attached
20260526-194049-sentence-script-long-microtubule-tracks-723305,11.2,672,1,1,CAREFUL,ORGANIZE,0.2667,9.5257,0.0,0.0,8,8,0,14,0,14,14,50,4.84761,4.85728,1.10032,7.93476,2,2,3,0.0,0.14671,19,56,16,0,attached,1,7.70759,7.71309,-2.06884,7.25195,1.61894,attached
20260526-194049-sentence-script-long-microtubule-tracks-723305,11.3,678,1,1,CAREFUL,ORGANIZE,0.3667,9.5257,0.0,0.0,8,8,0,14,0,14,14,47,4.9288,4.93812,2.04954,7.70041,2,1,3,0.0,0.27327,19,56,16,0,attached,1,7.70759,7.71313,-2.05094,7.25678,1.62022,attached
20260526-194049-sentence-script-long-microtubule-tracks-723305,11.4,684,1,1,CAREFUL,ORGANIZE,0.4667,9.5257,0.0,0.0,7,7,0,15,0,15,15,62,4.60388,4.61361,0.16931,0.20939,1,1,2,0.0,0.01975,19,56,16,13,attached,10,7.56882,7.57373,3.29345,2.36719,-6.39618,attached
20260526-194049-sentence-script-long-microtubule-tracks-723305,11.5,690,1,1,CAREFUL,ORGANIZE,0.5667,9.5257,0.0,0.0,7,7,0,15,0,15,15,60,4.65691,4.66651,0.13736,0.20985,1,1,2,0.0,0.01603,19,56,16,13,attached,10,7.56882,7.57371,3.29606,2.34829,-6.40176,attached
20260526-194049-sentence-script-long-microtubule-tracks-723305,11.6,696,1,1,CAREFUL,ORGANIZE,0.6667,9.5257,0.0,0.0,7,6,1,15,0,15,15,59,5.11545,4.73899,1.11974,7.03495,2,1,2,0.0,0.14442,20,56,16,13,attached,10,7.68845,7.69328,3.34685,2.36675,-6.51028,attached
20260526-194049-sentence-script-long-microtubule-tracks-723305,11.7,702,1,1,CAREFUL,ORGANIZE,0.7667,9.5257,0.0,0.0,7,7,0,15,0,15,15,56,4.78477,4.79412,0.10665,0.20449,2,1,2,0.0,0.01244,20,56,16,13,attached,10,7.68845,7.69333,3.3485,2.35483,-6.5138,attached
20260526-194049-sentence-script-long-microtubule-tracks-723305,11.8,708,1,1,CAREFUL,ORGANIZE,0.8667,9.5257,0.0,0.0,6,6,0,16,0,16,16,70,4.3602,4.37002,1.44251,7.78384,1,1,1,0.0,0.14425,20,56,16,1,attached,4,6.51314,6.51856,-4.39153,4.70236,-1.0459,attached
20260526-194049-sentence-script-long-microtubule-tracks-723305,11.9,714,1,1,CAREFUL,ORGANIZE,0.9667,9.5257,0.0167,0.0,6,6,0,16,0,16,16,67,4.4346,4.44426,0.18204,0.20938,1,1,1,0.0,0.0182,20,56,16,1,attached,4,6.62474,6.63004,-4.45332,4.79671,-1.05683,attached
20260526-194049-sentence-script-long-microtubule-tracks-723305,12.0,720,1,1,CAREFUL,ORGANIZE,1.0667,9.5257,0.0,0.0,6,6,0,16,0,16,16,63,4.51096,4.5204,0.12439,0.20568,1,0,1,0.0,0.01244,20,56,16,1,attached,4,6.73634,6.74158,-4.51493,4.89124,-1.06772,attached
20260526-194049-sentence-script-long-microtubule-tracks-723305,12.1,726,1,1,CAREFUL,ORGANIZE,1.1667,9.5257,0.0,0.0,6,6,0,16,0,16,16,59,4.56676,4.57615,1.19668,6.69615,1,0,2,0.0,0.11967,20,56,16,1,attached,4,6.73634,6.74163,-4.50551,4.90035,-1.06606,attached
20260526-194049-sentence-script-long-microtubule-tracks-723305,12.2,732,1,1,CAREFUL,ORGANIZE,1.2667,9.5257,0.0,0.0,6,6,0,16,0,16,16,54,4.64396,4.65308,1.38973,7.70564,1,0,3,0.0,0.13897,20,56,16,1,attached,4,6.84794,6.85315,-4.57995,4.98247,-1.07922,attached
20260526-194049-sentence-script-long-microtubule-tracks-723305,12.3,738,1,1,CAREFUL,ORGANIZE,1.3667,9.5257,0.0,0.0,6,6,0,16,0,16,16,52,4.6845,4.69354,0.35023,1.27972,1,0,3,0.0,0.03502,20,56,16,1,attached,4,6.95954,6.96462,-4.66291,5.05634,-1.0939,attached
20260526-194049-sentence-script-long-microtubule-tracks-723305,12.4,744,1,1,CAREFUL,ORGANIZE,1.4667,9.5257,0.0,0.0,6,6,0,16,0,16,16,51,4.80649,4.81526,3.67818,7.74275,1,0,3,0.0,0.36782,20,56,16,1,attached,4,7.07114,7.0761,-4.7519,5.12439,-1.10964,attached
20260526-194049-sentence-script-long-microtubule-tracks-723305,12.5,750,1,1,CAREFUL,ORGANIZE,1.5667,9.5257,0.0667,0.0,6,6,0,16,0,16,16,48,4.80649,4.81526,0.60624,2.94693,1,0,3,0.0,0.06062,20,56,16,1,attached,4,7.07114,7.07612,-4.76651,5.11026,-1.11223,attached
20260526-194049-sentence-script-long-microtubule-tracks-723305,12.6,756,1,1,CAREFUL,ORGANIZE,1.6667,9.5257,0.0,0.0,6,6,0,16,0,16,16,46,4.90379,4.9124,1.20107,6.697,1,0,3,0.0,0.12011,20,56,16,1,attached,4,7.18274,7.18769,-4.85322,5.18051,-1.12756,attached
20260526-194049-sentence-script-long-microtubule-tracks-723305,12.7,762,1,1,CAREFUL,ORGANIZE,1.7667,9.5257,0.0167,0.0,6,6,0,16,0,16,16,42,4.94411,4.95262,0.09113,0.2045,1,0,3,0.0,0.00911,20,56,16,1,attached,4,7.18274,7.18771,-4.85664,5.17721,-1.12817,attached
20260526-194049-sentence-script-long-microtubule-tracks-723305,12.8,768,1,1,CAREFUL,ORGANIZE,1.8667,9.5257,0.0,0.0,6,6,0,16,0,16,16,39,5.04429,5.05255,0.13786,0.20769,1,0,3,0.0,0.01379,20,56,16,1,attached,4,7.29434,7.2992,-4.92714,5.26313,-1.14064,attached
20260526-194049-sentence-script-long-microtubule-tracks-723305,12.9,774,1,1,CAREFUL,ORGANIZE,1.9667,9.5257,0.0,0.0,6,6,0,16,0,16,16,35,5.1256,5.13369,3.84456,8.06174,1,0,3,0.0,0.38446,20,56,16,1,attached,4,7.29434,7.29916,-4.915,5.27487,-1.13849,attached
20260526-194049-sentence-script-long-microtubule-tracks-723305,13.0,780,1,1,CAREFUL,ORGANIZE,2.0667,9.5257,0.0,0.0,6,6,0,16,0,16,16,34,5.18453,5.19254,0.12144,0.20361,1,0,3,0.0,0.01214,20,56,16,1,attached,4,7.40594,7.41069,-4.97604,5.36995,-1.14929,attached
20260526-194049-sentence-script-long-microtubule-tracks-723305,13.1,786,1,1,CAREFUL,ORGANIZE,2.1667,9.5257,0.0,0.0,6,6,0,16,0,16,16,33,5.22843,5.23636,0.0882,0.18279,1,0,3,0.0,0.00882,20,56,16,1,attached,4,7.40594,7.41073,-4.96383,5.38176,-1.14713,attached
20260526-194049-sentence-script-long-microtubule-tracks-723305,13.2,792,1,1,CAREFUL,ORGANIZE,2.2667,9.5257,0.0333,0.0,6,5,1,16,0,16,16,32,5.42657,5.31026,1.34806,7.25707,1,0,3,0.0,0.16231,21,56,16,1,attached,4,7.51754,7.52229,-5.03421,5.46781,-1.15958,attached
20260526-194049-sentence-script-long-microtubule-tracks-723305,13.3,798,1,1,CAREFUL,ORGANIZE,2.3667,9.5257,0.0,0.0,6,5,1,16,0,16,16,26,5.52069,5.4129,0.21141,0.36549,1,0,3,0.0,0.04673,21,56,16,1,attached,4,7.62914,7.6338,-5.11329,5.54544,-1.17357,attached
20260526-194049-sentence-script-long-microtubule-tracks-723305,13.4,804,1,1,CAREFUL,ORGANIZE,2.4667,9.5257,0.0,0.0,6,5,1,16,0,16,16,24,5.56871,5.47565,0.20676,0.33823,1,0,3,0.0,0.04435,21,56,16,1,attached,4,7.62914,7.63375,-5.12413,5.53496,-1.17548,attached
20260526-194049-sentence-script-long-microtubule-tracks-723305,13.5,810,1,1,CAREFUL,ORGANIZE,2.5667,9.5257,0.0,0.0,5,4,1,17,0,17,17,37,5.13945,5.13838,0.13611,0.30288,0,0,2,0.0,0.03254,21,56,16,17,attached,22,6.38343,6.38845,-4.61602,-3.32636,2.90516,switched
20260526-194049-sentence-script-long-microtubule-tracks-723305,13.6,816,1,1,CAREFUL,ORGANIZE,2.6667,9.5257,0.0,0.0,5,5,0,17,0,17,17,34,5.18323,5.19109,0.04576,0.11105,1,0,2,0.0,0.00381,21,56,16,2,attached,7,6.41132,6.41644,-2.31206,3.28625,-5.00256,attached
20260526-194049-sentence-script-long-microtubule-tracks-723305,13.7,822,1,1,CAREFUL,ORGANIZE,2.7667,9.5257,0.0,0.0,5,5,0,17,0,17,17,31,5.25052,5.25821,0.11543,0.19224,2,0,2,0.0,0.00962,21,56,16,17,attached,22,6.49503,6.49996,-4.69429,-3.38436,2.95962,switched
20260526-194049-sentence-script-long-microtubule-tracks-723305,13.8,828,1,1,CAREFUL,ORGANIZE,2.8667,9.5257,0.0,0.0,5,5,0,17,0,17,17,25,5.34278,5.35025,1.67531,7.59053,2,0,2,0.0,0.13961,21,56,16,2,attached,7,6.52292,6.52787,-2.35093,3.36244,-5.07742,attached
20260526-194049-sentence-script-long-microtubule-tracks-723305,13.9,834,1,1,CAREFUL,ORGANIZE,2.9667,9.5257,0.0333,0.0,5,5,0,17,0,17,17,22,5.3651,5.37256,0.19428,0.20734,2,0,2,0.0,0.01619,21,56,16,17,attached,22,6.60663,6.61142,-4.78828,-3.41065,3.02502,switched
20260526-194049-sentence-script-long-microtubule-tracks-723305,14.0,840,1,1,CAREFUL,ORGANIZE,3.0667,9.5257,0.0,0.0,5,5,0,17,0,17,17,22,5.46067,5.46802,1.71875,8.0622,2,0,2,0.0,0.14323,21,56,16,17,attached,22,6.71823,6.72298,-4.8743,-3.45302,3.08486,switched
20260526-194049-sentence-script-long-microtubule-tracks-723305,14.1,846,1,1,CAREFUL,ORGANIZE,3.1667,9.5257,0.0,0.0,5,5,0,17,0,17,17,20,5.50633,5.51364,0.09101,0.17767,2,0,3,0.0,0.00758,21,56,16,17,attached,22,6.71823,6.72302,-4.87812,-3.44532,3.08752,switched
20260526-194049-sentence-script-long-microtubule-tracks-723305,14.2,852,1,1,CAREFUL,ORGANIZE,3.2667,9.5257,0.0167,0.0,5,5,0,17,0,17,17,18,5.5777,5.58489,0.13571,0.20976,2,0,3,0.0,0.01131,21,56,16,17,attached,22,6.85188,6.85651,-4.95149,-3.55582,3.13857,attached
20260526-194049-sentence-script-long-microtubule-tracks-723305,14.3,858,1,1,CAREFUL,ORGANIZE,3.3667,9.5257,0.0,0.0,5,5,0,17,0,17,17,18,5.69564,5.70269,0.53579,2.08708,2,0,3,0.0,0.04465,21,56,16,17,attached,22,6.98028,6.98487,-5.03499,-3.63574,3.19667,attached
20260526-194049-sentence-script-long-microtubule-tracks-723305,14.4,864,1,1,CAREFUL,ORGANIZE,3.4667,9.5257,0.0,0.0,5,5,0,17,0,17,17,18,5.74791,5.7549,1.8389,7.74271,2,0,3,0.0,0.15324,21,56,16,17,attached,22,6.98028,6.9849,-5.03267,-3.64043,3.19505,attached
20260526-194049-sentence-script-long-microtubule-tracks-723305,14.5,870,1,1,CAREFUL,ORGANIZE,3.5667,9.5257,0.0167,0.0,5,5,0,17,0,17,17,18,5.80111,5.80798,1.69843,7.8605,2,0,3,0.0,0.14154,21,56,16,2,attached,7,6.98872,6.9934,-2.53923,3.58703,-5.43997,attached
20260526-194049-sentence-script-long-microtubule-tracks-723305,14.6,876,1,1,CAREFUL,ORGANIZE,3.6667,9.5257,0.0,0.0,5,5,0,17,0,17,17,17,5.87428,5.88106,0.15215,0.19872,2,0,3,0.0,0.01268,21,56,16,17,attached,22,7.09938,7.10385,-5.12625,-3.68204,3.26017,attached
20260526-194049-sentence-script-long-microtubule-tracks-723305,14.7,882,1,1,CAREFUL,ORGANIZE,3.7667,9.5257,0.0,0.0,5,5,0,17,0,17,17,17,5.94664,5.95333,0.14229,0.20648,2,0,3,0.0,0.01186,21,56,16,17,attached,22,7.2138,7.21819,-5.21541,-3.72353,3.3222,attached
20260526-194049-sentence-script-long-microtubule-tracks-723305,14.8,888,1,1,CAREFUL,ORGANIZE,3.8667,9.5257,0.0,0.0,5,5,0,17,0,17,17,17,6.01884,6.02544,0.21091,0.60066,2,0,3,0.0,0.01758,21,56,16,17,attached,22,7.2138,7.21823,-5.22285,-3.70854,3.32738,attached
20260526-194049-sentence-script-long-microtubule-tracks-723305,14.9,894,1,1,CAREFUL,ORGANIZE,3.9667,9.5257,0.0,0.0,5,5,0,17,0,17,17,16,6.11388,6.12036,4.17664,7.07709,2,0,3,0.0,0.34805,21,56,16,17,attached,22,7.3254,7.3298,-5.30474,-3.75922,3.38436,attached
20260526-194049-sentence-script-long-microtubule-tracks-723305,15.0,900,1,1,CAREFUL,ORGANIZE,4.0667,9.5257,0.0,0.0,5,5,0,17,0,17,17,16,6.13956,6.14599,0.16933,0.20892,2,0,3,0.0,0.01411,21,56,16,17,attached,22,7.3254,7.32978,-5.30308,-3.76258,3.3832,attached
20260526-194049-sentence-script-long-microtubule-tracks-723305,15.1,906,1,1,CAREFUL,ORGANIZE,4.1667,9.5257,0.0,0.0,5,5,0,17,0,17,17,16,6.20995,6.21632,0.15602,0.20627,2,0,3,0.0,0.013,21,56,16,17,attached,22,7.437,7.44127,-5.37524,-3.83289,3.43341,attached
20260526-194049-sentence-script-long-microtubule-tracks-723305,15.2,912,1,1,CAREFUL,ORGANIZE,4.2667,9.5257,0.0,0.0,5,5,0,17,0,17,17,13,6.28292,6.2892,0.1531,0.2094,2,0,3,0.0,0.01276,21,56,16,17,attached,22,7.437,7.44125,-5.3666,-3.8503,3.42739,attached
20260526-194049-sentence-script-long-microtubule-tracks-723305,15.3,918,1,1,CAREFUL,ORGANIZE,4.3667,9.5257,0.0,0.0,5,5,0,17,0,17,17,12,6.30663,6.3129,0.11441,0.19028,2,0,3,0.0,0.00953,21,56,16,2,attached,7,7.48881,7.4932,-2.73708,3.84359,-5.82093,attached
20260526-194049-sentence-script-long-microtubule-tracks-723305,15.4,924,1,1,CAREFUL,ORGANIZE,4.4667,9.5257,0.0167,0.0,5,5,0,17,0,17,17,10,6.37584,6.38205,1.45913,6.83175,2,0,4,0.0,0.12159,21,56,16,2,attached,7,7.60266,7.60695,-2.78038,3.90826,-5.90429,attached
20260526-194049-sentence-script-long-microtubule-tracks-723305,15.5,930,1,1,CAREFUL,ORGANIZE,4.5667,9.5257,0.0,0.0,5,5,0,17,0,17,17,7,6.37584,6.38203,0.12887,0.20324,2,0,4,0.0,0.01074,21,56,16,2,attached,7,7.60266,7.6069,-2.77642,3.92249,-5.89666,attached
20260526-194049-sentence-script-long-microtubule-tracks-723305,15.6,936,1,1,CAREFUL,ORGANIZE,4.6667,9.5257,0.0,0.0,4,4,0,18,0,18,18,23,6.13251,6.13911,0.33824,1.00288,1,0,3,0.0,0.02255,21,56,16,17,attached,22,7.6602,7.66436,-5.51652,-3.97962,3.53171,attached
20260526-194049-sentence-script-long-microtubule-tracks-723305,15.7,942,1,1,CAREFUL,ORGANIZE,4.7667,9.5257,0.0167,0.0,3,3,0,19,0,19,19,39,5.66783,5.67516,0.14994,0.20556,0,0,3,0.0,0.0075,21,56,16,15,attached,16,5.99969,6.00631,4.38524,-0.58736,4.06208,attached
20260526-194049-sentence-script-long-microtubule-tracks-723305,15.8,948,1,1,CAREFUL,ORGANIZE,4.8667,9.5257,0.0,0.0,3,3,0,19,0,19,19,38,5.67301,5.68031,0.1793,0.20583,0,0,3,0.0,0.00897,21,56,16,15,attached,16,5.88809,5.89477,4.29632,-0.62664,3.98714,attached
20260526-194049-sentence-script-long-microtubule-tracks-723305,15.9,954,1,1,CAREFUL,ORGANIZE,4.9667,9.5257,0.0,0.0,3,3,0,19,0,19,19,37,5.75777,5.76502,0.09362,0.14661,0,0,3,0.0,0.00468,21,56,16,15,attached,16,6.01778,6.02437,4.39385,-0.65398,4.06934,attached
20260526-194049-sentence-script-long-microtubule-tracks-723305,16.0,960,1,1,CAREFUL,ORGANIZE,5.0667,9.5257,0.05,0.0,3,3,0,19,0,19,19,36,5.79848,5.80569,0.04889,0.08811,0,0,3,0.0,0.00244,21,56,16,15,attached,16,6.01778,6.02439,4.39361,-0.65691,4.06914,attached
20260526-194049-sentence-script-long-microtubule-tracks-723305,16.1,966,1,1,CAREFUL,ORGANIZE,5.1667,9.5257,0.0,0.0,3,3,0,19,0,19,19,36,5.91801,5.92502,0.15578,0.2014,0,0,3,0.0,0.00779,21,56,16,15,attached,16,6.14113,6.14752,4.49108,-0.62382,4.15128,attached
20260526-194049-sentence-script-long-microtubule-tracks-723305,16.2,972,1,1,CAREFUL,ORGANIZE,5.2667,9.5257,0.0833,0.0,3,3,0,19,0,19,19,36,5.95539,5.96238,2.31664,6.73122,0,0,3,0.0,0.11583,21,56,16,15,attached,16,6.14113,6.14758,4.49239,-0.60726,4.15239,attached
20260526-194049-sentence-script-long-microtubule-tracks-723305,16.3,978,1,1,CAREFUL,ORGANIZE,5.3667,9.5257,0.0,0.0,3,3,0,19,0,19,19,36,6.04079,6.0477,0.61136,1.77902,0,0,3,0.0,0.03057,21,56,16,15,attached,16,6.27083,6.27717,4.59157,-0.61392,4.23598,attached
20260526-194049-sentence-script-long-microtubule-tracks-723305,16.4,984,1,1,CAREFUL,ORGANIZE,5.4667,9.5257,0.0,0.0,3,3,0,19,0,19,19,36,6.08211,6.08897,0.08368,0.14739,1,0,3,0.0,0.00418,21,56,16,15,attached,16,6.3948,6.401,4.68543,-0.63213,4.31508,attached
20260526-194049-sentence-script-long-microtubule-tracks-723305,16.5,990,1,1,CAREFUL,ORGANIZE,5.5667,9.5257,0.0333,0.0,3,3,0,19,0,19,19,36,6.20536,6.21204,2.4888,7.14847,1,0,3,0.0,0.12444,21,56,16,15,attached,16,6.5139,6.51993,4.77476,-0.66011,4.39037,attached
20260526-194049-sentence-script-long-microtubule-tracks-723305,16.6,996,1,1,CAREFUL,ORGANIZE,5.6667,9.5257,0.0667,0.0,3,3,0,19,0,19,19,36,6.28971,6.29629,5.13138,7.78265,1,0,3,0.0,0.25657,21,56,16,15,attached,16,6.5139,6.51992,4.77314,-0.68057,4.389,attached
20260526-194049-sentence-script-long-microtubule-tracks-723305,16.7,1002,1,1,CAREFUL,ORGANIZE,5.7667,9.5257,0.0667,0.0,3,3,0,19,0,19,19,34,6.28971,6.29632,0.12308,0.20437,1,0,3,0.0,0.00615,21,56,16,15,attached,16,6.5139,6.51996,4.77169,-0.69868,4.38779,attached
20260526-194049-sentence-script-long-microtubule-tracks-723305,16.8,1008,1,1,CAREFUL,ORGANIZE,5.8667,9.5257,0.0,0.0,3,3,0,19,0,19,19,33,6.40672,6.41323,2.50564,7.32817,2,0,3,0.0,0.12528,21,56,16,15,attached,16,6.6255,6.6315,4.85582,-0.71967,4.45869,attached
20260526-194049-sentence-script-long-microtubule-tracks-723305,16.9,1014,1,1,CAREFUL,ORGANIZE,5.9667,9.5257,0.0667,0.0,3,3,0,19,0,19,19,33,6.40672,6.4132,0.13872,0.19517,2,0,3,0.0,0.00694,21,56,16,15,attached,16,6.6255,6.63142,4.85766,-0.69658,4.46024,attached
20260526-194049-sentence-script-long-microtubule-tracks-723305,17.0,1020,1,1,CAREFUL,ORGANIZE,6.0667,9.5257,0.0,0.0,3,3,0,19,0,19,19,30,6.52655,6.5329,0.16812,0.20655,2,0,3,0.0,0.00841,21,56,16,15,attached,16,6.75782,6.76363,4.95993,-0.6897,4.54643,attached
20260526-194049-sentence-script-long-microtubule-tracks-723305,17.1,1026,1,1,CAREFUL,ORGANIZE,6.1667,9.5257,0.0833,0.0,3,3,0,19,0,19,19,24,6.52655,6.53291,0.15838,0.18307,2,0,3,0.0,0.00792,21,56,16,15,attached,16,6.75782,6.76367,4.9613,-0.67241,4.54759,attached
20260526-194049-sentence-script-long-microtubule-tracks-723305,17.2,1032,1,1,CAREFUL,ORGANIZE,6.2667,9.5257,0.0,0.0,3,3,0,19,0,19,19,22,6.64228,6.64855,0.09332,0.20909,3,0,3,0.0,0.00467,21,56,16,15,attached,16,6.88179,6.88757,5.05622,-0.67726,4.62759,attached
20260526-194049-sentence-script-long-microtubule-tracks-723305,17.3,1038,1,1,CAREFUL,ORGANIZE,6.3667,9.5257,0.0,0.0,3,3,0,19,0,19,19,20,6.67948,6.68571,0.11239,0.16206,3,0,3,0.0,0.00562,21,56,16,15,attached,16,6.88179,6.88756,5.0559,-0.6814,4.62731,attached
20260526-194049-sentence-script-long-microtubule-tracks-723305,17.4,1044,1,1,CAREFUL,ORGANIZE,6.4667,9.5257,0.0,0.0,3,3,0,19,0,19,19,16,6.79279,6.7989,2.35205,6.69625,3,0,3,0.0,0.1176,21,56,16,15,attached,16,6.99853,7.00415,5.1435,-0.70826,4.70115,attached
20260526-194049-sentence-script-long-microtubule-tracks-723305,17.5,1050,1,1,CAREFUL,ORGANIZE,6.5667,9.5257,0.0,0.0,3,3,0,19,0,19,19,15,6.82999,6.83607,0.13491,0.20922,3,0,3,0.0,0.00675,21,56,16,15,attached,16,6.99853,7.00413,5.14189,-0.72855,4.69979,attached
20260526-194049-sentence-script-long-microtubule-tracks-723305,17.6,1056,1,1,CAREFUL,ORGANIZE,6.6667,9.5257,0.0,0.0,3,3,0,19,0,19,19,9,6.87476,6.88081,0.12652,0.20192,3,0,3,0.0,0.00633,21,56,16,15,attached,16,7.13285,7.13836,5.2453,-0.7267,4.78694,attached
20260526-194049-sentence-script-long-microtubule-tracks-723305,17.7,1062,1,1,CAREFUL,ORGANIZE,6.7667,9.5257,0.05,0.0,3,3,0,19,0,19,19,8,6.91843,6.92446,0.10054,0.13425,3,0,3,0.0,0.00503,21,56,16,15,attached,16,7.13285,7.1384,5.24663,-0.71004,4.78806,attached
20260526-194049-sentence-script-long-microtubule-tracks-723305,17.8,1068,1,1,CAREFUL,ORGANIZE,6.8667,9.5257,0.0,0.0,3,3,0,19,0,19,19,7,7.00275,7.00868,0.49336,1.22665,3,0,3,0.0,0.02467,21,56,16,15,attached,16,7.25997,7.26538,5.34222,-0.73691,4.86862,attached
20260526-194049-sentence-script-long-microtubule-tracks-723305,17.9,1074,1,1,CAREFUL,ORGANIZE,6.9667,9.5257,0.0,0.0,3,3,0,19,0,19,19,7,7.08798,7.09381,0.1935,0.20807,3,0,3,0.0,0.00968,21,56,16,15,attached,16,7.39229,7.3976,5.44123,-0.77104,4.95207,attached
20260526-194049-sentence-script-long-microtubule-tracks-723305,18.0,1080,1,1,CAREFUL,ORGANIZE,7.0667,9.5257,0.0167,0.0,3,3,0,19,0,19,19,3,7.12709,7.1329,0.17247,0.20948,3,0,3,0.0,0.00862,21,56,16,15,attached,16,7.39229,7.39763,5.43978,-0.78926,4.95085,attached
20260526-194049-sentence-script-long-microtubule-tracks-723305,18.1,1086,1,1,CAREFUL,ORGANIZE,7.1667,9.5257,0.0333,0.0,3,3,0,19,0,19,19,0,7.20673,7.21252,2.54178,7.40134,3,0,3,0.0,0.12709,21,56,16,15,attached,16,7.51565,7.52094,5.53282,-0.81168,5.02927,attached
20260526-194049-sentence-script-long-microtubule-tracks-723305,18.2,1092,1,1,CAREFUL,ORGANIZE,7.2667,9.5257,0.0667,0.0,3,3,0,19,0,19,19,0,7.24393,7.24969,2.28641,6.69648,3,0,3,0.0,0.11432,21,56,16,15,attached,16,7.51565,7.52093,5.53301,-0.80938,5.02942,attached
20260526-194049-sentence-script-long-microtubule-tracks-723305,18.3,1098,1,1,CAREFUL,ORGANIZE,7.3667,9.5257,0.05,0.0,3,3,0,19,0,19,19,0,7.31984,7.32551,3.48297,6.97124,3,0,3,0.0,0.17415,21,56,16,15,attached,16,7.6318,7.63695,5.62241,-0.80796,5.10478,attached
20260526-194049-sentence-script-long-microtubule-tracks-723305,18.4,1104,1,1,CAREFUL,ORGANIZE,7.4667,9.5257,0.0,0.0,3,3,0,19,0,19,19,0,7.35704,7.36267,0.17104,0.2099,3,0,3,0.0,0.00855,22,56,16,15,attached,16,7.6318,7.63693,5.624,-0.78808,5.10611,attached
20260526-194049-sentence-script-long-microtubule-tracks-723305,18.5,1110,1,1,CAREFUL,ORGANIZE,7.5667,9.5257,0.0833,0.0,3,3,0,19,0,19,19,0,7.35704,7.36269,0.41297,1.00238,3,0,3,0.0,0.02065,22,56,16,15,attached,16,7.6318,7.63701,5.62655,-0.75593,5.10826,attached
20260526-194049-sentence-script-long-microtubule-tracks-723305,18.6,1116,1,1,CAREFUL,ORGANIZE,7.6667,9.5257,0.0167,0.0667,2,2,0,20,0,20,20,18,7.34196,7.34775,0.14097,0.20991,2,0,2,0.0,0.0047,22,56,16,11,attached,4,7.46468,7.47041,-5.01702,5.40678,-1.18462,attached
20260526-194049-sentence-script-long-microtubule-tracks-723305,18.7,1122,1,1,CAREFUL,ORGANIZE,7.7667,9.5257,0.1167,0.1667,2,2,0,20,0,20,20,18,7.34196,7.34776,0.11228,0.17269,2,0,2,0.0,0.00374,22,56,16,11,attached,4,7.46468,7.47044,-5.00319,5.42015,-1.18217,attached
20260526-194049-sentence-script-long-microtubule-tracks-723305,18.8,1128,1,1,CAREFUL,ORGANIZE,7.8667,9.5257,0.0,0.2667,2,2,0,20,0,20,20,18,7.46069,7.46639,0.11641,0.15766,2,0,2,0.0,0.00388,22,56,16,11,attached,4,7.59053,7.59624,-5.08013,5.51953,-1.19578,attached
20260526-194049-sentence-script-long-microtubule-tracks-723305,18.9,1134,1,1,CAREFUL,ORGANIZE,7.9667,9.5257,0.0,0.3667,2,2,0,20,0,20,20,18,7.58891,7.59454,0.07626,0.10387,2,0,2,0.0,0.00254,22,56,16,11,attached,4,7.71265,7.71827,-5.16283,5.6082,-1.21041,attached
20260526-194049-sentence-script-long-microtubule-tracks-723305,19.0,1140,1,1,CAREFUL,ORGANIZE,8.0667,9.5257,0.0,0.4667,2,2,0,20,0,20,20,18,7.65408,7.65963,0.11347,0.20968,2,0,2,0.0,0.00378,22,56,16,11,attached,4,7.71265,7.7182,-5.1892,5.58269,-1.21507,attached
20260526-194049-sentence-script-long-microtubule-tracks-723305,19.1,1146,1,1,CAREFUL,ORGANIZE,8.1667,9.5257,0.0333,0.5667,0,0,0,22,0,22,22,54,0.0,0.0,0.0,0.0,0,0,0,0.0,0.0,22,56,16,,,,,,,,,
20260526-194049-sentence-script-long-microtubule-tracks-723305,19.2,1152,1,1,RESETTING,ORGANIZE,8.1667,9.5257,0.0833,0.6667,0,0,0,22,0,22,22,54,0.0,0.0,0.0,0.0,0,0,0,0.0,0.0,22,56,16,,,,,,,,,
20260526-194049-sentence-script-long-microtubule-tracks-723305,19.3,1158,1,1,RESETTING,ORGANIZE,8.1667,9.5257,0.1833,0.7667,0,0,0,22,0,22,22,54,0.0,0.0,0.0,0.0,0,0,0,0.0,0.0,22,56,16,,,,,,,,,
20260526-194049-sentence-script-long-microtubule-tracks-723305,19.4,1164,1,1,RESETTING,ORGANIZE,8.1667,9.5257,0.2833,0.8667,0,0,0,22,0,22,22,54,0.0,0.0,0.0,0.0,0,0,0,0.0,0.0,22,56,16,,,,,,,,,
20260526-194049-sentence-script-long-microtubule-tracks-723305,19.5,1170,1,1,RESETTING,ORGANIZE,8.1667,9.5257,0.3833,0.9667,0,0,0,22,0,22,22,54,0.0,0.0,0.0,0.0,0,0,0,0.0,0.0,22,56,16,,,,,,,,,
20260526-194049-sentence-script-long-microtubule-tracks-723305,19.6,1176,1,1,RESETTING,ORGANIZE,8.1667,9.5257,0.4833,1.0667,0,0,0,22,0,22,22,54,0.0,0.0,0.0,0.0,0,0,0,0.0,0.0,22,56,16,,,,,,,,,
20260526-194049-sentence-script-long-microtubule-tracks-723305,19.7,1182,1,1,RESETTING,ORGANIZE,8.1667,9.5257,0.5833,1.1667,0,0,0,22,0,22,22,52,0.0,0.0,0.0,0.0,0,0,0,0.0,0.0,22,56,16,,,,,,,,,
20260526-194049-sentence-script-long-microtubule-tracks-723305,19.8,1188,1,1,RESETTING,ORGANIZE,8.1667,9.5257,0.6833,1.2667,0,0,0,22,0,22,22,50,0.0,0.0,0.0,0.0,0,0,0,0.0,0.0,22,56,16,,,,,,,,,
20260526-194049-sentence-script-long-microtubule-tracks-723305,19.9,1194,1,1,RESETTING,ORGANIZE,8.1667,9.5257,0.7833,1.3667,0,0,0,22,0,22,22,50,0.0,0.0,0.0,0.0,0,0,0,0.0,0.0,22,56,16,,,,,,,,,
20260526-194049-sentence-script-long-microtubule-tracks-723305,20.0,1200,1,1,RESETTING,ORGANIZE,8.1667,9.5257,0.8833,1.4667,0,0,0,22,0,22,22,48,0.0,0.0,0.0,0.0,0,0,0,0.0,0.0,22,56,16,,,,,,,,,
20260526-194049-sentence-script-long-microtubule-tracks-723305,20.1,1206,1,1,RESETTING,ORGANIZE,8.1667,9.5257,0.9833,1.5667,0,0,0,22,0,22,22,44,0.0,0.0,0.0,0.0,0,0,0,0.0,0.0,22,56,16,,,,,,,,,
20260526-194049-sentence-script-long-microtubule-tracks-723305,20.2,1212,1,1,RESETTING,ORGANIZE,8.1667,9.5257,1.0833,1.6667,0,0,0,22,0,22,22,39,0.0,0.0,0.0,0.0,0,0,0,0.0,0.0,22,56,16,,,,,,,,,
20260526-194049-sentence-script-long-microtubule-tracks-723305,20.3,1218,1,1,RESETTING,ORGANIZE,8.1667,9.5257,1.1833,1.7667,0,0,0,22,0,22,22,37,0.0,0.0,0.0,0.0,0,0,0,0.0,0.0,22,56,16,,,,,,,,,
20260526-194049-sentence-script-long-microtubule-tracks-723305,20.4,1224,1,1,RESETTING,ORGANIZE,8.1667,9.5257,1.2833,1.8667,0,0,0,22,0,22,22,35,0.0,0.0,0.0,0.0,0,0,0,0.0,0.0,22,56,16,,,,,,,,,
20260526-194049-sentence-script-long-microtubule-tracks-723305,20.5,1230,1,1,RESETTING,ORGANIZE,8.1667,9.5257,1.3833,1.9667,0,0,0,22,0,22,22,31,0.0,0.0,0.0,0.0,0,0,0,0.0,0.0,22,56,16,,,,,,,,,
20260526-194049-sentence-script-long-microtubule-tracks-723305,20.6,1236,1,1,RESETTING,ORGANIZE,8.1667,9.5257,1.4833,2.0667,0,0,0,22,0,22,22,29,0.0,0.0,0.0,0.0,0,0,0,0.0,0.0,22,56,16,,,,,,,,,
20260526-194049-sentence-script-long-microtubule-tracks-723305,20.7,1242,1,1,RESETTING,ORGANIZE,8.1667,9.5257,1.5833,2.1667,0,0,0,22,0,22,22,26,0.0,0.0,0.0,0.0,0,0,0,0.0,0.0,22,56,16,,,,,,,,,
20260526-194049-sentence-script-long-microtubule-tracks-723305,20.8,1248,1,1,RESETTING,ORGANIZE,8.1667,9.5257,1.6833,2.2667,0,0,0,22,0,22,22,25,0.0,0.0,0.0,0.0,0,0,0,0.0,0.0,22,56,16,,,,,,,,,
20260526-194049-sentence-script-long-microtubule-tracks-723305,20.9,1254,1,1,RESETTING,ORGANIZE,8.1667,9.5257,1.7833,2.3667,0,0,0,22,0,22,22,19,0.0,0.0,0.0,0.0,0,0,0,0.0,0.0,22,56,16,,,,,,,,,
20260526-194049-sentence-script-long-microtubule-tracks-723305,21.0,1260,1,1,RESETTING,ORGANIZE,8.1667,9.5257,1.8833,2.4667,0,0,0,22,0,22,22,13,0.0,0.0,0.0,0.0,0,0,0,0.0,0.0,22,56,16,,,,,,,,,
20260526-194049-sentence-script-long-microtubule-tracks-723305,21.1,1266,1,1,RESETTING,ORGANIZE,8.1667,9.5257,1.9833,2.5667,0,0,0,22,0,22,22,8,0.0,0.0,0.0,0.0,0,0,0,0.0,0.0,22,56,16,,,,,,,,,
20260526-194049-sentence-script-long-microtubule-tracks-723305,21.2,1272,1,1,RESETTING,ORGANIZE,8.1667,9.5257,2.0833,2.6667,0,0,0,22,0,22,22,5,0.0,0.0,0.0,0.0,0,0,0,0.0,0.0,22,56,16,,,,,,,,,
20260526-194049-sentence-script-long-microtubule-tracks-723305,21.3,1278,1,1,RESETTING,ORGANIZE,8.1667,9.5257,2.1833,2.7667,0,0,0,22,0,22,22,3,0.0,0.0,0.0,0.0,0,0,0,0.0,0.0,22,56,16,,,,,,,,,
20260526-194049-sentence-script-long-microtubule-tracks-723305,21.4,1284,1,1,RESETTING,ORGANIZE,8.1667,9.5257,2.2833,2.8667,0,0,0,22,0,22,22,3,0.0,0.0,0.0,0.0,0,0,0,0.0,0.0,22,56,16,,,,,,,,,
20260526-194049-sentence-script-long-microtubule-tracks-723305,21.5,1290,1,1,RESETTING,ORGANIZE,8.1667,9.5257,2.3833,2.9667,0,0,0,22,0,22,22,1,0.0,0.0,0.0,0.0,0,0,0,0.0,0.0,22,56,16,,,,,,,,,
20260526-194049-sentence-script-long-microtubule-tracks-723305,21.6,1296,1,1,RESETTING,ORGANIZE,8.1667,9.5257,2.4833,3.0667,0,0,0,22,0,22,22,0,0.0,0.0,0.0,0.0,0,0,0,0.0,0.0,22,56,16,,,,,,,,,
20260526-194049-sentence-script-long-microtubule-tracks-723305,21.7,1302,1,1,RESETTING,ORGANIZE,8.1667,9.5257,2.5833,3.1667,0,0,0,22,0,22,22,0,0.0,0.0,0.0,0.0,0,0,0,0.0,0.0,22,56,16,,,,,,,,,
20260526-194049-sentence-script-long-microtubule-tracks-723305,21.8,1308,1,1,RESETTING,ORGANIZE,8.1667,9.5257,2.6833,3.2667,0,0,0,22,0,22,22,0,0.0,0.0,0.0,0.0,0,0,0,0.0,0.0,22,56,16,,,,,,,,,
20260526-194049-sentence-script-long-microtubule-tracks-723305,21.9,1314,1,1,RESETTING,ORGANIZE,8.1667,9.5257,2.7833,3.3667,0,0,0,22,0,22,22,0,0.0,0.0,0.0,0.0,0,0,0,0.0,0.0,22,56,16,,,,,,,,,
20260526-194049-sentence-script-long-microtubule-tracks-723305,22.0,1320,1,1,RESETTING,ORGANIZE,8.1667,9.5257,2.8833,3.4667,0,0,0,22,0,22,22,0,0.0,0.0,0.0,0.0,0,0,0,0.0,0.0,22,56,16,,,,,,,,,
20260526-194049-sentence-script-long-microtubule-tracks-723305,22.1,1326,1,1,RESETTING,ORGANIZE,8.1667,9.5257,2.9833,3.5667,0,0,0,22,0,22,22,0,0.0,0.0,0.0,0.0,0,0,0,0.0,0.0,22,56,16,,,,,,,,,
20260526-194049-sentence-script-long-microtubule-tracks-723305,22.2,1332,2,1,ORGANIZE,,0.0833,7.3124,0.0,0.0,22,22,0,0,0,0,0,32,1.85552,1.87832,0.58933,10.51452,0,21,0,0.02597,0.21609,0,0,10,7,attached,18,2.72285,2.73582,2.05394,-0.6879,-1.67118,
20260526-194049-sentence-script-long-microtubule-tracks-723305,22.3,1338,2,1,ORGANIZE,,0.1833,7.3124,0.0,0.0,22,18,4,0,0,0,0,36,2.10067,2.00553,0.78781,14.2724,0,20,0,0.02597,0.492,4,0,12,7,attached,18,2.9607,2.97252,2.21995,-0.7317,-1.83638,
20260526-194049-sentence-script-long-microtubule-tracks-723305,22.4,1344,2,1,ORGANIZE,,0.2833,7.3124,0.0,0.0,22,16,6,0,0,0,0,36,2.1838,2.08152,1.18389,13.28588,0,17,0,0.02597,0.53258,8,0,12,7,attached,18,2.99038,3.0022,2.2487,-0.69159,-1.865,attached
20260526-194049-sentence-script-long-microtubule-tracks-723305,22.5,1350,2,1,ORGANIZE,,0.3833,7.3124,0.0,0.0,22,14,8,0,0,0,0,36,2.28027,2.14834,0.76533,13.09029,0,16,0,0.02165,0.39734,10,0,12,1,attached,27,3.12155,3.13585,-0.89609,-2.67396,1.37132,
20260526-194049-sentence-script-long-microtubule-tracks-723305,22.6,1356,2,1,ORGANIZE,,0.4833,7.3124,0.0,0.0,22,14,8,0,0,0,0,36,2.32407,2.17996,0.72815,12.80239,0,15,0,0.01299,0.37435,10,1,12,7,attached,18,3.22824,3.23914,2.41146,-0.75385,-2.02696,attached
20260526-194049-sentence-script-long-microtubule-tracks-723305,22.7,1362,2,1,ORGANIZE,,0.5833,7.3124,0.0,0.0,22,14,8,0,0,0,0,36,2.25244,2.21489,0.14017,0.27845,0,16,0,0.01299,0.15238,11,2,12,7,attached,18,3.46609,3.47616,2.57205,-0.82843,-2.18677,attached
20260526-194049-sentence-script-long-microtubule-tracks-723305,22.8,1368,2,1,ORGANIZE,,0.6833,7.3124,0.0,0.0,22,16,6,0,0,0,0,36,2.34271,2.26733,1.20226,12.27472,0,15,0,0.00866,0.51214,11,2,12,7,attached,18,3.46609,3.47617,2.56852,-0.84848,-2.18325,attached
20260526-194049-sentence-script-long-microtubule-tracks-723305,22.9,1374,2,1,ORGANIZE,,0.7833,7.3124,0.0,0.0,22,17,5,0,0,0,0,16,2.4192,2.33723,1.22808,13.67355,0,13,0,0.01299,0.50501,11,2,12,7,attached,18,3.70395,3.71347,2.72932,-0.9218,-2.34328,attached
20260526-194049-sentence-script-long-microtubule-tracks-723305,23.0,1380,2,1,ORGANIZE,,0.8833,7.3124,0.0,0.0,22,19,3,0,0,0,0,13,2.39084,2.35223,0.63002,11.05484,0,13,0,0.01299,0.2611,11,3,12,1,attached,27,3.77606,3.7879,-1.00143,-3.27279,1.62302,
20260526-194049-sentence-script-long-microtubule-tracks-723305,23.1,1386,2,1,ORGANIZE,,0.9833,7.3124,0.0,0.0,22,20,2,0,0,0,0,11,2.41698,2.45588,2.04893,12.8025,0,13,0,0.01299,0.90352,13,3,14,7,attached,18,3.9418,3.95076,2.89284,-0.97979,-2.50599,attached
20260526-194049-sentence-script-long-microtubule-tracks-723305,23.2,1392,2,1,ORGANIZE,,1.0833,7.3124,0.0,0.0,22,20,2,0,0,0,0,10,2.44457,2.42076,0.14574,0.38068,0,13,0,0.02165,0.05688,14,4,14,7,attached,18,4.17966,4.18802,3.05919,-1.02166,-2.67154,attached
20260526-194049-sentence-script-long-microtubule-tracks-723305,23.3,1398,2,1,ORGANIZE,,1.1833,7.3124,0.0,0.0,22,20,2,0,0,0,0,8,2.47717,2.52364,0.35039,4.53002,0,12,0,0.0303,0.12799,16,4,14,7,attached,18,4.17966,4.18801,3.06272,-1.00166,-2.67505,attached
20260526-194049-sentence-script-long-microtubule-tracks-723305,23.4,1404,2,1,ORGANIZE,,1.2833,7.3124,0.0,0.0,22,21,1,0,0,0,0,8,2.53319,2.57489,0.68355,9.32782,0,12,0,0.02597,0.26088,16,4,14,7,attached,18,4.41751,4.42548,3.22941,-1.0416,-2.84093,attached
20260526-194049-sentence-script-long-microtubule-tracks-723305,23.5,1410,2,1,ORGANIZE,,1.3833,7.3124,0.0,0.0,22,19,3,0,0,0,0,6,2.4829,2.52455,0.13077,0.25797,0,11,0,0.02165,0.08669,18,5,14,7,attached,18,4.65537,4.66299,3.39458,-1.09016,-3.0053,attached
20260526-194049-sentence-script-long-microtubule-tracks-723305,23.6,1416,2,1,ORGANIZE,,1.4833,7.3124,0.0,0.0,22,20,2,0,0,0,0,4,2.6016,2.62403,2.5484,14.27154,0,9,0,0.01299,0.95398,18,5,14,7,attached,18,4.89323,4.90046,3.55769,-1.15044,-3.16761,attached
20260526-194049-sentence-script-long-microtubule-tracks-723305,23.7,1422,2,1,ORGANIZE,,1.5833,7.3124,0.0,0.0,22,20,2,0,0,0,0,8,2.69391,2.70863,0.13122,0.20972,0,9,0,0.01732,0.07452,18,5,16,7,attached,18,4.89323,4.90039,3.5553,-1.16403,-3.16523,attached
20260526-194049-sentence-script-long-microtubule-tracks-723305,23.8,1428,2,1,ORGANIZE,,1.6833,7.3124,0.0,0.0,22,20,2,0,0,0,0,4,2.86804,2.81004,0.54549,8.64252,0,9,0,0.02165,0.22405,19,5,16,7,attached,18,4.89323,4.90035,3.55185,-1.18359,-3.1618,attached
20260526-194049-sentence-script-long-microtubule-tracks-723305,23.9,1434,2,1,ORGANIZE,,1.7833,7.3124,0.0,0.0,22,21,1,0,0,0,0,4,2.97752,2.89859,0.54207,8.64024,0,9,0,0.01732,0.21334,19,5,16,7,attached,18,5.13108,5.13793,3.71216,-1.2597,-3.32134,attached
20260526-194049-sentence-script-long-microtubule-tracks-723305,24.0,1440,2,1,ORGANIZE,,1.8833,7.3124,0.0,0.0,22,22,0,0,0,0,0,4,3.00165,3.01866,0.70851,12.80176,0,9,0,0.01732,0.25979,19,5,16,7,attached,18,5.13108,5.13799,3.71017,-1.271,-3.31935,attached
20260526-194049-sentence-script-long-microtubule-tracks-723305,24.1,1446,2,1,ORGANIZE,,1.9833,7.3124,0.0,0.0,22,22,0,0,0,0,0,4,2.9742,2.99059,0.11289,0.20955,0,10,0,0.02165,0.04139,19,6,16,7,attached,18,5.36894,5.37554,3.87379,-1.32838,-3.48218,attached
20260526-194049-sentence-script-long-microtubule-tracks-723305,24.2,1452,2,1,ORGANIZE,,2.0833,7.3124,0.0,0.0,22,22,0,0,0,0,0,8,3.10327,3.11887,0.6329,11.05376,0,10,1,0.02165,0.23206,19,6,18,7,attached,18,5.60679,5.61306,4.03941,-1.37443,-3.64699,attached
20260526-194049-sentence-script-long-microtubule-tracks-723305,24.3,1458,2,1,ORGANIZE,,2.1833,7.3124,0.0,0.0,22,22,0,0,0,0,0,12,3.21063,3.22524,0.76441,13.67487,0,9,1,0.01732,0.28028,19,6,20,7,attached,18,5.84465,5.85062,4.20632,-1.41311,-3.81309,attached
20260526-194049-sentence-script-long-microtubule-tracks-723305,24.4,1464,2,1,ORGANIZE,,2.2833,7.3124,0.0,0.0,22,22,0,0,0,0,0,12,3.29063,3.30494,2.14881,13.09021,0,7,1,0.01732,0.7879,19,6,20,7,attached,18,5.84465,5.85064,4.20977,-1.39357,-3.81652,attached
20260526-194049-sentence-script-long-microtubule-tracks-723305,24.5,1470,2,1,ORGANIZE,,2.3833,7.3124,0.0,0.0,22,20,2,0,0,0,0,8,3.35149,3.39393,0.13391,0.25947,0,7,2,0.01732,0.08209,21,6,20,7,attached,18,6.0825,6.08832,4.37577,-1.43746,-3.98171,attached
20260526-194049-sentence-script-long-microtubule-tracks-723305,24.6,1476,2,1,ORGANIZE,,2.4833,7.3124,0.0,0.0,22,20,2,0,0,0,0,8,3.53734,3.52715,1.56492,14.23977,0,7,3,0.01299,0.58241,22,7,20,7,attached,18,6.32036,6.32597,4.53987,-1.49207,-4.14502,attached
20260526-194049-sentence-script-long-microtubule-tracks-723305,24.7,1482,2,1,ORGANIZE,,2.5833,7.3124,0.0,0.0,22,20,2,0,0,0,0,12,3.46897,3.58002,1.1306,13.67497,1,7,3,0.01732,0.57356,24,7,22,7,attached,18,6.55821,6.56358,4.70192,-1.55841,-4.30627,attached
20260526-194049-sentence-script-long-microtubule-tracks-723305,24.8,1488,2,1,ORGANIZE,,2.6833,7.3124,0.0,0.0,22,22,0,0,0,0,0,16,3.36867,3.38421,1.03243,11.03695,1,8,2,0.02165,0.37856,24,9,24,7,attached,18,6.79607,6.80121,4.86244,-1.63333,-4.46601,attached
20260526-194049-sentence-script-long-microtubule-tracks-723305,24.9,1494,2,1,ORGANIZE,,2.7833,7.3124,0.0,0.0,22,21,1,0,0,0,0,12,3.41592,3.41541,1.9276,12.03654,1,8,2,0.02165,0.72799,26,9,24,7,attached,18,6.79607,6.80121,4.85892,-1.65333,-4.46251,attached
20260526-194049-sentence-script-long-microtubule-tracks-723305,25.0,1500,2,1,ORGANIZE,,2.8833,7.3124,0.0,0.0,22,20,2,0,0,0,0,8,3.43466,3.49253,2.87643,12.03696,1,7,2,0.02597,1.154,28,9,24,7,attached,18,7.03392,7.03894,5.0198,-1.72623,-4.62261,attached
20260526-194049-sentence-script-long-microtubule-tracks-723305,25.1,1506,2,1,ORGANIZE,,2.9833,7.3124,0.0,0.0,22,19,3,0,0,0,0,8,3.31908,3.53945,0.62526,11.03779,1,7,2,0.02165,0.47507,30,9,24,7,attached,18,7.27178,7.27666,5.18243,-1.78922,-4.78445,attached
20260526-194049-sentence-script-long-microtubule-tracks-723305,25.2,1512,2,1,ORGANIZE,,3.0833,7.3124,0.0,0.0,22,20,2,0,0,0,0,8,3.48322,3.60167,1.35227,10.51584,1,7,2,0.02597,0.52464,30,9,24,7,attached,18,7.50963,7.51433,5.34715,-1.84034,-4.94837,attached
20260526-194049-sentence-script-long-microtubule-tracks-723305,25.3,1518,2,1,ORGANIZE,,3.1833,7.3124,0.0,0.0,22,19,3,0,0,0,0,8,3.1588,3.4407,1.25726,15.8557,1,8,3,0.01732,0.50816,31,12,24,7,attached,18,7.50963,7.51429,5.34997,-1.82438,-4.95117,attached
20260526-194049-sentence-script-long-microtubule-tracks-723305,25.4,1524,2,1,ORGANIZE,,3.2833,7.3124,0.0,0.0,21,18,3,1,0,1,1,26,2.99472,3.31682,0.97223,8.64235,0,8,2,0.01429,0.38412,31,12,24,1,detached,27,6.17593,6.15157,-1.69167,-5.24738,2.72858,detached
20260526-194049-sentence-script-long-microtubule-tracks-723305,25.5,1530,2,1,ORGANIZE,,3.3833,7.3124,0.0,0.0,21,18,3,1,0,1,1,22,2.89535,3.23624,0.14773,0.25467,0,9,3,0.01429,0.07856,32,13,24,1,detached,27,6.17593,6.24488,-1.81198,-5.30303,2.75557,detached
20260526-194049-sentence-script-long-microtubule-tracks-723305,25.6,1536,2,1,ORGANIZE,,3.4833,7.3124,0.0,0.0,21,18,3,1,0,1,1,18,2.75364,3.118,0.64985,11.03807,0,9,3,0.02381,0.2696,32,14,24,1,detached,27,6.17593,6.3307,-1.92449,-5.35579,2.77301,detached
20260526-194049-sentence-script-long-microtubule-tracks-723305,25.7,1542,2,1,ORGANIZE,,3.5833,7.3124,0.0,0.0,21,21,0,1,0,1,1,18,3.12658,3.14618,0.99653,9.32562,0,8,3,0.02381,0.34879,32,15,24,1,attached,27,6.31347,6.32048,-1.51444,-5.43499,2.84883,attached
20260526-194049-sentence-script-long-microtubule-tracks-723305,25.8,1548,2,1,ORGANIZE,,3.6833,7.3124,0.0,0.0,21,19,2,1,0,1,1,22,3.05859,3.21598,1.0481,10.51593,1,8,3,0.01905,0.38775,34,15,26,1,attached,27,6.53164,6.5384,-1.55031,-5.63344,2.93455,attached
20260526-194049-sentence-script-long-microtubule-tracks-723305,25.9,1554,2,1,ORGANIZE,,3.7833,7.3124,0.0,0.0,21,19,2,1,0,1,1,22,3.15813,3.31541,1.94169,11.03828,1,8,3,0.01905,0.77544,34,15,26,1,attached,27,6.74981,6.75639,-1.58681,-5.83094,3.02176,attached
20260526-194049-sentence-script-long-microtubule-tracks-723305,26.0,1560,2,1,ORGANIZE,,3.8833,7.3124,0.0,0.0,21,20,1,1,0,1,1,22,3.25638,3.35524,0.52622,8.6403,1,8,3,0.00952,0.1969,34,15,26,1,attached,27,6.74981,6.75644,-1.58341,-5.83612,3.01362,attached
20260526-194049-sentence-script-long-microtubule-tracks-723305,26.1,1566,2,1,ORGANIZE,,3.9833,7.3124,0.0,0.0,21,19,2,1,0,1,1,22,3.26592,3.42835,0.6959,9.18213,2,8,3,0.01905,0.27028,36,15,26,1,attached,27,6.96798,6.97439,-1.62666,-6.02333,3.11698,attached
20260526-194049-sentence-script-long-microtubule-tracks-723305,26.2,1572,2,1,ORGANIZE,,4.0833,7.3124,0.0,0.0,21,20,1,1,0,1,1,26,3.43002,3.50746,0.98129,9.32572,2,8,3,0.01429,0.34824,36,15,28,1,attached,27,7.18615,7.19232,-1.67369,-6.20479,3.22936,attached
20260526-194049-sentence-script-long-microtubule-tracks-723305,26.3,1578,2,1,ORGANIZE,,4.1833,7.3124,0.0,0.0,21,19,2,1,0,1,1,26,3.46335,3.58762,2.15476,14.23919,3,8,4,0.01429,0.77199,37,15,28,1,attached,27,7.18615,7.19229,-1.68029,-6.19474,3.24513,attached
20260526-194049-sentence-script-long-microtubule-tracks-723305,26.4,1584,2,1,ORGANIZE,,4.2833,7.3124,0.0,0.0,21,21,0,1,0,1,1,25,3.48085,3.49914,0.14561,0.20991,3,9,4,0.00952,0.05096,37,16,28,1,attached,27,7.40432,7.41031,-1.72953,-6.37284,3.36278,attached
20260526-194049-sentence-script-long-microtubule-tracks-723305,26.5,1590,2,1,ORGANIZE,,4.3833,7.3124,0.0,0.0,21,21,0,1,0,1,1,23,3.45688,3.47514,0.52427,8.64077,3,10,5,0.01905,0.18349,37,17,30,1,attached,27,7.40432,7.41035,-1.73374,-6.36643,3.37285,attached
20260526-194049-sentence-script-long-microtubule-tracks-723305,26.6,1596,2,1,ORGANIZE,,4.4833,7.3124,0.0,0.0,21,21,0,1,0,1,1,21,3.53887,3.55649,0.94946,9.1818,3,9,5,0.01429,0.33231,39,17,30,1,attached,27,7.62249,7.62836,-1.77683,-6.55389,3.47581,attached
20260526-194049-sentence-script-long-microtubule-tracks-723305,26.7,1602,2,1,ORGANIZE,,4.5833,7.3124,0.0,0.0,21,21,0,1,0,1,1,24,3.61609,3.63363,0.63822,8.64254,3,9,6,0.01905,0.22338,39,17,32,1,attached,27,7.62249,7.62832,-1.77329,-6.55929,3.46733,attached
20260526-194049-sentence-script-long-microtubule-tracks-723305,26.8,1608,2,1,ORGANIZE,,4.6833,7.3124,0.0,0.0,20,20,0,2,0,2,2,42,3.51058,3.52798,1.70643,14.23857,2,9,5,0.01579,0.56881,39,17,32,3,attached,13,7.06644,7.07249,6.92995,0.70311,-1.22538,attached
20260526-194049-sentence-script-long-microtubule-tracks-723305,26.9,1614,2,1,ORGANIZE,,4.7833,7.3124,0.0,0.0,20,20,0,2,0,2,2,41,3.57936,3.59617,0.98987,8.64253,2,9,5,0.01579,0.32996,39,17,32,3,attached,13,7.23331,7.23923,7.09227,0.71817,-1.26107,attached
20260526-194049-sentence-script-long-microtubule-tracks-723305,27.0,1620,2,1,ORGANIZE,,4.8833,7.3124,0.0,0.0,20,20,0,2,0,2,2,41,3.68508,3.70139,0.65393,10.54492,2,9,6,0.01053,0.21798,39,18,34,4,attached,8,7.40217,7.40648,6.1347,3.30541,2.50912,
20260526-194049-sentence-script-long-microtubule-tracks-723305,27.1,1626,2,1,ORGANIZE,,4.9833,7.3124,0.0,0.0,20,20,0,2,0,2,2,40,3.81612,3.83153,1.91469,9.32587,3,9,6,0.01579,0.63823,39,19,34,4,attached,8,7.40217,7.40647,6.12606,3.32376,2.50597,
20260526-194049-sentence-script-long-microtubule-tracks-723305,27.2,1632,2,1,ORGANIZE,,5.0833,7.3124,0.0,0.0,20,20,0,2,0,2,2,34,3.66361,3.68036,1.05678,8.64058,3,10,5,0.00526,0.35226,39,20,34,4,attached,8,7.60275,7.60698,6.28675,3.4301,2.56465,
20260526-194049-sentence-script-long-microtubule-tracks-723305,27.3,1638,2,1,ORGANIZE,,5.1833,7.3124,0.0,0.0,19,19,0,3,0,3,3,52,3.26897,3.28808,1.48301,8.64217,2,11,3,0.00585,0.46962,39,21,34,4,attached,8,7.60275,7.60702,6.28263,3.43884,2.56315,
20260526-194049-sentence-script-long-microtubule-tracks-723305,27.4,1644,2,1,ORGANIZE,,5.2833,7.3124,0.0,0.0,18,18,0,4,0,4,4,62,3.10884,3.12769,0.61629,8.64159,1,10,3,0.00654,0.18489,39,21,34,16,attached,13,6.89397,6.89914,6.75744,0.67837,-1.21449,attached
20260526-194049-sentence-script-long-microtubule-tracks-723305,27.5,1650,2,1,ORGANIZE,,5.3833,7.3124,0.0,0.0,18,18,0,4,0,4,4,64,3.21545,3.23314,0.71739,8.64,1,8,3,0.00654,0.21522,39,22,36,16,attached,13,7.13127,7.13625,6.9873,0.70946,-1.26503,attached
20260526-194049-sentence-script-long-microtubule-tracks-723305,27.6,1656,2,1,ORGANIZE,,5.4833,7.3124,0.0,0.0,18,16,2,4,0,4,4,62,3.33984,3.26461,0.60669,8.64229,1,8,3,0.00654,0.21064,41,22,36,16,attached,13,7.13127,7.1362,6.98563,0.72587,-1.26466,attached
20260526-194049-sentence-script-long-microtubule-tracks-723305,27.7,1662,2,1,ORGANIZE,,5.5833,7.3124,0.0,0.0,18,16,2,4,0,4,4,58,3.44467,3.3557,0.13112,0.2068,1,8,3,0.00654,0.06585,41,22,36,16,attached,13,7.36858,7.37334,7.21407,0.77097,-1.31488,attached
20260526-194049-sentence-script-long-microtubule-tracks-723305,27.8,1668,2,1,ORGANIZE,,5.6833,7.3124,0.0,0.0,18,16,2,4,0,4,4,57,3.08002,3.03244,1.73779,8.64239,1,9,2,0.0,0.54543,41,24,36,20,attached,2,6.49573,6.50215,0.57335,5.61035,-3.23623,attached
20260526-194049-sentence-script-long-microtubule-tracks-723305,27.9,1674,2,1,ORGANIZE,,5.7833,7.3124,0.0,0.0,18,18,0,4,0,4,4,55,3.04072,3.05763,1.57808,8.64229,1,10,2,0.0,0.47342,41,25,36,20,attached,2,6.49573,6.50212,0.57482,5.60047,-3.25298,attached
20260526-194049-sentence-script-long-microtubule-tracks-723305,28.0,1680,2,1,ORGANIZE,,5.8833,7.3124,0.0,0.0,18,18,0,4,0,4,4,55,3.04967,3.06897,1.11876,9.32623,1,10,2,0.0,0.33563,41,27,36,20,attached,2,6.63973,6.646,0.58271,5.71448,-3.34284,attached
20260526-194049-sentence-script-long-microtubule-tracks-723305,28.1,1686,2,1,ORGANIZE,,5.9833,7.3124,0.0,0.0,18,18,0,4,0,4,4,52,3.06057,3.07863,0.13028,0.20877,1,10,2,0.0,0.03908,41,29,36,20,attached,2,6.46877,6.47519,0.57402,5.57462,-3.24379,switched
20260526-194049-sentence-script-long-microtubule-tracks-723305,28.2,1692,2,1,ORGANIZE,,6.0833,7.3124,0.0,0.0,18,18,0,4,0,4,4,45,3.11231,3.12969,0.60093,8.64127,1,10,2,0.00654,0.18028,41,29,36,20,attached,2,6.61277,6.61907,0.57887,5.70904,-3.29905,switched
20260526-194049-sentence-script-long-microtubule-tracks-723305,28.3,1698,2,1,ORGANIZE,,6.1833,7.3124,0.0,0.0,18,18,0,4,0,4,4,44,3.17631,3.19271,0.59939,8.64243,1,10,2,0.0,0.17982,41,29,36,20,attached,2,6.75677,6.76298,0.58415,5.84054,-3.35928,switched
20260526-194049-sentence-script-long-microtubule-tracks-723305,28.4,1704,2,1,ORGANIZE,,6.2833,7.3124,0.0,0.0,18,18,0,4,0,4,4,41,3.23295,3.24846,2.06535,9.32777,1,10,2,0.0,0.61961,41,29,36,20,attached,2,6.75677,6.763,0.58388,5.84241,-3.35612,switched
20260526-194049-sentence-script-long-microtubule-tracks-723305,28.5,1710,2,1,ORGANIZE,,6.3833,7.3124,0.0,0.0,18,18,0,4,0,4,4,36,3.28895,3.30425,0.25039,2.4346,1,9,2,0.0,0.07512,41,29,36,20,attached,2,6.75677,6.76296,0.58451,5.83812,-3.36339,switched
20260526-194049-sentence-script-long-microtubule-tracks-723305,28.6,1716,2,1,ORGANIZE,,6.4833,7.3124,0.0,0.0,18,18,0,4,0,4,4,31,3.35797,3.37277,1.5955,8.64142,1,9,3,0.00654,0.47865,41,31,36,20,attached,2,6.90077,6.90679,0.59222,5.95331,-3.45124,switched
20260526-194049-sentence-script-long-microtubule-tracks-723305,28.7,1722,2,1,ORGANIZE,,6.5833,7.3124,0.0,0.0,18,18,0,4,0,4,4,27,3.42997,3.44411,1.0861,8.64238,1,6,3,0.00654,0.32583,41,31,36,20,attached,2,6.90077,6.90679,0.59378,5.94284,-3.46898,switched
20260526-194049-sentence-script-long-microtubule-tracks-723305,28.8,1728,2,1,ORGANIZE,,6.6833,7.3124,0.0,0.0,18,18,0,4,0,4,4,24,3.51061,3.52431,1.10745,8.64196,2,6,3,0.00654,0.33223,41,31,36,20,attached,2,7.04477,7.05072,0.6014,6.05864,-3.55582,switched
20260526-194049-sentence-script-long-microtubule-tracks-723305,28.9,1734,2,1,ORGANIZE,,6.7833,7.3124,0.0,0.0,18,18,0,4,0,4,4,20,3.58324,3.59648,0.14869,0.20885,2,5,4,0.00654,0.04461,41,31,36,20,attached,2,7.04477,7.05075,0.60189,6.05534,-3.56141,switched
20260526-194049-sentence-script-long-microtubule-tracks-723305,29.0,1740,2,1,ORGANIZE,,6.8833,7.3124,0.0,0.0,18,18,0,4,0,4,4,19,3.67124,3.68414,1.52253,8.64255,2,5,4,0.00654,0.45676,41,31,36,20,attached,2,7.18877,7.1946,0.60784,6.18237,-3.6292,switched
20260526-194049-sentence-script-long-microtubule-tracks-723305,29.1,1746,2,1,ORGANIZE,,6.9833,7.3124,0.0,0.0,18,18,0,4,0,4,4,19,3.7372,3.74954,1.53661,8.64194,2,5,3,0.00654,0.46098,41,32,36,20,attached,2,7.33277,7.33844,0.61302,6.31459,-3.68821,switched
20260526-194049-sentence-script-long-microtubule-tracks-723305,29.2,1752,2,1,ORGANIZE,,7.0833,7.3124,0.0,0.0,18,18,0,4,0,4,4,14,3.76713,3.77905,1.56105,8.64249,2,5,3,0.00654,0.46832,41,33,36,20,attached,2,7.47677,7.48232,0.61785,6.44917,-3.74321,switched
20260526-194049-sentence-script-long-microtubule-tracks-723305,29.3,1758,2,1,ORGANIZE,,7.1833,7.3124,0.0,0.0,18,18,0,4,0,4,4,11,3.85576,3.86731,2.03438,8.64255,2,4,3,0.0,0.61031,41,33,36,20,attached,2,7.47677,7.48236,0.61649,6.45832,-3.7277,switched
20260526-194049-sentence-script-long-microtubule-tracks-723305,29.4,1764,2,1,ORGANIZE,,7.2833,7.3124,0.0,0.0,18,18,0,4,0,4,4,10,3.85529,3.86669,1.61318,17.97122,2,4,3,0.00654,0.48395,41,34,36,20,attached,2,7.18025,7.18604,0.6059,6.18556,-3.60707,switched
20260526-194049-sentence-script-long-microtubule-tracks-723305,29.5,1770,2,1,DELIVER,ORGANIZE,0.0667,9.9588,0.0,0.0,18,18,0,4,0,4,4,6,3.91992,3.93118,0.60238,8.64,2,3,3,0.0,0.18071,41,34,36,20,attached,2,7.32425,7.32997,0.61361,6.30073,-3.69495,switched
20260526-194049-sentence-script-long-microtubule-tracks-723305,29.6,1776,2,1,DELIVER,ORGANIZE,0.1667,9.9588,0.0,0.0,18,18,0,4,0,4,4,3,3.98392,3.99484,0.70358,8.64241,2,2,3,0.00654,0.21107,41,34,36,20,attached,2,7.32425,7.33,0.61426,6.29641,-3.70228,switched
20260526-194049-sentence-script-long-microtubule-tracks-723305,29.7,1782,2,1,DELIVER,ORGANIZE,0.2667,9.9588,0.0,0.0,18,18,0,4,0,4,4,2,4.04856,4.05928,0.75177,8.64239,2,2,3,0.0,0.22553,41,34,36,20,attached,2,7.46825,7.47388,0.62036,6.42237,-3.77188,switched
20260526-194049-sentence-script-long-microtubule-tracks-723305,29.8,1788,2,1,DELIVER,ORGANIZE,0.3667,9.9588,0.0,0.0,18,18,0,4,0,4,4,2,3.84559,3.85667,1.09556,8.64175,1,3,2,0.0,0.32867,41,35,36,10,attached,26,7.29838,7.30377,4.16878,-5.77486,-1.61782,attached
20260526-194049-sentence-script-long-microtubule-tracks-723305,29.9,1794,2,1,DELIVER,ORGANIZE,0.4667,9.9588,0.0,0.0,18,18,0,4,0,4,4,0,3.93924,3.94995,1.40317,14.4927,1,3,2,0.01307,0.42095,41,35,36,10,attached,26,7.4538,7.45906,4.24092,-5.9098,-1.65116,attached
20260526-194049-sentence-script-long-microtubule-tracks-723305,30.0,1800,2,1,DELIVER,ORGANIZE,0.5667,9.9588,0.0,0.0,18,18,0,4,0,4,4,0,3.87245,3.88644,0.123,0.20495,1,3,2,0.01307,0.0369,41,36,36,10,attached,26,7.4538,7.45908,4.22637,-5.92212,-1.64443,attached
20260526-194049-sentence-script-long-microtubule-tracks-723305,30.1,1806,2,1,DELIVER,ORGANIZE,0.6667,9.9588,0.0,0.0,18,18,0,4,0,4,4,0,3.9413,3.95373,1.86668,14.49209,2,3,2,0.01961,0.56,41,36,36,10,attached,26,7.60923,7.61444,4.30208,-6.05404,-1.67941,attached
20260526-194049-sentence-script-long-microtubule-tracks-723305,30.2,1812,2,1,DELIVER,ORGANIZE,0.7667,9.9588,0.0,0.0,18,18,0,4,0,4,4,0,4.05419,4.06621,0.94294,14.37878,2,2,2,0.01961,0.28288,41,36,36,10,attached,26,7.60923,7.61439,4.33508,-6.02612,-1.69466,attached
20260526-194049-sentence-script-long-microtubule-tracks-723305,30.3,1818,2,1,DELIVER,ORGANIZE,0.8667,9.9588,0.0,0.0,17,15,2,5,0,5,5,22,3.94957,3.91412,0.66688,8.64001,1,2,2,0.00735,0.22514,43,36,38,18,attached,26,6.66044,6.66702,3.78814,-5.29798,-1.425,attached
20260526-194049-sentence-script-long-microtubule-tracks-723305,30.4,1824,2,1,DELIVER,ORGANIZE,0.9667,9.9588,0.0,0.0,17,15,2,5,0,5,5,22,4.0607,4.01624,1.54181,15.45015,1,1,2,0.01471,0.47159,43,36,38,18,attached,26,6.66044,6.66698,3.80108,-5.28703,-1.43097,attached
20260526-194049-sentence-script-long-microtubule-tracks-723305,30.5,1830,2,1,DELIVER,ORGANIZE,1.0667,9.9588,0.0,0.0,17,15,2,5,0,5,5,26,4.1418,4.09121,1.23547,18.68421,1,1,2,0.01471,0.38128,43,36,40,18,attached,26,6.80444,6.81085,3.89554,-5.38868,-1.47462,attached
20260526-194049-sentence-script-long-microtubule-tracks-723305,30.6,1836,2,1,DELIVER,ORGANIZE,1.1667,9.9588,0.0,0.0,17,15,2,5,0,5,5,26,4.25224,4.19151,1.97613,14.58115,1,1,2,0.01471,0.5886,43,36,40,18,attached,26,6.80444,6.8109,3.90711,-5.3789,-1.47996,attached
20260526-194049-sentence-script-long-microtubule-tracks-723305,30.7,1842,2,1,DELIVER,ORGANIZE,1.2667,9.9588,0.0,0.0,17,15,2,5,0,5,5,26,4.1776,4.2748,2.13701,18.68513,1,1,3,0.02206,0.83014,45,36,40,18,attached,26,6.94844,6.95479,3.99098,-5.48951,-1.51871,attached
20260526-194049-sentence-script-long-microtubule-tracks-723305,30.8,1848,2,1,DELIVER,ORGANIZE,1.3667,9.9588,0.0,0.0,17,16,1,5,0,5,5,26,4.31421,4.37501,0.64023,8.64198,1,1,3,0.01471,0.19302,45,36,40,18,attached,26,6.94844,6.95476,3.98643,-5.49336,-1.51661,attached
20260526-194049-sentence-script-long-microtubule-tracks-723305,30.9,1854,2,1,DELIVER,ORGANIZE,1.4667,9.9588,0.0,0.0,17,15,2,5,0,5,5,30,4.41003,4.50379,4.0411,18.68404,2,1,3,0.01471,1.4706,47,36,42,18,attached,26,7.09244,7.09859,4.05428,-5.61752,-1.54796,attached
20260526-194049-sentence-script-long-microtubule-tracks-723305,31.0,1860,2,1,DELIVER,ORGANIZE,1.5667,9.9588,0.0,0.0,17,16,1,5,0,5,5,30,4.54989,4.57698,0.62882,8.64188,2,1,4,0.01471,0.18983,47,36,44,18,attached,26,7.09244,7.09858,4.03941,-5.6301,-1.54109,attached
20260526-194049-sentence-script-long-microtubule-tracks-723305,31.1,1866,2,1,DELIVER,ORGANIZE,1.6667,9.9588,0.0,0.0,17,17,0,5,0,5,5,30,4.67606,4.68507,1.02395,15.43736,2,1,5,0.02206,0.29012,47,36,44,18,attached,26,7.23644,7.2425,4.10626,-5.75512,-1.57198,attached
20260526-194049-sentence-script-long-microtubule-tracks-723305,31.2,1872,2,1,DELIVER,ORGANIZE,1.7667,9.9588,0.0,0.0,17,17,0,5,0,5,5,26,4.80368,4.81237,1.44016,13.94552,3,1,5,0.02206,0.40804,47,36,44,18,attached,26,7.38044,7.38642,4.17966,-5.87458,-1.60589,attached
20260526-194049-sentence-script-long-microtubule-tracks-723305,31.3,1878,2,1,DELIVER,ORGANIZE,1.8667,9.9588,0.0,0.0,17,17,0,5,0,5,5,23,4.931,4.93944,1.95698,13.94504,3,2,6,0.01471,0.55448,47,36,44,18,attached,26,7.52444,7.53029,4.26179,-5.98667,-1.64383,attached
20260526-194049-sentence-script-long-microtubule-tracks-723305,31.4,1884,2,1,DELIVER,ORGANIZE,1.9667,9.9588,0.0167,0.0,17,17,0,5,0,5,5,26,5.04748,5.05575,3.33814,19.85821,3,2,7,0.00735,0.94581,47,36,46,18,attached,26,7.52444,7.53024,4.27215,-5.97791,-1.64862,attached
20260526-194049-sentence-script-long-microtubule-tracks-723305,31.5,1890,2,1,DELIVER,ORGANIZE,2.0667,9.9588,0.0,0.0,17,17,0,5,0,5,5,25,5.19226,5.20028,2.29912,19.85882,4,2,7,0.00735,0.65142,47,36,46,18,attached,26,7.66844,7.67412,4.36636,-6.07977,-1.69215,attached
20260526-194049-sentence-script-long-microtubule-tracks-723305,31.6,1896,2,1,DELIVER,ORGANIZE,2.1667,9.9588,0.0,0.0,15,14,1,7,0,7,7,60,4.90312,4.99636,0.4465,4.64051,2,1,6,0.00952,0.13066,49,36,46,2,attached,8,7.01878,7.02433,5.80777,3.12555,2.417,attached
20260526-194049-sentence-script-long-microtubule-tracks-723305,31.7,1902,2,1,DELIVER,ORGANIZE,2.2667,9.9588,0.0,0.0,15,15,0,7,0,7,7,52,5.09773,5.10568,1.09066,14.58146,2,1,7,0.00952,0.27267,49,36,46,2,attached,8,7.01878,7.02429,5.79984,3.14238,2.41411,attached
20260526-194049-sentence-script-long-microtubule-tracks-723305,31.8,1908,2,1,DELIVER,ORGANIZE,2.3667,9.9588,0.0,0.0,15,15,0,7,0,7,7,50,5.18102,5.18894,0.14121,0.20807,2,1,7,0.00952,0.0353,49,36,46,2,attached,8,7.01878,7.02431,5.79126,3.16059,2.41097,attached
20260526-194049-sentence-script-long-microtubule-tracks-723305,31.9,1914,2,1,DELIVER,ORGANIZE,2.4667,9.9588,0.0,0.0,15,15,0,7,0,7,7,53,5.29016,5.29799,0.6979,8.64003,2,1,8,0.00952,0.17447,49,36,48,2,attached,8,7.33018,7.33552,6.04649,3.31343,2.50418,attached
20260526-194049-sentence-script-long-microtubule-tracks-723305,32.0,1920,2,1,DELIVER,ORGANIZE,2.5667,9.9588,0.0,0.0,15,15,0,7,0,7,7,52,5.41054,5.41828,0.11696,0.19839,3,1,8,0.00952,0.02924,49,36,48,2,attached,8,7.64158,7.64672,6.30625,3.45666,2.59904,attached
20260526-194049-sentence-script-long-microtubule-tracks-723305,32.1,1926,2,1,DELIVER,ORGANIZE,2.6667,9.9588,0.0,0.0,15,14,1,7,0,7,7,48,5.38167,5.47178,2.44529,13.28758,5,1,8,0.00952,0.68742,52,36,48,2,attached,8,7.64158,7.64668,6.30965,3.44943,2.60029,attached
20260526-194049-sentence-script-long-microtubule-tracks-723305,32.2,1932,2,1,DELIVER,ORGANIZE,2.7667,9.9588,0.0,0.0,14,13,1,8,0,8,8,66,5.31174,5.3953,0.53643,5.49631,4,1,8,0.01099,0.14569,55,36,48,21,attached,5,7.49126,7.49559,4.92112,4.89513,-2.82918,attached
20260526-194049-sentence-script-long-microtubule-tracks-723305,32.3,1938,2,1,DELIVER,ORGANIZE,2.8667,9.9588,0.0,0.0,13,12,1,9,0,9,9,84,5.17396,5.26401,0.15144,0.25606,3,1,8,0.01282,0.05074,55,36,48,15,attached,17,6.78742,6.79216,-6.69526,-1.14294,0.02448,attached
20260526-194049-sentence-script-long-microtubule-tracks-723305,32.4,1944,2,1,DELIVER,ORGANIZE,2.9667,9.9588,0.0,0.0,13,13,0,9,0,9,9,83,5.32782,5.33599,0.11397,0.209,3,1,8,0.0,0.02469,55,36,48,15,attached,17,7.10936,7.11386,-7.01117,-1.20381,0.03754,attached
20260526-194049-sentence-script-long-microtubule-tracks-723305,32.5,1950,2,1,DELIVER,ORGANIZE,3.0667,9.9588,0.0,0.0,13,13,0,9,0,9,9,83,5.36149,5.36945,0.12924,0.20786,4,1,7,0.01282,0.028,55,36,48,13,attached,11,6.9684,6.97315,1.78146,1.65617,6.53516,attached
20260526-194049-sentence-script-long-microtubule-tracks-723305,32.6,1956,2,1,DELIVER,ORGANIZE,3.1667,9.9588,0.0,0.0,13,13,0,9,0,9,9,77,5.43782,5.44575,5.42013,17.84528,4,1,8,0.01282,1.17436,55,36,48,13,attached,11,7.20471,7.20934,1.85068,1.70529,6.75585,attached
20260526-194049-sentence-script-long-microtubule-tracks-723305,32.7,1962,2,1,DELIVER,ORGANIZE,3.2667,9.9588,0.0,0.0,13,11,2,9,0,9,9,75,5.32353,5.53253,2.40303,15.13315,4,1,8,0.01282,0.51456,57,36,50,19,attached,29,7.41723,7.42202,0.03353,-7.41723,0.26438,attached
20260526-194049-sentence-script-long-microtubule-tracks-723305,32.8,1968,2,1,DELIVER,ORGANIZE,3.3667,9.9588,0.0167,0.0,13,12,1,9,0,9,9,70,5.42157,5.54397,0.81454,8.64061,4,1,8,0.01282,0.19893,57,36,50,13,attached,11,7.44101,7.44543,1.91795,1.78054,6.97034,attached
20260526-194049-sentence-script-long-microtubule-tracks-723305,32.9,1974,2,1,DELIVER,ORGANIZE,3.4667,9.9588,0.0,0.0,13,13,0,9,0,9,9,66,5.65864,5.6662,0.15147,0.20934,4,1,8,0.01282,0.03282,57,36,50,19,attached,29,7.68618,7.69073,0.00278,-7.68618,0.26438,attached
20260526-194049-sentence-script-long-microtubule-tracks-723305,33.0,1980,2,1,DELIVER,ORGANIZE,3.5667,9.9588,0.0,0.0,13,13,0,9,0,9,9,63,5.71532,5.72297,0.12677,0.20965,6,2,9,0.01282,0.02747,57,36,50,19,attached,29,7.68618,7.69075,-0.0174,-7.68618,0.26438,attached
20260526-194049-sentence-script-long-microtubule-tracks-723305,33.1,1986,2,1,DELIVER,ORGANIZE,3.6667,9.9588,0.0,0.0,12,12,0,10,0,10,10,80,5.61255,5.62047,1.33748,14.16961,6,1,8,0.0,0.2675,57,36,50,13,attached,11,7.67732,7.68166,1.98297,1.88608,7.17764,attached
20260526-194049-sentence-script-long-microtubule-tracks-723305,33.2,1992,2,1,DELIVER,ORGANIZE,3.7667,9.9588,0.0,0.0,11,11,0,11,0,11,11,90,5.50226,5.51045,1.46481,14.58,5,1,7,0.01818,0.26855,57,36,50,5,attached,17,7.63711,7.64254,-7.52671,-1.32536,0.02294,attached
20260526-194049-sentence-script-long-microtubule-tracks-723305,33.3,1998,2,1,DELIVER,ORGANIZE,3.8667,9.9588,0.0,0.0,11,11,0,11,0,11,11,86,5.60165,5.60956,1.84408,19.11476,5,1,8,0.0,0.33808,57,36,50,5,attached,17,7.63711,7.64255,-7.53027,-1.305,0.02309,attached
20260526-194049-sentence-script-long-microtubule-tracks-723305,33.4,2004,2,1,DELIVER,ORGANIZE,3.9667,9.9588,0.0,0.0,10,10,0,12,0,12,12,95,5.61116,5.61892,1.75646,16.59702,5,0,7,0.0,0.29274,57,36,50,15,attached,17,7.16839,7.17291,-7.05941,-1.27038,0.03954,attached
20260526-194049-sentence-script-long-microtubule-tracks-723305,33.5,2010,2,1,DELIVER,ORGANIZE,4.0667,9.9588,0.0,0.0,10,10,0,12,0,12,12,92,5.74508,5.7527,5.67518,18.93398,5,0,7,0.0,0.94586,57,36,50,15,attached,17,7.44794,7.45227,-7.33547,-1.31324,0.05096,attached
20260526-194049-sentence-script-long-microtubule-tracks-723305,33.6,2016,2,1,DELIVER,ORGANIZE,4.1667,9.9588,0.0,0.0,10,10,0,12,0,12,12,91,5.76257,5.77021,0.14203,0.20867,5,0,7,0.0,0.02367,57,36,50,15,attached,17,7.44794,7.45222,-7.33818,-1.29773,0.05107,attached
20260526-194049-sentence-script-long-microtubule-tracks-723305,33.7,2022,2,1,DELIVER,ORGANIZE,4.2667,9.9588,0.0,0.0,10,10,0,12,0,12,12,86,5.95332,5.96063,1.76923,16.35946,6,0,7,0.0,0.29487,57,36,50,17,attached,23,7.54256,7.54804,1.6242,-4.3942,-5.91827,attached
20260526-194049-sentence-script-long-microtubule-tracks-723305,33.8,2028,2,1,DELIVER,ORGANIZE,4.3667,9.9588,0.0167,0.0,8,8,0,14,0,14,14,117,5.74888,5.75645,2.1773,16.47252,4,0,5,0.0,0.29031,57,36,50,20,attached,13,7.51489,7.52044,7.36021,0.79621,-1.32301,attached
20260526-194049-sentence-script-long-microtubule-tracks-723305,33.9,2034,2,1,DELIVER,ORGANIZE,4.4667,9.9588,0.0,0.0,8,8,0,14,0,14,14,112,5.92024,5.92756,0.13173,0.20987,4,0,5,0.0,0.01756,57,36,50,6,attached,20,7.70731,7.71215,-4.3526,-2.95538,-5.63896,attached
20260526-194049-sentence-script-long-microtubule-tracks-723305,34.0,2040,2,1,DELIVER,ORGANIZE,4.5667,9.9588,0.0,0.0,8,8,0,14,0,14,14,107,6.02998,6.03718,1.91122,14.58021,5,0,5,0.0,0.25483,57,36,50,6,attached,20,7.70731,7.71211,-4.35487,-2.9467,-5.64169,attached
20260526-194049-sentence-script-long-microtubule-tracks-723305,34.1,2046,2,1,DELIVER,ORGANIZE,4.6667,9.9588,0.0,0.0,6,6,0,16,0,16,16,136,5.65573,5.66328,3.38177,19.57236,3,0,3,0.0,0.33818,57,36,50,9,attached,29,7.54747,7.55174,0.00528,-7.54747,0.25369,attached
20260526-194049-sentence-script-long-microtubule-tracks-723305,34.2,2052,2,1,DELIVER,ORGANIZE,4.7667,9.9588,0.0,0.0,6,6,0,16,0,16,16,131,5.71131,5.71874,2.53188,14.57644,2,0,3,0.0,0.25319,57,36,50,16,attached,22,7.71268,7.71725,-5.56121,-4.00616,3.54677,attached
20260526-194049-sentence-script-long-microtubule-tracks-723305,34.3,2058,2,1,DELIVER,ORGANIZE,4.8667,9.9588,0.0,0.0,5,5,0,17,0,17,17,146,5.36008,5.36805,0.12211,0.20302,1,0,2,0.0,0.01018,57,36,50,16,attached,22,7.71268,7.71729,-5.55573,-4.0172,3.54296,attached
20260526-194049-sentence-script-long-microtubule-tracks-723305,34.4,2064,2,1,DELIVER,ORGANIZE,4.9667,9.9588,0.0167,0.0,4,4,0,18,0,18,18,158,4.96148,4.96991,6.74639,13.36326,0,0,1,0.0,0.44976,57,36,50,8,attached,26,6.15008,6.15745,3.54926,-4.85811,-1.30987,attached
20260526-194049-sentence-script-long-microtubule-tracks-723305,34.5,2070,2,1,DELIVER,ORGANIZE,5.0667,9.9588,0.05,0.0,4,4,0,18,0,18,18,153,4.90184,4.91036,0.08187,0.20894,0,0,1,0.0,0.00546,57,36,50,8,attached,26,5.91153,5.91922,3.41902,-4.66752,-1.24969,attached
20260526-194049-sentence-script-long-microtubule-tracks-723305,34.6,2076,2,1,DELIVER,ORGANIZE,5.1667,9.9588,0.05,0.0,4,4,0,18,0,18,18,147,4.98121,4.98955,3.64273,14.3135,0,0,1,0.0,0.24285,57,36,50,8,attached,26,5.67299,5.68094,3.28013,-4.48423,-1.18552,attached
20260526-194049-sentence-script-long-microtubule-tracks-723305,34.7,2082,2,1,DELIVER,ORGANIZE,5.2667,9.9588,0.0,0.0,4,4,0,18,0,18,18,143,5.08881,5.09696,0.13878,0.20427,0,0,1,0.0,0.00925,57,36,50,8,attached,26,5.67299,5.68089,3.26694,-4.4954,-1.17943,attached
20260526-194049-sentence-script-long-microtubule-tracks-723305,34.8,2088,2,1,DELIVER,ORGANIZE,5.3667,9.9588,0.0167,0.0,4,4,0,18,0,18,18,137,5.08993,5.09801,0.17328,0.20911,0,0,1,0.0,0.01155,57,36,50,8,attached,26,5.43444,5.44276,3.11012,-4.32729,-1.10697,attached
20260526-194049-sentence-script-long-microtubule-tracks-723305,34.9,2094,2,1,DELIVER,ORGANIZE,5.4667,9.9588,0.05,0.0,4,4,0,18,0,18,18,131,5.22195,5.22986,3.21254,12.46281,0,0,2,0.0,0.21417,57,36,50,0,attached,2,5.53649,5.54302,0.51387,4.76807,-2.77967,attached
20260526-194049-sentence-script-long-microtubule-tracks-723305,35.0,2100,2,1,DELIVER,ORGANIZE,5.5667,9.9588,0.0,0.0,4,4,0,18,0,18,18,126,5.35713,5.36481,0.15877,0.20863,0,0,2,0.0,0.01058,57,36,50,8,attached,26,5.73216,5.73998,3.29357,-4.54748,-1.19173,attached
20260526-194049-sentence-script-long-microtubule-tracks-723305,35.1,2106,2,1,DELIVER,ORGANIZE,5.6667,9.9588,0.0,0.0,4,4,0,18,0,18,18,120,5.56233,5.56974,0.1528,0.20991,0,0,3,0.0,0.01019,57,36,50,0,attached,2,5.79392,5.80016,0.52426,4.99685,-2.89802,attached
20260526-194049-sentence-script-long-microtubule-tracks-723305,35.2,2112,2,1,DELIVER,ORGANIZE,5.7667,9.9588,0.0833,0.0,4,4,0,18,0,18,18,111,5.62276,5.63008,3.75418,14.50366,0,0,3,0.0,0.25028,57,36,50,8,attached,26,5.97387,5.98139,3.44013,-4.72825,-1.25945,attached
20260526-194049-sentence-script-long-microtubule-tracks-723305,35.3,2118,2,1,DELIVER,ORGANIZE,5.8667,9.9588,0.0,0.0,4,4,0,18,0,18,18,102,5.8172,5.82427,0.17034,0.2099,0,0,3,0.0,0.01136,57,36,50,0,attached,2,6.05135,6.05734,0.53485,5.22424,-3.01872,attached
20260526-194049-sentence-script-long-microtubule-tracks-723305,35.4,2124,2,1,DELIVER,ORGANIZE,5.9667,9.9588,0.0,0.0,4,4,0,18,0,18,18,97,6.07167,6.07844,3.28954,12.77625,0,0,4,0.0,0.2193,57,36,50,0,attached,2,6.26426,6.27003,0.54583,5.3974,-3.14379,attached
20260526-194049-sentence-script-long-microtubule-tracks-723305,35.5,2130,2,1,DELIVER,ORGANIZE,6.0667,9.9588,0.0,0.0,4,4,0,18,0,18,18,86,6.20335,6.21001,0.11187,0.15921,1,0,4,0.0,0.00746,57,36,50,8,attached,26,6.45728,6.46432,3.67155,-5.142,-1.36637,attached
20260526-194049-sentence-script-long-microtubule-tracks-723305,35.6,2136,2,1,DELIVER,ORGANIZE,6.1667,9.9588,0.0,0.0,4,4,0,18,0,18,18,78,6.39309,6.39952,0.13276,0.20966,3,0,4,0.0,0.00885,57,36,50,11,attached,5,6.49991,6.50632,4.27869,4.28391,-2.38184,attached
20260526-194049-sentence-script-long-microtubule-tracks-723305,35.7,2142,2,1,DELIVER,ORGANIZE,6.2667,9.9588,0.0,0.0,4,4,0,18,0,18,18,71,6.64229,6.64847,0.16946,0.18869,4,0,4,0.0,0.0113,57,36,50,11,attached,5,6.78495,6.79104,4.46674,4.46197,-2.50146,attached
20260526-194049-sentence-script-long-microtubule-tracks-723305,35.8,2148,2,1,DELIVER,ORGANIZE,6.3667,9.9588,0.0833,0.0,4,4,0,18,0,18,18,58,6.7788,6.78487,8.25994,17.10349,4,0,4,0.0,0.55066,57,36,50,11,attached,5,7.06998,7.0758,4.65905,4.63421,-2.62379,attached
20260526-194049-sentence-script-long-microtubule-tracks-723305,35.9,2154,2,1,DELIVER,ORGANIZE,6.4667,9.9588,0.0,0.0,4,4,0,18,0,18,18,46,6.95675,6.96268,4.28612,15.66001,4,0,4,0.0,0.28574,57,36,50,11,attached,5,7.06998,7.07588,4.67997,4.60562,-2.6371,attached
20260526-194049-sentence-script-long-microtubule-tracks-723305,36.0,2160,2,1,DELIVER,ORGANIZE,6.5667,9.9588,0.0333,0.0,4,4,0,18,0,18,18,41,6.95675,6.96268,0.09568,0.16153,4,0,4,0.0,0.00638,57,36,50,11,attached,5,7.06998,7.07586,4.67643,4.61046,-2.63484,attached
20260526-194049-sentence-script-long-microtubule-tracks-723305,36.1,2166,2,1,DELIVER,ORGANIZE,6.6667,9.9588,0.0333,0.0,4,4,0,18,0,18,18,37,7.19959,7.20529,4.93104,19.27572,4,0,4,0.0,0.32874,57,36,50,11,attached,5,7.26932,7.27498,4.7823,4.77001,-2.70219,attached
20260526-194049-sentence-script-long-microtubule-tracks-723305,36.2,2172,2,1,DELIVER,ORGANIZE,6.7667,9.9588,0.0,0.0,4,4,0,18,0,18,18,29,7.33217,7.33776,4.93758,19.27637,4,0,4,0.0,0.32917,57,36,50,14,attached,6,7.56352,7.56898,-1.87019,4.4222,5.85115,attached
20260526-194049-sentence-script-long-microtubule-tracks-723305,36.3,2178,2,1,DELIVER,ORGANIZE,6.8667,9.9588,0.0167,0.0,4,4,0,18,0,18,18,21,7.47659,7.48208,0.15688,0.20816,4,0,4,0.0,0.01046,57,36,50,14,attached,6,7.56352,7.56896,-1.86706,4.43884,5.83952,attached
20260526-194049-sentence-script-long-microtubule-tracks-723305,36.4,2184,2,1,DELIVER,ORGANIZE,6.9667,9.9588,0.0,0.0,3,3,0,19,0,19,19,35,7.5173,7.52274,0.14925,0.20972,3,0,3,0.0,0.00746,57,36,50,11,attached,5,7.54758,7.55303,4.96687,4.9425,-2.8196,attached
20260526-194049-sentence-script-long-microtubule-tracks-723305,36.5,2190,2,1,DELIVER,ORGANIZE,7.0667,9.9588,0.0167,0.05,1,1,0,21,0,21,21,63,7.52248,7.52733,0.141,0.141,1,0,1,0.0,0.00235,57,36,50,0,attached,2,7.52248,7.52733,0.60302,6.47237,-3.79545,attached
20260526-194049-sentence-script-long-microtubule-tracks-723305,36.6,2196,2,1,RESETTING,ORGANIZE,7.1167,9.9588,0.0333,0.15,0,0,0,22,0,22,22,78,0.0,0.0,0.0,0.0,0,0,0,0.0,0.0,57,36,50,,,,,,,,,
20260526-194049-sentence-script-long-microtubule-tracks-723305,36.7,2202,2,1,RESETTING,ORGANIZE,7.1167,9.9588,0.1333,0.25,0,0,0,22,0,22,22,73,0.0,0.0,0.0,0.0,0,0,0,0.0,0.0,57,36,50,,,,,,,,,
20260526-194049-sentence-script-long-microtubule-tracks-723305,36.8,2208,2,1,RESETTING,ORGANIZE,7.1167,9.9588,0.2333,0.35,0,0,0,22,0,22,22,73,0.0,0.0,0.0,0.0,0,0,0,0.0,0.0,57,36,50,,,,,,,,,
20260526-194049-sentence-script-long-microtubule-tracks-723305,36.9,2214,2,1,RESETTING,ORGANIZE,7.1167,9.9588,0.3333,0.45,0,0,0,22,0,22,22,72,0.0,0.0,0.0,0.0,0,0,0,0.0,0.0,57,36,50,,,,,,,,,
20260526-194049-sentence-script-long-microtubule-tracks-723305,37.0,2220,2,1,RESETTING,ORGANIZE,7.1167,9.9588,0.4333,0.55,0,0,0,22,0,22,22,72,0.0,0.0,0.0,0.0,0,0,0,0.0,0.0,57,36,50,,,,,,,,,
20260526-194049-sentence-script-long-microtubule-tracks-723305,37.1,2226,2,1,RESETTING,ORGANIZE,7.1167,9.9588,0.5333,0.65,0,0,0,22,0,22,22,72,0.0,0.0,0.0,0.0,0,0,0,0.0,0.0,57,36,50,,,,,,,,,
20260526-194049-sentence-script-long-microtubule-tracks-723305,37.2,2232,2,1,RESETTING,ORGANIZE,7.1167,9.9588,0.6333,0.75,0,0,0,22,0,22,22,72,0.0,0.0,0.0,0.0,0,0,0,0.0,0.0,57,36,50,,,,,,,,,
20260526-194049-sentence-script-long-microtubule-tracks-723305,37.3,2238,2,1,RESETTING,ORGANIZE,7.1167,9.9588,0.7333,0.85,0,0,0,22,0,22,22,72,0.0,0.0,0.0,0.0,0,0,0,0.0,0.0,57,36,50,,,,,,,,,
20260526-194049-sentence-script-long-microtubule-tracks-723305,37.4,2244,2,1,RESETTING,ORGANIZE,7.1167,9.9588,0.8333,0.95,0,0,0,22,0,22,22,72,0.0,0.0,0.0,0.0,0,0,0,0.0,0.0,57,36,50,,,,,,,,,
20260526-194049-sentence-script-long-microtubule-tracks-723305,37.5,2250,2,1,RESETTING,ORGANIZE,7.1167,9.9588,0.9333,1.05,0,0,0,22,0,22,22,71,0.0,0.0,0.0,0.0,0,0,0,0.0,0.0,57,36,50,,,,,,,,,
20260526-194049-sentence-script-long-microtubule-tracks-723305,37.6,2256,2,1,RESETTING,ORGANIZE,7.1167,9.9588,1.0333,1.15,0,0,0,22,0,22,22,66,0.0,0.0,0.0,0.0,0,0,0,0.0,0.0,57,36,50,,,,,,,,,
20260526-194049-sentence-script-long-microtubule-tracks-723305,37.7,2262,2,1,RESETTING,ORGANIZE,7.1167,9.9588,1.1333,1.25,0,0,0,22,0,22,22,63,0.0,0.0,0.0,0.0,0,0,0,0.0,0.0,57,36,50,,,,,,,,,
20260526-194049-sentence-script-long-microtubule-tracks-723305,37.8,2268,2,1,RESETTING,ORGANIZE,7.1167,9.9588,1.2333,1.35,0,0,0,22,0,22,22,61,0.0,0.0,0.0,0.0,0,0,0,0.0,0.0,57,36,50,,,,,,,,,
20260526-194049-sentence-script-long-microtubule-tracks-723305,37.9,2274,2,1,RESETTING,ORGANIZE,7.1167,9.9588,1.3333,1.45,0,0,0,22,0,22,22,52,0.0,0.0,0.0,0.0,0,0,0,0.0,0.0,57,36,50,,,,,,,,,
20260526-194049-sentence-script-long-microtubule-tracks-723305,38.0,2280,2,1,RESETTING,ORGANIZE,7.1167,9.9588,1.4333,1.55,0,0,0,22,0,22,22,47,0.0,0.0,0.0,0.0,0,0,0,0.0,0.0,57,36,50,,,,,,,,,
20260526-194049-sentence-script-long-microtubule-tracks-723305,38.1,2286,2,1,RESETTING,ORGANIZE,7.1167,9.9588,1.5333,1.65,0,0,0,22,0,22,22,43,0.0,0.0,0.0,0.0,0,0,0,0.0,0.0,57,36,50,,,,,,,,,
20260526-194049-sentence-script-long-microtubule-tracks-723305,38.2,2292,2,1,RESETTING,ORGANIZE,7.1167,9.9588,1.6333,1.75,0,0,0,22,0,22,22,40,0.0,0.0,0.0,0.0,0,0,0,0.0,0.0,57,36,50,,,,,,,,,
20260526-194049-sentence-script-long-microtubule-tracks-723305,38.3,2298,2,1,RESETTING,ORGANIZE,7.1167,9.9588,1.7333,1.85,0,0,0,22,0,22,22,37,0.0,0.0,0.0,0.0,0,0,0,0.0,0.0,57,36,50,,,,,,,,,
20260526-194049-sentence-script-long-microtubule-tracks-723305,38.4,2304,2,1,RESETTING,ORGANIZE,7.1167,9.9588,1.8333,1.95,0,0,0,22,0,22,22,29,0.0,0.0,0.0,0.0,0,0,0,0.0,0.0,57,36,50,,,,,,,,,
20260526-194049-sentence-script-long-microtubule-tracks-723305,38.5,2310,2,1,RESETTING,ORGANIZE,7.1167,9.9588,1.9333,2.05,0,0,0,22,0,22,22,24,0.0,0.0,0.0,0.0,0,0,0,0.0,0.0,57,36,50,,,,,,,,,
20260526-194049-sentence-script-long-microtubule-tracks-723305,38.6,2316,2,1,RESETTING,ORGANIZE,7.1167,9.9588,2.0333,2.15,0,0,0,22,0,22,22,16,0.0,0.0,0.0,0.0,0,0,0,0.0,0.0,57,36,50,,,,,,,,,
20260526-194049-sentence-script-long-microtubule-tracks-723305,38.7,2322,2,1,RESETTING,ORGANIZE,7.1167,9.9588,2.1333,2.25,0,0,0,22,0,22,22,12,0.0,0.0,0.0,0.0,0,0,0,0.0,0.0,57,36,50,,,,,,,,,
20260526-194049-sentence-script-long-microtubule-tracks-723305,38.8,2328,2,1,RESETTING,ORGANIZE,7.1167,9.9588,2.2333,2.35,0,0,0,22,0,22,22,4,0.0,0.0,0.0,0.0,0,0,0,0.0,0.0,57,36,50,,,,,,,,,
20260526-194049-sentence-script-long-microtubule-tracks-723305,38.9,2334,2,1,RESETTING,ORGANIZE,7.1167,9.9588,2.3333,2.45,0,0,0,22,0,22,22,2,0.0,0.0,0.0,0.0,0,0,0,0.0,0.0,57,36,50,,,,,,,,,
20260526-194049-sentence-script-long-microtubule-tracks-723305,39.0,2340,2,1,RESETTING,ORGANIZE,7.1167,9.9588,2.4333,2.55,0,0,0,22,0,22,22,0,0.0,0.0,0.0,0.0,0,0,0,0.0,0.0,57,36,50,,,,,,,,,
20260526-194049-sentence-script-long-microtubule-tracks-723305,39.1,2346,2,1,RESETTING,ORGANIZE,7.1167,9.9588,2.5333,2.65,0,0,0,22,0,22,22,0,0.0,0.0,0.0,0.0,0,0,0,0.0,0.0,57,36,50,,,,,,,,,
20260526-194049-sentence-script-long-microtubule-tracks-723305,39.2,2352,2,1,RESETTING,ORGANIZE,7.1167,9.9588,2.6333,2.75,0,0,0,22,0,22,22,0,0.0,0.0,0.0,0.0,0,0,0,0.0,0.0,57,36,50,,,,,,,,,
20260526-194049-sentence-script-long-microtubule-tracks-723305,39.3,2358,2,1,RESETTING,ORGANIZE,7.1167,9.9588,2.7333,2.85,0,0,0,22,0,22,22,0,0.0,0.0,0.0,0.0,0,0,0,0.0,0.0,57,36,50,,,,,,,,,
20260526-194049-sentence-script-long-microtubule-tracks-723305,39.4,2364,2,1,RESETTING,ORGANIZE,7.1167,9.9588,2.8333,2.95,0,0,0,22,0,22,22,0,0.0,0.0,0.0,0.0,0,0,0,0.0,0.0,57,36,50,,,,,,,,,
20260526-194049-sentence-script-long-microtubule-tracks-723305,39.5,2370,2,1,RESETTING,ORGANIZE,7.1167,9.9588,2.9333,3.05,0,0,0,22,0,22,22,0,0.0,0.0,0.0,0.0,0,0,0,0.0,0.0,57,36,50,,,,,,,,,
20260526-194049-sentence-script-long-microtubule-tracks-723305,39.6,2376,3,1,PAINT_MEMBRANE,,0.0333,7.7798,0.0,0.0,22,21,1,0,0,0,0,20,2.04666,2.07285,10.1726,188.97922,0,19,1,0.01732,3.74675,2,0,4,12,attached,29,5.616,5.62232,0.02386,-5.616,0.26547,deliver
20260526-194049-sentence-script-long-microtubule-tracks-723305,39.7,2382,3,1,PAINT_MEMBRANE,,0.1333,7.7798,0.0,0.0,22,19,3,0,0,0,0,20,2.16723,2.13844,0.5771,9.25541,0,18,1,0.01299,0.25664,4,0,4,12,attached,29,5.616,5.62227,0.00523,-5.616,0.26547,deliver
20260526-194049-sentence-script-long-microtubule-tracks-723305,39.8,2388,3,1,PAINT_MEMBRANE,,0.2333,7.7798,0.0,0.0,22,15,7,0,0,0,0,28,2.30365,2.24492,1.00453,9.55078,0,18,1,0.01299,0.47086,8,0,8,12,attached,29,5.877,5.88301,-0.01522,-5.877,0.26547,deliver
20260526-194049-sentence-script-long-microtubule-tracks-723305,39.9,2394,3,1,PAINT_MEMBRANE,,0.3333,7.7798,0.0,0.0,22,17,5,0,0,0,0,28,2.42489,2.30707,1.63634,10.01202,0,17,1,0.00866,0.6631,8,0,8,12,attached,29,5.877,5.88307,-0.03036,-5.877,0.26547,deliver
20260526-194049-sentence-script-long-microtubule-tracks-723305,40.0,2400,3,1,PAINT_MEMBRANE,,0.4333,7.7798,0.0,0.0,22,17,5,0,0,0,0,28,2.53309,2.38135,0.57417,10.01209,0,16,1,0.0,0.26932,8,0,8,12,attached,29,6.138,6.14384,-0.03489,-6.138,0.26547,deliver
20260526-194049-sentence-script-long-microtubule-tracks-723305,40.1,2406,3,1,PAINT_MEMBRANE,,0.5333,7.7798,0.0,0.0,22,17,5,0,0,0,0,28,2.86552,2.62918,0.58062,9.8014,1,15,2,0.0,0.26598,8,0,8,12,attached,29,6.399,6.40456,-0.02724,-6.399,0.26547,deliver
20260526-194049-sentence-script-long-microtubule-tracks-723305,40.2,2412,3,1,PAINT_MEMBRANE,,0.6333,7.7798,0.0,0.0,22,18,4,0,0,0,0,28,2.91613,2.68854,0.15556,0.20963,1,14,2,0.0,0.09776,8,0,8,12,attached,29,6.399,6.40451,-0.01007,-6.399,0.26547,deliver
20260526-194049-sentence-script-long-microtubule-tracks-723305,40.3,2418,3,1,PAINT_MEMBRANE,,0.7333,7.7798,0.0,0.0,22,19,3,0,0,0,0,20,3.16063,2.95201,12.59154,241.36127,1,12,3,0.0,4.64497,8,0,8,12,attached,29,6.66,6.6653,0.01062,-6.66,0.26547,deliver
20260526-194049-sentence-script-long-microtubule-tracks-723305,40.4,2424,3,1,PAINT_MEMBRANE,,0.8333,7.7798,0.0,0.0,22,19,3,0,0,0,0,20,3.40615,3.16268,8.84071,169.94362,2,9,4,0.0,3.26781,8,0,8,12,attached,29,6.921,6.92614,0.0276,-6.921,0.26547,deliver
20260526-194049-sentence-script-long-microtubule-tracks-723305,40.5,2430,3,1,PAINT_MEMBRANE,,0.9333,7.7798,0.0,0.0,22,20,2,0,0,0,0,9,3.35726,3.22603,0.51849,9.25487,2,8,4,0.0,0.21416,8,0,8,12,attached,29,6.921,6.92618,0.03493,-6.921,0.26547,deliver
20260526-194049-sentence-script-long-microtubule-tracks-723305,40.6,2436,3,1,PAINT_MEMBRANE,,1.0333,7.7798,0.0,0.0,21,20,1,1,0,0,0,8,3.53995,3.42668,2.4137,15.66008,1,6,5,0.0,0.85029,8,0,8,9,attached,12,6.66,6.66662,-5.52823,1.14078,-3.54699,deliver
20260526-194049-sentence-script-long-microtubule-tracks-723305,40.7,2442,3,1,PAINT_MEMBRANE,,1.1333,7.7798,0.0,0.0,21,20,1,1,0,0,0,5,3.8695,3.73836,7.23572,148.92594,1,6,7,0.0,2.53717,8,0,8,9,attached,12,6.66,6.66663,-5.52516,1.16109,-3.54521,deliver
20260526-194049-sentence-script-long-microtubule-tracks-723305,40.8,2448,3,1,PAINT_MEMBRANE,,1.2333,7.7798,0.0,0.0,21,20,1,1,0,0,0,4,4.13587,3.99023,0.1513,0.20983,1,5,8,0.0,0.05757,8,0,8,9,attached,12,6.921,6.92743,-5.7452,1.22192,-3.67273,deliver
20260526-194049-sentence-script-long-microtubule-tracks-723305,40.9,2454,3,1,PAINT_MEMBRANE,,1.3333,7.7798,0.0,0.0,21,20,1,1,0,0,0,2,4.3249,4.16889,1.39327,15.66,1,5,9,0.0,0.4925,8,0,8,9,attached,12,7.182,7.18822,-5.96675,1.27275,-3.80112,deliver
20260526-194049-sentence-script-long-microtubule-tracks-723305,41.0,2460,3,1,PAINT_MEMBRANE,,1.4333,7.7798,0.0,0.0,21,20,1,1,0,0,0,1,4.41982,4.25871,0.84668,15.66033,4,5,8,0.0,0.30084,8,0,8,9,attached,12,7.182,7.1882,-5.96769,1.26653,-3.80167,deliver
20260526-194049-sentence-script-long-microtubule-tracks-723305,41.1,2466,3,1,PAINT_MEMBRANE,,1.5333,7.7798,0.0,0.0,21,20,1,1,0,0,0,0,4.51718,4.35064,0.86093,15.66141,6,5,8,0.0,0.30632,8,0,8,9,attached,12,7.443,7.44893,-6.19257,1.29544,-3.93199,deliver
20260526-194049-sentence-script-long-microtubule-tracks-723305,41.2,2472,3,1,PAINT_MEMBRANE,,1.6333,7.7798,0.0,0.0,20,19,1,2,0,0,0,0,4.44843,4.27449,1.39845,15.66059,5,4,7,0.0,0.47055,8,0,8,11,attached,7,6.66,6.66607,-2.36846,3.47314,-5.17341,deliver
20260526-194049-sentence-script-long-microtubule-tracks-723305,41.3,2478,3,1,PAINT_MEMBRANE,,1.7333,7.7798,0.0,0.0,20,19,1,2,0,0,0,0,4.55738,4.37708,1.21967,11.72843,7,4,7,0.0,0.41119,8,0,8,21,attached,3,6.921,6.92655,2.34732,5.48604,3.51718,deliver
20260526-194049-sentence-script-long-microtubule-tracks-723305,41.4,2484,3,1,PAINT_MEMBRANE,,1.8333,7.7798,0.0,0.0,20,19,1,2,0,0,0,0,4.64833,4.46263,2.22634,27.85931,7,4,8,0.0,0.74593,8,0,8,11,attached,7,6.921,6.9268,-2.47391,3.59919,-5.37645,deliver
20260526-194049-sentence-script-long-microtubule-tracks-723305,41.5,2490,3,1,PAINT_MEMBRANE,,1.9333,7.7798,0.0,0.0,19,18,1,3,0,0,0,0,4.78666,4.58193,1.733,15.66079,6,4,8,0.00585,0.55168,8,0,8,11,attached,7,7.182,7.18756,-2.5814,3.71791,-5.58341,deliver
20260526-194049-sentence-script-long-microtubule-tracks-723305,41.6,2496,3,1,PAINT_MEMBRANE,,2.0333,7.7798,0.0,0.0,19,18,1,3,0,0,0,0,4.90283,4.69028,0.59526,9.2556,6,3,8,0.00585,0.19102,8,0,8,11,attached,7,7.182,7.18758,-2.58624,3.70055,-5.59273,deliver
20260526-194049-sentence-script-long-microtubule-tracks-723305,41.7,2502,3,1,PAINT_MEMBRANE,,2.1333,7.7798,0.0,0.0,19,18,1,3,0,0,0,0,4.99939,4.78103,0.88187,14.32387,6,3,9,0.00585,0.28164,8,0,8,11,attached,7,7.443,7.44843,-2.69264,3.82317,-5.79759,deliver
20260526-194049-sentence-script-long-microtubule-tracks-723305,41.8,2508,3,1,PAINT_MEMBRANE,,2.2333,7.7798,0.0,0.0,19,18,1,3,0,0,0,0,5.08295,4.8595,1.77743,15.66134,6,3,9,0.00585,0.5659,8,0,8,11,attached,7,7.443,7.44844,-2.69349,3.82011,-5.79924,deliver
20260526-194049-sentence-script-long-microtubule-tracks-723305,41.9,2514,3,1,PAINT_MEMBRANE,,2.3333,7.7798,0.0,0.0,19,18,1,3,0,0,0,0,5.20166,4.97255,4.22533,36.35317,6,3,10,0.00585,1.34923,8,0,8,11,attached,7,7.704,7.70922,-2.79441,3.96243,-5.99354,deliver
20260526-194049-sentence-script-long-microtubule-tracks-723305,42.0,2520,3,1,PAINT_MEMBRANE,,2.4333,7.7798,0.0,0.0,19,18,1,3,0,0,0,0,5.28948,5.05942,0.86019,14.32237,7,3,11,0.00585,0.28224,8,0,8,11,attached,7,7.704,7.70919,-2.79019,3.97757,-5.98542,deliver
20260526-194049-sentence-script-long-microtubule-tracks-723305,42.1,2526,3,1,PAINT_MEMBRANE,,2.5333,7.7798,0.0,0.0,18,17,1,4,0,1,1,18,5.25324,5.01535,2.53959,15.66028,7,3,10,0.00654,0.77162,8,0,8,11,attached,7,7.704,7.70919,-2.78527,3.99525,-5.97594,deliver
20260526-194049-sentence-script-long-microtubule-tracks-723305,42.2,2532,3,1,PAINT_MEMBRANE,,2.6333,7.7798,0.0,0.0,16,15,1,6,0,2,2,44,5.1027,4.84773,1.12914,15.66061,4,3,9,0.01667,0.31064,8,1,12,14,attached,11,7.704,7.70813,1.99834,1.84484,7.21238,deliver
20260526-194049-sentence-script-long-microtubule-tracks-723305,42.3,2538,3,1,PAINT_MEMBRANE,,2.7333,7.7798,0.0,0.0,16,13,3,6,0,2,2,44,5.0753,4.91515,1.1443,15.66101,3,3,9,0.01667,0.34673,10,1,12,14,attached,11,7.704,7.70812,1.99686,1.86469,7.20767,deliver
20260526-194049-sentence-script-long-microtubule-tracks-723305,42.4,2544,3,1,PAINT_MEMBRANE,,2.8333,7.7798,0.0,0.0,14,9,5,8,0,4,4,84,4.83025,4.85489,2.3839,15.66057,1,2,8,0.03297,0.84919,12,1,14,7,attached,17,6.921,6.92594,-6.82634,-1.17015,0.02156,deliver
20260526-194049-sentence-script-long-microtubule-tracks-723305,42.5,2550,3,1,PAINT_MEMBRANE,,2.9333,7.7798,0.0,0.0,14,10,4,8,0,4,4,84,5.01805,4.92238,1.22482,15.6611,2,2,7,0.02198,0.33388,12,1,14,7,attached,17,6.921,6.92598,-6.82816,-1.15975,0.02164,deliver
20260526-194049-sentence-script-long-microtubule-tracks-723305,42.6,2556,3,1,PAINT_MEMBRANE,,3.0333,7.7798,0.0,0.0,14,10,4,8,0,4,4,84,4.82425,4.95692,1.81704,14.53016,3,2,8,0.02198,0.47562,14,1,14,7,detached,17,6.921,7.01455,-6.91704,-1.1651,0.03221,detached
20260526-194049-sentence-script-long-microtubule-tracks-723305,42.7,2562,3,1,PAINT_MEMBRANE,,3.1333,7.7798,0.0,0.0,14,10,4,8,0,4,4,88,4.99142,5.08816,0.81116,9.29831,4,2,10,0.03297,0.23651,14,1,16,7,detached,17,6.921,7.12645,-7.02903,-1.17333,0.04876,detached
20260526-194049-sentence-script-long-microtubule-tracks-723305,42.8,2568,3,1,PAINT_MEMBRANE,,3.2333,7.7798,0.0,0.0,14,8,6,8,0,4,4,88,4.98061,5.16456,0.15905,0.24811,4,2,9,0.02198,0.11155,16,1,16,7,detached,17,6.921,7.22626,-7.12832,-1.18402,0.06242,detached
20260526-194049-sentence-script-long-microtubule-tracks-723305,42.9,2574,3,1,PAINT_MEMBRANE,,3.3333,7.7798,0.0,0.0,14,8,6,8,0,4,4,88,5.03016,5.20489,0.15334,0.22518,4,2,9,0.01099,0.10427,16,1,18,7,detached,17,6.921,7.32115,-7.22205,-1.19843,0.07121,detached
20260526-194049-sentence-script-long-microtubule-tracks-723305,43.0,2580,3,1,PAINT_MEMBRANE,,3.4333,7.7798,0.0,0.0,13,8,5,9,0,4,4,84,5.17768,5.13811,2.52813,15.66029,5,3,8,0.01282,0.60016,16,1,18,1,attached,25,6.921,6.92764,-4.47954,-4.98794,-1.74539,deliver
20260526-194049-sentence-script-long-microtubule-tracks-723305,43.1,2586,3,1,PAINT_MEMBRANE,,3.5333,7.7798,0.0,0.0,13,6,7,9,0,4,4,84,4.77841,5.16673,0.15368,0.25993,4,3,8,0.01282,0.11764,18,1,18,1,attached,25,6.921,6.9276,-4.47317,-4.99431,-1.74336,deliver
20260526-194049-sentence-script-long-microtubule-tracks-723305,43.2,2592,3,1,PAINT_MEMBRANE,,3.6333,7.7798,0.0,0.0,13,6,7,9,0,4,4,79,4.84448,5.20013,0.1468,0.25514,4,3,8,0.01282,0.10999,18,1,18,1,attached,25,7.182,7.18832,-4.63219,-5.19577,-1.79409,deliver
20260526-194049-sentence-script-long-microtubule-tracks-723305,43.3,2598,3,1,PAINT_MEMBRANE,,3.7333,7.7798,0.0,0.0,13,6,7,9,0,4,4,76,4.93637,5.24472,2.03412,15.66063,5,3,8,0.01282,0.50999,18,1,18,1,attached,25,7.182,7.18833,-4.61798,-5.20998,-1.78955,deliver
20260526-194049-sentence-script-long-microtubule-tracks-723305,43.4,2604,3,1,PAINT_MEMBRANE,,3.8333,7.7798,0.0,0.0,12,7,5,10,0,4,4,69,5.57015,5.38489,0.13827,0.20774,4,2,8,0.01515,0.06918,18,1,18,10,detached,6,6.66,7.14996,-1.74664,4.15643,5.54934,detached
20260526-194049-sentence-script-long-microtubule-tracks-723305,43.5,2610,3,1,PAINT_MEMBRANE,,3.9333,7.7798,0.0,0.0,11,7,4,11,0,4,4,69,5.66416,5.28217,0.11479,0.20784,4,2,7,0.01818,0.04829,18,1,20,0,attached,2,7.02806,7.03258,0.56297,6.04094,-3.55631,attached
20260526-194049-sentence-script-long-microtubule-tracks-723305,43.6,2616,3,1,PAINT_MEMBRANE,,4.0333,7.7798,0.0,0.0,11,9,2,11,0,4,4,62,5.8858,5.36253,2.84832,15.66043,4,2,8,0.01818,0.53553,18,1,20,0,attached,2,7.28906,7.29339,0.57403,6.26936,-3.68229,attached
20260526-194049-sentence-script-long-microtubule-tracks-723305,43.7,2622,3,1,PAINT_MEMBRANE,,4.1333,7.7798,0.0,0.0,11,7,4,11,0,4,4,60,5.59526,5.40602,0.11156,0.26151,5,2,8,0.01818,0.06653,20,1,20,0,detached,2,7.28906,7.37959,0.567,6.34813,-3.71997,detached
20260526-194049-sentence-script-long-microtubule-tracks-723305,43.8,2628,3,1,PAINT_MEMBRANE,,4.2333,7.7798,0.0,0.0,11,7,4,11,0,4,4,56,5.80383,5.53407,1.55091,15.66018,5,2,8,0.01818,0.32773,20,1,20,0,detached,2,7.28906,7.48988,0.56414,6.44512,-3.77365,detached
20260526-194049-sentence-script-long-microtubule-tracks-723305,43.9,2634,3,1,PAINT_MEMBRANE,,4.3333,7.7798,0.0,0.0,11,7,4,11,0,4,4,49,5.84112,5.55473,0.15621,0.21926,7,2,8,0.0,0.06752,20,1,20,0,detached,2,7.28906,7.59002,0.56104,6.53507,-3.81923,detached
20260526-194049-sentence-script-long-microtubule-tracks-723305,44.0,2640,3,1,PAINT_MEMBRANE,,4.4333,7.7798,0.0,0.0,11,7,4,11,0,4,4,43,6.0124,5.66064,1.55231,15.66133,7,2,8,0.0,0.32068,20,1,20,3,attached,12,7.704,7.70974,-6.42282,1.29415,-4.06357,deliver
20260526-194049-sentence-script-long-microtubule-tracks-723305,44.1,2646,3,1,PAINT_MEMBRANE,,4.5333,7.7798,0.0,0.0,11,7,4,11,0,4,4,36,6.03454,5.67267,0.96748,9.29889,7,2,8,0.0,0.21078,20,1,20,0,detached,2,7.28906,7.75657,0.56714,6.67618,-3.90785,detached
20260526-194049-sentence-script-long-microtubule-tracks-723305,44.2,2652,3,1,PAINT_MEMBRANE,,4.6333,7.7798,0.0167,0.0,11,7,4,11,0,4,4,30,6.03454,5.67171,0.09539,0.20185,7,2,8,0.0,0.0452,20,1,20,0,detached,2,7.28906,7.82317,0.57406,6.73148,-3.94457,detached
20260526-194049-sentence-script-long-microtubule-tracks-723305,44.3,2658,3,1,PAINT_MEMBRANE,,4.7333,7.7798,0.0,0.0,10,6,4,12,0,5,5,45,6.77568,6.07188,1.65802,15.66026,5,1,8,0.0,0.30103,20,1,20,0,detached,2,7.28906,7.87653,0.58069,6.7781,-3.96986,detached
20260526-194049-sentence-script-long-microtubule-tracks-723305,44.4,2664,3,1,PAINT_MEMBRANE,,4.8333,7.7798,0.0,0.0,9,6,3,13,0,5,5,38,6.80151,5.88087,0.13213,0.19104,4,1,7,0.0,0.03658,20,1,20,16,attached,6,7.49906,7.50518,-1.8656,4.41411,5.77607,deliver
20260526-194049-sentence-script-long-microtubule-tracks-723305,44.5,2670,3,1,PAINT_MEMBRANE,,4.9333,7.7798,0.0,0.0,8,6,2,14,0,6,6,54,6.72091,5.77591,0.10689,0.20929,4,1,6,0.0,0.02072,20,1,20,8,attached,17,7.26827,7.2738,-7.16699,-1.24192,0.01276,deliver
20260526-194049-sentence-script-long-microtubule-tracks-723305,44.6,2676,3,1,PAINT_MEMBRANE,,5.0333,7.7798,0.0,0.0,8,6,2,14,0,6,6,45,6.74674,5.79539,3.19716,15.66082,5,1,6,0.0,0.43335,20,1,20,8,attached,17,7.52927,7.53461,-7.4203,-1.30729,0.02323,deliver
20260526-194049-sentence-script-long-microtubule-tracks-723305,44.7,2682,3,1,PAINT_MEMBRANE,,5.1333,7.7798,0.0333,0.0,8,7,1,14,0,6,6,43,6.09326,5.85411,2.07985,15.66012,5,1,6,0.0,0.2798,20,1,20,8,attached,17,7.52927,7.53465,-7.41729,-1.32446,0.02311,deliver
20260526-194049-sentence-script-long-microtubule-tracks-723305,44.8,2688,3,1,PAINT_MEMBRANE,,5.2333,7.7798,0.0167,0.0,7,6,1,15,0,7,7,56,5.96305,5.70516,2.15736,14.32731,4,1,5,0.0,0.25393,20,1,20,13,attached,20,7.704,7.70853,-4.36556,-2.91771,-5.6436,deliver
20260526-194049-sentence-script-long-microtubule-tracks-723305,44.9,2694,3,1,PAINT_MEMBRANE,,5.3333,7.7798,0.0,0.0,7,6,1,15,0,7,7,54,5.96305,5.70276,2.3396,15.66087,4,1,5,0.0,0.27495,20,1,20,13,attached,20,7.704,7.70854,-4.3606,-2.9366,-5.63765,deliver
20260526-194049-sentence-script-long-microtubule-tracks-723305,45.0,2700,3,1,PAINT_MEMBRANE,,5.4333,7.7798,0.0,0.0,6,6,0,16,0,8,8,72,5.68068,5.68856,2.69929,15.66005,2,1,5,0.0,0.26993,20,1,20,15,attached,2,7.27648,7.28218,0.60484,6.29028,-3.61895,deliver
20260526-194049-sentence-script-long-microtubule-tracks-723305,45.1,2706,3,1,PAINT_MEMBRANE,,5.5333,7.7798,0.0667,0.0,6,6,0,16,0,8,8,72,5.72418,5.732,2.71748,15.66092,2,1,5,0.0,0.27175,20,1,20,15,attached,2,7.27648,7.28214,0.60556,6.28543,-3.62716,deliver
20260526-194049-sentence-script-long-microtubule-tracks-723305,45.2,2712,3,1,PAINT_MEMBRANE,,5.6333,7.7798,0.0,0.0,6,6,0,16,0,8,8,72,5.89447,5.90189,0.15432,0.20808,3,1,5,0.0,0.01543,20,1,20,15,attached,2,7.53748,7.54291,0.6185,6.50119,-3.77459,deliver
20260526-194049-sentence-script-long-microtubule-tracks-723305,45.3,2718,3,1,PAINT_MEMBRANE,,5.7333,7.7798,0.0,0.0,6,6,0,16,0,8,8,72,5.89447,5.90191,0.14864,0.20975,3,1,5,0.0,0.01486,20,1,20,15,attached,2,7.53748,7.54292,0.62005,6.49077,-3.79225,deliver
20260526-194049-sentence-script-long-microtubule-tracks-723305,45.4,2724,3,1,PAINT_MEMBRANE,,5.8333,7.7798,0.0,0.0,5,5,0,17,0,8,8,70,5.66582,5.6734,0.14852,0.16852,2,1,4,0.0,0.01238,20,1,20,18,attached,5,7.30961,7.31513,4.79956,4.80528,-2.71747,deliver
20260526-194049-sentence-script-long-microtubule-tracks-723305,45.5,2730,3,1,PAINT_MEMBRANE,,5.9333,7.7798,0.0,0.0,5,5,0,17,0,8,8,70,5.81798,5.82528,0.11421,0.20863,2,0,4,0.0,0.00952,20,1,20,18,attached,5,7.57061,7.57591,4.97663,4.96166,-2.83011,deliver
20260526-194049-sentence-script-long-microtubule-tracks-723305,45.6,2736,3,1,PAINT_MEMBRANE,,6.0333,7.7798,0.0167,0.0,4,4,0,18,0,9,9,85,5.44507,5.45279,0.10997,0.19384,2,0,3,0.0,0.00733,20,1,20,6,attached,29,6.921,6.92637,0.01503,-6.921,0.27221,deliver
20260526-194049-sentence-script-long-microtubule-tracks-723305,45.7,2742,3,1,PAINT_MEMBRANE,,6.1333,7.7798,0.0167,0.0,4,4,0,18,0,9,9,83,5.58113,5.58887,3.69066,14.3277,2,1,3,0.0,0.24604,20,1,20,6,attached,29,7.182,7.18722,0.03025,-7.182,0.27221,deliver
20260526-194049-sentence-script-long-microtubule-tracks-723305,45.8,2748,3,1,PAINT_MEMBRANE,,6.2333,7.7798,0.0,0.0,4,4,0,18,0,9,9,81,5.71163,5.71923,4.01848,15.66139,2,1,3,0.0,0.2679,20,1,20,6,attached,29,7.182,7.18724,0.03491,-7.182,0.27221,deliver
20260526-194049-sentence-script-long-microtubule-tracks-723305,45.9,2754,3,1,PAINT_MEMBRANE,,6.3333,7.7798,0.05,0.0,3,3,0,19,0,9,9,71,5.14191,5.15079,0.16503,0.18449,1,1,2,0.0,0.00825,20,1,20,5,attached,4,6.921,6.92647,-4.6653,4.99918,-1.10415,deliver
20260526-194049-sentence-script-long-microtubule-tracks-723305,46.0,2760,3,1,PAINT_MEMBRANE,,6.4333,7.7798,0.0167,0.0,3,3,0,19,0,9,9,67,5.22891,5.23776,0.06691,0.09573,2,1,2,0.0,0.00335,20,1,20,5,attached,4,6.921,6.92652,-4.67506,4.98975,-1.10587,deliver
20260526-194049-sentence-script-long-microtubule-tracks-723305,46.1,2766,3,1,PAINT_MEMBRANE,,6.5333,7.7798,0.05,0.0,3,3,0,19,0,9,9,59,5.23632,5.2456,0.05458,0.11065,2,1,2,0.0,0.00273,20,1,20,5,attached,4,7.182,7.18733,-4.85411,5.177,-1.13754,deliver
20260526-194049-sentence-script-long-microtubule-tracks-723305,46.2,2772,3,1,PAINT_MEMBRANE,,6.6333,7.7798,0.0,0.0,2,2,0,20,0,9,9,57,4.27459,4.28658,0.16574,0.19204,1,1,1,0.0,0.00552,20,1,20,3,attached,12,6.66,6.66659,-5.53163,1.12368,-3.5471,deliver
20260526-194049-sentence-script-long-microtubule-tracks-723305,46.3,2778,3,1,PAINT_MEMBRANE,,6.7333,7.7798,0.0333,0.0,2,2,0,20,0,9,9,49,6.138,6.14421,0.20501,0.20635,1,0,2,0.0,0.00683,20,1,20,3,attached,12,6.66,6.66655,-5.52891,1.14162,-3.54553,deliver
20260526-194049-sentence-script-long-microtubule-tracks-723305,46.4,2784,3,1,PAINT_MEMBRANE,,6.8333,7.7798,0.0,0.0,2,2,0,20,0,9,9,46,6.2685,6.27461,0.17268,0.19678,1,0,2,0.0,0.00576,20,1,20,3,attached,12,6.66,6.66656,-5.52584,1.16188,-3.54375,deliver
20260526-194049-sentence-script-long-microtubule-tracks-723305,46.5,2790,3,1,PAINT_MEMBRANE,,6.9333,7.7798,0.05,0.0,2,2,0,20,0,9,9,40,6.399,6.40503,0.08002,0.12114,1,0,2,0.0,0.00267,20,1,20,3,attached,12,6.921,6.92736,-5.74593,1.22239,-3.67129,deliver
20260526-194049-sentence-script-long-microtubule-tracks-723305,46.6,2796,3,1,PAINT_MEMBRANE,,7.0333,7.7798,0.15,0.0,2,2,0,20,0,9,9,39,6.399,6.40504,0.04377,0.08437,1,0,2,0.0,0.00146,20,1,20,3,attached,12,6.921,6.92739,-5.74512,1.22773,-3.67083,deliver
20260526-194049-sentence-script-long-microtubule-tracks-723305,46.7,2802,3,1,PAINT_MEMBRANE,,7.1333,7.7798,0.0167,0.0,2,2,0,20,0,9,9,31,6.66,6.66576,0.14702,0.17816,1,0,2,0.0,0.0049,20,1,20,3,attached,12,7.182,7.18813,-5.96857,1.26603,-3.80032,deliver
20260526-194049-sentence-script-long-microtubule-tracks-723305,46.8,2808,3,1,PAINT_MEMBRANE,,7.2333,7.7798,0.0333,0.0,1,1,0,21,0,9,9,24,6.399,6.40414,15.6614,15.6614,1,0,1,0.0,0.26102,20,1,20,19,attached,19,6.399,6.40414,-0.53723,-1.98898,6.06369,deliver
20260526-194049-sentence-script-long-microtubule-tracks-723305,46.9,2814,3,1,PAINT_MEMBRANE,,7.3333,7.7798,0.0667,0.0,1,1,0,21,0,9,9,21,6.399,6.40418,0.16802,0.16802,1,0,1,0.0,0.0028,20,1,20,19,attached,19,6.399,6.40418,-0.53696,-2.00715,6.05777,deliver
20260526-194049-sentence-script-long-microtubule-tracks-723305,47.0,2820,3,1,PAINT_MEMBRANE,,7.4333,7.7798,0.1667,0.0,1,1,0,21,0,9,9,19,6.66,6.66503,15.66015,15.66015,1,0,1,0.0,0.261,20,1,20,19,attached,19,6.66,6.66503,-0.54826,-2.09889,6.30211,deliver
20260526-194049-sentence-script-long-microtubule-tracks-723305,47.1,2826,3,1,PAINT_MEMBRANE,,7.5333,7.7798,0.0667,0.0,1,1,0,21,0,9,9,16,6.66,6.66502,0.0564,0.0564,1,0,1,0.0,0.00094,20,1,20,19,attached,19,6.66,6.66502,-0.54826,-2.09846,6.30225,deliver
20260526-194049-sentence-script-long-microtubule-tracks-723305,47.2,2832,3,1,PAINT_MEMBRANE,,7.6333,7.7798,0.1667,0.0,1,1,0,21,0,9,9,15,6.66,6.66497,0.16072,0.16072,1,0,1,0.0,0.00268,20,1,20,19,attached,19,6.66,6.66497,-0.54843,-2.087,6.30599,deliver
20260526-194049-sentence-script-long-microtubule-tracks-723305,47.3,2838,3,1,PAINT_MEMBRANE,,7.7333,7.7798,0.0333,0.0,1,1,0,21,0,9,9,14,6.921,6.92575,0.20889,0.20889,1,0,1,0.0,0.00348,20,1,20,19,attached,19,6.921,6.92575,-0.56017,-2.14952,6.55987,deliver
20260526-194049-sentence-script-long-microtubule-tracks-723305,47.4,2844,3,1,CURIOUS_SWITCH,PAINT_MEMBRANE,0.05,9.8633,0.0,0.0,1,1,0,21,0,9,9,11,1.18702,1.21492,0.04344,0.04344,0,1,0,0.0,0.00072,20,2,20,19,attached,17,1.18702,1.21492,-1.1848,-0.17061,-0.20779,switched
20260526-194049-sentence-script-long-microtubule-tracks-723305,47.5,2850,3,1,CURIOUS_SWITCH,PAINT_MEMBRANE,0.15,9.8633,0.05,0.0,1,0,1,21,0,9,9,7,0.0,1.57618,0.32754,0.32754,0,1,0,0.0,0.02839,21,2,20,19,detached,17,1.44802,1.57618,-1.55892,-0.20496,-0.11006,detached
20260526-194049-sentence-script-long-microtubule-tracks-723305,47.6,2856,3,1,CURIOUS_SWITCH,PAINT_MEMBRANE,0.25,9.8633,0.15,0.0,1,0,1,21,0,9,9,5,0.0,1.69233,0.2953,0.2953,0,1,0,0.0,0.02559,21,2,20,19,detached,17,1.44802,1.69233,-1.68159,-0.1901,-0.0094,detached
20260526-194049-sentence-script-long-microtubule-tracks-723305,47.7,2862,3,1,CURIOUS_SWITCH,PAINT_MEMBRANE,0.35,9.8633,0.0,0.0,1,1,0,21,0,9,9,4,1.76276,1.78147,0.15505,0.15505,0,1,0,0.0,0.00258,21,2,20,19,attached,17,1.76276,1.78147,-1.74931,-0.28198,-0.18445,attached
20260526-194049-sentence-script-long-microtubule-tracks-723305,47.8,2868,3,1,CURIOUS_SWITCH,PAINT_MEMBRANE,0.45,9.8633,0.0833,0.0,1,1,0,21,0,9,9,1,1.29066,1.31615,60.16972,60.16972,0,1,0,0.0,1.00283,21,3,20,19,attached,22,1.29066,1.31615,-1.04272,-0.68882,0.41294,switched
20260526-194049-sentence-script-long-microtubule-tracks-723305,47.9,2874,3,1,CURIOUS_SWITCH,PAINT_MEMBRANE,0.55,9.8633,0.0167,0.0,1,1,0,21,0,9,9,1,1.55166,1.57311,0.04841,0.04841,0,1,0,0.0,0.00081,21,3,20,19,attached,22,1.55166,1.57311,-1.222,-0.83204,0.53768,switched
20260526-194049-sentence-script-long-microtubule-tracks-723305,48.0,2880,3,1,CURIOUS_SWITCH,PAINT_MEMBRANE,0.65,9.8633,0.1167,0.0,1,1,0,21,0,9,9,1,0.4,0.47606,85.4238,85.4238,0,1,0,0.0,1.42373,22,4,20,19,attached,11,0.4,0.47606,-0.12658,0.06896,0.45371,switched
20260526-194049-sentence-script-long-microtubule-tracks-723305,48.1,2886,3,1,CURIOUS_SWITCH,PAINT_MEMBRANE,0.75,9.8633,0.0,0.0,1,0,1,21,0,9,9,1,0.0,0.64725,0.24497,0.24497,0,1,0,0.0,0.02123,23,5,20,19,detached,28,0.4,0.64725,-0.01232,-0.63364,0.13148,detached
20260526-194049-sentence-script-long-microtubule-tracks-723305,48.2,2892,3,1,CURIOUS_SWITCH,PAINT_MEMBRANE,0.85,9.8633,0.0167,0.0,1,1,0,21,0,9,9,2,0.661,0.70974,15.66034,15.66034,0,1,0,0.0,0.26101,23,7,20,19,attached,3,0.661,0.70974,0.05648,0.50514,0.49535,switched
20260526-194049-sentence-script-long-microtubule-tracks-723305,48.3,2898,3,1,CURIOUS_SWITCH,PAINT_MEMBRANE,0.95,9.8633,0.0,0.0,1,1,0,21,0,9,9,2,0.661,0.70907,15.66138,15.66138,0,1,0,0.0,0.26102,23,9,20,19,attached,4,0.661,0.70907,-0.39975,0.48297,-0.33126,switched
20260526-194049-sentence-script-long-microtubule-tracks-723305,48.4,2904,3,1,CURIOUS_SWITCH,PAINT_MEMBRANE,1.05,9.8633,0.0667,0.0,1,1,0,21,0,9,9,5,0.57473,0.63036,40.4074,40.4074,0,1,0,0.0,0.67346,23,10,20,19,attached,2,0.57473,0.63036,0.27843,0.51307,-0.23788,switched
20260526-194049-sentence-script-long-microtubule-tracks-723305,48.5,2910,3,1,CURIOUS_SWITCH,PAINT_MEMBRANE,1.15,9.8633,0.05,0.0,1,1,0,21,0,9,9,6,0.83573,0.87462,0.13029,0.13029,0,1,0,0.0,0.00217,23,10,20,19,attached,2,0.83573,0.87462,0.29063,0.7338,-0.37688,switched
20260526-194049-sentence-script-long-microtubule-tracks-723305,48.6,2916,3,1,CURIOUS_SWITCH,PAINT_MEMBRANE,1.25,9.8633,0.0,0.0,1,1,0,21,0,9,9,7,1.09673,1.12638,0.20046,0.20046,0,1,0,0.0,0.00334,23,10,20,19,attached,2,1.09673,1.12638,0.30352,0.94987,-0.52378,switched
20260526-194049-sentence-script-long-microtubule-tracks-723305,48.7,2922,3,1,CURIOUS_SWITCH,PAINT_MEMBRANE,1.35,9.8633,0.05,0.0,1,0,1,21,0,9,9,9,0.0,0.62821,0.2884,0.2884,0,1,0,0.0,0.15304,24,11,20,19,detached,25,0.4,0.62821,-0.23404,-0.40898,-0.41546,detached
20260526-194049-sentence-script-long-microtubule-tracks-723305,48.8,2928,3,1,CURIOUS_SWITCH,PAINT_MEMBRANE,1.45,9.8633,0.0667,0.0,1,0,1,21,0,9,9,8,0.0,0.74255,0.26638,0.26638,0,1,0,0.0,0.02309,24,11,20,19,detached,25,0.4,0.74255,-0.36081,-0.46859,-0.44903,detached
20260526-194049-sentence-script-long-microtubule-tracks-723305,48.9,2934,3,1,CURIOUS_SWITCH,PAINT_MEMBRANE,1.55,9.8633,0.0167,0.0,1,0,1,21,0,9,9,8,0.0,0.62821,0.47179,0.47179,0,1,0,0.0,0.15363,25,12,20,19,detached,9,0.4,0.62821,-0.58392,0.20241,-0.11276,detached
20260526-194049-sentence-script-long-microtubule-tracks-723305,49.0,2940,3,1,CURIOUS_SWITCH,PAINT_MEMBRANE,1.65,9.8633,0.0167,0.0,1,1,0,21,0,9,9,8,0.661,0.70941,0.15297,0.15297,0,1,0,0.0,0.00255,25,13,20,19,attached,10,0.661,0.70941,0.49573,0.22668,-0.45401,switched
20260526-194049-sentence-script-long-microtubule-tracks-723305,49.1,2946,3,1,CURIOUS_SWITCH,PAINT_MEMBRANE,1.75,9.8633,0.0,0.0,1,1,0,21,0,9,9,7,0.661,0.7099,0.00723,0.00723,0,1,0,0.0,0.00012,25,15,20,19,attached,1,0.661,0.7099,-0.21146,0.67201,-0.08748,switched
20260526-194049-sentence-script-long-microtubule-tracks-723305,49.2,2952,3,1,CURIOUS_SWITCH,PAINT_MEMBRANE,1.85,9.8633,0.05,0.0,1,1,0,21,0,9,9,6,0.4,0.47526,0.208,0.208,0,1,0,0.0,0.00347,25,16,20,19,attached,13,0.4,0.47526,0.44301,0.04779,0.1653,switched
20260526-194049-sentence-script-long-microtubule-tracks-723305,49.3,2958,3,1,CURIOUS_SWITCH,PAINT_MEMBRANE,1.95,9.8633,0.0,0.0,1,1,0,21,0,9,9,6,0.69731,0.74333,15.66079,15.66079,0,1,0,0.0,0.26101,25,17,20,19,attached,16,0.69731,0.74333,0.36672,-0.05042,0.64461,switched
20260526-194049-sentence-script-long-microtubule-tracks-723305,49.4,2964,3,1,CURIOUS_SWITCH,PAINT_MEMBRANE,2.05,9.8633,0.0667,0.0,1,1,0,21,0,9,9,5,0.4,0.47559,68.70556,68.70556,0,1,0,0.0,1.14509,26,18,20,19,attached,4,0.4,0.47559,-0.24042,0.27663,-0.30308,switched
20260526-194049-sentence-script-long-microtubule-tracks-723305,49.5,2970,3,1,CURIOUS_SWITCH,PAINT_MEMBRANE,2.15,9.8633,0.0667,0.0,1,1,0,21,0,9,9,5,0.4,0.4763,0.09145,0.09145,0,1,0,0.0,0.00152,26,18,20,19,attached,4,0.4,0.4763,-0.24994,0.26743,-0.30476,switched
20260526-194049-sentence-script-long-microtubule-tracks-723305,49.6,2976,3,1,CURIOUS_SWITCH,PAINT_MEMBRANE,2.25,9.8633,0.0,0.0,1,1,0,21,0,9,9,4,0.661,0.7099,0.01208,0.01208,0,1,0,0.0,0.0002,26,20,20,19,attached,2,0.661,0.7099,0.28225,0.58746,-0.28139,switched
20260526-194049-sentence-script-long-microtubule-tracks-723305,49.7,2982,3,1,CURIOUS_SWITCH,PAINT_MEMBRANE,2.35,9.8633,0.1,0.0,1,1,0,21,0,9,9,4,0.661,0.70955,0.1283,0.1283,0,1,0,0.0,0.00214,26,20,20,19,attached,2,0.661,0.70955,0.28287,0.58331,-0.28843,switched
20260526-194049-sentence-script-long-microtubule-tracks-723305,49.8,2988,3,1,CURIOUS_SWITCH,PAINT_MEMBRANE,2.45,9.8633,0.0167,0.0,1,0,1,21,0,9,9,4,0.0,0.71259,0.05062,0.05062,0,1,0,0.0,0.00439,27,21,20,19,detached,24,0.661,0.71259,0.023,-0.44488,0.55618,detached
20260526-194049-sentence-script-long-microtubule-tracks-723305,49.9,2994,3,1,CURIOUS_SWITCH,PAINT_MEMBRANE,2.55,9.8633,0.1167,0.0,1,0,1,21,0,9,9,4,0.0,0.72989,0.04888,0.04888,0,1,0,0.0,0.00424,27,21,20,19,detached,24,0.661,0.72989,0.02453,-0.46932,0.55846,detached
20260526-194049-sentence-script-long-microtubule-tracks-723305,50.0,3000,3,1,CURIOUS_SWITCH,PAINT_MEMBRANE,2.65,9.8633,0.2167,0.0,1,0,1,21,0,9,9,4,0.0,0.74997,0.04063,0.04063,0,1,0,0.0,0.00352,27,21,20,19,detached,24,0.661,0.74997,0.02541,-0.49423,0.56352,detached
20260526-194049-sentence-script-long-microtubule-tracks-723305,50.1,3006,3,1,CURIOUS_SWITCH,PAINT_MEMBRANE,2.75,9.8633,0.3167,0.0,1,0,1,21,0,9,9,4,0.0,0.76113,0.02518,0.02518,0,1,0,0.0,0.00218,27,21,20,19,detached,24,0.661,0.76113,0.02631,-0.50766,0.56648,detached
20260526-194049-sentence-script-long-microtubule-tracks-723305,50.2,3012,3,1,CURIOUS_SWITCH,PAINT_MEMBRANE,2.85,9.8633,0.4167,0.0,1,0,1,21,0,9,9,2,0.0,0.76983,0.01876,0.01876,0,1,0,0.0,0.00163,27,21,20,19,detached,24,0.661,0.76983,0.03005,-0.52066,0.56626,detached
20260526-194049-sentence-script-long-microtubule-tracks-723305,50.3,3018,3,1,CURIOUS_SWITCH,PAINT_MEMBRANE,2.95,9.8633,0.5167,0.0,1,1,0,21,0,9,9,2,0.4,0.47649,50.8651,50.8651,0,1,0,0.0,0.84775,27,22,20,19,attached,3,0.4,0.47649,-0.03852,0.29597,0.37143,switched
20260526-194049-sentence-script-long-microtubule-tracks-723305,50.4,3024,3,1,CURIOUS_SWITCH,PAINT_MEMBRANE,3.05,9.8633,0.0,0.0,1,1,0,21,0,9,9,1,0.661,0.70916,15.66127,15.66127,0,1,0,0.0,0.26102,27,23,20,19,attached,7,0.661,0.70916,-0.03004,0.3527,-0.6145,switched
20260526-194049-sentence-script-long-microtubule-tracks-723305,50.5,3030,3,1,CURIOUS_SWITCH,PAINT_MEMBRANE,3.15,9.8633,0.0667,0.0,1,0,1,21,0,9,9,0,0.0,0.7489,0.25205,0.25205,0,1,0,0.0,0.02184,28,23,20,19,detached,7,0.661,0.7489,-0.06606,0.41396,-0.62058,detached
20260526-194049-sentence-script-long-microtubule-tracks-723305,50.6,3036,3,1,CURIOUS_SWITCH,PAINT_MEMBRANE,3.25,9.8633,0.1667,0.0,1,1,0,21,0,9,9,0,0.69258,0.73862,6.60051,6.60051,0,1,0,0.0,0.11001,29,24,20,19,attached,7,0.69258,0.73862,-0.04733,0.35168,-0.64779,attached
20260526-194049-sentence-script-long-microtubule-tracks-723305,50.7,3042,3,1,CURIOUS_SWITCH,PAINT_MEMBRANE,3.35,9.8633,0.0667,0.0,1,1,0,21,0,9,9,0,0.95358,0.98782,15.66072,15.66072,0,1,0,0.0,0.26101,29,24,20,19,attached,7,0.95358,0.98782,-0.15457,0.47132,-0.85426,attached
20260526-194049-sentence-script-long-microtubule-tracks-723305,50.8,3048,3,1,CURIOUS_SWITCH,PAINT_MEMBRANE,3.45,9.8633,0.0,0.0,1,1,0,21,0,9,9,0,0.4,0.47528,0.20205,0.20205,0,1,0,0.0,0.00337,30,25,20,19,attached,1,0.4,0.47528,-0.11514,0.43605,-0.14995,switched
20260526-194049-sentence-script-long-microtubule-tracks-723305,50.9,3054,3,1,CURIOUS_SWITCH,PAINT_MEMBRANE,3.55,9.8633,0.0167,0.0,1,1,0,21,0,9,9,0,0.661,0.70988,0.02601,0.02601,0,1,0,0.0,0.00043,30,26,20,19,attached,26,0.661,0.70988,0.49791,-0.50325,0.05258,switched
20260526-194049-sentence-script-long-microtubule-tracks-723305,51.0,3060,3,1,CURIOUS_SWITCH,PAINT_MEMBRANE,3.65,9.8633,0.0,0.0,1,1,0,21,0,9,9,2,0.63736,0.6871,30.54025,30.54025,0,1,0,0.0,0.509,30,29,20,19,attached,28,0.63736,0.6871,-0.07127,-0.68306,0.02153,switched
20260526-194049-sentence-script-long-microtubule-tracks-723305,51.1,3066,3,1,CURIOUS_SWITCH,PAINT_MEMBRANE,3.75,9.8633,0.05,0.0,1,1,0,21,0,9,9,3,0.4,0.47558,0.17175,0.17175,0,1,0,0.0,0.00286,30,30,20,19,attached,16,0.4,0.47558,0.14035,-0.02281,0.45382,switched
20260526-194049-sentence-script-long-microtubule-tracks-723305,51.2,3072,3,1,CURIOUS_SWITCH,PAINT_MEMBRANE,3.85,9.8633,0.15,0.0,1,1,0,21,0,9,9,3,0.4,0.47521,0.2099,0.2099,0,1,0,0.0,0.0035,30,30,20,19,attached,16,0.4,0.47521,0.13877,-0.04268,0.45249,switched
20260526-194049-sentence-script-long-microtubule-tracks-723305,51.3,3078,3,1,CURIOUS_SWITCH,PAINT_MEMBRANE,3.95,9.8633,0.05,0.0,1,1,0,21,0,9,9,3,0.661,0.70935,0.17472,0.17472,0,1,0,0.0,0.00291,30,30,20,19,attached,16,0.661,0.70935,0.33573,-0.0891,0.61849,switched
20260526-194049-sentence-script-long-microtubule-tracks-723305,51.4,3084,3,1,CURIOUS_SWITCH,PAINT_MEMBRANE,4.05,9.8633,0.0333,0.0,1,1,0,21,0,9,9,3,0.4,0.47529,26.64843,26.64843,0,1,0,0.0,0.44414,30,32,20,19,attached,26,0.4,0.47529,0.33511,-0.31189,0.1278,switched
20260526-194049-sentence-script-long-microtubule-tracks-723305,51.5,3090,3,1,CURIOUS_SWITCH,PAINT_MEMBRANE,4.15,9.8633,0.0167,0.0,1,1,0,21,0,9,9,3,0.661,0.70991,0.00089,0.00089,0,1,0,0.0,1e-05,30,33,20,19,attached,27,0.661,0.70991,-0.37763,-0.55212,0.23776,switched
20260526-194049-sentence-script-long-microtubule-tracks-723305,51.6,3096,3,1,CURIOUS_SWITCH,PAINT_MEMBRANE,4.25,9.8633,0.1167,0.0,1,0,1,21,0,9,9,4,0.0,0.72828,0.15657,0.15657,0,1,0,0.0,0.01357,31,33,20,19,detached,27,0.661,0.72828,-0.367,-0.5476,0.30955,detached
20260526-194049-sentence-script-long-microtubule-tracks-723305,51.7,3102,3,1,CURIOUS_SWITCH,PAINT_MEMBRANE,4.35,9.8633,0.0,0.0,1,1,0,21,0,9,9,7,0.661,0.70913,15.66131,15.66131,0,1,0,0.0,0.26102,31,34,20,19,attached,12,0.661,0.70913,-0.4363,0.10335,-0.54938,switched
20260526-194049-sentence-script-long-microtubule-tracks-723305,51.8,3108,3,1,CURIOUS_SWITCH,PAINT_MEMBRANE,4.45,9.8633,0.0167,0.0,1,1,0,21,0,9,9,6,0.64036,0.69064,0.05823,0.05823,0,1,0,0.0,0.00097,31,35,20,19,attached,7,0.64036,0.69064,-0.0328,0.30289,-0.61981,switched
20260526-194049-sentence-script-long-microtubule-tracks-723305,51.9,3114,3,1,CURIOUS_SWITCH,PAINT_MEMBRANE,4.55,9.8633,0.0167,0.0,1,0,1,21,0,9,9,6,0.0,1.00629,0.36903,0.36903,0,1,0,0.0,0.03198,32,35,20,19,detached,7,0.90136,1.00629,-0.21205,0.48702,-0.85467,detached
20260526-194049-sentence-script-long-microtubule-tracks-723305,52.0,3120,3,1,CURIOUS_SWITCH,PAINT_MEMBRANE,4.65,9.8633,0.0,0.0,1,1,0,21,0,9,9,6,0.4,0.47633,29.73923,29.73923,0,1,0,0.0,0.49565,32,37,20,19,attached,14,0.4,0.47633,-0.43915,0.04645,0.17855,switched
20260526-194049-sentence-script-long-microtubule-tracks-723305,52.1,3126,3,1,CURIOUS_SWITCH,PAINT_MEMBRANE,4.75,9.8633,0.0,0.0,1,1,0,21,0,9,9,7,0.4,0.4753,0.20478,0.20478,0,1,0,0.0,0.00341,32,39,20,19,attached,6,0.4,0.4753,-0.33333,0.22688,0.25166,switched
20260526-194049-sentence-script-long-microtubule-tracks-723305,52.2,3132,3,1,CURIOUS_SWITCH,PAINT_MEMBRANE,4.85,9.8633,0.05,0.0,1,1,0,21,0,9,9,7,0.661,0.70955,0.14297,0.14297,0,1,0,0.0,0.00238,32,39,20,19,attached,6,0.661,0.70955,-0.39087,0.36578,0.46571,switched
20260526-194049-sentence-script-long-microtubule-tracks-723305,52.3,3138,3,1,CURIOUS_SWITCH,PAINT_MEMBRANE,4.95,9.8633,0.0,0.0,1,0,1,21,0,9,9,8,0.0,0.68345,0.35755,0.35755,0,1,0,0.0,0.03099,33,40,20,19,detached,27,0.4,0.68345,-0.39672,-0.54844,0.09449,detached
20260526-194049-sentence-script-long-microtubule-tracks-723305,52.4,3144,3,1,CURIOUS_SWITCH,PAINT_MEMBRANE,5.05,9.8633,0.1,0.0,1,0,1,21,0,9,9,8,0.0,0.84507,0.32686,0.32686,0,1,0,0.0,0.02833,33,40,20,19,detached,27,0.4,0.84507,-0.42402,-0.72165,0.11652,detached
20260526-194049-sentence-script-long-microtubule-tracks-723305,52.5,3150,3,1,CURIOUS_SWITCH,PAINT_MEMBRANE,5.15,9.8633,0.2,0.0,1,0,1,21,0,9,9,7,0.0,0.99273,0.29381,0.29381,0,1,0,0.0,0.02546,33,40,20,19,detached,27,0.4,0.99273,-0.44788,-0.87543,0.13614,detached
20260526-194049-sentence-script-long-microtubule-tracks-723305,52.6,3156,3,1,CURIOUS_SWITCH,PAINT_MEMBRANE,5.25,9.8633,0.0167,0.0,1,1,0,21,0,9,9,5,0.661,0.70953,0.14768,0.14768,0,1,0,0.0,0.00246,33,41,20,19,attached,6,0.661,0.70953,-0.38282,0.40861,0.43579,switched
20260526-194049-sentence-script-long-microtubule-tracks-723305,52.7,3162,3,1,CURIOUS_SWITCH,PAINT_MEMBRANE,5.35,9.8633,0.1167,0.0,1,1,0,21,0,9,9,5,0.661,0.7099,0.03766,0.03766,0,1,0,0.0,0.00063,33,41,20,19,attached,6,0.661,0.7099,-0.38151,0.4156,0.43091,switched
20260526-194049-sentence-script-long-microtubule-tracks-723305,52.8,3168,3,1,CURIOUS_SWITCH,PAINT_MEMBRANE,5.45,9.8633,0.0167,0.0,1,1,0,21,0,9,9,4,0.44416,0.51362,25.21984,25.21984,0,1,0,0.0,0.42033,33,43,20,19,attached,25,0.44416,0.51362,-0.19558,-0.33989,-0.3317,switched
20260526-194049-sentence-script-long-microtubule-tracks-723305,52.9,3174,3,1,CURIOUS_SWITCH,PAINT_MEMBRANE,5.55,9.8633,0.0667,0.0,1,1,0,21,0,9,9,4,0.44416,0.51301,0.20004,0.20004,0,1,0,0.0,0.00333,33,43,20,19,attached,25,0.44416,0.51301,-0.20769,-0.32779,-0.33556,switched
20260526-194049-sentence-script-long-microtubule-tracks-723305,53.0,3180,3,1,CURIOUS_SWITCH,PAINT_MEMBRANE,5.65,9.8633,0.0167,0.0,1,1,0,21,0,9,9,4,0.4,0.47596,54.15423,54.15423,0,1,0,0.0,0.90257,33,44,20,19,attached,24,0.4,0.47596,-0.0637,-0.24198,0.40487,switched
20260526-194049-sentence-script-long-microtubule-tracks-723305,53.1,3186,3,1,CURIOUS_SWITCH,PAINT_MEMBRANE,5.75,9.8633,0.0,0.0,1,1,0,21,0,9,9,4,0.4,0.47649,53.24156,53.24156,0,1,0,0.0,0.88736,33,46,20,19,attached,14,0.4,0.47649,-0.4405,-0.02113,0.18046,switched
20260526-194049-sentence-script-long-microtubule-tracks-723305,53.2,3192,3,1,CURIOUS_SWITCH,PAINT_MEMBRANE,5.85,9.8633,0.0,0.0,1,0,1,21,0,9,9,4,0.0,0.67736,0.38535,0.38535,0,1,0,0.0,0.0334,34,46,20,19,detached,14,0.661,0.67736,-0.59226,-0.0643,0.32234,detached
20260526-194049-sentence-script-long-microtubule-tracks-723305,53.3,3198,3,1,CURIOUS_SWITCH,PAINT_MEMBRANE,5.95,9.8633,0.1,0.0,1,0,1,21,0,9,9,4,0.0,0.82975,0.34469,0.34469,0,1,0,0.0,0.02987,34,46,20,19,detached,14,0.661,0.82975,-0.66007,-0.13142,0.48529,detached
20260526-194049-sentence-script-long-microtubule-tracks-723305,53.4,3204,3,1,CURIOUS_SWITCH,PAINT_MEMBRANE,6.05,9.8633,0.0,0.0,1,1,0,21,0,9,9,5,0.4,0.47521,0.20935,0.20935,0,1,0,0.0,0.00349,34,47,20,19,attached,16,0.4,0.47521,0.13881,-0.04218,0.45253,switched
20260526-194049-sentence-script-long-microtubule-tracks-723305,53.5,3210,3,1,CURIOUS_SWITCH,PAINT_MEMBRANE,6.15,9.8633,0.1,0.0,1,1,0,21,0,9,9,5,0.4,0.4756,0.18143,0.18143,0,1,0,0.0,0.00302,34,47,20,19,attached,16,0.4,0.4756,0.14039,-0.02239,0.45385,switched
20260526-194049-sentence-script-long-microtubule-tracks-723305,53.6,3216,3,1,CURIOUS_SWITCH,PAINT_MEMBRANE,6.25,9.8633,0.0,0.0,1,1,0,21,0,9,9,6,0.4,0.47564,0.17744,0.17744,0,1,0,0.0,0.00296,34,49,20,19,attached,3,0.4,0.47564,-0.04565,0.30497,0.36214,switched
20260526-194049-sentence-script-long-microtubule-tracks-723305,53.7,3222,3,1,CURIOUS_SWITCH,PAINT_MEMBRANE,6.35,9.8633,0.0,0.0,1,1,0,21,0,9,9,6,0.661,0.7098,0.08312,0.08312,0,1,0,0.0,0.00139,34,49,20,19,attached,3,0.661,0.7098,0.05717,0.50427,0.49625,switched
20260526-194049-sentence-script-long-microtubule-tracks-723305,53.8,3228,3,1,CURIOUS_SWITCH,PAINT_MEMBRANE,6.45,9.8633,0.0,0.0,1,1,0,21,0,9,9,5,0.661,0.70911,0.20494,0.20494,0,1,0,0.0,0.00342,34,50,20,19,attached,20,0.661,0.70911,-0.19713,-0.24214,-0.63666,switched
20260526-194049-sentence-script-long-microtubule-tracks-723305,53.9,3234,3,1,CURIOUS_SWITCH,PAINT_MEMBRANE,6.55,9.8633,0.0833,0.0,1,1,0,21,0,9,9,5,0.661,0.70955,0.14349,0.14349,0,1,0,0.0,0.00239,34,50,20,19,attached,20,0.661,0.70955,-0.20136,-0.22601,-0.64174,switched
20260526-194049-sentence-script-long-microtubule-tracks-723305,54.0,3240,3,1,CURIOUS_SWITCH,PAINT_MEMBRANE,6.65,9.8633,0.0,0.0,1,1,0,21,0,9,9,5,0.922,0.95767,0.03192,0.03192,0,1,0,0.0,0.00053,34,50,20,19,attached,20,0.922,0.95767,-0.35806,-0.31751,-0.82952,switched
20260526-194049-sentence-script-long-microtubule-tracks-723305,54.1,3246,3,1,CURIOUS_SWITCH,PAINT_MEMBRANE,6.75,9.8633,0.1,0.0,1,1,0,21,0,9,9,5,0.922,0.95753,0.0908,0.0908,0,1,0,0.0,0.00151,34,50,20,19,attached,20,0.922,0.95753,-0.35708,-0.32126,-0.82834,switched
20260526-194049-sentence-script-long-microtubule-tracks-723305,54.2,3252,3,1,CURIOUS_SWITCH,PAINT_MEMBRANE,6.85,9.8633,0.0333,0.0,1,1,0,21,0,9,9,5,1.183,1.21061,0.1818,0.1818,0,1,0,0.0,0.00303,34,50,20,19,attached,20,1.183,1.21061,-0.50821,-0.43396,-1.00944,switched
20260526-194049-sentence-script-long-microtubule-tracks-723305,54.3,3258,3,1,CURIOUS_SWITCH,PAINT_MEMBRANE,6.95,9.8633,0.0,0.0,1,1,0,21,0,9,9,4,1.22545,1.25246,15.6602,15.6602,0,1,0,0.0,0.261,35,51,20,19,attached,23,1.22545,1.25246,0.46397,-0.74512,-0.89341,switched
20260526-194049-sentence-script-long-microtubule-tracks-723305,54.4,3264,3,1,CURIOUS_SWITCH,PAINT_MEMBRANE,7.05,9.8633,0.0167,0.0,1,1,0,21,0,9,9,4,0.63945,0.68922,0.17574,0.17574,0,1,0,0.0,0.00293,36,52,20,19,attached,21,0.63945,0.68922,0.52444,-0.30243,0.32944,switched
20260526-194049-sentence-script-long-microtubule-tracks-723305,54.5,3270,3,1,CURIOUS_SWITCH,PAINT_MEMBRANE,7.15,9.8633,0.0167,0.0,1,1,0,21,0,9,9,4,0.90045,0.93629,0.20986,0.20986,0,1,0,0.0,0.0035,36,52,20,19,attached,21,0.90045,0.93629,0.76461,-0.40142,0.36176,switched
20260526-194049-sentence-script-long-microtubule-tracks-723305,54.6,3276,3,1,CURIOUS_SWITCH,PAINT_MEMBRANE,7.25,9.8633,0.1167,0.0,1,1,0,21,0,9,9,4,0.661,0.70923,41.62774,41.62774,0,1,0,0.0,0.6938,36,53,20,19,attached,18,0.661,0.70923,0.63841,-0.14397,-0.27334,switched
20260526-194049-sentence-script-long-microtubule-tracks-723305,54.7,3282,3,1,CURIOUS_SWITCH,PAINT_MEMBRANE,7.35,9.8633,0.0667,0.0,1,1,0,21,0,9,9,5,0.661,0.70906,0.20935,0.20935,0,1,0,0.0,0.00349,36,53,20,19,attached,18,0.661,0.70906,0.63492,-0.16373,-0.26987,switched
20260526-194049-sentence-script-long-microtubule-tracks-723305,54.8,3288,3,1,CURIOUS_SWITCH,PAINT_MEMBRANE,7.45,9.8633,0.0167,0.0,1,1,0,21,0,9,9,5,0.922,0.95731,0.16408,0.16408,0,1,0,0.0,0.00273,36,53,20,19,attached,18,0.922,0.95731,0.81123,-0.24504,-0.44532,switched
20260526-194049-sentence-script-long-microtubule-tracks-723305,54.9,3294,3,1,CURIOUS_SWITCH,PAINT_MEMBRANE,7.55,9.8633,0.0,0.0,1,1,0,21,0,9,9,5,0.4,0.476,91.79494,91.79494,0,1,0,0.0,1.52992,36,54,20,19,attached,22,0.4,0.476,-0.41592,-0.23033,-0.02317,switched
20260526-194049-sentence-script-long-microtubule-tracks-723305,55.0,3300,3,1,CURIOUS_SWITCH,PAINT_MEMBRANE,7.65,9.8633,0.0667,0.0,1,1,0,21,0,9,9,6,0.661,0.70912,15.66124,15.66124,0,1,0,0.0,0.26102,36,54,20,19,attached,22,0.661,0.70912,-0.60653,-0.3507,0.10945,switched
20260526-194049-sentence-script-long-microtubule-tracks-723305,55.1,3306,3,1,CURIOUS_SWITCH,PAINT_MEMBRANE,7.75,9.8633,0.0667,0.0,1,1,0,21,0,9,9,5,0.661,0.70912,0.2033,0.2033,0,1,0,0.0,0.00339,36,54,20,19,attached,22,0.661,0.70912,-0.61532,-0.333,0.11556,switched
20260526-194049-sentence-script-long-microtubule-tracks-723305,55.2,3312,3,1,CURIOUS_SWITCH,PAINT_MEMBRANE,7.85,9.8633,0.0333,0.0,1,1,0,21,0,9,9,7,0.4,0.47611,0.10661,0.10661,0,1,0,0.0,0.00178,36,55,20,19,attached,5,0.4,0.47611,0.37653,0.28415,0.06456,switched
20260526-194049-sentence-script-long-microtubule-tracks-723305,55.3,3318,3,1,CURIOUS_SWITCH,PAINT_MEMBRANE,7.95,9.8633,0.0167,0.0,1,1,0,21,0,9,9,7,0.661,0.70917,0.19009,0.19009,0,1,0,0.0,0.00317,36,55,20,19,attached,5,0.661,0.70917,0.55173,0.44307,-0.04689,switched
20260526-194049-sentence-script-long-microtubule-tracks-723305,55.4,3324,3,1,CURIOUS_SWITCH,PAINT_MEMBRANE,8.05,9.8633,0.1167,0.0,1,1,0,21,0,9,9,8,0.4,0.47607,68.49237,68.49237,0,1,0,0.0,1.14154,37,57,20,19,attached,14,0.4,0.47607,-0.44037,-0.0147,0.18028,switched
20260526-194049-sentence-script-long-microtubule-tracks-723305,55.5,3330,3,1,CURIOUS_SWITCH,PAINT_MEMBRANE,8.15,9.8633,0.0667,0.0,1,1,0,21,0,9,9,8,0.4,0.47537,0.19316,0.19316,0,1,0,0.0,0.00322,37,57,20,19,attached,14,0.4,0.47537,-0.44004,0.00173,0.17981,switched
20260526-194049-sentence-script-long-microtubule-tracks-723305,55.6,3336,3,1,CURIOUS_SWITCH,PAINT_MEMBRANE,8.25,9.8633,0.0167,0.0,1,1,0,21,0,9,9,8,0.661,0.7091,0.20582,0.20582,0,1,0,0.0,0.00343,37,57,20,19,attached,14,0.661,0.7091,-0.58965,0.03137,0.39262,switched
20260526-194049-sentence-script-long-microtubule-tracks-723305,55.7,3342,3,1,CURIOUS_SWITCH,PAINT_MEMBRANE,8.35,9.8633,0.0,0.0,1,1,0,21,0,9,9,8,0.4,0.4765,44.76861,44.76861,0,1,0,0.0,0.74614,37,58,20,19,attached,27,0.4,0.4765,-0.32658,-0.32709,0.11578,switched
20260526-194049-sentence-script-long-microtubule-tracks-723305,55.8,3348,3,1,CURIOUS_SWITCH,PAINT_MEMBRANE,8.45,9.8633,0.0667,0.0,1,1,0,21,0,9,9,8,0.4,0.47598,3.48656,3.48656,0,1,0,0.0,0.05811,37,59,20,19,attached,27,0.4,0.47598,-0.30592,-0.35856,0.0664,switched
20260526-194049-sentence-script-long-microtubule-tracks-723305,55.9,3354,3,1,CURIOUS_SWITCH,PAINT_MEMBRANE,8.55,9.8633,0.0,0.0,1,0,1,21,0,9,9,6,0.0,0.66217,0.24612,0.24612,0,1,0,0.0,0.02133,38,59,20,19,detached,27,0.4,0.66217,-0.38932,-0.52398,0.11109,detached
20260526-194049-sentence-script-long-microtubule-tracks-723305,56.0,3360,3,1,CURIOUS_SWITCH,PAINT_MEMBRANE,8.65,9.8633,0.0,0.0,1,1,0,21,0,9,9,6,0.661,0.70978,15.66016,15.66016,0,1,0,0.0,0.261,38,60,20,19,attached,20,0.661,0.70978,-0.18702,-0.28062,-0.62455,switched
20260526-194049-sentence-script-long-microtubule-tracks-723305,56.1,3366,3,1,CURIOUS_SWITCH,PAINT_MEMBRANE,8.75,9.8633,0.0667,0.0,1,1,0,21,0,9,9,4,0.661,0.7093,0.17008,0.17008,0,1,0,0.0,0.00283,38,60,20,19,attached,20,0.661,0.7093,-0.19024,-0.26837,-0.62841,switched
20260526-194049-sentence-script-long-microtubule-tracks-723305,56.2,3372,3,1,CURIOUS_SWITCH,PAINT_MEMBRANE,8.85,9.8633,0.1667,0.0,1,1,0,21,0,9,9,4,0.922,0.95703,15.66141,15.66141,0,1,0,0.0,0.26102,38,60,20,19,attached,20,0.922,0.95703,-0.3498,-0.34896,-0.81962,switched
20260526-194049-sentence-script-long-microtubule-tracks-723305,56.3,3378,3,1,CURIOUS_SWITCH,PAINT_MEMBRANE,8.95,9.8633,0.0667,0.0,1,1,0,21,0,9,9,3,0.922,0.95725,0.1763,0.1763,0,1,0,0.0,0.00294,38,60,20,19,attached,20,0.922,0.95725,-0.35457,-0.33081,-0.82533,switched
20260526-194049-sentence-script-long-microtubule-tracks-723305,56.4,3384,3,1,CURIOUS_SWITCH,PAINT_MEMBRANE,9.05,9.8633,0.1667,0.0,1,0,1,21,0,9,9,4,0.0,0.95971,0.06569,0.06569,0,1,0,0.0,0.00569,39,60,20,19,detached,20,0.922,0.95971,-0.33941,-0.30013,-0.84602,detached
20260526-194049-sentence-script-long-microtubule-tracks-723305,56.5,3390,3,1,CURIOUS_SWITCH,PAINT_MEMBRANE,9.15,9.8633,0.2667,0.0,1,0,1,21,0,9,9,3,0.0,0.96177,0.06213,0.06213,0,1,0,0.0,0.00538,39,60,20,19,detached,20,0.922,0.96177,-0.32508,-0.27449,-0.86255,detached
20260526-194049-sentence-script-long-microtubule-tracks-723305,56.6,3396,3,1,CURIOUS_SWITCH,PAINT_MEMBRANE,9.25,9.8633,0.3667,0.0,1,0,1,21,0,9,9,3,0.0,0.9619,0.07192,0.07192,0,1,0,0.0,0.00623,39,60,20,19,detached,20,0.922,0.9619,-0.31233,-0.24345,-0.87661,detached
20260526-194049-sentence-script-long-microtubule-tracks-723305,56.7,3402,3,1,CURIOUS_SWITCH,PAINT_MEMBRANE,9.35,9.8633,0.4667,0.0,1,0,1,21,0,9,9,4,0.0,0.96732,0.08142,0.08142,0,1,0,0.0,0.00706,39,60,20,19,detached,20,0.922,0.96732,-0.29916,-0.20873,-0.8959,detached
20260526-194049-sentence-script-long-microtubule-tracks-723305,56.8,3408,3,1,CURIOUS_SWITCH,PAINT_MEMBRANE,9.45,9.8633,0.5667,0.0,1,1,0,21,0,9,9,4,0.94986,0.97368,0.0,0.0,0,1,0,0.0,0.0073,39,60,20,19,attached,15,0.94986,0.97368,-0.27842,-0.17668,-0.91615,attached
20260526-194049-sentence-script-long-microtubule-tracks-723305,56.9,3414,3,1,CURIOUS_SWITCH,PAINT_MEMBRANE,9.55,9.8633,0.0333,0.0,1,1,0,21,0,9,9,4,0.4,0.47522,59.45428,59.45428,0,1,0,0.0,0.9909,39,61,20,19,attached,25,0.4,0.47522,-0.18353,-0.29096,-0.32786,switched
20260526-194049-sentence-script-long-microtubule-tracks-723305,57.0,3420,3,1,CURIOUS_SWITCH,PAINT_MEMBRANE,9.65,9.8633,0.0,0.0,1,1,0,21,0,9,9,4,0.4,0.47623,0.08658,0.08658,0,1,0,0.0,0.00144,39,64,20,19,attached,13,0.4,0.47623,0.44052,0.07234,0.16585,switched
20260526-194049-sentence-script-long-microtubule-tracks-723305,57.1,3426,3,1,CURIOUS_SWITCH,PAINT_MEMBRANE,9.75,9.8633,0.0333,0.0,1,1,0,21,0,9,9,3,0.661,0.70924,0.17943,0.17943,0,1,0,0.0,0.00299,39,64,20,19,attached,13,0.661,0.70924,0.69553,0.08494,0.10978,switched
20260526-194049-sentence-script-long-microtubule-tracks-723305,57.2,3432,3,1,CURIOUS_SWITCH,PAINT_MEMBRANE,9.85,9.8633,0.0333,0.0,1,1,0,21,0,9,9,3,0.922,0.95704,0.2096,0.2096,0,1,0,0.0,0.00349,39,64,20,19,attached,13,0.922,0.95704,0.95112,0.09175,0.05359,switched
20260526-194049-sentence-script-long-microtubule-tracks-723305,57.3,3438,3,1,ORBIT_DANCE,CURIOUS_SWITCH,0.0833,9.6331,0.0,0.0,1,0,1,21,1,9,9,2,0.0,1.03765,0.86006,0.86006,0,1,0,0.0,0.07454,39,64,20,19,detached,13,0.922,1.03765,0.87303,0.19537,0.52571,orbit
20260526-194049-sentence-script-long-microtubule-tracks-723305,57.4,3444,3,1,ORBIT_DANCE,CURIOUS_SWITCH,0.1833,9.6331,0.0,0.0,1,0,1,21,1,9,9,2,0.0,1.10075,0.93582,0.93582,0,1,0,0.0,0.0811,39,64,20,19,detached,13,0.922,1.10075,0.57944,0.29891,0.88687,orbit
20260526-194049-sentence-script-long-microtubule-tracks-723305,57.5,3450,3,1,ORBIT_DANCE,CURIOUS_SWITCH,0.2833,9.6331,0.0,0.0,1,0,1,21,1,9,9,1,0.0,1.26663,0.84959,0.84959,0,1,0,0.0,0.07363,39,64,20,19,detached,13,0.922,1.26663,0.23882,0.38279,1.18355,orbit
20260526-194049-sentence-script-long-microtubule-tracks-723305,57.6,3456,3,1,ORBIT_DANCE,CURIOUS_SWITCH,0.3833,9.6331,0.05,0.0,1,0,1,21,1,9,9,0,0.0,1.45355,0.75519,0.75519,0,1,0,0.0,0.06545,39,64,20,19,detached,13,0.922,1.45355,-0.12067,0.44521,1.37842,orbit
20260526-194049-sentence-script-long-microtubule-tracks-723305,57.7,3462,3,1,ORBIT_DANCE,CURIOUS_SWITCH,0.4833,9.6331,0.0,0.0,1,0,1,21,1,9,9,0,0.0,1.49393,0.80012,0.80012,0,1,0,0.0,0.06934,39,64,20,19,detached,13,0.922,1.49393,-0.55378,0.46434,1.3075,orbit
20260526-194049-sentence-script-long-microtubule-tracks-723305,57.8,3468,3,1,ORBIT_DANCE,CURIOUS_SWITCH,0.5833,9.6331,0.0,0.0,1,0,1,21,1,9,9,0,0.0,1.52105,1.06031,1.06031,0,1,0,0.0,0.09189,39,64,20,19,detached,13,0.922,1.52105,-0.97911,0.45098,1.07311,orbit
20260526-194049-sentence-script-long-microtubule-tracks-723305,57.9,3474,3,1,ORBIT_DANCE,CURIOUS_SWITCH,0.6833,9.6331,0.0,0.0,1,0,1,21,1,9,9,0,0.0,1.55611,1.32179,1.32179,0,1,0,0.0,0.11456,39,64,20,19,detached,13,0.922,1.55611,-1.37018,0.38626,0.6284,orbit
20260526-194049-sentence-script-long-microtubule-tracks-723305,58.0,3480,3,1,ORBIT_DANCE,CURIOUS_SWITCH,0.7833,9.6331,0.0,0.0,1,0,1,21,1,9,9,0,0.0,1.71377,1.1534,1.1534,0,1,0,0.0,0.09996,39,64,20,19,detached,13,0.922,1.71377,-1.68603,0.29472,0.0863,orbit
20260526-194049-sentence-script-long-microtubule-tracks-723305,58.1,3486,3,1,ORBIT_DANCE,CURIOUS_SWITCH,0.8833,9.6331,0.0,0.0,1,0,1,21,1,9,9,0,0.0,1.94361,1.00595,1.00595,0,1,0,0.0,0.08718,39,64,20,19,detached,13,0.922,1.94361,-1.88724,0.19969,-0.4196,orbit
20260526-194049-sentence-script-long-microtubule-tracks-723305,58.2,3492,3,1,ORBIT_DANCE,CURIOUS_SWITCH,0.9833,9.6331,0.0,0.0,1,0,1,21,1,9,9,0,0.0,2.16616,0.87325,0.87325,0,1,0,0.0,0.07568,39,64,20,19,detached,13,0.922,2.16616,-1.97443,0.11022,-0.88416,orbit
20260526-194049-sentence-script-long-microtubule-tracks-723305,58.3,3498,3,1,ORBIT_DANCE,CURIOUS_SWITCH,1.0833,9.6331,0.0167,0.0,1,0,1,21,1,9,9,0,0.0,2.35645,0.79109,0.79109,0,1,0,0.0,0.06856,39,64,20,19,detached,13,0.922,2.35645,-1.96397,0.02241,-1.302,orbit
20260526-194049-sentence-script-long-microtubule-tracks-723305,58.4,3504,3,1,ORBIT_DANCE,CURIOUS_SWITCH,1.1833,9.6331,0.1167,0.0,1,0,1,21,1,9,9,0,0.0,2.48438,1.23139,1.23139,0,1,0,0.0,0.10672,39,64,20,19,detached,13,0.922,2.48438,-1.81872,-0.07244,-1.6909,orbit
20260526-194049-sentence-script-long-microtubule-tracks-723305,58.5,3510,3,1,ORBIT_DANCE,CURIOUS_SWITCH,1.2833,9.6331,0.0,0.0,1,0,1,21,1,9,9,0,0.0,2.54653,1.08512,1.08512,0,1,0,0.0,0.09404,39,64,20,19,detached,13,0.922,2.54653,-1.41432,-0.19941,-2.10825,orbit
20260526-194049-sentence-script-long-microtubule-tracks-723305,58.6,3516,3,1,ORBIT_DANCE,CURIOUS_SWITCH,1.3833,9.6331,0.0,0.0,1,0,1,21,1,9,9,0,0.0,2.58964,1.2046,1.2046,0,1,0,0.0,0.1044,39,64,20,19,detached,13,0.922,2.58964,-0.84592,-0.31993,-2.42658,orbit
20260526-194049-sentence-script-long-microtubule-tracks-723305,58.7,3522,3,1,ORBIT_DANCE,CURIOUS_SWITCH,1.4833,9.6331,0.0,0.0,1,0,1,21,1,9,9,0,0.0,2.6799,0.97401,0.97401,0,1,0,0.0,0.08441,39,64,20,19,detached,13,0.922,2.6799,-0.32141,-0.41174,-2.6285,orbit
20260526-194049-sentence-script-long-microtubule-tracks-723305,58.8,3528,3,1,ORBIT_DANCE,CURIOUS_SWITCH,1.5833,9.6331,0.0,0.0,1,0,1,21,1,9,9,0,0.0,2.69363,0.89768,0.89768,0,1,0,0.0,0.0778,39,64,20,19,detached,13,0.922,2.69363,0.1583,-0.4581,-2.64966,orbit
20260526-194049-sentence-script-long-microtubule-tracks-723305,58.9,3534,3,1,ORBIT_DANCE,CURIOUS_SWITCH,1.6833,9.6331,0.0,0.0,1,0,1,21,1,9,9,0,0.0,2.73414,0.84541,0.84541,0,0,0,0.0,0.07327,39,64,20,19,detached,13,0.922,2.73414,0.60795,-0.4921,-2.61988,orbit
20260526-194049-sentence-script-long-microtubule-tracks-723305,59.0,3540,3,1,ORBIT_DANCE,CURIOUS_SWITCH,1.7833,9.6331,0.0,0.0,1,0,1,21,1,9,9,0,0.0,2.78272,0.80212,0.80212,0,0,0,0.0,0.06952,39,64,20,19,detached,13,0.922,2.78272,1.02597,-0.50894,-2.53612,orbit
20260526-194049-sentence-script-long-microtubule-tracks-723305,59.1,3546,3,1,ORBIT_DANCE,CURIOUS_SWITCH,1.8833,9.6331,0.0,0.0,1,0,1,21,1,9,9,0,0.0,2.82247,1.29615,1.29615,0,0,0,0.0,0.11233,39,64,20,19,detached,13,0.922,2.82247,1.53002,-0.50309,-2.31782,orbit
20260526-194049-sentence-script-long-microtubule-tracks-723305,59.2,3552,3,1,ORBIT_DANCE,CURIOUS_SWITCH,1.9833,9.6331,0.0,0.0,1,0,1,21,1,9,9,0,0.0,2.91411,1.12135,1.12135,0,0,0,0.0,0.09718,39,64,20,19,detached,13,0.922,2.91411,2.06169,-0.48488,-2.0016,orbit
20260526-194049-sentence-script-long-microtubule-tracks-723305,59.3,3558,3,1,ORBIT_DANCE,CURIOUS_SWITCH,2.0833,9.6331,0.0,0.0,1,0,1,21,1,9,9,0,0.0,3.03448,0.97708,0.97708,0,0,0,0.0,0.08468,39,64,20,19,detached,13,0.922,3.03448,2.48875,-0.45494,-1.67547,orbit
20260526-194049-sentence-script-long-microtubule-tracks-723305,59.4,3564,3,1,ORBIT_DANCE,CURIOUS_SWITCH,2.1833,9.6331,0.0,0.0,1,0,1,21,1,9,9,0,0.0,3.13211,1.04232,1.04232,0,0,0,0.0,0.09033,39,64,20,19,detached,13,0.922,3.13211,2.81576,-0.41099,-1.3087,orbit
20260526-194049-sentence-script-long-microtubule-tracks-723305,59.5,3570,3,1,ORBIT_DANCE,CURIOUS_SWITCH,2.2833,9.6331,0.0,0.0,1,0,1,21,1,9,9,0,0.0,3.15362,0.9514,0.9514,0,0,0,0.0,0.08245,39,64,20,19,detached,13,0.922,3.15362,3.02026,-0.32972,-0.84538,orbit
20260526-194049-sentence-script-long-microtubule-tracks-723305,59.6,3576,3,1,ORBIT_DANCE,CURIOUS_SWITCH,2.3833,9.6331,0.0,0.0,1,0,1,21,1,9,9,0,0.0,3.19028,0.88372,0.88372,0,0,0,0.0,0.07659,39,64,20,19,detached,13,0.922,3.19028,3.15513,-0.25015,-0.40057,orbit
20260526-194049-sentence-script-long-microtubule-tracks-723305,59.7,3582,3,1,ORBIT_DANCE,CURIOUS_SWITCH,2.4833,9.6331,0.0,0.0,1,0,1,21,1,9,9,0,0.0,3.20083,1.30099,1.30099,0,0,0,0.0,0.11275,39,64,20,19,detached,13,0.922,3.20083,3.19627,-0.15568,0.06984,orbit
20260526-194049-sentence-script-long-microtubule-tracks-723305,59.8,3588,3,1,ORBIT_DANCE,CURIOUS_SWITCH,2.5833,9.6331,0.0,0.0,1,0,1,21,1,9,9,0,0.0,3.23036,1.14837,1.14837,0,0,0,0.0,0.09953,39,64,20,19,detached,13,0.922,3.23036,3.15697,-0.02497,0.68423,orbit
20260526-194049-sentence-script-long-microtubule-tracks-723305,59.9,3594,3,1,ORBIT_DANCE,CURIOUS_SWITCH,2.6833,9.6331,0.0,0.0,1,0,1,21,1,9,9,0,0.0,3.2546,1.06954,1.06954,0,0,0,0.0,0.09269,39,64,20,19,detached,13,0.922,3.2546,3.01124,0.10515,1.23038,orbit
20260526-194049-sentence-script-long-microtubule-tracks-723305,60.0,3600,3,1,ORBIT_DANCE,CURIOUS_SWITCH,2.7833,9.6331,0.0,0.0,1,0,1,21,1,9,9,0,0.0,3.29655,1.36214,1.36214,0,0,0,0.0,0.11805,39,64,20,19,detached,13,0.922,3.29655,2.79797,0.22936,1.728,orbit
