run_id,elapsed_seconds,step_index,round_index,ai_enabled,ai_mode,ai_previous_mode,ai_mode_timer,ai_mode_duration,ai_stagnant_timer,ai_completion_timer,active_count,attached_count,detached_count,fused_count,orbiting_count,fusion_count,fusion_effect_count,particle_count,avg_track_position_s,avg_radius_from_centrosome,mean_speed,max_speed,near_membrane_count,inner_count,outer_count,clustered_score,motion_score,total_detach_events,total_track_switch_events,total_collision_events,representative_vesicle_id,representative_state,representative_track,representative_s,representative_radius_from_centrosome,representative_x,representative_y,representative_z,representative_intent
20260526-194108-sentence-script-long-microtubule-tracks-d3016c,0.0,0,1,1,PAINT_MEMBRANE,,0.0167,12.5206,0.0167,0.0,22,22,0,0,0,0,0,20,1.56714,1.59652,0.14631,0.20963,0,21,0,0.0303,0.05365,0,0,4,6,attached,26,2.76418,2.77661,1.63847,-2.19225,-0.468,
20260526-194108-sentence-script-long-microtubule-tracks-d3016c,0.1,6,1,1,PAINT_MEMBRANE,,0.1167,12.5206,0.0,0.0,22,22,0,0,0,0,0,20,1.87312,1.89875,1.63229,13.52064,0,20,1,0.01732,0.59851,0,0,4,14,attached,12,5.616,5.62392,-4.64287,0.93419,-3.03306,deliver
20260526-194108-sentence-script-long-microtubule-tracks-d3016c,0.2,12,1,1,PAINT_MEMBRANE,,0.2167,12.5206,0.0,0.0,22,22,0,0,0,0,0,20,2.12276,2.14782,9.94925,216.22568,0,18,2,0.01299,3.64806,0,1,4,14,attached,12,5.877,5.88455,-4.86485,0.98223,-3.1617,deliver
20260526-194108-sentence-script-long-microtubule-tracks-d3016c,0.3,18,1,1,PAINT_MEMBRANE,,0.3167,12.5206,0.0,0.0,22,20,2,0,0,0,0,20,2.41937,2.45399,1.1662,13.62614,0,16,3,0.00866,0.46497,2,1,4,14,attached,12,6.138,6.14517,-5.08518,1.04113,-3.28939,deliver
20260526-194108-sentence-script-long-microtubule-tracks-d3016c,0.4,24,1,1,PAINT_MEMBRANE,,0.4167,12.5206,0.0,0.0,22,20,2,0,0,0,0,20,2.72867,2.73374,2.29185,14.10465,1,14,4,0.00433,0.87518,2,1,4,14,attached,12,6.399,6.40586,-5.30461,1.10601,-3.41655,deliver
20260526-194108-sentence-script-long-microtubule-tracks-d3016c,0.5,30,1,1,PAINT_MEMBRANE,,0.5167,12.5206,0.0,0.0,22,20,2,0,0,0,0,20,2.84642,2.84042,2.40311,15.66092,1,14,4,0.0,0.9122,2,1,4,14,attached,12,6.66,6.66662,-5.52418,1.16994,-3.5438,deliver
20260526-194108-sentence-script-long-microtubule-tracks-d3016c,0.6,36,1,1,PAINT_MEMBRANE,,0.6167,12.5206,0.0,0.0,22,21,1,0,0,0,0,20,2.92888,2.93582,1.19223,13.52065,2,13,4,0.00433,0.44755,2,1,4,14,attached,12,6.66,6.66667,-5.52246,1.1813,-3.5428,deliver
20260526-194108-sentence-script-long-microtubule-tracks-d3016c,0.7,42,1,1,PAINT_MEMBRANE,,0.7167,12.5206,0.0,0.0,22,21,1,0,0,0,0,20,3.02579,3.02886,1.395,14.33719,3,13,4,0.00433,0.52064,2,1,4,14,attached,12,6.921,6.92742,-5.74493,1.22612,-3.67172,deliver
20260526-194108-sentence-script-long-microtubule-tracks-d3016c,0.8,48,1,1,PAINT_MEMBRANE,,0.8167,12.5206,0.0,0.0,22,21,1,0,0,0,0,12,3.61492,3.5909,11.14071,201.63098,3,10,7,0.00433,4.09327,2,1,4,14,attached,12,6.921,6.92737,-5.74669,1.21447,-3.67275,deliver
20260526-194108-sentence-script-long-microtubule-tracks-d3016c,0.9,54,1,1,PAINT_MEMBRANE,,0.9167,12.5206,0.0,0.0,22,21,1,0,0,0,0,11,3.79073,3.75981,0.12616,0.20978,3,8,8,0.00433,0.05368,2,1,4,14,attached,12,7.182,7.18811,-5.97202,1.24042,-3.80333,deliver
20260526-194108-sentence-script-long-microtubule-tracks-d3016c,1.0,60,1,1,PAINT_MEMBRANE,,1.0167,12.5206,0.0,0.0,21,20,1,1,0,0,0,6,3.77136,3.74092,2.59081,15.66024,3,8,7,0.00476,0.91361,2,1,4,18,attached,11,6.921,6.92753,1.72235,1.69994,6.4911,deliver
20260526-194108-sentence-script-long-microtubule-tracks-d3016c,1.1,66,1,1,PAINT_MEMBRANE,,1.1167,12.5206,0.0,0.0,21,21,0,1,0,0,0,6,3.93741,3.95079,9.23956,177.07196,3,8,8,0.0,3.23385,2,1,4,20,attached,22,7.182,7.18821,-5.22447,-3.69708,3.27213,deliver
20260526-194108-sentence-script-long-microtubule-tracks-d3016c,1.2,72,1,1,PAINT_MEMBRANE,,1.2167,12.5206,0.0,0.0,21,21,0,1,0,0,0,5,4.07224,4.0858,1.53281,15.66032,6,8,8,0.0,0.53648,2,1,4,20,attached,22,7.182,7.18818,-5.21618,-3.7138,3.26635,deliver
20260526-194108-sentence-script-long-microtubule-tracks-d3016c,1.3,78,1,1,PAINT_MEMBRANE,,1.3167,12.5206,0.0,0.0,21,21,0,1,0,0,0,3,4.32431,4.33717,2.20861,15.66106,7,7,9,0.00476,0.77301,2,1,4,20,attached,22,7.443,7.44898,-5.39106,-3.86588,3.38803,deliver
20260526-194108-sentence-script-long-microtubule-tracks-d3016c,1.4,84,1,1,PAINT_MEMBRANE,,1.4167,12.5206,0.0,0.0,20,20,0,2,0,0,0,2,4.56702,4.57717,1.41968,15.66032,6,4,9,0.0,0.47323,2,1,4,20,attached,22,7.443,7.44903,-5.38537,-3.87736,3.38407,deliver
20260526-194108-sentence-script-long-microtubule-tracks-d3016c,1.5,90,1,1,PAINT_MEMBRANE,,1.5167,12.5206,0.0,0.0,20,20,0,2,0,0,0,0,4.9372,4.94654,2.4611,15.66132,7,4,11,0.0,0.82037,2,1,4,20,attached,22,7.704,7.70983,-5.56781,-4.01421,3.51101,deliver
20260526-194108-sentence-script-long-microtubule-tracks-d3016c,1.6,96,1,1,PAINT_MEMBRANE,,1.6167,12.5206,0.0,0.0,19,19,0,3,0,0,0,0,5.05277,5.0616,3.79296,15.66139,6,4,11,0.0,1.2011,2,1,4,19,attached,12,7.443,7.44746,-6.21011,1.31709,-3.89416,deliver
20260526-194108-sentence-script-long-microtubule-tracks-d3016c,1.7,102,1,1,PAINT_MEMBRANE,,1.7167,12.5206,0.0,0.0,19,19,0,3,0,0,0,0,5.19042,5.19894,2.20718,15.6614,7,2,11,0.0,0.69894,2,1,4,19,attached,12,7.443,7.44745,-6.21043,1.31498,-3.89434,deliver
20260526-194108-sentence-script-long-microtubule-tracks-d3016c,1.8,108,1,1,PAINT_MEMBRANE,,1.8167,12.5206,0.0,0.0,19,19,0,3,0,0,0,0,5.34018,5.3484,1.64945,15.66111,9,2,11,0.0,0.52233,2,1,4,19,attached,12,7.704,7.70826,-6.43487,1.3468,-4.0244,deliver
20260526-194108-sentence-script-long-microtubule-tracks-d3016c,1.9,114,1,1,PAINT_MEMBRANE,,1.9167,12.5206,0.0,0.0,18,18,0,4,0,0,0,0,5.36463,5.37272,0.64155,9.41135,9,2,10,0.0,0.19246,2,1,4,16,attached,21,7.704,7.70896,6.7841,-3.46183,1.19156,deliver
20260526-194108-sentence-script-long-microtubule-tracks-d3016c,2.0,120,1,1,PAINT_MEMBRANE,,2.0167,12.5206,0.0,0.0,17,17,0,5,0,1,1,18,5.31259,5.32075,1.03244,15.66093,8,1,9,0.0,0.29252,2,1,4,16,attached,21,7.704,7.70896,6.79328,-3.44335,1.19279,deliver
20260526-194108-sentence-script-long-microtubule-tracks-d3016c,2.1,126,1,1,PAINT_MEMBRANE,,2.1167,12.5206,0.0,0.0,16,16,0,6,0,1,1,18,5.3407,5.34873,2.07497,15.66139,8,1,8,0.0,0.55333,2,1,4,15,attached,10,7.704,7.70855,3.33955,2.41429,-6.51462,deliver
20260526-194108-sentence-script-long-microtubule-tracks-d3016c,2.2,132,1,1,PAINT_MEMBRANE,,2.2167,12.5206,0.0,0.0,15,14,1,7,0,2,2,36,5.33565,5.26144,0.15553,0.20806,7,0,7,0.0,0.04895,3,1,4,6,attached,26,7.704,7.70849,4.35488,-6.12266,-1.72305,deliver
20260526-194108-sentence-script-long-microtubule-tracks-d3016c,2.3,138,1,1,PAINT_MEMBRANE,,2.3167,12.5206,0.0,0.0,15,14,1,7,0,2,2,36,5.58779,5.4966,1.16109,15.66109,7,0,8,0.0,0.29988,3,1,4,6,attached,26,7.704,7.70854,4.346,-6.13017,-1.71894,deliver
20260526-194108-sentence-script-long-microtubule-tracks-d3016c,2.4,144,1,1,PAINT_MEMBRANE,,2.4167,12.5206,0.0,0.0,14,13,1,8,0,3,3,54,5.59249,5.49405,2.33811,15.66139,6,0,8,0.0,0.55465,3,1,4,1,attached,9,7.704,7.7084,-6.67744,2.94922,2.47654,deliver
20260526-194108-sentence-script-long-microtubule-tracks-d3016c,2.5,150,1,1,PAINT_MEMBRANE,,2.5167,12.5206,0.0,0.0,13,12,1,9,0,3,3,54,5.51812,5.41757,0.12713,0.20984,5,0,7,0.0,0.035,3,1,4,2,attached,7,7.704,7.70864,-2.80229,3.98254,-5.97576,deliver
20260526-194108-sentence-script-long-microtubule-tracks-d3016c,2.6,156,1,1,PAINT_MEMBRANE,,2.6167,12.5206,0.0,0.0,13,12,1,9,0,3,3,54,5.64022,5.53039,3.21098,15.6614,5,0,7,0.0,0.70307,3,1,4,0,attached,5,7.704,7.70936,5.06509,5.04752,-2.88127,deliver
20260526-194108-sentence-script-long-microtubule-tracks-d3016c,2.7,162,1,1,PAINT_MEMBRANE,,2.7167,12.5206,0.0,0.0,12,11,1,10,0,4,4,72,5.25023,5.1693,0.16737,0.2099,4,1,6,0.0,0.04107,3,2,4,0,attached,5,7.704,7.70939,5.05417,5.06243,-2.87432,deliver
20260526-194108-sentence-script-long-microtubule-tracks-d3016c,2.8,168,1,1,PAINT_MEMBRANE,,2.8167,12.5206,0.0,0.0,10,9,1,12,0,6,6,108,5.25118,5.14775,29.86329,297.30004,2,0,4,0.0,4.98503,3,3,4,21,attached,29,7.704,7.70881,0.03098,-7.704,0.27043,deliver
20260526-194108-sentence-script-long-microtubule-tracks-d3016c,2.9,174,1,1,PAINT_MEMBRANE,,2.9167,12.5206,0.0,0.0,9,8,1,13,0,7,7,126,5.00095,4.91531,0.13248,0.2083,1,0,3,0.0,0.02704,3,3,4,4,attached,19,7.443,7.44838,-0.60933,-2.31997,7.05159,deliver
20260526-194108-sentence-script-long-microtubule-tracks-d3016c,3.0,180,1,1,PAINT_MEMBRANE,,3.0167,12.5206,0.0167,0.0,8,8,0,14,0,7,7,126,4.72497,4.74095,1.7668,13.52031,0,0,2,0.0,0.24454,3,3,4,5,attached,12,6.138,6.14441,-5.08709,1.08453,-3.27095,deliver
20260526-194108-sentence-script-long-microtubule-tracks-d3016c,3.1,186,1,1,PAINT_MEMBRANE,,3.1167,12.5206,0.0,0.0,8,8,0,14,0,7,7,126,4.86423,4.87224,2.04482,15.66098,1,0,2,0.0,0.27264,3,3,4,5,attached,12,6.399,6.40519,-5.30831,1.13756,-3.39915,deliver
20260526-194108-sentence-script-long-microtubule-tracks-d3016c,3.2,192,1,1,PAINT_MEMBRANE,,3.2167,12.5206,0.0167,0.0,8,8,0,14,0,7,7,123,5.12366,5.13128,12.24753,96.98838,1,0,3,0.0,1.633,3,3,4,5,attached,12,6.399,6.40517,-5.30891,1.13361,-3.3995,deliver
20260526-194108-sentence-script-long-microtubule-tracks-d3016c,3.3,198,1,1,PAINT_MEMBRANE,,3.3167,12.5206,0.0,0.0,8,8,0,14,0,7,7,121,5.29133,5.29868,1.56942,11.39867,2,0,3,0.0,0.20926,3,3,4,5,attached,12,6.66,6.66588,-5.53355,1.16407,-3.52968,deliver
20260526-194108-sentence-script-long-microtubule-tracks-d3016c,3.4,204,1,1,PAINT_MEMBRANE,,3.4167,12.5206,0.0,0.0,8,8,0,14,0,7,7,117,5.40949,5.4167,2.07976,15.66099,2,0,3,0.0,0.2773,3,3,4,5,attached,12,6.66,6.66586,-5.53659,1.14401,-3.53144,deliver
20260526-194108-sentence-script-long-microtubule-tracks-d3016c,3.5,210,1,1,PAINT_MEMBRANE,,3.5167,12.5206,0.0,0.0,8,8,0,14,0,7,7,117,5.62248,5.62943,7.50305,35.49668,2,0,5,0.0,1.00041,3,3,4,5,attached,12,6.921,6.92667,-5.76184,1.17043,-3.66198,deliver
20260526-194108-sentence-script-long-microtubule-tracks-d3016c,3.6,216,1,1,PAINT_MEMBRANE,,3.6167,12.5206,0.0,0.0,8,8,0,14,0,7,7,114,5.73565,5.74245,1.77862,13.5196,3,0,5,0.0,0.23715,3,3,4,5,attached,12,6.921,6.92672,-5.76344,1.15984,-3.66291,deliver
20260526-194108-sentence-script-long-microtubule-tracks-d3016c,3.7,222,1,1,PAINT_MEMBRANE,,3.7167,12.5206,0.0167,0.0,8,7,1,14,0,7,7,110,6.09241,5.89695,3.79454,15.66013,3,0,5,0.0,0.50024,4,3,4,5,attached,12,7.182,7.18751,-5.98572,1.20593,-3.79172,deliver
20260526-194108-sentence-script-long-microtubule-tracks-d3016c,3.8,228,1,1,PAINT_MEMBRANE,,3.8167,12.5206,0.0,0.0,8,7,1,14,0,7,7,102,6.22684,6.02821,1.59689,11.39894,3,0,6,0.0,0.23437,4,3,4,5,attached,12,7.182,7.18746,-5.98384,1.21832,-3.79064,deliver
20260526-194108-sentence-script-long-microtubule-tracks-d3016c,3.9,234,1,1,PAINT_MEMBRANE,,3.9167,12.5206,0.0167,0.0,8,7,1,14,0,7,7,87,6.36632,6.16291,2.11242,15.6614,4,0,6,0.0,0.30183,4,3,4,5,attached,12,7.443,7.44824,-6.20335,1.28268,-3.91784,deliver
20260526-194108-sentence-script-long-microtubule-tracks-d3016c,4.0,240,1,1,PAINT_MEMBRANE,,4.0167,12.5206,0.0167,0.0,8,6,2,14,0,7,7,77,6.49397,6.24141,0.12817,0.26372,4,0,6,0.0,0.0461,5,3,4,5,attached,12,7.443,7.44827,-6.20038,1.30224,-3.91613,deliver
20260526-194108-sentence-script-long-microtubule-tracks-d3016c,4.1,246,1,1,PAINT_MEMBRANE,,4.1167,12.5206,0.0,0.0,8,6,2,14,0,7,7,74,6.60731,6.33923,0.10531,0.24484,4,0,6,0.0,0.04092,5,3,4,5,attached,12,7.443,7.44831,-6.19842,1.31519,-3.91499,deliver
20260526-194108-sentence-script-long-microtubule-tracks-d3016c,4.2,252,1,1,PAINT_MEMBRANE,,4.2167,12.5206,0.0,0.0,8,6,2,14,0,7,7,64,6.68247,6.40838,0.14162,0.2152,4,0,7,0.0,0.04276,5,3,4,5,attached,12,7.704,7.70914,-6.42059,1.36198,-4.04374,deliver
20260526-194108-sentence-script-long-microtubule-tracks-d3016c,4.3,258,1,1,PAINT_MEMBRANE,,4.3167,12.5206,0.0,0.0,8,6,2,14,0,7,7,53,6.80764,6.51435,0.17791,0.20392,4,0,7,0.0,0.04568,5,3,4,5,attached,12,7.704,7.7091,-6.4221,1.352,-4.04462,deliver
20260526-194108-sentence-script-long-microtubule-tracks-d3016c,4.4,264,1,1,PAINT_MEMBRANE,,4.4167,12.5206,0.0167,0.0,7,5,2,15,0,8,8,66,6.65997,6.37938,3.70821,13.74386,4,0,6,0.0,0.45305,5,3,4,9,attached,29,7.443,7.44738,0.0118,-7.443,0.25508,deliver
20260526-194108-sentence-script-long-microtubule-tracks-d3016c,4.5,270,1,1,PAINT_MEMBRANE,,4.5167,12.5206,0.0167,0.0,6,5,1,16,0,8,8,60,6.29457,6.28934,0.08273,0.16957,3,0,6,0.0,0.01516,5,3,4,7,attached,6,7.182,7.18712,-1.76641,4.23373,5.53263,deliver
20260526-194108-sentence-script-long-microtubule-tracks-d3016c,4.6,276,1,1,PAINT_MEMBRANE,,4.6167,12.5206,0.0,0.0,6,5,1,16,0,8,8,55,6.43057,6.40451,2.70574,15.66,3,0,6,0.0,0.27645,5,3,4,7,attached,6,7.443,7.44796,-1.82041,4.39149,5.7335,deliver
20260526-194108-sentence-script-long-microtubule-tracks-d3016c,4.7,282,1,1,PAINT_MEMBRANE,,4.7167,12.5206,0.0167,0.0,5,4,1,17,0,8,8,48,6.11221,6.14678,0.14885,0.20991,1,0,5,0.0,0.01838,5,3,4,12,attached,10,6.63621,6.64213,2.92164,2.0912,-5.58648,deliver
20260526-194108-sentence-script-long-microtubule-tracks-d3016c,4.8,288,1,1,PAINT_MEMBRANE,,4.8167,12.5206,0.0,0.0,5,4,1,17,0,8,8,41,6.24271,6.25418,3.25274,15.66135,1,0,5,0.0,0.27602,5,3,4,12,attached,10,6.89721,6.90286,3.02836,2.16094,-5.81454,deliver
20260526-194108-sentence-script-long-microtubule-tracks-d3016c,4.9,294,1,1,PAINT_MEMBRANE,,4.9167,12.5206,0.0,0.0,5,4,1,17,0,8,8,38,6.37321,6.36168,3.22967,15.6605,1,0,5,0.0,0.27301,5,3,4,12,attached,10,7.15821,7.16362,3.13606,2.22355,-6.0447,deliver
20260526-194108-sentence-script-long-microtubule-tracks-d3016c,5.0,300,1,1,PAINT_MEMBRANE,,5.0167,12.5206,0.0,0.0,5,4,1,17,0,8,8,30,6.37321,6.36324,0.0652,0.18533,2,0,5,0.0,0.00881,5,3,4,12,attached,10,7.15821,7.16364,3.13871,2.20444,-6.05035,deliver
20260526-194108-sentence-script-long-microtubule-tracks-d3016c,5.1,306,1,1,PAINT_MEMBRANE,,5.1167,12.5206,0.0,0.0,5,4,1,17,0,8,8,23,6.56896,6.52178,0.1013,0.15417,3,0,5,0.0,0.01247,5,3,4,12,attached,10,7.41921,7.4245,3.24569,2.2723,-6.27896,deliver
20260526-194108-sentence-script-long-microtubule-tracks-d3016c,5.2,312,1,1,PAINT_MEMBRANE,,5.2167,12.5206,0.0167,0.0,4,3,1,18,0,8,8,19,6.19855,6.23348,0.15516,0.20768,2,0,3,0.0,0.01324,5,3,4,13,attached,27,6.66,6.66683,-1.5803,-5.74308,2.99439,deliver
20260526-194108-sentence-script-long-microtubule-tracks-d3016c,5.3,318,1,1,PAINT_MEMBRANE,,5.3167,12.5206,0.0,0.0,4,3,1,18,0,8,8,18,6.37255,6.36621,0.15837,0.20962,2,0,3,0.0,0.01259,5,3,4,13,attached,27,6.921,6.9276,-1.63811,-5.95781,3.13252,deliver
20260526-194108-sentence-script-long-microtubule-tracks-d3016c,5.4,324,1,1,PAINT_MEMBRANE,,5.4167,12.5206,0.0333,0.0,4,3,1,18,0,8,8,18,6.28555,6.3036,0.11318,0.16673,2,0,3,0.0,0.00993,5,3,4,13,attached,27,6.921,6.92765,-1.64289,-5.95054,3.14393,deliver
20260526-194108-sentence-script-long-microtubule-tracks-d3016c,5.5,330,1,1,PAINT_MEMBRANE,,5.5167,12.5206,0.0,0.0,4,3,1,18,0,8,8,18,6.72055,6.6329,0.0412,0.0656,2,0,4,0.0,0.00579,5,3,4,13,attached,27,7.182,7.18842,-1.69509,-6.1738,3.26868,deliver
20260526-194108-sentence-script-long-microtubule-tracks-d3016c,5.6,336,1,1,PAINT_MEMBRANE,,5.6167,12.5206,0.0,0.0,4,3,1,18,0,8,8,15,4.48633,4.9832,0.1018,0.17335,1,1,3,0.0,0.00979,5,4,4,13,attached,27,7.182,7.18838,-1.6922,-6.1782,3.26177,deliver
20260526-194108-sentence-script-long-microtubule-tracks-d3016c,5.7,342,1,1,PAINT_MEMBRANE,,5.7167,12.5206,0.0,0.0,4,3,1,18,0,8,8,14,4.66033,5.11772,0.15274,0.20991,1,1,3,0.0,0.01282,5,4,4,13,attached,27,7.443,7.44912,-1.73736,-6.41221,3.36966,deliver
20260526-194108-sentence-script-long-microtubule-tracks-d3016c,5.8,348,1,1,PAINT_MEMBRANE,,5.8167,12.5206,0.0,0.0,4,3,1,18,0,8,8,12,4.83433,5.2436,0.15674,0.20909,3,1,3,0.0,0.0136,5,4,4,13,attached,27,7.443,7.44913,-1.73048,-6.42267,3.35324,deliver
20260526-194108-sentence-script-long-microtubule-tracks-d3016c,5.9,354,1,1,PAINT_MEMBRANE,,5.9167,12.5206,0.0,0.0,4,4,0,18,0,8,8,12,6.59397,6.59983,4.00566,15.66107,3,0,4,0.0,0.26704,5,4,4,13,attached,27,7.704,7.70996,-1.77612,-6.65593,3.46229,deliver
20260526-194108-sentence-script-long-microtubule-tracks-d3016c,6.0,360,1,1,PAINT_MEMBRANE,,6.0167,12.5206,0.0333,0.0,3,3,0,19,0,8,8,10,6.31096,6.31671,0.06407,0.09308,2,0,3,0.0,0.0032,5,4,4,3,attached,28,6.66,6.66481,-0.85445,-6.28389,-2.04996,deliver
20260526-194108-sentence-script-long-microtubule-tracks-d3016c,6.1,366,1,1,PAINT_MEMBRANE,,6.1167,12.5206,0.0,0.0,3,3,0,19,0,8,8,9,6.57196,6.57746,0.08564,0.15491,2,0,3,0.0,0.00428,5,4,4,3,attached,28,6.921,6.92564,-0.88893,-6.52663,-2.13949,deliver
20260526-194108-sentence-script-long-microtubule-tracks-d3016c,6.2,372,1,1,PAINT_MEMBRANE,,6.2167,12.5206,0.1,0.0,3,3,0,19,0,8,8,8,6.57196,6.57741,0.17354,0.20784,2,0,3,0.0,0.00868,5,4,4,3,attached,28,6.921,6.9256,-0.87926,-6.52776,-2.1399,deliver
20260526-194108-sentence-script-long-microtubule-tracks-d3016c,6.3,378,1,1,PAINT_MEMBRANE,,6.3167,12.5206,0.0,0.0,3,3,0,19,0,8,8,7,6.74596,6.75125,0.20081,0.20988,3,0,3,0.0,0.01004,5,4,4,3,attached,28,6.921,6.92556,-0.86105,-6.52989,-2.14069,deliver
20260526-194108-sentence-script-long-microtubule-tracks-d3016c,6.4,384,1,1,PAINT_MEMBRANE,,6.4167,12.5206,0.0333,0.0,2,2,0,20,0,8,8,6,6.78894,6.79454,7.88187,15.66098,2,0,2,0.0,0.26273,5,4,4,11,attached,23,7.17889,7.18354,1.53063,-4.19155,-5.62951,deliver
20260526-194108-sentence-script-long-microtubule-tracks-d3016c,6.5,390,1,1,PAINT_MEMBRANE,,6.5167,12.5206,0.0,0.0,2,2,0,20,0,8,8,5,6.91944,6.92495,0.04902,0.07949,2,0,2,0.0,0.00163,5,4,4,11,attached,23,7.17889,7.18359,1.53222,-4.18157,-5.63656,deliver
20260526-194108-sentence-script-long-microtubule-tracks-d3016c,6.6,396,1,1,PAINT_MEMBRANE,,6.6167,12.5206,0.05,0.0,1,1,0,21,0,8,8,5,6.66,6.66626,0.13337,0.13337,1,0,1,0.0,0.00222,5,4,4,10,attached,6,6.66,6.66626,-1.67468,3.92511,5.12133,deliver
20260526-194108-sentence-script-long-microtubule-tracks-d3016c,6.7,402,1,1,PAINT_MEMBRANE,,6.7167,12.5206,0.0,0.0,1,1,0,21,0,8,8,4,6.921,6.92698,0.2016,0.2016,1,0,1,0.0,0.00336,5,4,4,10,attached,6,6.921,6.92698,-1.73228,4.06367,5.33563,deliver
20260526-194108-sentence-script-long-microtubule-tracks-d3016c,6.8,408,1,1,PAINT_MEMBRANE,,6.8167,12.5206,0.0,0.0,1,1,0,21,0,8,8,1,7.182,7.18777,0.19941,0.19941,1,0,1,0.0,0.00332,5,4,4,10,attached,6,7.182,7.18777,-1.79032,4.19995,5.55151,deliver
20260526-194108-sentence-script-long-microtubule-tracks-d3016c,6.9,414,1,1,RESETTING,,6.8333,12.5206,0.0667,0.0833,0,0,0,22,0,8,8,0,0.0,0.0,0.0,0.0,0,0,0,0.0,0.0,5,4,4,,,,,,,,,
20260526-194108-sentence-script-long-microtubule-tracks-d3016c,7.0,420,1,1,RESETTING,,6.8333,12.5206,0.1667,0.1833,0,0,0,22,0,8,8,0,0.0,0.0,0.0,0.0,0,0,0,0.0,0.0,5,4,4,,,,,,,,,
20260526-194108-sentence-script-long-microtubule-tracks-d3016c,7.1,426,1,1,RESETTING,,6.8333,12.5206,0.2667,0.2833,0,0,0,22,0,8,8,0,0.0,0.0,0.0,0.0,0,0,0,0.0,0.0,5,4,4,,,,,,,,,
20260526-194108-sentence-script-long-microtubule-tracks-d3016c,7.2,432,1,1,RESETTING,,6.8333,12.5206,0.3667,0.3833,0,0,0,22,0,8,8,0,0.0,0.0,0.0,0.0,0,0,0,0.0,0.0,5,4,4,,,,,,,,,
20260526-194108-sentence-script-long-microtubule-tracks-d3016c,7.3,438,1,1,RESETTING,,6.8333,12.5206,0.4667,0.4833,0,0,0,22,0,8,8,0,0.0,0.0,0.0,0.0,0,0,0,0.0,0.0,5,4,4,,,,,,,,,
20260526-194108-sentence-script-long-microtubule-tracks-d3016c,7.4,444,1,1,RESETTING,,6.8333,12.5206,0.5667,0.5833,0,0,0,22,0,8,8,0,0.0,0.0,0.0,0.0,0,0,0,0.0,0.0,5,4,4,,,,,,,,,
20260526-194108-sentence-script-long-microtubule-tracks-d3016c,7.5,450,1,1,RESETTING,,6.8333,12.5206,0.6667,0.6833,0,0,0,22,0,8,8,0,0.0,0.0,0.0,0.0,0,0,0,0.0,0.0,5,4,4,,,,,,,,,
20260526-194108-sentence-script-long-microtubule-tracks-d3016c,7.6,456,1,1,RESETTING,,6.8333,12.5206,0.7667,0.7833,0,0,0,22,0,8,8,0,0.0,0.0,0.0,0.0,0,0,0,0.0,0.0,5,4,4,,,,,,,,,
20260526-194108-sentence-script-long-microtubule-tracks-d3016c,7.7,462,1,1,RESETTING,,6.8333,12.5206,0.8667,0.8833,0,0,0,22,0,8,8,0,0.0,0.0,0.0,0.0,0,0,0,0.0,0.0,5,4,4,,,,,,,,,
20260526-194108-sentence-script-long-microtubule-tracks-d3016c,7.8,468,1,1,RESETTING,,6.8333,12.5206,0.9667,0.9833,0,0,0,22,0,8,8,0,0.0,0.0,0.0,0.0,0,0,0,0.0,0.0,5,4,4,,,,,,,,,
20260526-194108-sentence-script-long-microtubule-tracks-d3016c,7.9,474,1,1,RESETTING,,6.8333,12.5206,1.0667,1.0833,0,0,0,22,0,8,8,0,0.0,0.0,0.0,0.0,0,0,0,0.0,0.0,5,4,4,,,,,,,,,
20260526-194108-sentence-script-long-microtubule-tracks-d3016c,8.0,480,1,1,RESETTING,,6.8333,12.5206,1.1667,1.1833,0,0,0,22,0,8,8,0,0.0,0.0,0.0,0.0,0,0,0,0.0,0.0,5,4,4,,,,,,,,,
20260526-194108-sentence-script-long-microtubule-tracks-d3016c,8.1,486,1,1,RESETTING,,6.8333,12.5206,1.2667,1.2833,0,0,0,22,0,8,8,0,0.0,0.0,0.0,0.0,0,0,0,0.0,0.0,5,4,4,,,,,,,,,
20260526-194108-sentence-script-long-microtubule-tracks-d3016c,8.2,492,1,1,RESETTING,,6.8333,12.5206,1.3667,1.3833,0,0,0,22,0,8,8,0,0.0,0.0,0.0,0.0,0,0,0,0.0,0.0,5,4,4,,,,,,,,,
20260526-194108-sentence-script-long-microtubule-tracks-d3016c,8.3,498,1,1,RESETTING,,6.8333,12.5206,1.4667,1.4833,0,0,0,22,0,8,8,0,0.0,0.0,0.0,0.0,0,0,0,0.0,0.0,5,4,4,,,,,,,,,
20260526-194108-sentence-script-long-microtubule-tracks-d3016c,8.4,504,1,1,RESETTING,,6.8333,12.5206,1.5667,1.5833,0,0,0,22,0,8,8,0,0.0,0.0,0.0,0.0,0,0,0,0.0,0.0,5,4,4,,,,,,,,,
20260526-194108-sentence-script-long-microtubule-tracks-d3016c,8.5,510,1,1,RESETTING,,6.8333,12.5206,1.6667,1.6833,0,0,0,22,0,8,8,0,0.0,0.0,0.0,0.0,0,0,0,0.0,0.0,5,4,4,,,,,,,,,
20260526-194108-sentence-script-long-microtubule-tracks-d3016c,8.6,516,1,1,RESETTING,,6.8333,12.5206,1.7667,1.7833,0,0,0,22,0,8,8,0,0.0,0.0,0.0,0.0,0,0,0,0.0,0.0,5,4,4,,,,,,,,,
20260526-194108-sentence-script-long-microtubule-tracks-d3016c,8.7,522,1,1,RESETTING,,6.8333,12.5206,1.8667,1.8833,0,0,0,22,0,8,8,0,0.0,0.0,0.0,0.0,0,0,0,0.0,0.0,5,4,4,,,,,,,,,
20260526-194108-sentence-script-long-microtubule-tracks-d3016c,8.8,528,1,1,RESETTING,,6.8333,12.5206,1.9667,1.9833,0,0,0,22,0,8,8,0,0.0,0.0,0.0,0.0,0,0,0,0.0,0.0,5,4,4,,,,,,,,,
20260526-194108-sentence-script-long-microtubule-tracks-d3016c,8.9,534,1,1,RESETTING,,6.8333,12.5206,2.0667,2.0833,0,0,0,22,0,8,8,0,0.0,0.0,0.0,0.0,0,0,0,0.0,0.0,5,4,4,,,,,,,,,
20260526-194108-sentence-script-long-microtubule-tracks-d3016c,9.0,540,1,1,RESETTING,,6.8333,12.5206,2.1667,2.1833,0,0,0,22,0,8,8,0,0.0,0.0,0.0,0.0,0,0,0,0.0,0.0,5,4,4,,,,,,,,,
20260526-194108-sentence-script-long-microtubule-tracks-d3016c,9.1,546,1,1,RESETTING,,6.8333,12.5206,2.2667,2.2833,0,0,0,22,0,8,8,0,0.0,0.0,0.0,0.0,0,0,0,0.0,0.0,5,4,4,,,,,,,,,
20260526-194108-sentence-script-long-microtubule-tracks-d3016c,9.2,552,1,1,RESETTING,,6.8333,12.5206,2.3667,2.3833,0,0,0,22,0,8,8,0,0.0,0.0,0.0,0.0,0,0,0,0.0,0.0,5,4,4,,,,,,,,,
20260526-194108-sentence-script-long-microtubule-tracks-d3016c,9.3,558,1,1,RESETTING,,6.8333,12.5206,2.4667,2.4833,0,0,0,22,0,8,8,0,0.0,0.0,0.0,0.0,0,0,0,0.0,0.0,5,4,4,,,,,,,,,
20260526-194108-sentence-script-long-microtubule-tracks-d3016c,9.4,564,1,1,RESETTING,,6.8333,12.5206,2.5667,2.5833,0,0,0,22,0,8,8,0,0.0,0.0,0.0,0.0,0,0,0,0.0,0.0,5,4,4,,,,,,,,,
20260526-194108-sentence-script-long-microtubule-tracks-d3016c,9.5,570,1,1,RESETTING,,6.8333,12.5206,2.6667,2.6833,0,0,0,22,0,8,8,0,0.0,0.0,0.0,0.0,0,0,0,0.0,0.0,5,4,4,,,,,,,,,
20260526-194108-sentence-script-long-microtubule-tracks-d3016c,9.6,576,1,1,RESETTING,,6.8333,12.5206,2.7667,2.7833,0,0,0,22,0,8,8,0,0.0,0.0,0.0,0.0,0,0,0,0.0,0.0,5,4,4,,,,,,,,,
20260526-194108-sentence-script-long-microtubule-tracks-d3016c,9.7,582,1,1,RESETTING,,6.8333,12.5206,2.8667,2.8833,0,0,0,22,0,8,8,0,0.0,0.0,0.0,0.0,0,0,0,0.0,0.0,5,4,4,,,,,,,,,
20260526-194108-sentence-script-long-microtubule-tracks-d3016c,9.8,588,1,1,RESETTING,,6.8333,12.5206,2.9667,2.9833,0,0,0,22,0,8,8,0,0.0,0.0,0.0,0.0,0,0,0,0.0,0.0,5,4,4,,,,,,,,,
20260526-194108-sentence-script-long-microtubule-tracks-d3016c,9.9,594,2,1,PAINT_MEMBRANE,,0.0667,10.1164,0.0,0.0,22,22,0,0,0,0,0,12,1.90396,1.92719,1.08766,11.43743,0,21,0,0.00433,0.39881,0,0,0,8,attached,2,2.88469,2.9002,0.42705,2.47752,-1.44591,
20260526-194108-sentence-script-long-microtubule-tracks-d3016c,10.0,600,2,1,PAINT_MEMBRANE,,0.1667,10.1164,0.0,0.0,22,22,0,0,0,0,0,12,2.04517,2.06612,2.54842,14.5642,0,20,0,0.00866,0.93442,0,0,0,8,attached,2,3.06983,3.08436,0.43375,2.64729,-1.52217,
20260526-194108-sentence-script-long-microtubule-tracks-d3016c,10.1,606,2,1,PAINT_MEMBRANE,,0.2667,10.1164,0.0,0.0,22,22,0,0,0,0,0,12,2.14302,2.16296,1.33539,13.71945,0,18,0,0.00433,0.48964,0,0,0,8,attached,2,3.06983,3.08443,0.43228,2.65714,-1.50548,
20260526-194108-sentence-script-long-microtubule-tracks-d3016c,10.2,612,2,1,PAINT_MEMBRANE,,0.3667,10.1164,0.0,0.0,22,22,0,0,0,0,0,12,2.39622,2.41471,0.14108,0.20982,0,16,1,0.00433,0.05173,0,0,0,0,attached,12,5.616,5.62244,-4.65152,0.96756,-3.00649,deliver
20260526-194108-sentence-script-long-microtubule-tracks-d3016c,10.3,618,2,1,PAINT_MEMBRANE,,0.4667,10.1164,0.0,0.0,22,22,0,0,0,0,0,12,2.65356,2.67034,1.94148,15.66138,0,16,2,0.00433,0.71188,0,0,0,9,attached,5,5.877,5.88442,3.90841,3.8455,-2.1361,deliver
20260526-194108-sentence-script-long-microtubule-tracks-d3016c,10.4,624,2,1,PAINT_MEMBRANE,,0.5667,10.1164,0.0,0.0,22,22,0,0,0,0,0,12,2.86989,2.88562,0.13362,0.20957,0,14,3,0.00433,0.04899,0,0,0,0,attached,12,6.138,6.14398,-5.10119,1.02589,-3.26709,deliver
20260526-194108-sentence-script-long-microtubule-tracks-d3016c,10.5,630,2,1,PAINT_MEMBRANE,,0.6667,10.1164,0.0,0.0,22,22,0,0,0,0,0,12,2.96432,2.97943,0.11794,0.20981,0,10,3,0.00866,0.04324,0,0,0,0,attached,12,6.138,6.14398,-5.10134,1.02487,-3.26718,deliver
20260526-194108-sentence-script-long-microtubule-tracks-d3016c,10.6,636,2,1,PAINT_MEMBRANE,,0.7667,10.1164,0.0,0.0,22,22,0,0,0,0,0,12,3.26515,3.27914,1.83406,14.56467,1,8,4,0.00433,0.67249,0,0,0,0,attached,12,6.399,6.40469,-5.32217,1.08052,-3.39515,deliver
20260526-194108-sentence-script-long-microtubule-tracks-d3016c,10.7,642,2,1,PAINT_MEMBRANE,,0.8667,10.1164,0.0,0.0,22,22,0,0,0,0,0,11,3.4945,3.50749,1.90272,15.66003,1,7,5,0.00433,0.69766,0,0,0,0,attached,12,6.399,6.40465,-5.31935,1.09912,-3.39352,deliver
20260526-194108-sentence-script-long-microtubule-tracks-d3016c,10.8,648,2,1,PAINT_MEMBRANE,,0.9667,10.1164,0.0,0.0,22,22,0,0,0,0,0,11,3.82932,3.84083,1.92775,15.66141,3,5,6,0.0,0.70684,0,0,0,0,attached,12,6.66,6.66545,-5.53876,1.16417,-3.52066,deliver
20260526-194108-sentence-script-long-microtubule-tracks-d3016c,10.9,654,2,1,PAINT_MEMBRANE,,1.0667,10.1164,0.0,0.0,22,22,0,0,0,0,0,8,4.01988,4.03083,0.13597,0.20917,3,4,7,0.0,0.04985,0,0,0,0,attached,12,6.66,6.6655,-5.53656,1.17867,-3.51939,deliver
20260526-194108-sentence-script-long-microtubule-tracks-d3016c,11.0,660,2,1,PAINT_MEMBRANE,,1.1667,10.1164,0.0,0.0,22,22,0,0,0,0,0,6,4.29251,4.30284,1.0919,11.75369,4,4,8,0.0,0.40036,0,0,0,0,attached,12,6.921,6.92631,-5.75841,1.22755,-3.64796,deliver
20260526-194108-sentence-script-long-microtubule-tracks-d3016c,11.1,666,2,1,PAINT_MEMBRANE,,1.2667,10.1164,0.0,0.0,22,22,0,0,0,0,0,5,4.55833,4.56797,8.72057,177.53175,6,3,9,0.0,3.19754,0,0,0,0,attached,12,7.182,7.18708,-5.98208,1.26445,-3.77758,deliver
20260526-194108-sentence-script-long-microtubule-tracks-d3016c,11.2,672,2,1,PAINT_MEMBRANE,,1.3667,10.1164,0.0,0.0,22,21,1,0,0,0,0,4,4.83821,4.80165,0.65959,11.358,6,2,10,0.0,0.26372,1,0,0,0,attached,12,7.182,7.18704,-5.98469,1.24722,-3.77909,deliver
20260526-194108-sentence-script-long-microtubule-tracks-d3016c,11.3,678,2,1,PAINT_MEMBRANE,,1.4667,10.1164,0.0,0.0,22,20,2,0,0,0,0,0,4.81579,4.89677,1.56751,15.66046,6,2,10,0.0,0.61704,2,0,0,0,detached,12,7.443,7.23382,-6.02367,1.22141,-3.81466,detached
20260526-194108-sentence-script-long-microtubule-tracks-d3016c,11.4,684,2,1,PAINT_MEMBRANE,,1.5667,10.1164,0.0,0.0,22,20,2,0,0,0,0,0,4.97179,5.0508,0.80681,14.56502,8,2,10,0.0,0.33551,2,0,0,17,attached,6,7.443,7.44797,-1.82499,4.3768,5.74328,deliver
20260526-194108-sentence-script-long-microtubule-tracks-d3016c,11.5,690,2,1,PAINT_MEMBRANE,,1.6667,10.1164,0.0,0.0,21,19,2,1,0,0,0,0,4.98424,5.07745,1.99796,15.66025,7,2,9,0.0,0.73469,2,0,0,0,detached,12,7.443,7.49954,-6.24188,1.12489,-4.00208,detached
20260526-194108-sentence-script-long-microtubule-tracks-d3016c,11.6,696,2,1,PAINT_MEMBRANE,,1.7667,10.1164,0.0,0.0,21,19,2,1,0,0,0,0,5.12793,5.21806,0.60697,9.87367,9,1,9,0.0,0.24521,2,0,0,17,attached,6,7.704,7.70886,-1.87717,4.54425,5.93739,deliver
20260526-194108-sentence-script-long-microtubule-tracks-d3016c,11.7,702,2,1,PAINT_MEMBRANE,,1.8667,10.1164,0.0,0.0,21,19,2,1,0,0,0,0,5.22501,5.31583,0.14903,0.22384,9,1,9,0.0,0.08224,2,0,0,0,detached,12,7.443,7.71732,-6.4172,1.02773,-4.16178,detached
20260526-194108-sentence-script-long-microtubule-tracks-d3016c,11.8,708,2,1,PAINT_MEMBRANE,,1.9667,10.1164,0.0,0.0,19,17,2,3,0,1,1,18,5.26811,5.17637,0.77805,12.30693,7,1,7,0.0,0.28211,3,0,0,1,attached,4,7.704,7.70814,-5.16397,5.60226,-1.1677,deliver
20260526-194108-sentence-script-long-microtubule-tracks-d3016c,11.9,714,2,1,PAINT_MEMBRANE,,2.0667,10.1164,0.0,0.0,19,17,2,3,0,1,1,18,5.47079,5.3688,3.48792,15.66128,7,1,7,0.0,1.13746,3,0,0,15,attached,18,7.704,7.70964,5.50967,-1.84477,-5.06744,deliver
20260526-194108-sentence-script-long-microtubule-tracks-d3016c,12.0,720,2,1,PAINT_MEMBRANE,,2.1667,10.1164,0.0,0.0,17,16,1,5,0,3,3,54,5.15209,5.13706,0.69924,9.87408,5,1,5,0.0,0.20968,3,0,0,12,attached,11,7.443,7.44887,1.87874,1.81664,6.97537,deliver
20260526-194108-sentence-script-long-microtubule-tracks-d3016c,12.1,726,2,1,PAINT_MEMBRANE,,2.2667,10.1164,0.0,0.0,17,16,1,5,0,3,3,54,5.3077,5.28795,1.04605,15.66001,5,1,6,0.0,0.3078,3,0,0,12,attached,11,7.704,7.70965,1.95596,1.86066,7.22155,deliver
20260526-194108-sentence-script-long-microtubule-tracks-d3016c,12.2,732,2,1,PAINT_MEMBRANE,,2.3667,10.1164,0.0,0.0,17,16,1,5,0,3,3,54,5.34201,5.32499,0.80905,11.35753,5,1,6,0.0,0.23921,3,0,0,12,attached,11,7.704,7.70967,1.9574,1.84131,7.22614,deliver
20260526-194108-sentence-script-long-microtubule-tracks-d3016c,12.3,738,2,1,PAINT_MEMBRANE,,2.4667,10.1164,0.0,0.0,15,14,1,7,0,4,4,72,5.13606,5.13524,0.1462,0.20934,3,1,4,0.0,0.04673,3,0,0,13,attached,14,7.443,7.44833,-4.50664,0.28783,5.92326,deliver
20260526-194108-sentence-script-long-microtubule-tracks-d3016c,12.4,744,2,1,PAINT_MEMBRANE,,2.5667,10.1164,0.0,0.0,15,14,1,7,0,4,4,72,5.20844,5.20721,2.02616,15.66001,3,1,5,0.0,0.51643,3,0,0,13,attached,14,7.704,7.70917,-4.65659,0.30034,6.13655,deliver
20260526-194108-sentence-script-long-microtubule-tracks-d3016c,12.5,750,2,1,PAINT_MEMBRANE,,2.6667,10.1164,0.0,0.0,15,14,1,7,0,4,4,72,5.28488,5.2833,0.77887,9.87437,3,1,5,0.0,0.20356,3,0,0,13,attached,14,7.704,7.70913,-4.65677,0.29173,6.13679,deliver
20260526-194108-sentence-script-long-microtubule-tracks-d3016c,12.6,756,2,1,PAINT_MEMBRANE,,2.7667,10.1164,0.0,0.0,13,13,0,9,0,6,6,108,5.01792,5.02899,2.3482,15.66115,1,1,5,0.0,0.50878,3,0,0,20,attached,3,7.704,7.70889,2.62219,6.13111,3.8679,deliver
20260526-194108-sentence-script-long-microtubule-tracks-d3016c,12.7,762,2,1,PAINT_MEMBRANE,,2.8667,10.1164,0.0,0.0,12,12,0,10,0,7,7,126,4.90852,4.91997,1.15835,12.3057,0,1,6,0.0,0.23167,3,0,0,8,attached,2,6.21735,6.22456,0.57469,5.35064,-3.12819,
20260526-194108-sentence-script-long-microtubule-tracks-d3016c,12.8,768,2,1,PAINT_MEMBRANE,,2.9667,10.1164,0.0,0.0,12,12,0,10,0,7,7,126,5.01184,5.02214,1.07195,11.35819,1,1,7,0.0,0.21439,3,0,0,8,attached,2,6.4025,6.40955,0.58394,5.50326,-3.2335,
20260526-194108-sentence-script-long-microtubule-tracks-d3016c,12.9,774,2,1,PAINT_MEMBRANE,,3.0667,10.1164,0.0,0.0,12,12,0,10,0,7,7,125,5.0981,5.10827,0.1356,0.20657,1,1,8,0.0,0.02712,3,0,0,8,attached,2,6.58764,6.59452,0.59234,5.66152,-3.32925,
20260526-194108-sentence-script-long-microtubule-tracks-d3016c,13.0,780,2,1,PAINT_MEMBRANE,,3.1667,10.1164,0.0,0.0,12,12,0,10,0,7,7,122,5.39889,5.40793,0.13856,0.20964,1,1,10,0.0,0.02771,3,0,0,8,attached,2,6.58764,6.59447,0.59163,5.66628,-3.32119,deliver
20260526-194108-sentence-script-long-microtubule-tracks-d3016c,13.1,786,2,1,PAINT_MEMBRANE,,3.2667,10.1164,0.0,0.0,12,12,0,10,0,7,7,119,5.43383,5.44284,0.1097,0.20971,1,1,10,0.0,0.02194,3,0,0,8,attached,2,6.84864,6.85517,0.60183,5.90048,-3.43736,deliver
20260526-194108-sentence-script-long-microtubule-tracks-d3016c,13.2,792,2,1,PAINT_MEMBRANE,,3.3667,10.1164,0.0,0.0,12,12,0,10,0,7,7,114,5.60523,5.61362,1.22411,13.11727,3,1,10,0.0,0.24482,3,0,0,8,attached,2,6.84864,6.85518,0.60028,5.91091,-3.41969,deliver
20260526-194108-sentence-script-long-microtubule-tracks-d3016c,13.3,798,2,1,PAINT_MEMBRANE,,3.4667,10.1164,0.0,0.0,12,12,0,10,0,7,7,109,5.70345,5.71174,0.14294,0.20732,4,1,10,0.0,0.02859,3,0,0,8,attached,2,7.10964,7.11599,0.61065,6.14393,-3.53787,deliver
20260526-194108-sentence-script-long-microtubule-tracks-d3016c,13.4,804,2,1,PAINT_MEMBRANE,,3.5667,10.1164,0.0,0.0,12,10,2,10,0,7,7,109,6.19769,6.13613,0.16173,0.2686,4,0,11,0.01515,0.06616,5,0,2,8,attached,2,7.10964,7.11601,0.61023,6.14673,-3.53312,deliver
20260526-194108-sentence-script-long-microtubule-tracks-d3016c,13.5,810,2,1,PAINT_MEMBRANE,,3.6667,10.1164,0.0,0.0,12,10,2,10,0,7,7,104,6.3815,6.29129,1.44718,15.66062,7,0,12,0.01515,0.32168,5,0,2,8,attached,2,7.10964,7.11598,0.61074,6.14334,-3.53887,deliver
20260526-194108-sentence-script-long-microtubule-tracks-d3016c,13.6,816,2,1,PAINT_MEMBRANE,,3.7667,10.1164,0.0,0.0,12,10,2,10,0,7,7,98,6.47302,6.36966,1.42456,15.66001,7,0,10,0.0,0.31447,5,0,2,8,attached,2,7.37064,7.37672,0.62355,6.35994,-3.68487,deliver
20260526-194108-sentence-script-long-microtubule-tracks-d3016c,13.7,822,2,1,PAINT_MEMBRANE,,3.8667,10.1164,0.0,0.0,12,10,2,10,0,7,7,85,6.61998,6.4948,1.42481,15.66137,7,0,10,0.01515,0.31235,5,0,2,8,attached,2,7.37064,7.37671,0.62511,6.34947,-3.70262,deliver
20260526-194108-sentence-script-long-microtubule-tracks-d3016c,13.8,828,2,1,PAINT_MEMBRANE,,3.9667,10.1164,0.0,0.0,12,10,2,10,0,7,7,77,6.72114,6.582,1.45298,15.66039,9,0,10,0.01515,0.31443,5,0,2,8,attached,2,7.63164,7.63754,0.63799,6.56558,-3.84945,deliver
20260526-194108-sentence-script-long-microtubule-tracks-d3016c,13.9,834,2,1,PAINT_MEMBRANE,,4.0667,10.1164,0.0,0.0,11,9,2,11,0,8,8,90,6.69626,6.55229,0.16013,0.20991,9,0,9,0.01818,0.05166,5,0,2,16,attached,23,7.443,7.44837,1.60165,-4.33805,-5.83903,deliver
20260526-194108-sentence-script-long-microtubule-tracks-d3016c,14.0,840,2,1,PAINT_MEMBRANE,,4.1667,10.1164,0.0,0.0,11,9,2,11,0,8,8,86,6.79795,6.63891,0.14707,0.18465,9,0,9,0.01818,0.04794,5,0,4,6,attached,1,7.44942,7.45482,-1.98406,7.01358,1.56444,deliver
20260526-194108-sentence-script-long-microtubule-tracks-d3016c,14.1,846,2,1,PAINT_MEMBRANE,,4.2667,10.1164,0.0,0.0,11,9,2,11,0,8,8,79,6.96836,6.78137,1.51574,15.66141,9,0,9,0.01818,0.29712,5,0,4,16,attached,23,7.704,7.70917,1.64748,-4.49473,-6.04272,deliver
20260526-194108-sentence-script-long-microtubule-tracks-d3016c,14.2,852,2,1,PAINT_MEMBRANE,,4.3667,10.1164,0.0,0.0,11,9,2,11,0,8,8,68,7.00605,6.81471,2.24288,13.71909,9,0,9,0.01818,0.42872,5,0,4,6,attached,1,7.71042,7.71568,-2.04242,7.25979,1.62963,deliver
20260526-194108-sentence-script-long-microtubule-tracks-d3016c,14.3,858,2,1,PAINT_MEMBRANE,,4.4667,10.1164,0.0,0.0,9,7,2,13,0,10,10,98,6.92529,6.71045,0.13964,0.18988,7,0,7,0.02778,0.03868,5,0,4,2,attached,25,7.704,7.70936,-4.998,-5.55573,-1.89424,deliver
20260526-194108-sentence-script-long-microtubule-tracks-d3016c,14.4,864,2,1,PAINT_MEMBRANE,,4.5667,10.1164,0.0,0.0,6,4,2,16,0,13,13,146,6.46513,6.29493,0.14268,0.20777,4,0,4,0.06667,0.02946,5,0,4,3,attached,15,7.63726,7.64264,-0.69656,-0.2666,-7.60616,attached
20260526-194108-sentence-script-long-microtubule-tracks-d3016c,14.5,870,2,1,PAINT_MEMBRANE,,4.6667,10.1164,0.0,0.0,5,2,3,17,0,14,14,159,5.39013,5.97542,0.15347,0.23091,3,0,3,0.0,0.04207,6,0,4,11,detached,15,7.443,7.19219,-0.68751,-0.26964,-7.15417,detached
20260526-194108-sentence-script-long-microtubule-tracks-d3016c,14.6,876,2,1,PAINT_MEMBRANE,,4.7667,10.1164,0.0333,0.0,5,2,3,17,0,14,14,155,5.52063,6.03385,0.11297,0.22395,3,0,3,0.0,0.03737,6,0,4,11,detached,15,7.443,7.22322,-0.78483,-0.2112,-7.17735,detached
20260526-194108-sentence-script-long-microtubule-tracks-d3016c,14.7,882,2,1,PAINT_MEMBRANE,,4.8667,10.1164,0.0,0.0,5,2,3,17,0,14,14,142,5.65113,6.09421,0.09064,0.21759,3,0,3,0.0,0.03346,6,0,4,7,attached,0,7.4103,7.41495,0.03498,7.4103,-0.26037,deliver
20260526-194108-sentence-script-long-microtubule-tracks-d3016c,14.8,888,2,1,PAINT_MEMBRANE,,4.9667,10.1164,0.05,0.0,5,2,3,17,0,14,14,138,5.52063,6.05097,0.12661,0.19412,3,0,3,0.0,0.0345,6,0,4,7,attached,0,7.4103,7.41492,0.02821,7.4103,-0.26037,deliver
20260526-194108-sentence-script-long-microtubule-tracks-d3016c,14.9,894,2,1,PAINT_MEMBRANE,,5.0667,10.1164,0.0,0.0,5,2,3,17,0,14,14,133,6.77415,6.55905,0.14308,0.20988,3,0,4,0.0,0.03371,6,0,4,7,attached,0,7.6713,7.67572,0.01159,7.6713,-0.26037,deliver
20260526-194108-sentence-script-long-microtubule-tracks-d3016c,15.0,900,2,1,PAINT_MEMBRANE,,5.1667,10.1164,0.0,0.0,3,3,0,19,0,14,14,126,6.32314,6.3285,0.09746,0.1711,1,0,3,0.0,0.01003,6,0,4,4,attached,27,7.21542,7.21793,-1.35737,-6.3165,3.21836,attached
20260526-194108-sentence-script-long-microtubule-tracks-d3016c,15.1,906,2,1,PAINT_MEMBRANE,,5.2667,10.1164,0.0,0.0,2,2,0,20,0,14,14,122,6.138,6.14453,7.86627,15.66,1,0,2,0.0,0.26221,6,0,4,18,attached,24,6.399,6.40508,2.17398,-4.16721,4.35124,deliver
20260526-194108-sentence-script-long-microtubule-tracks-d3016c,15.2,912,2,1,PAINT_MEMBRANE,,5.3667,10.1164,0.0667,0.0,2,2,0,20,0,14,14,121,6.138,6.14451,0.08355,0.11575,1,0,2,0.0,0.00278,6,0,4,18,attached,24,6.399,6.40508,2.17399,-4.16717,4.35127,deliver
20260526-194108-sentence-script-long-microtubule-tracks-d3016c,15.3,918,2,1,PAINT_MEMBRANE,,5.4667,10.1164,0.0333,0.0,2,2,0,20,0,14,14,116,6.2685,6.27484,0.17586,0.19441,1,0,2,0.0,0.00586,6,0,4,18,attached,24,6.66,6.6658,2.26824,-4.34695,4.51575,deliver
20260526-194108-sentence-script-long-microtubule-tracks-d3016c,15.4,924,2,1,PAINT_MEMBRANE,,5.5667,10.1164,0.1333,0.0,2,1,1,20,0,14,14,110,6.66,6.25317,0.1816,0.20831,1,0,2,0.0,0.0169,7,0,4,18,attached,24,6.66,6.66576,2.26197,-4.3615,4.5048,deliver
20260526-194108-sentence-script-long-microtubule-tracks-d3016c,15.5,930,2,1,PAINT_MEMBRANE,,5.6667,10.1164,0.0333,0.0,2,2,0,20,0,14,14,105,6.37154,6.37784,0.1298,0.18655,1,0,2,0.0,0.00433,7,0,4,18,attached,24,6.921,6.92657,2.35343,-4.54773,4.66442,deliver
20260526-194108-sentence-script-long-microtubule-tracks-d3016c,15.6,936,2,1,PAINT_MEMBRANE,,5.7667,10.1164,0.1333,0.0,2,2,0,20,0,14,14,93,6.37154,6.37783,0.13551,0.17141,1,0,2,0.0,0.00452,7,0,4,18,attached,24,6.921,6.92662,2.34887,-4.55832,4.65645,deliver
20260526-194108-sentence-script-long-microtubule-tracks-d3016c,15.7,942,2,1,PAINT_MEMBRANE,,5.8667,10.1164,0.0167,0.0,2,2,0,20,0,14,14,90,6.63254,6.63858,0.116,0.20989,1,0,2,0.0,0.00387,7,0,4,18,attached,24,7.182,7.18743,2.44593,-4.73157,4.82584,deliver
20260526-194108-sentence-script-long-microtubule-tracks-d3016c,15.8,948,2,1,PAINT_MEMBRANE,,5.9667,10.1164,0.0167,0.0,2,2,0,20,0,14,14,81,6.76304,6.76898,0.15558,0.17505,1,0,2,0.0,0.00519,7,0,4,18,attached,24,7.443,7.4482,2.54693,-4.8957,5.0021,deliver
20260526-194108-sentence-script-long-microtubule-tracks-d3016c,15.9,954,2,1,PAINT_MEMBRANE,,6.0667,10.1164,0.0,0.0,2,2,0,20,0,14,14,66,6.89354,6.89935,0.14082,0.20257,1,0,2,0.0,0.00469,7,0,4,18,attached,24,7.443,7.44816,2.55279,-4.8821,5.01233,deliver
20260526-194108-sentence-script-long-microtubule-tracks-d3016c,16.0,960,2,1,PAINT_MEMBRANE,,6.1667,10.1164,0.0333,0.0,1,1,0,21,0,14,14,62,6.34408,6.35054,0.04455,0.04455,0,0,1,0.0,0.00074,7,0,4,10,attached,27,6.34408,6.35054,-1.51482,-5.45191,2.88294,deliver
20260526-194108-sentence-script-long-microtubule-tracks-d3016c,16.1,966,2,1,PAINT_MEMBRANE,,6.2667,10.1164,0.1333,0.0,1,1,0,21,0,14,14,57,6.60508,6.61124,15.66074,15.66074,1,0,1,0.0,0.26101,7,0,4,10,attached,27,6.60508,6.61124,-1.56221,-5.68251,2.99617,deliver
20260526-194108-sentence-script-long-microtubule-tracks-d3016c,16.2,972,2,1,PAINT_MEMBRANE,,6.3667,10.1164,0.0667,0.0,1,1,0,21,0,14,14,53,6.60508,6.6112,0.20733,0.20733,1,0,1,0.0,0.00346,7,0,4,10,attached,27,6.60508,6.6112,-1.55589,-5.69214,2.98106,deliver
20260526-194108-sentence-script-long-microtubule-tracks-d3016c,16.3,978,2,1,PAINT_MEMBRANE,,6.4667,10.1164,0.1667,0.0,1,1,0,21,0,14,14,40,6.60508,6.61122,0.18965,0.18965,1,0,1,0.0,0.00316,7,0,4,10,attached,27,6.60508,6.61122,-1.54913,-5.70243,2.96491,deliver
20260526-194108-sentence-script-long-microtubule-tracks-d3016c,16.4,984,2,1,PAINT_MEMBRANE,,6.5667,10.1164,0.0167,0.0,1,1,0,21,0,14,14,38,6.86608,6.87204,0.10571,0.10571,1,0,1,0.0,0.00176,7,0,4,10,attached,27,6.86608,6.87204,-1.59537,-5.93478,3.07539,deliver
20260526-194108-sentence-script-long-microtubule-tracks-d3016c,16.5,990,2,1,PAINT_MEMBRANE,,6.6667,10.1164,0.0,0.0,1,1,0,21,0,14,14,31,7.12708,7.13284,0.01515,0.01515,1,0,1,0.0,0.00025,7,0,4,10,attached,27,7.12708,7.13284,-1.64521,-6.16164,3.1945,deliver
20260526-194108-sentence-script-long-microtubule-tracks-d3016c,16.6,996,2,1,PAINT_MEMBRANE,,6.7667,10.1164,0.1,0.0,1,1,0,21,0,14,14,18,7.38808,7.3936,15.66055,15.66055,1,0,1,0.0,0.26101,7,0,4,10,attached,27,7.38808,7.3936,-1.6991,-6.38234,3.32326,deliver
20260526-194108-sentence-script-long-microtubule-tracks-d3016c,16.7,1002,2,1,PAINT_MEMBRANE,,6.8667,10.1164,0.0667,0.0,1,1,0,21,0,14,14,10,7.38808,7.39356,0.20063,0.20063,1,0,1,0.0,0.00334,7,0,4,10,attached,27,7.38808,7.39356,-1.70497,-6.3734,3.33729,deliver
20260526-194108-sentence-script-long-microtubule-tracks-d3016c,16.8,1008,2,1,PAINT_MEMBRANE,,6.9667,10.1164,0.1667,0.0,1,1,0,21,0,14,14,2,7.38808,7.39356,0.20045,0.20045,1,0,1,0.0,0.00334,7,0,4,10,attached,27,7.38808,7.39356,-1.71185,-6.36293,3.35372,deliver
20260526-194108-sentence-script-long-microtubule-tracks-d3016c,16.9,1014,2,1,RESETTING,,7.0333,10.1164,0.0167,0.0333,0,0,0,22,0,14,14,0,0.0,0.0,0.0,0.0,0,0,0,0.0,0.0,7,0,4,,,,,,,,,
20260526-194108-sentence-script-long-microtubule-tracks-d3016c,17.0,1020,2,1,RESETTING,,7.0333,10.1164,0.1167,0.1333,0,0,0,22,0,14,14,0,0.0,0.0,0.0,0.0,0,0,0,0.0,0.0,7,0,4,,,,,,,,,
20260526-194108-sentence-script-long-microtubule-tracks-d3016c,17.1,1026,2,1,RESETTING,,7.0333,10.1164,0.2167,0.2333,0,0,0,22,0,14,14,0,0.0,0.0,0.0,0.0,0,0,0,0.0,0.0,7,0,4,,,,,,,,,
20260526-194108-sentence-script-long-microtubule-tracks-d3016c,17.2,1032,2,1,RESETTING,,7.0333,10.1164,0.3167,0.3333,0,0,0,22,0,14,14,0,0.0,0.0,0.0,0.0,0,0,0,0.0,0.0,7,0,4,,,,,,,,,
20260526-194108-sentence-script-long-microtubule-tracks-d3016c,17.3,1038,2,1,RESETTING,,7.0333,10.1164,0.4167,0.4333,0,0,0,22,0,14,14,0,0.0,0.0,0.0,0.0,0,0,0,0.0,0.0,7,0,4,,,,,,,,,
20260526-194108-sentence-script-long-microtubule-tracks-d3016c,17.4,1044,2,1,RESETTING,,7.0333,10.1164,0.5167,0.5333,0,0,0,22,0,14,14,0,0.0,0.0,0.0,0.0,0,0,0,0.0,0.0,7,0,4,,,,,,,,,
20260526-194108-sentence-script-long-microtubule-tracks-d3016c,17.5,1050,2,1,RESETTING,,7.0333,10.1164,0.6167,0.6333,0,0,0,22,0,14,14,0,0.0,0.0,0.0,0.0,0,0,0,0.0,0.0,7,0,4,,,,,,,,,
20260526-194108-sentence-script-long-microtubule-tracks-d3016c,17.6,1056,2,1,RESETTING,,7.0333,10.1164,0.7167,0.7333,0,0,0,22,0,14,14,0,0.0,0.0,0.0,0.0,0,0,0,0.0,0.0,7,0,4,,,,,,,,,
20260526-194108-sentence-script-long-microtubule-tracks-d3016c,17.7,1062,2,1,RESETTING,,7.0333,10.1164,0.8167,0.8333,0,0,0,22,0,14,14,0,0.0,0.0,0.0,0.0,0,0,0,0.0,0.0,7,0,4,,,,,,,,,
20260526-194108-sentence-script-long-microtubule-tracks-d3016c,17.8,1068,2,1,RESETTING,,7.0333,10.1164,0.9167,0.9333,0,0,0,22,0,14,14,0,0.0,0.0,0.0,0.0,0,0,0,0.0,0.0,7,0,4,,,,,,,,,
20260526-194108-sentence-script-long-microtubule-tracks-d3016c,17.9,1074,2,1,RESETTING,,7.0333,10.1164,1.0167,1.0333,0,0,0,22,0,14,14,0,0.0,0.0,0.0,0.0,0,0,0,0.0,0.0,7,0,4,,,,,,,,,
20260526-194108-sentence-script-long-microtubule-tracks-d3016c,18.0,1080,2,1,RESETTING,,7.0333,10.1164,1.1167,1.1333,0,0,0,22,0,14,14,0,0.0,0.0,0.0,0.0,0,0,0,0.0,0.0,7,0,4,,,,,,,,,
20260526-194108-sentence-script-long-microtubule-tracks-d3016c,18.1,1086,2,1,RESETTING,,7.0333,10.1164,1.2167,1.2333,0,0,0,22,0,14,14,0,0.0,0.0,0.0,0.0,0,0,0,0.0,0.0,7,0,4,,,,,,,,,
20260526-194108-sentence-script-long-microtubule-tracks-d3016c,18.2,1092,2,1,RESETTING,,7.0333,10.1164,1.3167,1.3333,0,0,0,22,0,14,14,0,0.0,0.0,0.0,0.0,0,0,0,0.0,0.0,7,0,4,,,,,,,,,
20260526-194108-sentence-script-long-microtubule-tracks-d3016c,18.3,1098,2,1,RESETTING,,7.0333,10.1164,1.4167,1.4333,0,0,0,22,0,14,14,0,0.0,0.0,0.0,0.0,0,0,0,0.0,0.0,7,0,4,,,,,,,,,
20260526-194108-sentence-script-long-microtubule-tracks-d3016c,18.4,1104,2,1,RESETTING,,7.0333,10.1164,1.5167,1.5333,0,0,0,22,0,14,14,0,0.0,0.0,0.0,0.0,0,0,0,0.0,0.0,7,0,4,,,,,,,,,
20260526-194108-sentence-script-long-microtubule-tracks-d3016c,18.5,1110,2,1,RESETTING,,7.0333,10.1164,1.6167,1.6333,0,0,0,22,0,14,14,0,0.0,0.0,0.0,0.0,0,0,0,0.0,0.0,7,0,4,,,,,,,,,
20260526-194108-sentence-script-long-microtubule-tracks-d3016c,18.6,1116,2,1,RESETTING,,7.0333,10.1164,1.7167,1.7333,0,0,0,22,0,14,14,0,0.0,0.0,0.0,0.0,0,0,0,0.0,0.0,7,0,4,,,,,,,,,
20260526-194108-sentence-script-long-microtubule-tracks-d3016c,18.7,1122,2,1,RESETTING,,7.0333,10.1164,1.8167,1.8333,0,0,0,22,0,14,14,0,0.0,0.0,0.0,0.0,0,0,0,0.0,0.0,7,0,4,,,,,,,,,
20260526-194108-sentence-script-long-microtubule-tracks-d3016c,18.8,1128,2,1,RESETTING,,7.0333,10.1164,1.9167,1.9333,0,0,0,22,0,14,14,0,0.0,0.0,0.0,0.0,0,0,0,0.0,0.0,7,0,4,,,,,,,,,
20260526-194108-sentence-script-long-microtubule-tracks-d3016c,18.9,1134,2,1,RESETTING,,7.0333,10.1164,2.0167,2.0333,0,0,0,22,0,14,14,0,0.0,0.0,0.0,0.0,0,0,0,0.0,0.0,7,0,4,,,,,,,,,
20260526-194108-sentence-script-long-microtubule-tracks-d3016c,19.0,1140,2,1,RESETTING,,7.0333,10.1164,2.1167,2.1333,0,0,0,22,0,14,14,0,0.0,0.0,0.0,0.0,0,0,0,0.0,0.0,7,0,4,,,,,,,,,
20260526-194108-sentence-script-long-microtubule-tracks-d3016c,19.1,1146,2,1,RESETTING,,7.0333,10.1164,2.2167,2.2333,0,0,0,22,0,14,14,0,0.0,0.0,0.0,0.0,0,0,0,0.0,0.0,7,0,4,,,,,,,,,
20260526-194108-sentence-script-long-microtubule-tracks-d3016c,19.2,1152,2,1,RESETTING,,7.0333,10.1164,2.3167,2.3333,0,0,0,22,0,14,14,0,0.0,0.0,0.0,0.0,0,0,0,0.0,0.0,7,0,4,,,,,,,,,
20260526-194108-sentence-script-long-microtubule-tracks-d3016c,19.3,1158,2,1,RESETTING,,7.0333,10.1164,2.4167,2.4333,0,0,0,22,0,14,14,0,0.0,0.0,0.0,0.0,0,0,0,0.0,0.0,7,0,4,,,,,,,,,
20260526-194108-sentence-script-long-microtubule-tracks-d3016c,19.4,1164,2,1,RESETTING,,7.0333,10.1164,2.5167,2.5333,0,0,0,22,0,14,14,0,0.0,0.0,0.0,0.0,0,0,0,0.0,0.0,7,0,4,,,,,,,,,
20260526-194108-sentence-script-long-microtubule-tracks-d3016c,19.5,1170,2,1,RESETTING,,7.0333,10.1164,2.6167,2.6333,0,0,0,22,0,14,14,0,0.0,0.0,0.0,0.0,0,0,0,0.0,0.0,7,0,4,,,,,,,,,
20260526-194108-sentence-script-long-microtubule-tracks-d3016c,19.6,1176,2,1,RESETTING,,7.0333,10.1164,2.7167,2.7333,0,0,0,22,0,14,14,0,0.0,0.0,0.0,0.0,0,0,0,0.0,0.0,7,0,4,,,,,,,,,
20260526-194108-sentence-script-long-microtubule-tracks-d3016c,19.7,1182,2,1,RESETTING,,7.0333,10.1164,2.8167,2.8333,0,0,0,22,0,14,14,0,0.0,0.0,0.0,0.0,0,0,0,0.0,0.0,7,0,4,,,,,,,,,
20260526-194108-sentence-script-long-microtubule-tracks-d3016c,19.8,1188,2,1,RESETTING,,7.0333,10.1164,2.9167,2.9333,0,0,0,22,0,14,14,0,0.0,0.0,0.0,0.0,0,0,0,0.0,0.0,7,0,4,,,,,,,,,
20260526-194108-sentence-script-long-microtubule-tracks-d3016c,19.9,1194,3,1,CURIOUS_SWITCH,,0.0167,8.4416,0.0,0.0,22,22,0,0,0,0,0,20,1.51646,1.54466,0.12819,0.20788,0,21,0,0.0303,0.047,0,0,4,21,attached,0,2.74321,2.75501,-0.03392,2.74321,-0.25246,
20260526-194108-sentence-script-long-microtubule-tracks-d3016c,20.0,1200,3,1,CURIOUS_SWITCH,,0.1167,8.4416,0.0,0.0,22,20,2,0,0,0,0,24,1.63625,1.6305,0.70093,12.26344,0,20,0,0.02597,0.28914,2,1,6,21,attached,0,2.89799,2.90915,-0.03287,2.89799,-0.25246,
20260526-194108-sentence-script-long-microtubule-tracks-d3016c,20.1,1206,3,1,CURIOUS_SWITCH,,0.2167,8.4416,0.0,0.0,22,20,2,0,0,0,0,28,1.6333,1.62926,0.73397,13.35126,0,19,0,0.03463,0.29867,2,2,8,21,attached,0,2.89799,2.90904,-0.02034,2.89799,-0.25246,
20260526-194108-sentence-script-long-microtubule-tracks-d3016c,20.2,1212,3,1,CURIOUS_SWITCH,,0.3167,8.4416,0.0,0.0,22,20,2,0,0,0,0,28,1.66957,1.66415,6.33925,136.86367,0,19,0,0.04762,2.35162,2,3,8,21,attached,0,3.05277,3.06319,-0.00071,3.05277,-0.25246,
20260526-194108-sentence-script-long-microtubule-tracks-d3016c,20.3,1218,3,1,CURIOUS_SWITCH,,0.4167,8.4416,0.0,0.0,22,17,5,0,0,0,0,28,1.71893,1.75097,0.58397,9.46333,0,19,0,0.03463,0.31185,5,3,8,21,attached,0,3.20755,3.21753,0.01918,3.20755,-0.25246,
20260526-194108-sentence-script-long-microtubule-tracks-d3016c,20.4,1224,3,1,CURIOUS_SWITCH,,0.5167,8.4416,0.0,0.0,22,17,5,0,0,0,0,28,1.73736,1.76222,0.67946,11.51566,0,19,0,0.02597,0.34101,5,5,8,21,attached,0,3.36233,3.37195,0.03236,3.36233,-0.25246,
20260526-194108-sentence-script-long-microtubule-tracks-d3016c,20.5,1230,3,1,CURIOUS_SWITCH,,0.6167,8.4416,0.0,0.0,22,17,5,0,0,0,0,32,1.85493,1.84952,2.22879,14.09042,0,18,0,0.03896,0.89997,5,6,10,9,attached,28,3.51928,3.52844,-0.46674,-3.36007,-0.97058,
20260526-194108-sentence-script-long-microtubule-tracks-d3016c,20.6,1236,3,1,CURIOUS_SWITCH,,0.7167,8.4416,0.0,0.0,22,16,6,0,0,0,0,32,1.5619,1.64833,10.73567,232.7444,0,18,0,0.06494,4.02934,6,8,10,21,attached,0,3.51711,3.52624,0.02416,3.51711,-0.25246,
20260526-194108-sentence-script-long-microtubule-tracks-d3016c,20.7,1242,3,1,CURIOUS_SWITCH,,0.8167,8.4416,0.0,0.0,22,17,5,0,0,0,0,21,1.7166,1.70837,3.43162,48.78492,0,18,0,0.04762,1.32543,6,9,10,21,attached,0,3.67189,3.68056,0.00564,3.67189,-0.25246,
20260526-194108-sentence-script-long-microtubule-tracks-d3016c,20.8,1248,3,1,CURIOUS_SWITCH,,0.9167,8.4416,0.0,0.0,22,15,7,0,0,0,0,15,1.96067,1.77738,0.13782,0.22961,0,18,0,0.04329,0.13704,8,9,10,21,attached,0,3.67189,3.68058,-0.01485,3.67189,-0.25246,
20260526-194108-sentence-script-long-microtubule-tracks-d3016c,20.9,1254,3,1,CURIOUS_SWITCH,,1.0167,8.4416,0.0,0.0,22,15,7,0,0,0,0,20,2.05197,1.84308,0.14311,0.20991,0,18,0,0.02597,0.13065,8,9,12,21,attached,0,3.82667,3.8351,-0.03015,3.82667,-0.25246,
20260526-194108-sentence-script-long-microtubule-tracks-d3016c,21.0,1260,3,1,CURIOUS_SWITCH,,1.1167,8.4416,0.0,0.0,22,15,7,0,0,0,0,19,2.13223,1.90178,0.14682,0.20991,0,18,0,0.02597,0.12506,8,9,12,21,attached,0,3.82667,3.83514,-0.03492,3.82667,-0.25246,
20260526-194108-sentence-script-long-microtubule-tracks-d3016c,21.1,1266,3,1,CURIOUS_SWITCH,,1.2167,8.4416,0.0,0.0,22,13,9,0,0,0,0,17,2.03201,1.97814,1.78615,13.091,0,18,0,0.01299,0.75883,10,9,12,21,attached,0,3.98144,3.98954,-0.02749,3.98144,-0.25246,
20260526-194108-sentence-script-long-microtubule-tracks-d3016c,21.2,1272,3,1,CURIOUS_SWITCH,,1.3167,8.4416,0.0,0.0,22,15,7,0,0,0,0,11,1.91766,2.0153,0.14192,0.29094,0,17,0,0.02165,0.13297,10,9,12,21,attached,0,3.98144,3.98945,-0.01046,3.98144,-0.25246,
20260526-194108-sentence-script-long-microtubule-tracks-d3016c,21.3,1278,3,1,CURIOUS_SWITCH,,1.4167,8.4416,0.0,0.0,22,15,7,0,0,0,0,8,2.03341,2.10276,0.64946,11.46258,0,17,0,0.01299,0.31152,10,9,12,21,attached,0,4.13622,4.14393,0.01023,4.13622,-0.25246,
20260526-194108-sentence-script-long-microtubule-tracks-d3016c,21.4,1284,3,1,CURIOUS_SWITCH,,1.5167,8.4416,0.0,0.0,22,15,7,0,0,0,0,12,2.12148,2.17734,2.19607,12.85966,0,15,0,0.01299,0.87701,10,9,14,21,attached,0,4.291,4.29851,0.02734,4.291,-0.25246,
20260526-194108-sentence-script-long-microtubule-tracks-d3016c,21.5,1290,3,1,CURIOUS_SWITCH,,1.6167,8.4416,0.0,0.0,22,15,7,0,0,0,0,13,2.08119,2.16548,1.13538,12.8604,0,15,0,0.00866,0.47296,10,10,14,21,attached,0,4.44578,4.45308,0.0349,4.44578,-0.25246,
20260526-194108-sentence-script-long-microtubule-tracks-d3016c,21.6,1296,3,1,CURIOUS_SWITCH,,1.7167,8.4416,0.0,0.0,22,13,9,0,0,0,0,12,1.9844,2.23434,0.59621,9.9046,0,15,0,0.00866,0.3195,12,10,14,21,attached,0,4.44578,4.45305,0.03027,4.44578,-0.25246,
20260526-194108-sentence-script-long-microtubule-tracks-d3016c,21.7,1302,3,1,CURIOUS_SWITCH,,1.8167,8.4416,0.0,0.0,22,13,9,0,0,0,0,7,2.09641,2.31792,0.86728,11.78446,0,13,0,0.00433,0.4139,12,10,14,21,attached,0,4.60056,4.60751,0.01507,4.60056,-0.25246,
20260526-194108-sentence-script-long-microtubule-tracks-d3016c,21.8,1308,3,1,CURIOUS_SWITCH,,1.9167,8.4416,0.0,0.0,22,14,8,0,0,0,0,6,2.07411,2.36234,0.11883,0.38783,0,13,0,0.00433,0.13336,12,10,14,0,detached,9,3.7222,4.63748,-4.12511,1.60355,1.38504,detached
20260526-194108-sentence-script-long-microtubule-tracks-d3016c,21.9,1314,3,1,CURIOUS_SWITCH,,2.0167,8.4416,0.0,0.0,22,14,8,0,0,0,0,6,2.20864,2.45757,0.14261,0.35642,0,13,0,0.0,0.1496,13,10,14,21,attached,0,4.75534,4.7621,-0.02399,4.75534,-0.25246,
20260526-194108-sentence-script-long-microtubule-tracks-d3016c,22.0,1320,3,1,CURIOUS_SWITCH,,2.1167,8.4416,0.0,0.0,22,13,9,0,0,0,0,7,2.38069,2.54661,1.19147,12.8603,0,12,0,0.00433,0.53627,14,10,14,21,attached,0,4.91012,4.91672,-0.03419,4.91012,-0.25246,
20260526-194108-sentence-script-long-microtubule-tracks-d3016c,22.1,1326,3,1,CURIOUS_SWITCH,,2.2167,8.4416,0.0,0.0,22,15,7,0,0,0,0,7,2.63521,2.52956,3.91067,71.71751,0,13,0,0.00866,1.49342,14,12,16,0,attached,9,5.02521,5.03337,-4.4181,1.87556,1.51576,attached
20260526-194108-sentence-script-long-microtubule-tracks-d3016c,22.2,1332,3,1,CURIOUS_SWITCH,,2.3167,8.4416,0.0,0.0,22,15,7,0,0,0,0,8,3.00106,2.60753,0.68755,12.26275,0,11,0,0.00433,0.31655,16,12,16,0,attached,9,5.22957,5.23735,-4.58856,1.96448,1.58612,attached
20260526-194108-sentence-script-long-microtubule-tracks-d3016c,22.3,1338,3,1,CURIOUS_SWITCH,,2.4167,8.4416,0.0,0.0,22,14,8,0,0,0,0,8,3.20161,2.69418,0.57017,10.0702,0,10,0,0.00866,0.28047,17,12,16,0,attached,9,5.22957,5.23731,-4.5817,1.98258,1.58329,attached
20260526-194108-sentence-script-long-microtubule-tracks-d3016c,22.4,1344,3,1,CURIOUS_SWITCH,,2.5167,8.4416,0.0,0.0,22,16,6,0,0,0,0,7,2.72911,2.59828,1.12758,11.51536,0,11,0,0.00433,0.47122,17,15,16,0,attached,1,3.48139,5.23733,-4.57577,1.99822,1.58084,switched
20260526-194108-sentence-script-long-microtubule-tracks-d3016c,22.5,1350,3,1,CURIOUS_SWITCH,,2.6167,8.4416,0.0,0.0,22,17,5,0,0,0,0,7,2.7562,2.57376,0.59902,10.27918,0,11,0,0.00866,0.25793,18,16,16,21,attached,0,5.37446,5.38048,0.03279,5.37446,-0.25246,
20260526-194108-sentence-script-long-microtubule-tracks-d3016c,22.6,1356,3,1,CURIOUS_SWITCH,,2.7167,8.4416,0.0,0.0,22,17,5,0,0,0,0,7,2.63417,2.54335,1.18081,13.35115,0,12,1,0.00433,0.46956,19,17,16,21,attached,0,5.52923,5.5351,0.03397,5.52923,-0.25246,
20260526-194108-sentence-script-long-microtubule-tracks-d3016c,22.7,1362,3,1,CURIOUS_SWITCH,,2.8167,8.4416,0.0,0.0,22,18,4,0,0,0,0,7,2.74134,2.6262,1.06648,10.88379,0,11,1,0.00433,0.42296,19,17,16,21,attached,0,5.52923,5.53504,0.02329,5.52923,-0.25246,
20260526-194108-sentence-script-long-microtubule-tracks-d3016c,22.8,1368,3,1,CURIOUS_SWITCH,,2.9167,8.4416,0.0,0.0,22,19,3,0,0,0,0,3,2.87458,2.73097,0.57843,10.32526,0,11,1,0.00433,0.241,19,17,16,21,attached,0,5.68401,5.68962,0.00447,5.68401,-0.25246,
20260526-194108-sentence-script-long-microtubule-tracks-d3016c,22.9,1374,3,1,CURIOUS_SWITCH,,3.0167,8.4416,0.0,0.0,22,19,3,0,0,0,0,2,2.98733,2.83235,1.73934,13.0989,0,10,2,0.00866,0.67595,20,17,16,21,attached,0,5.83879,5.84427,-0.01591,5.83879,-0.25246,
20260526-194108-sentence-script-long-microtubule-tracks-d3016c,23.0,1380,3,1,CURIOUS_SWITCH,,3.1167,8.4416,0.0,0.0,22,19,3,0,0,0,0,2,3.05244,2.89474,1.05607,10.32648,0,10,2,0.0,0.40601,20,18,16,21,attached,0,5.83879,5.84433,-0.03073,5.83879,-0.25246,
20260526-194108-sentence-script-long-microtubule-tracks-d3016c,23.1,1386,3,1,CURIOUS_SWITCH,,3.2167,8.4416,0.0,0.0,22,19,3,0,0,0,0,1,3.14442,2.97763,4.32228,57.02649,0,9,2,0.00433,1.60251,20,19,16,21,attached,0,5.99357,5.99899,-0.03482,5.99357,-0.25246,
20260526-194108-sentence-script-long-microtubule-tracks-d3016c,23.2,1392,3,1,CURIOUS_SWITCH,,3.3167,8.4416,0.0,0.0,22,19,3,0,0,0,0,1,3.23859,3.06534,4.44027,72.50766,0,9,3,0.00433,1.6446,20,20,16,21,attached,0,6.14835,6.15359,-0.02675,6.14835,-0.25246,
20260526-194108-sentence-script-long-microtubule-tracks-d3016c,23.3,1398,3,1,CURIOUS_SWITCH,,3.4167,8.4416,0.0,0.0,22,19,3,0,0,0,0,1,3.33419,3.1506,1.14601,13.09001,0,9,3,0.00433,0.43608,20,20,16,21,attached,0,6.14835,6.15354,-0.00933,6.14835,-0.25246,
20260526-194108-sentence-script-long-microtubule-tracks-d3016c,23.4,1404,3,1,CURIOUS_SWITCH,,3.5167,8.4416,0.0,0.0,22,19,3,0,0,0,0,1,3.44227,3.24718,0.11738,0.20931,0,9,3,0.00433,0.05662,20,20,16,10,attached,4,6.16832,6.17347,-4.16945,4.44352,-0.99121,attached
20260526-194108-sentence-script-long-microtubule-tracks-d3016c,23.5,1410,3,1,CURIOUS_SWITCH,,3.6167,8.4416,0.0,0.0,22,19,3,0,0,0,0,1,3.55605,3.34753,0.13776,0.20991,0,9,3,0.00433,0.06197,20,20,16,21,attached,0,6.30313,6.30825,0.02806,6.30313,-0.25246,
20260526-194108-sentence-script-long-microtubule-tracks-d3016c,23.6,1416,3,1,CURIOUS_SWITCH,,3.7167,8.4416,0.0,0.0,22,20,2,0,0,0,0,2,3.55029,3.4076,2.25267,14.16643,1,9,2,0.00433,0.83118,20,21,16,21,attached,0,6.45791,6.46294,0.03497,6.45791,-0.25246,
20260526-194108-sentence-script-long-microtubule-tracks-d3016c,23.7,1422,3,1,CURIOUS_SWITCH,,3.8167,8.4416,0.0,0.0,22,20,2,0,0,0,0,1,3.60864,3.46091,0.12567,0.20989,1,8,2,0.00866,0.0518,20,21,16,21,attached,0,6.45791,6.46291,0.02966,6.45791,-0.25246,
20260526-194108-sentence-script-long-microtubule-tracks-d3016c,23.8,1428,3,1,CURIOUS_SWITCH,,3.9167,8.4416,0.0,0.0,22,20,2,0,0,0,0,1,3.73812,3.5791,0.63207,11.5138,1,8,3,0.00866,0.23716,20,21,16,21,attached,0,6.61269,6.61752,0.01399,6.61269,-0.25246,
20260526-194108-sentence-script-long-microtubule-tracks-d3016c,23.9,1434,3,1,CURIOUS_SWITCH,,4.0167,8.4416,0.0,0.0,22,20,2,0,0,0,0,2,3.88237,3.71001,1.18825,12.85926,2,8,3,0.00866,0.44177,20,21,16,21,attached,0,6.61269,6.61751,-0.00656,6.61269,-0.25246,
20260526-194108-sentence-script-long-microtubule-tracks-d3016c,24.0,1440,3,1,CURIOUS_SWITCH,,4.1167,8.4416,0.0,0.0,22,20,2,0,0,0,0,2,3.98178,3.80094,1.72857,13.34975,2,7,4,0.00866,0.64015,20,21,16,21,attached,0,6.76747,6.77222,-0.02483,6.76747,-0.25246,
20260526-194108-sentence-script-long-microtubule-tracks-d3016c,24.1,1446,3,1,CURIOUS_SWITCH,,4.2167,8.4416,0.0,0.0,22,20,2,0,0,0,0,3,4.10271,3.91117,1.23731,13.35055,2,7,5,0.00433,0.45869,20,21,16,21,attached,0,6.92225,6.92693,-0.03442,6.92225,-0.25246,
20260526-194108-sentence-script-long-microtubule-tracks-d3016c,24.2,1452,3,1,CURIOUS_SWITCH,,4.3167,8.4416,0.0,0.0,22,19,3,0,0,0,0,4,4.21151,4.02276,1.89416,13.35129,3,7,5,0.00433,0.72458,21,21,16,21,attached,0,7.07702,7.0816,-0.03199,7.07702,-0.25246,
20260526-194108-sentence-script-long-microtubule-tracks-d3016c,24.3,1458,3,1,CURIOUS_SWITCH,,4.4167,8.4416,0.0,0.0,22,20,2,0,0,0,0,4,4.13843,4.08675,1.13247,12.85875,3,6,5,0.00866,0.43999,21,22,16,21,attached,0,7.2318,7.23623,-0.01838,7.2318,-0.25246,
20260526-194108-sentence-script-long-microtubule-tracks-d3016c,24.4,1464,3,1,CURIOUS_SWITCH,,4.5167,8.4416,0.0,0.0,22,19,3,0,0,0,0,4,4.12926,4.22388,1.7883,13.15232,3,6,6,0.00866,0.6981,22,23,16,21,attached,0,7.38658,7.3909,0.00165,7.38658,-0.25246,
20260526-194108-sentence-script-long-microtubule-tracks-d3016c,24.5,1470,3,1,CURIOUS_SWITCH,,4.6167,8.4416,0.0,0.0,22,20,2,0,0,0,0,4,4.16988,4.1286,1.31238,14.16549,3,6,5,0.00866,0.50098,22,24,16,21,attached,0,7.38658,7.39093,0.0211,7.38658,-0.25246,
20260526-194108-sentence-script-long-microtubule-tracks-d3016c,24.6,1476,3,1,CURIOUS_SWITCH,,4.7167,8.4416,0.0,0.0,22,20,2,0,0,0,0,4,4.26177,4.21732,0.73027,13.08986,3,6,5,0.01299,0.28511,22,24,16,21,attached,0,7.54136,7.54566,0.03318,7.54136,-0.25246,
20260526-194108-sentence-script-long-microtubule-tracks-d3016c,24.7,1482,3,1,CURIOUS_SWITCH,,4.8167,8.4416,0.0,0.0,22,20,2,0,0,0,0,3,4.05891,4.04076,22.49441,458.39897,2,7,4,0.00866,8.26489,22,25,16,21,attached,0,7.54136,7.54566,0.03367,7.54136,-0.25246,
20260526-194108-sentence-script-long-microtubule-tracks-d3016c,24.8,1488,3,1,CURIOUS_SWITCH,,4.9167,8.4416,0.0,0.0,22,19,3,0,0,0,0,3,4.18841,4.12893,0.74375,13.35118,2,6,5,0.00433,0.30913,23,25,16,21,attached,0,7.69614,7.70031,0.0224,7.69614,-0.25246,
20260526-194108-sentence-script-long-microtubule-tracks-d3016c,24.9,1494,3,1,CURIOUS_SWITCH,,5.0167,8.4416,0.0,0.0,21,18,3,1,0,1,1,24,3.87483,3.86775,2.82166,13.10035,2,7,5,0.00952,1.02092,23,26,18,17,attached,3,7.3936,7.39809,2.52302,5.88126,3.71172,switched
20260526-194108-sentence-script-long-microtubule-tracks-d3016c,25.0,1500,3,1,CURIOUS_SWITCH,,5.1167,8.4416,0.0,0.0,21,18,3,1,0,1,1,24,3.98789,3.97327,1.26953,14.16552,3,7,6,0.00952,0.47454,23,26,18,17,attached,3,7.6161,7.62048,2.60235,6.06167,3.8152,switched
20260526-194108-sentence-script-long-microtubule-tracks-d3016c,25.1,1506,3,1,CURIOUS_SWITCH,,5.2167,8.4416,0.0,0.0,21,19,2,1,0,1,1,23,3.7874,3.73319,1.25188,23.62224,2,8,6,0.01429,0.45766,23,27,18,10,attached,7,6.82039,6.82505,-2.47676,3.49882,-5.31086,switched
20260526-194108-sentence-script-long-microtubule-tracks-d3016c,25.2,1512,3,1,CURIOUS_SWITCH,,5.3167,8.4416,0.0,0.0,21,19,2,1,0,1,1,23,3.883,3.82302,0.68981,11.51439,2,8,6,0.00476,0.25919,23,27,18,10,attached,7,6.82039,6.82504,-2.47655,3.49958,-5.31045,switched
20260526-194108-sentence-script-long-microtubule-tracks-d3016c,25.3,1518,3,1,CURIOUS_SWITCH,,5.4167,8.4416,0.0,0.0,21,19,2,1,0,1,1,23,3.97837,3.91385,1.71657,14.15871,2,7,6,0.0,0.6181,23,27,18,10,attached,7,7.0387,7.04316,-2.55971,3.62311,-5.47057,switched
20260526-194108-sentence-script-long-microtubule-tracks-d3016c,25.4,1524,3,1,CURIOUS_SWITCH,,5.5167,8.4416,0.0,0.0,21,18,3,1,0,1,1,22,3.95521,3.985,1.73358,12.65684,2,6,7,0.00476,0.63441,24,28,18,10,attached,7,7.25701,7.26131,-2.64116,3.75279,-5.62739,switched
20260526-194108-sentence-script-long-microtubule-tracks-d3016c,25.5,1530,3,1,CURIOUS_SWITCH,,5.6167,8.4416,0.0,0.0,21,18,3,1,0,1,1,22,4.04244,4.06287,0.12557,0.20972,2,6,7,0.0,0.0683,24,28,18,10,attached,7,7.47532,7.47952,-2.72252,3.88276,-5.78405,switched
20260526-194108-sentence-script-long-microtubule-tracks-d3016c,25.6,1536,3,1,CURIOUS_SWITCH,,5.7167,8.4416,0.0,0.0,21,18,3,1,0,1,1,20,4.14111,4.14979,0.12937,0.20981,2,5,7,0.0,0.06859,24,28,18,10,attached,7,7.47532,7.47957,-2.71935,3.89415,-5.77795,switched
20260526-194108-sentence-script-long-microtubule-tracks-d3016c,25.7,1542,3,1,CURIOUS_SWITCH,,5.8167,8.4416,0.0,0.0,21,19,2,1,0,1,1,21,3.92703,4.0482,5.00113,68.49046,2,5,7,0.00476,1.76934,24,29,18,10,attached,7,7.47532,7.47958,-2.71886,3.8959,-5.77701,switched
20260526-194108-sentence-script-long-microtubule-tracks-d3016c,25.8,1548,3,1,CURIOUS_SWITCH,,5.9167,8.4416,0.0,0.0,21,19,2,1,0,1,1,21,4.0078,4.12269,0.81776,14.0903,4,5,7,0.0,0.30416,24,29,18,10,attached,7,7.69364,7.69773,-2.80735,4.00031,-5.94738,switched
20260526-194108-sentence-script-long-microtubule-tracks-d3016c,25.9,1554,3,1,CURIOUS_SWITCH,,6.0167,8.4416,0.0,0.0,21,19,2,1,0,1,1,21,4.06297,4.17446,1.65635,12.26269,4,5,8,0.00476,0.5965,24,30,18,10,attached,7,7.69364,7.69769,-2.81175,3.98453,-5.95585,switched
20260526-194108-sentence-script-long-microtubule-tracks-d3016c,26.0,1560,3,1,CURIOUS_SWITCH,,6.1167,8.4416,0.0,0.0,20,18,2,2,0,2,2,41,3.93594,4.06834,1.44037,14.09175,4,6,7,0.00526,0.49532,24,30,18,16,attached,25,7.4226,7.42771,-4.81299,-5.35556,-1.82318,attached
20260526-194108-sentence-script-long-microtubule-tracks-d3016c,26.1,1566,3,1,CURIOUS_SWITCH,,6.2167,8.4416,0.0,0.0,20,16,4,2,0,2,2,42,3.82083,3.85842,1.43033,14.16554,3,7,7,0.00526,0.52731,26,31,20,9,attached,2,6.83313,6.8378,0.55509,5.88266,-3.44117,attached
20260526-194108-sentence-script-long-microtubule-tracks-d3016c,26.2,1572,3,1,CURIOUS_SWITCH,,6.3167,8.4416,0.0,0.0,20,16,4,2,0,2,2,41,3.91762,3.93716,2.02222,14.16627,3,7,7,0.00526,0.71994,26,31,20,9,attached,2,7.06797,7.07253,0.56662,6.07755,-3.57253,attached
20260526-194108-sentence-script-long-microtubule-tracks-d3016c,26.3,1578,3,1,CURIOUS_SWITCH,,6.4167,8.4416,0.0,0.0,20,17,3,2,0,2,2,41,3.83736,3.77818,0.77627,12.65816,2,8,6,0.0,0.29539,26,32,20,9,attached,2,7.06797,7.07255,0.56693,6.07542,-3.57615,attached
20260526-194108-sentence-script-long-microtubule-tracks-d3016c,26.4,1584,3,1,CURIOUS_SWITCH,,6.5167,8.4416,0.0,0.0,20,17,3,2,0,2,2,39,3.96764,3.8903,0.69048,11.17878,2,8,6,0.0,0.26319,26,32,20,9,attached,2,7.3028,7.3072,0.57674,6.2819,-3.68787,attached
20260526-194108-sentence-script-long-microtubule-tracks-d3016c,26.5,1590,3,1,CURIOUS_SWITCH,,6.6167,8.4416,0.0,0.0,20,18,2,2,0,2,2,36,3.81211,3.78352,1.95514,14.09165,2,8,6,0.0,0.67025,26,33,20,9,attached,2,7.53764,7.54186,0.58583,6.49314,-3.79152,attached
20260526-194108-sentence-script-long-microtubule-tracks-d3016c,26.6,1596,3,1,CURIOUS_SWITCH,,6.7167,8.4416,0.0,0.0,20,18,2,2,0,2,2,36,3.88935,3.8492,0.11345,0.20936,3,8,6,0.0,0.0545,26,33,20,9,attached,2,7.53764,7.54186,0.58428,6.50362,-3.77376,attached
20260526-194108-sentence-script-long-microtubule-tracks-d3016c,26.7,1602,3,1,CURIOUS_SWITCH,,6.8167,8.4416,0.0,0.0,19,17,2,3,0,3,3,53,3.73604,3.70474,0.8796,14.16605,2,7,5,0.0,0.29459,26,34,20,6,attached,16,7.32141,7.32739,5.37714,-0.76148,4.91906,attached
20260526-194108-sentence-script-long-microtubule-tracks-d3016c,26.8,1608,3,1,CURIOUS_SWITCH,,6.9167,8.4416,0.0,0.0,19,17,2,3,0,3,3,48,3.70445,3.6763,10.01171,155.94159,2,7,4,0.00585,3.18407,26,36,20,6,attached,16,7.55737,7.56319,5.55822,-0.76565,5.07167,attached
20260526-194108-sentence-script-long-microtubule-tracks-d3016c,26.9,1614,3,1,CURIOUS_SWITCH,,7.0167,8.4416,0.0,0.0,19,16,3,3,0,3,3,46,3.25473,3.21179,0.14455,0.20777,2,9,3,0.02339,0.06792,27,38,20,7,attached,9,6.61408,6.62013,-5.75595,2.53106,2.07097,attached
20260526-194108-sentence-script-long-microtubule-tracks-d3016c,27.0,1620,3,1,CURIOUS_SWITCH,,7.1167,8.4416,0.0,0.0,19,17,2,3,0,3,3,50,3.26699,3.28196,1.40225,13.09136,2,9,3,0.01754,0.46581,27,38,22,7,attached,9,6.82503,6.83093,-5.93281,2.62046,2.14397,attached
20260526-194108-sentence-script-long-microtubule-tracks-d3016c,27.1,1626,3,1,CURIOUS_SWITCH,,7.2167,8.4416,0.0,0.0,19,16,3,3,0,3,3,48,3.49472,3.33547,2.04334,14.16551,2,8,3,0.02339,0.6671,28,38,22,7,attached,9,6.82503,6.83092,-5.93344,2.61879,2.14423,attached
20260526-194108-sentence-script-long-microtubule-tracks-d3016c,27.2,1632,3,1,CURIOUS_SWITCH,,7.3167,8.4416,0.0,0.0,19,16,3,3,0,3,3,48,3.41998,3.26879,14.22058,242.33575,3,9,3,0.01754,4.51965,28,39,22,7,attached,9,7.03597,7.04164,-6.11846,2.68666,2.2206,attached
20260526-194108-sentence-script-long-microtubule-tracks-d3016c,27.3,1638,3,1,CURIOUS_SWITCH,,7.4167,8.4416,0.0,0.0,19,16,3,3,0,3,3,44,3.49953,3.33596,1.87248,12.85921,3,9,3,0.01754,0.60762,28,39,22,7,attached,9,7.24691,7.25239,-6.30583,2.74829,2.29795,attached
20260526-194108-sentence-script-long-microtubule-tracks-d3016c,27.4,1644,3,1,CURIOUS_SWITCH,,7.5167,8.4416,0.0,0.0,19,14,5,3,0,3,3,43,3.79402,3.27427,2.01381,13.1524,2,8,2,0.0117,0.68614,30,40,22,11,attached,29,6.90091,6.90711,-0.0319,-6.90091,0.29077,attached
20260526-194108-sentence-script-long-microtubule-tracks-d3016c,27.5,1650,3,1,CURIOUS_SWITCH,,7.6167,8.4416,0.0,0.0,19,14,5,3,0,3,3,42,3.43569,3.01956,1.2689,11.46159,1,9,1,0.0117,0.44433,30,41,22,11,attached,29,7.09281,7.09879,-0.01819,-7.09281,0.29077,attached
20260526-194108-sentence-script-long-microtubule-tracks-d3016c,27.6,1656,3,1,CURIOUS_SWITCH,,7.7167,8.4416,0.0,0.0,19,15,4,3,0,3,3,39,3.02717,2.64068,13.71671,234.64029,1,11,1,0.04094,4.37965,31,44,22,11,attached,29,7.28471,7.29051,0.00187,-7.28471,0.29077,attached
20260526-194108-sentence-script-long-microtubule-tracks-d3016c,27.7,1662,3,1,CURIOUS_SWITCH,,7.8167,8.4416,0.0,0.0,19,15,4,3,0,3,3,33,3.14685,2.73693,0.7687,12.65814,1,11,2,0.02924,0.27908,31,44,22,11,attached,29,7.28471,7.29054,0.02128,-7.28471,0.29077,attached
20260526-194108-sentence-script-long-microtubule-tracks-d3016c,27.8,1668,3,1,CURIOUS_SWITCH,,7.9167,8.4416,0.0,0.0,19,14,5,3,0,3,3,35,2.79712,2.35685,1.26468,11.51403,1,13,2,0.04678,0.4411,32,47,24,11,attached,29,7.4766,7.48233,0.03325,-7.4766,0.29077,attached
20260526-194108-sentence-script-long-microtubule-tracks-d3016c,27.9,1674,3,1,CURIOUS_SWITCH,,8.0167,8.4416,0.0,0.0,19,15,4,3,0,3,3,36,2.77369,2.40205,0.65094,10.07121,1,13,2,0.03509,0.22861,32,47,24,11,attached,29,7.4766,7.48233,0.03361,-7.4766,0.29077,attached
20260526-194108-sentence-script-long-microtubule-tracks-d3016c,28.0,1680,3,1,CURIOUS_SWITCH,,8.1167,8.4416,0.0,0.0,19,16,3,3,0,3,3,33,2.77746,2.50506,1.37616,12.85878,1,13,3,0.02924,0.45819,32,47,24,11,attached,29,7.6685,7.67404,0.02223,-7.6685,0.29077,attached
20260526-194108-sentence-script-long-microtubule-tracks-d3016c,28.1,1686,3,1,CURIOUS_SWITCH,,8.2167,8.4416,0.0,0.0,19,15,4,3,0,3,3,31,2.97838,2.60027,0.12804,0.41616,1,13,4,0.02924,0.08241,33,47,24,11,attached,29,7.6685,7.67401,0.00308,-7.6685,0.29077,attached
20260526-194108-sentence-script-long-microtubule-tracks-d3016c,28.2,1692,3,1,CURIOUS_SWITCH,,8.3167,8.4416,0.0,0.0,18,14,4,4,0,4,4,50,2.30283,2.07622,0.12198,0.38557,0,14,2,0.03268,0.07584,33,50,26,7,attached,6,5.99719,6.00389,-1.53835,3.49031,4.63659,switched
20260526-194108-sentence-script-long-microtubule-tracks-d3016c,28.3,1698,3,1,CURIOUS_SWITCH,,8.4167,8.4416,0.0,0.0,18,13,5,4,0,4,4,48,2.53377,2.157,0.13276,0.35833,0,14,2,0.01961,0.10796,34,50,26,7,attached,6,6.20813,6.21462,-1.58325,3.61113,4.8036,switched
20260526-194108-sentence-script-long-microtubule-tracks-d3016c,28.4,1704,3,1,DIP_AND_RETURN,CURIOUS_SWITCH,0.0667,13.9619,0.0,0.0,18,11,7,4,0,4,4,44,2.70223,2.26405,1.1738,18.79236,0,13,2,0.00654,0.42006,36,50,26,7,attached,6,6.20813,6.21458,-1.58193,3.61812,4.79872,switched
20260526-194108-sentence-script-long-microtubule-tracks-d3016c,28.5,1710,3,1,DIP_AND_RETURN,CURIOUS_SWITCH,0.1667,13.9619,0.0,0.0,18,13,5,4,0,4,4,36,2.8196,2.33234,0.12272,0.20991,1,13,2,0.00654,0.0634,36,50,26,7,attached,6,6.41907,6.42527,-1.6236,3.75615,4.95371,switched
20260526-194108-sentence-script-long-microtubule-tracks-d3016c,28.6,1716,3,1,DIP_AND_RETURN,CURIOUS_SWITCH,0.2667,13.9619,0.0,0.0,18,13,5,4,0,4,4,35,2.95092,2.43345,0.12514,0.20844,1,12,2,0.00654,0.06368,36,50,26,7,attached,6,6.41907,6.42527,-1.62046,3.77288,4.94202,switched
20260526-194108-sentence-script-long-microtubule-tracks-d3016c,28.7,1722,3,1,DIP_AND_RETURN,CURIOUS_SWITCH,0.3667,13.9619,0.0,0.0,18,13,5,4,0,4,4,33,3.06812,2.52482,1.43438,12.86026,1,12,2,0.00654,0.45377,36,50,26,7,attached,6,6.41907,6.42532,-1.61797,3.78612,4.93277,switched
20260526-194108-sentence-script-long-microtubule-tracks-d3016c,28.8,1728,3,1,DIP_AND_RETURN,CURIOUS_SWITCH,0.4667,13.9619,0.0,0.0,18,13,5,4,0,4,4,31,3.16244,2.59893,0.77828,12.19543,2,12,2,0.00654,0.2547,36,50,26,7,attached,6,6.63001,6.6361,-1.66137,3.91491,5.09422,switched
20260526-194108-sentence-script-long-microtubule-tracks-d3016c,28.9,1734,3,1,DIP_AND_RETURN,CURIOUS_SWITCH,0.5667,13.9619,0.0,0.0,18,13,5,4,0,4,4,23,3.3084,2.70929,0.77267,12.19614,2,11,2,0.00654,0.25203,36,50,26,7,attached,6,6.84096,6.84682,-1.70663,4.0338,5.26259,switched
20260526-194108-sentence-script-long-microtubule-tracks-d3016c,29.0,1740,3,1,DIP_AND_RETURN,CURIOUS_SWITCH,0.6667,13.9619,0.0,0.0,18,13,5,4,0,4,4,21,3.41032,2.78785,1.15582,18.79262,2,11,2,0.00654,0.36714,36,50,26,7,attached,6,6.84096,6.84678,-1.70908,4.02079,5.27168,switched
20260526-194108-sentence-script-long-microtubule-tracks-d3016c,29.1,1746,3,1,DIP_AND_RETURN,CURIOUS_SWITCH,0.7667,13.9619,0.0,0.0,18,14,4,4,0,4,4,18,3.41583,2.92865,1.44232,12.85912,2,10,2,0.0,0.44349,36,50,26,7,attached,6,7.0519,7.05754,-1.75658,4.12774,5.44839,switched
20260526-194108-sentence-script-long-microtubule-tracks-d3016c,29.2,1752,3,1,DIP_AND_RETURN,CURIOUS_SWITCH,0.8667,13.9619,0.0,0.0,18,14,4,4,0,4,4,17,3.45749,2.9628,0.70865,10.88384,2,10,2,0.0,0.22339,36,50,26,7,attached,6,7.26284,7.26835,-1.80368,4.23683,5.62361,switched
20260526-194108-sentence-script-long-microtubule-tracks-d3016c,29.3,1758,3,1,DIP_AND_RETURN,CURIOUS_SWITCH,0.9667,13.9619,0.0,0.0,18,14,4,4,0,4,4,17,3.61342,3.08556,1.49585,14.15958,2,10,2,0.0,0.45849,36,50,26,7,attached,6,7.26284,7.26839,-1.80506,4.2295,5.62873,switched
20260526-194108-sentence-script-long-microtubule-tracks-d3016c,29.4,1764,3,1,DIP_AND_RETURN,CURIOUS_SWITCH,1.0667,13.9619,0.0,0.0,18,14,4,4,0,4,4,15,3.72493,3.17378,3.90789,18.79243,2,8,2,0.0,1.18076,36,50,26,7,attached,6,7.47378,7.47916,-1.84896,4.35561,5.79205,switched
20260526-194108-sentence-script-long-microtubule-tracks-d3016c,29.5,1770,3,1,DIP_AND_RETURN,CURIOUS_SWITCH,1.1667,13.9619,0.0,0.0,18,14,4,4,0,4,4,15,3.83687,3.2616,1.3117,11.78476,2,6,2,0.0,0.40029,36,50,26,7,attached,6,7.47378,7.47912,-1.84682,4.367,5.78409,switched
20260526-194108-sentence-script-long-microtubule-tracks-d3016c,29.6,1776,3,1,DIP_AND_RETURN,CURIOUS_SWITCH,1.2667,13.9619,0.0167,0.0,18,14,4,4,0,4,4,13,3.90782,3.31679,1.14972,18.79313,2,6,2,0.0,0.35182,36,50,26,7,attached,6,7.47378,7.4791,-1.84375,4.38335,5.77267,switched
20260526-194108-sentence-script-long-microtubule-tracks-d3016c,29.7,1782,3,1,DIP_AND_RETURN,CURIOUS_SWITCH,1.3667,13.9619,0.0,0.0,18,14,4,4,0,4,4,12,4.03247,3.41359,1.39308,11.78302,2,6,2,0.0,0.42614,36,50,26,7,attached,6,7.68472,7.68993,-1.88519,4.52259,5.92682,switched
20260526-194108-sentence-script-long-microtubule-tracks-d3016c,29.8,1788,3,1,DIP_AND_RETURN,CURIOUS_SWITCH,1.4667,13.9619,0.0,0.0,16,12,4,6,0,6,6,47,3.55681,2.97847,0.10925,0.20991,0,6,0,0.0,0.03621,36,50,26,4,attached,11,5.1785,5.18712,1.22096,1.22992,4.88905,switched
20260526-194108-sentence-script-long-microtubule-tracks-d3016c,29.9,1794,3,1,DIP_AND_RETURN,CURIOUS_SWITCH,1.5667,13.9619,0.0,0.0,16,13,3,6,0,6,6,45,3.48168,3.03373,1.17227,17.30905,0,6,0,0.0,0.32048,36,50,26,4,attached,11,5.1785,5.18719,1.22185,1.21795,4.89189,switched
20260526-194108-sentence-script-long-microtubule-tracks-d3016c,30.0,1800,3,1,DIP_AND_RETURN,CURIOUS_SWITCH,1.6667,13.9619,0.0,0.0,16,13,3,6,0,6,6,41,3.5344,3.06946,0.09999,0.20991,0,6,0,0.0,0.03127,36,50,26,19,attached,24,5.16698,5.17426,1.70211,-3.38658,3.52234,attached
20260526-194108-sentence-script-long-microtubule-tracks-d3016c,30.1,1806,3,1,DIP_AND_RETURN,CURIOUS_SWITCH,1.7667,13.9619,0.0,0.0,16,13,3,6,0,6,6,39,3.61092,3.13296,1.22022,17.99025,0,6,0,0.0,0.33135,36,50,26,19,attached,24,5.36336,5.37042,1.76954,-3.52993,3.64002,attached
20260526-194108-sentence-script-long-microtubule-tracks-d3016c,30.2,1812,3,1,DIP_AND_RETURN,CURIOUS_SWITCH,1.8667,13.9619,0.0,0.0,16,13,3,6,0,6,6,39,3.75397,3.25018,1.022,14.56918,0,6,0,0.0,0.27767,36,50,26,19,attached,24,5.36336,5.37048,1.76562,-3.53902,3.63318,attached
20260526-194108-sentence-script-long-microtubule-tracks-d3016c,30.3,1818,3,1,DIP_AND_RETURN,CURIOUS_SWITCH,1.9667,13.9619,0.0,0.0,16,13,3,6,0,6,6,39,3.78633,3.27805,1.21109,17.66759,0,6,1,0.0,0.32936,36,50,26,19,attached,24,5.55975,5.56662,1.83924,-3.66801,3.76166,attached
20260526-194108-sentence-script-long-microtubule-tracks-d3016c,30.4,1824,3,1,DIP_AND_RETURN,CURIOUS_SWITCH,2.0667,13.9619,0.0,0.0,16,13,3,6,0,6,6,38,3.84743,3.32885,0.79492,10.88233,0,5,1,0.0,0.21835,36,50,26,19,attached,24,5.55975,5.56656,1.84293,-3.65946,3.7681,attached
20260526-194108-sentence-script-long-microtubule-tracks-d3016c,30.5,1830,3,1,DIP_AND_RETURN,CURIOUS_SWITCH,2.1667,13.9619,0.0,0.0,16,13,3,6,0,6,6,38,3.89796,3.37134,4.67626,17.8507,0,5,1,0.0,1.25325,36,50,26,19,attached,24,5.75613,5.76267,1.92292,-3.77368,3.90769,attached
20260526-194108-sentence-script-long-microtubule-tracks-d3016c,30.6,1836,3,1,DIP_AND_RETURN,CURIOUS_SWITCH,2.2667,13.9619,0.0167,0.0,16,13,3,6,0,6,6,37,3.97854,3.43777,1.74624,13.34985,0,5,1,0.0,0.47209,36,50,26,19,attached,24,5.75613,5.76269,1.92951,-3.75839,3.9192,attached
20260526-194108-sentence-script-long-microtubule-tracks-d3016c,30.7,1842,3,1,DIP_AND_RETURN,CURIOUS_SWITCH,2.3667,13.9619,0.0,0.0,16,13,3,6,0,6,6,36,3.99621,3.45401,0.12212,0.20916,0,5,1,0.0,0.03964,36,50,26,19,attached,24,5.95251,5.95891,2.00793,-3.87626,4.05605,attached
20260526-194108-sentence-script-long-microtubule-tracks-d3016c,30.8,1848,3,1,DIP_AND_RETURN,CURIOUS_SWITCH,2.4667,13.9619,0.0167,0.0,16,13,3,6,0,6,6,35,4.05395,3.50266,0.12165,0.20986,0,4,1,0.0,0.04075,36,50,26,19,attached,24,5.95251,5.95893,2.00902,-3.87373,4.05795,attached
20260526-194108-sentence-script-long-microtubule-tracks-d3016c,30.9,1854,3,1,DIP_AND_RETURN,CURIOUS_SWITCH,2.5667,13.9619,0.0,0.0,16,13,3,6,0,6,6,31,4.10957,3.54975,1.1372,16.43474,0,4,1,0.0,0.30963,36,50,26,19,attached,24,5.76662,5.77321,1.93635,-3.75856,3.93112,attached
20260526-194108-sentence-script-long-microtubule-tracks-d3016c,31.0,1860,3,1,DIP_AND_RETURN,CURIOUS_SWITCH,2.6667,13.9619,0.0333,0.0,16,13,3,6,0,6,6,28,4.15664,3.58963,0.78241,10.88186,0,4,2,0.0,0.21482,36,50,26,19,attached,24,5.76662,5.77316,1.93054,-3.77202,3.92099,attached
20260526-194108-sentence-script-long-microtubule-tracks-d3016c,31.1,1866,3,1,DIP_AND_RETURN,CURIOUS_SWITCH,2.7667,13.9619,0.0,0.0,16,13,3,6,0,6,6,25,4.28649,3.69557,2.11838,17.85117,0,4,2,0.0,0.5701,36,50,26,19,attached,24,6.06675,6.07297,2.03655,-3.98425,4.10599,attached
20260526-194108-sentence-script-long-microtubule-tracks-d3016c,31.2,1872,3,1,DIP_AND_RETURN,CURIOUS_SWITCH,2.8667,13.9619,0.0,0.0,16,14,2,6,0,6,6,25,4.10845,3.73105,2.1623,15.59747,0,4,2,0.0,0.58164,36,50,26,19,attached,24,6.06675,6.07302,2.03126,-3.99653,4.09675,attached
20260526-194108-sentence-script-long-microtubule-tracks-d3016c,31.3,1878,3,1,DIP_AND_RETURN,CURIOUS_SWITCH,2.9667,13.9619,0.0,0.0,16,14,2,6,0,6,6,24,4.22531,3.83252,0.76643,10.32496,0,4,4,0.0,0.21021,36,50,26,19,attached,24,6.36688,6.37289,2.14197,-4.19785,4.28996,attached
20260526-194108-sentence-script-long-microtubule-tracks-d3016c,31.4,1884,3,1,DIP_AND_RETURN,CURIOUS_SWITCH,3.0667,13.9619,0.0,0.0,16,14,2,6,0,6,6,20,4.32272,3.91588,1.25491,18.28588,1,4,4,0.0,0.34066,36,50,26,19,attached,24,6.66701,6.67272,2.25667,-4.38993,4.49012,attached
20260526-194108-sentence-script-long-microtubule-tracks-d3016c,31.5,1890,3,1,DIP_AND_RETURN,CURIOUS_SWITCH,3.1667,13.9619,0.0,0.0,16,15,1,6,0,6,6,17,4.17265,3.97493,1.01724,14.56828,1,4,4,0.0,0.27629,36,50,26,19,attached,24,6.66701,6.67267,2.26193,-4.37772,4.4993,attached
20260526-194108-sentence-script-long-microtubule-tracks-d3016c,31.6,1896,3,1,DIP_AND_RETURN,CURIOUS_SWITCH,3.2667,13.9619,0.0,0.0,16,15,1,6,0,6,6,12,4.25837,4.05545,1.50746,11.46173,2,4,5,0.0,0.40365,36,50,26,19,attached,24,6.96714,6.97255,2.38138,-4.55878,4.70776,attached
20260526-194108-sentence-script-long-microtubule-tracks-d3016c,31.7,1902,3,1,DIP_AND_RETURN,CURIOUS_SWITCH,3.3667,13.9619,0.0,0.0,16,15,1,6,0,6,6,10,4.36757,4.15639,0.11707,0.19754,2,4,5,0.0,0.03257,36,50,26,19,attached,24,6.96714,6.97259,2.38721,-4.54525,4.71794,attached
20260526-194108-sentence-script-long-microtubule-tracks-d3016c,31.8,1908,3,1,DIP_AND_RETURN,CURIOUS_SWITCH,3.4667,13.9619,0.0,0.0,16,15,1,6,0,6,6,10,4.47048,4.252,1.08708,15.33188,3,4,5,0.0,0.29122,36,50,26,19,attached,24,7.26727,7.27253,2.50284,-4.73515,4.91974,attached
20260526-194108-sentence-script-long-microtubule-tracks-d3016c,31.9,1914,3,1,DIP_AND_RETURN,CURIOUS_SWITCH,3.5667,13.9619,0.0,0.0,16,15,1,6,0,6,6,8,4.5729,4.34674,0.12975,0.20983,4,4,6,0.0,0.03679,36,50,26,19,attached,24,7.26727,7.27252,2.50181,-4.73756,4.91793,attached
20260526-194108-sentence-script-long-microtubule-tracks-d3016c,32.0,1920,3,1,DIP_AND_RETURN,CURIOUS_SWITCH,3.6667,13.9619,0.0,0.0,16,15,1,6,0,6,6,8,4.6945,4.45925,0.13275,0.20521,4,4,6,0.0,0.03815,36,50,26,19,attached,24,7.5674,7.57239,2.60993,-4.94489,5.10661,attached
20260526-194108-sentence-script-long-microtubule-tracks-d3016c,32.1,1926,3,1,DIP_AND_RETURN,CURIOUS_SWITCH,3.7667,13.9619,0.0,0.0,15,14,1,7,0,7,7,22,4.65479,4.40459,2.03976,18.21643,4,4,5,0.0,0.51198,36,50,26,12,attached,20,7.14855,7.15351,-4.04219,-2.68327,-5.25676,attached
20260526-194108-sentence-script-long-microtubule-tracks-d3016c,32.2,1932,3,1,DIP_AND_RETURN,CURIOUS_SWITCH,3.8667,13.9619,0.0,0.0,15,13,2,7,0,7,7,18,4.83904,4.43169,0.12216,0.27079,4,5,5,0.0,0.05124,37,50,26,2,attached,18,7.13729,7.14289,5.10533,-1.74132,-4.68235,switched
20260526-194108-sentence-script-long-microtubule-tracks-d3016c,32.3,1938,3,1,DIP_AND_RETURN,CURIOUS_SWITCH,3.9667,13.9619,0.0,0.0,15,13,2,7,0,7,7,18,4.96639,4.53496,1.33869,18.09792,4,5,6,0.0,0.35365,37,50,26,5,attached,26,7.38833,7.39299,4.17934,-5.87283,-1.64294,switched
20260526-194108-sentence-script-long-microtubule-tracks-d3016c,32.4,1944,3,1,DIP_AND_RETURN,CURIOUS_SWITCH,4.0667,13.9619,0.0,0.0,15,13,2,7,0,7,7,18,5.02291,4.57822,0.13534,0.22751,4,5,6,0.0,0.05092,37,50,26,2,attached,18,7.39528,7.40074,5.28019,-1.81831,-4.85636,switched
20260526-194108-sentence-script-long-microtubule-tracks-d3016c,32.5,1950,3,1,DIP_AND_RETURN,CURIOUS_SWITCH,4.1667,13.9619,0.0,0.0,15,13,2,7,0,7,7,18,5.07346,4.6173,1.3257,17.8507,3,5,6,0.0,0.34614,37,50,26,5,attached,26,7.68277,7.68724,4.37054,-6.08233,-1.73128,switched
20260526-194108-sentence-script-long-microtubule-tracks-d3016c,32.6,1956,3,1,DIP_AND_RETURN,CURIOUS_SWITCH,4.2667,13.9619,0.0,0.0,14,12,2,8,0,8,8,36,4.93379,4.46053,0.12368,0.20509,3,5,6,0.01099,0.04267,37,50,26,3,attached,16,7.39882,7.40329,5.46057,-0.77653,4.93842,switched
20260526-194108-sentence-script-long-microtubule-tracks-d3016c,32.7,1962,3,1,DIP_AND_RETURN,CURIOUS_SWITCH,4.3667,13.9619,0.0,0.0,14,12,2,8,0,8,8,36,5.0102,4.52253,0.12338,0.20951,3,4,6,0.01099,0.04154,37,50,26,3,attached,16,7.66741,7.67172,5.66648,-0.78375,5.11196,switched
20260526-194108-sentence-script-long-microtubule-tracks-d3016c,32.8,1968,3,1,DIP_AND_RETURN,CURIOUS_SWITCH,4.4667,13.9619,0.0,0.0,13,11,2,9,0,9,9,58,4.81959,4.31962,1.39023,16.43354,2,4,5,0.01282,0.3128,37,50,28,3,attached,16,7.66741,7.67176,5.66785,-0.76648,5.11311,switched
20260526-194108-sentence-script-long-microtubule-tracks-d3016c,32.9,1974,3,1,DIP_AND_RETURN,CURIOUS_SWITCH,4.5667,13.9619,0.0,0.0,12,8,4,10,0,10,10,76,4.27848,4.07339,2.55447,16.83982,1,4,4,0.01515,0.55022,39,50,28,1,attached,8,7.07036,7.07499,5.86389,3.13923,2.41154,switched
20260526-194108-sentence-script-long-microtubule-tracks-d3016c,33.0,1980,3,1,DIP_AND_RETURN,CURIOUS_SWITCH,4.6667,13.9619,0.0667,0.0,12,8,4,10,0,10,10,76,4.31517,4.09887,1.59662,17.60827,2,4,4,0.01515,0.35645,39,50,28,1,attached,8,7.07036,7.07499,5.86353,3.13999,2.41141,switched
20260526-194108-sentence-script-long-microtubule-tracks-d3016c,33.1,1986,3,1,DIP_AND_RETURN,CURIOUS_SWITCH,4.7667,13.9619,0.0,0.0,12,8,4,10,0,10,10,75,4.36366,4.13209,1.47287,16.4305,2,3,4,0.0,0.32756,39,50,28,1,attached,8,7.37198,7.37637,6.11158,3.28626,2.50199,switched
20260526-194108-sentence-script-long-microtubule-tracks-d3016c,33.2,1992,3,1,DIP_AND_RETURN,CURIOUS_SWITCH,4.8667,13.9619,0.0,0.0,12,8,4,10,0,10,10,75,4.33148,4.11166,1.33602,14.78109,2,3,3,0.0,0.29658,39,50,28,1,attached,8,7.37198,7.37635,6.10334,3.30375,2.49898,switched
20260526-194108-sentence-script-long-microtubule-tracks-d3016c,33.3,1998,3,1,DIP_AND_RETURN,CURIOUS_SWITCH,4.9667,13.9619,0.0,0.0,12,9,3,10,0,10,10,75,4.17679,4.17966,4.06171,47.43859,2,3,3,0.0,0.83118,39,50,28,1,attached,8,7.6736,7.67782,6.34821,3.45678,2.58841,switched
20260526-194108-sentence-script-long-microtubule-tracks-d3016c,33.4,2004,3,1,DIP_AND_RETURN,CURIOUS_SWITCH,5.0667,13.9619,0.0,0.0,12,9,3,10,0,10,10,74,4.23361,4.2251,0.13079,0.20914,3,3,3,0.0,0.04376,39,50,28,1,attached,8,7.6736,7.67786,6.34259,3.4687,2.58636,switched
20260526-194108-sentence-script-long-microtubule-tracks-d3016c,33.5,2010,3,1,DIP_AND_RETURN,CURIOUS_SWITCH,5.1667,13.9619,0.0,0.0,11,9,2,11,0,11,11,88,3.55593,3.99106,1.47189,14.78164,2,3,2,0.0,0.28442,39,50,28,13,attached,17,7.18208,7.18764,-7.07691,-1.25672,0.01031,attached
20260526-194108-sentence-script-long-microtubule-tracks-d3016c,33.6,2016,3,1,DIP_AND_RETURN,CURIOUS_SWITCH,5.2667,13.9619,0.0,0.0,11,8,3,11,0,11,11,86,3.58825,4.06159,1.03817,9.90455,2,2,2,0.0,0.19787,40,50,28,13,attached,17,7.18208,7.18769,-7.0746,-1.26995,0.01022,attached
20260526-194108-sentence-script-long-microtubule-tracks-d3016c,33.7,2022,3,1,DIP_AND_RETURN,CURIOUS_SWITCH,5.3667,13.9619,0.0,0.0,11,8,3,11,0,11,11,85,3.59954,4.08335,0.12128,0.36732,2,2,2,0.0,0.06012,40,50,28,13,attached,17,7.45567,7.46108,-7.34348,-1.31929,0.02133,attached
20260526-194108-sentence-script-long-microtubule-tracks-d3016c,33.8,2028,3,1,DIP_AND_RETURN,CURIOUS_SWITCH,5.4667,13.9619,0.0,0.0,11,8,3,11,0,11,11,79,3.77341,4.22051,0.12711,0.33832,2,1,2,0.0,0.0584,40,50,28,13,attached,17,7.45567,7.46104,-7.34517,-1.30965,0.0214,attached
20260526-194108-sentence-script-long-microtubule-tracks-d3016c,33.9,2034,3,1,DIP_AND_RETURN,CURIOUS_SWITCH,5.5667,13.9619,0.0,0.0,10,6,4,12,0,12,12,94,3.33999,3.95168,3.46868,16.77542,1,1,1,0.0,0.63727,41,50,28,17,detached,20,5.87094,6.71808,-3.77566,-2.64475,-4.88695,detached
20260526-194108-sentence-script-long-microtubule-tracks-d3016c,34.0,2040,3,1,DIP_AND_RETURN,CURIOUS_SWITCH,5.6667,13.9619,0.0333,0.0,10,7,3,12,0,12,12,89,3.32166,3.96971,0.15803,0.28638,1,1,1,0.0,0.05712,41,50,28,17,detached,20,5.87094,6.74903,-3.78683,-2.65835,-4.9135,detached
20260526-194108-sentence-script-long-microtubule-tracks-d3016c,34.1,2046,3,1,DIP_AND_RETURN,CURIOUS_SWITCH,5.7667,13.9619,0.0,0.0,10,7,3,12,0,12,12,86,3.40095,4.03359,0.13104,0.26538,1,1,1,0.0,0.04999,41,50,28,17,detached,20,5.87094,6.77771,-3.79912,-2.67212,-4.93597,detached
20260526-194108-sentence-script-long-microtubule-tracks-d3016c,34.2,2052,3,1,DIP_AND_RETURN,CURIOUS_SWITCH,5.8667,13.9619,0.0167,0.0,10,8,2,12,0,12,12,80,3.92597,4.12279,3.99474,16.43009,1,1,1,0.0,0.68883,41,50,28,17,attached,20,6.79234,6.79723,-3.83769,-2.5474,-4.99853,attached
20260526-194108-sentence-script-long-microtubule-tracks-d3016c,34.3,2058,3,1,DIP_AND_RETURN,CURIOUS_SWITCH,5.9667,13.9619,0.0,0.0,10,8,2,12,0,12,12,74,3.96249,4.15736,0.11211,0.21616,1,1,1,0.0,0.03949,41,50,28,17,attached,20,7.06623,7.07095,-4.00086,-2.64822,-5.19407,attached
20260526-194108-sentence-script-long-microtubule-tracks-d3016c,34.4,2064,3,1,DIP_AND_RETURN,CURIOUS_SWITCH,6.0667,13.9619,0.0,0.0,10,8,2,12,0,12,12,69,4.00185,4.19367,3.02327,14.84844,1,3,2,0.0,0.52286,41,50,28,17,attached,20,7.06623,7.07091,-3.99873,-2.65636,-5.19151,attached
20260526-194108-sentence-script-long-microtubule-tracks-d3016c,34.5,2070,3,1,DIP_AND_RETURN,CURIOUS_SWITCH,6.1667,13.9619,0.0,0.0,10,8,2,12,0,12,12,65,4.01065,4.20532,1.67883,15.39724,1,3,2,0.0,0.29619,41,50,28,17,attached,20,7.34012,7.34459,-4.15676,-2.77675,-5.38089,attached
20260526-194108-sentence-script-long-microtubule-tracks-d3016c,34.6,2076,3,1,DIP_AND_RETURN,CURIOUS_SWITCH,6.2667,13.9619,0.0,0.0,10,8,2,12,0,12,12,62,4.11504,4.29323,1.60359,14.84959,1,3,2,0.0,0.28118,41,50,28,17,attached,20,7.61401,7.61832,-4.31412,-2.89973,-5.56945,attached
20260526-194108-sentence-script-long-microtubule-tracks-d3016c,34.7,2082,3,1,DIP_AND_RETURN,CURIOUS_SWITCH,6.3667,13.9619,0.0,0.0,9,7,2,13,0,13,13,73,3.54946,3.87688,0.09147,0.19466,0,3,1,0.0,0.02663,41,50,28,15,attached,27,5.90288,5.91043,-1.43772,-5.07627,2.66415,attached
20260526-194108-sentence-script-long-microtubule-tracks-d3016c,34.8,2088,3,1,DIP_AND_RETURN,CURIOUS_SWITCH,6.4667,13.9619,0.0,0.0,9,7,2,13,0,13,13,65,3.50016,3.8421,0.10664,0.20502,0,3,1,0.0,0.02853,41,50,28,15,attached,27,5.90288,5.91048,-1.44099,-5.07129,2.67196,attached
20260526-194108-sentence-script-long-microtubule-tracks-d3016c,34.9,2094,3,1,DIP_AND_RETURN,CURIOUS_SWITCH,6.5667,13.9619,0.0,0.0,9,7,2,13,0,13,13,62,3.44108,3.79906,3.05106,14.84829,0,3,1,0.0,0.46996,41,50,28,15,attached,27,6.17671,6.18396,-1.49385,-5.30844,2.79825,attached
20260526-194108-sentence-script-long-microtubule-tracks-d3016c,35.0,2100,3,1,DIP_AND_RETURN,CURIOUS_SWITCH,6.6667,13.9619,0.0,0.0,9,7,2,13,0,13,13,57,3.45159,3.809,1.77082,14.78215,0,3,1,0.0,0.27828,41,50,28,15,attached,27,6.17671,6.18391,-1.48938,-5.31524,2.78759,attached
20260526-194108-sentence-script-long-microtubule-tracks-d3016c,35.1,2106,3,1,DIP_AND_RETURN,CURIOUS_SWITCH,6.7667,13.9619,0.0,0.0,9,7,2,13,0,13,13,49,3.39717,3.7693,0.13839,0.20989,1,3,1,0.0,0.03336,41,50,28,15,attached,27,6.45053,6.4574,-1.53631,-5.56141,2.89973,attached
20260526-194108-sentence-script-long-microtubule-tracks-d3016c,35.2,2112,3,1,DIP_AND_RETURN,CURIOUS_SWITCH,6.8667,13.9619,0.0,0.0,9,7,2,13,0,13,13,43,3.51268,3.86118,1.89786,16.43046,1,2,2,0.0,0.29645,41,50,28,15,attached,27,6.72436,6.73098,-1.58339,-5.80737,3.01221,attached
20260526-194108-sentence-script-long-microtubule-tracks-d3016c,35.3,2118,3,1,DIP_AND_RETURN,CURIOUS_SWITCH,6.9667,13.9619,0.0,0.0,9,7,2,13,0,13,13,40,3.56315,3.90167,1.74151,14.84836,1,2,2,0.0,0.27298,41,50,28,15,attached,27,6.72436,6.73103,-1.57929,-5.8136,3.00243,attached
20260526-194108-sentence-script-long-microtubule-tracks-d3016c,35.4,2124,3,1,DIP_AND_RETURN,CURIOUS_SWITCH,7.0667,13.9619,0.0,0.0,9,7,2,13,0,13,13,37,3.54236,3.88713,0.12521,0.19741,1,2,2,0.0,0.02975,41,50,28,15,attached,27,6.99818,7.00459,-1.63262,-6.05004,3.12984,attached
20260526-194108-sentence-script-long-microtubule-tracks-d3016c,35.5,2130,3,1,DIP_AND_RETURN,CURIOUS_SWITCH,7.1667,13.9619,0.0,0.0,9,7,2,13,0,13,13,36,3.62341,3.95011,1.68663,14.05888,1,2,3,0.0,0.26288,41,50,28,15,attached,27,6.99818,7.00455,-1.63629,-6.04444,3.13863,attached
20260526-194108-sentence-script-long-microtubule-tracks-d3016c,35.6,2136,3,1,DIP_AND_RETURN,CURIOUS_SWITCH,7.2667,13.9619,0.0,0.0,9,7,2,13,0,13,13,33,3.59593,3.93028,0.13853,0.20732,1,2,3,0.0,0.03015,41,50,28,15,attached,27,6.99818,7.00451,-1.64261,-6.03482,3.15373,attached
20260526-194108-sentence-script-long-microtubule-tracks-d3016c,35.7,2142,3,1,DIP_AND_RETURN,CURIOUS_SWITCH,7.3667,13.9619,0.0167,0.0,9,8,1,13,0,13,13,28,3.87745,3.95808,2.13756,12.82461,1,2,2,0.0,0.32416,41,50,28,15,attached,27,7.27201,7.27812,-1.70295,-6.26058,3.29789,attached
20260526-194108-sentence-script-long-microtubule-tracks-d3016c,35.8,2148,3,1,DIP_AND_RETURN,CURIOUS_SWITCH,7.4667,13.9619,0.0,0.0,9,8,1,13,0,13,13,25,3.90974,3.98406,1.72215,14.84853,1,1,3,0.0,0.26187,41,50,28,15,attached,27,7.27201,7.27817,-1.70778,-6.25322,3.30944,attached
20260526-194108-sentence-script-long-microtubule-tracks-d3016c,35.9,2154,3,1,DIP_AND_RETURN,CURIOUS_SWITCH,7.5667,13.9619,0.0,0.0,9,8,1,13,0,13,13,22,3.98358,4.04721,0.11124,0.18536,1,1,3,0.0,0.01941,41,50,28,15,attached,27,7.54583,7.55178,-1.76257,-6.48742,3.44037,attached
20260526-194108-sentence-script-long-microtubule-tracks-d3016c,36.0,2160,3,1,DIP_AND_RETURN,CURIOUS_SWITCH,7.6667,13.9619,0.0,0.0,8,7,1,14,0,14,14,35,3.5973,3.71065,0.15833,0.20991,0,2,2,0.0,0.0239,41,50,28,4,attached,11,6.24019,6.24739,1.53016,1.47481,5.87482,attached
20260526-194108-sentence-script-long-microtubule-tracks-d3016c,36.1,2166,3,1,DIP_AND_RETURN,CURIOUS_SWITCH,7.7667,13.9619,0.0,0.0,8,7,1,14,0,14,14,33,3.60074,3.71004,0.12943,0.20855,1,3,2,0.0,0.0204,41,51,28,4,attached,11,6.53951,6.54639,1.61722,1.5453,6.15239,attached
20260526-194108-sentence-script-long-microtubule-tracks-d3016c,36.2,2172,3,1,DIP_AND_RETURN,CURIOUS_SWITCH,7.8667,13.9619,0.0,0.0,8,7,1,14,0,14,14,31,3.72388,3.81548,0.09422,0.15862,1,3,2,0.0,0.01489,41,51,28,4,attached,11,6.53951,6.54635,1.61649,1.55514,6.15005,attached
20260526-194108-sentence-script-long-microtubule-tracks-d3016c,36.3,2178,3,1,DIP_AND_RETURN,CURIOUS_SWITCH,7.9667,13.9619,0.0,0.0,8,7,1,14,0,14,14,28,3.92478,3.98763,2.02863,15.60354,2,2,2,0.0,0.27324,41,51,28,4,attached,11,6.83883,6.84533,1.70208,1.6454,6.42294,attached
20260526-194108-sentence-script-long-microtubule-tracks-d3016c,36.4,2184,3,1,DIP_AND_RETURN,CURIOUS_SWITCH,8.0667,13.9619,0.0,0.0,8,7,1,14,0,14,14,28,4.00946,4.05948,0.13653,0.20988,2,2,2,0.0,0.02078,41,51,28,4,attached,11,6.83883,6.84534,1.7006,1.66527,6.41822,attached
20260526-194108-sentence-script-long-microtubule-tracks-d3016c,36.5,2190,3,1,DIP_AND_RETURN,CURIOUS_SWITCH,8.1667,13.9619,0.0,0.0,8,7,1,14,0,14,14,27,4.09025,4.12821,3.2999,13.87882,2,2,2,0.0,0.44241,41,51,28,4,attached,11,7.06385,7.0702,1.76485,1.73439,6.62306,attached
20260526-194108-sentence-script-long-microtubule-tracks-d3016c,36.6,2196,3,1,DIP_AND_RETURN,CURIOUS_SWITCH,8.2667,13.9619,0.0,0.0,8,7,1,14,0,14,14,27,4.24749,4.26311,4.08301,18.16179,2,2,2,0.0,0.54674,41,51,28,4,attached,11,7.28886,7.29504,1.82987,1.79326,6.83033,attached
20260526-194108-sentence-script-long-microtubule-tracks-d3016c,36.7,2202,3,1,DIP_AND_RETURN,CURIOUS_SWITCH,8.3667,13.9619,0.0333,0.0,8,7,1,14,0,14,14,26,4.32462,4.3281,3.25778,13.87757,2,2,2,0.0,0.43699,41,51,28,4,attached,11,7.28886,7.29501,1.83041,1.78599,6.83206,attached
20260526-194108-sentence-script-long-microtubule-tracks-d3016c,36.8,2208,3,1,DIP_AND_RETURN,CURIOUS_SWITCH,8.4667,13.9619,0.0,0.0,8,7,1,14,0,14,14,25,4.51644,4.49342,1.73908,13.5024,2,2,2,0.0,0.23397,41,51,28,4,attached,11,7.51388,7.5198,1.89699,1.82373,7.04435,attached
20260526-194108-sentence-script-long-microtubule-tracks-d3016c,36.9,2214,3,1,DIP_AND_RETURN,CURIOUS_SWITCH,8.5667,13.9619,0.0,0.0,7,6,1,15,0,15,15,41,4.0866,4.11891,0.13229,0.20833,1,2,1,0.0,0.01699,41,51,28,4,attached,11,7.51388,7.5198,1.89849,1.80366,7.04911,attached
20260526-194108-sentence-script-long-microtubule-tracks-d3016c,37.0,2220,3,1,DIP_AND_RETURN,CURIOUS_SWITCH,8.6667,13.9619,0.0167,0.0,6,5,1,16,0,16,16,56,3.6153,3.72872,8.35507,18.1626,0,2,0,0.0,0.83749,41,51,28,18,attached,2,5.06431,5.07263,0.51308,4.36917,-2.52561,attached
20260526-194108-sentence-script-long-microtubule-tracks-d3016c,37.1,2226,3,1,DIP_AND_RETURN,CURIOUS_SWITCH,8.7667,13.9619,0.0167,0.0,6,5,1,16,0,16,16,53,3.6678,3.77104,0.15252,0.20978,0,2,0,0.0,0.01657,41,51,28,18,attached,2,5.06431,5.07264,0.51463,4.35875,-2.54327,attached
20260526-194108-sentence-script-long-microtubule-tracks-d3016c,37.2,2232,3,1,DIP_AND_RETURN,CURIOUS_SWITCH,8.8667,13.9619,0.0,0.0,6,5,1,16,0,16,16,50,3.82876,3.90453,0.09667,0.17741,0,2,0,0.0,0.01129,41,51,28,18,attached,2,5.06431,5.07271,0.51581,4.35078,-2.55676,attached
20260526-194108-sentence-script-long-microtubule-tracks-d3016c,37.3,2238,3,1,DIP_AND_RETURN,CURIOUS_SWITCH,8.9667,13.9619,0.0,0.0,6,5,1,16,0,16,16,50,3.99549,4.04265,0.04254,0.13625,0,1,0,0.0,0.00492,41,51,28,18,attached,2,5.37536,5.38331,0.53,4.61621,-2.71841,attached
20260526-194108-sentence-script-long-microtubule-tracks-d3016c,37.4,2244,3,1,DIP_AND_RETURN,CURIOUS_SWITCH,9.0667,13.9619,0.0,0.0,6,5,1,16,0,16,16,50,4.10108,4.13053,0.1019,0.20262,0,1,0,0.0,0.01126,41,51,28,18,attached,2,5.37536,5.38327,0.52948,4.61968,-2.71253,attached
20260526-194108-sentence-script-long-microtubule-tracks-d3016c,37.5,2250,3,1,DIP_AND_RETURN,CURIOUS_SWITCH,9.1667,13.9619,0.0,0.0,6,5,1,16,0,16,16,49,4.31832,4.31142,2.75881,15.7534,0,0,1,0.0,0.27699,41,51,28,18,attached,2,5.68641,5.69383,0.54201,4.89627,-2.85524,attached
20260526-194108-sentence-script-long-microtubule-tracks-d3016c,37.6,2256,3,1,DIP_AND_RETURN,CURIOUS_SWITCH,9.2667,13.9619,0.0,0.0,6,5,1,16,0,16,16,48,4.4046,4.3836,0.15999,0.20677,0,0,1,0.0,0.0171,41,51,28,18,attached,2,5.68641,5.69382,0.54045,4.90675,-2.83749,attached
20260526-194108-sentence-script-long-microtubule-tracks-d3016c,37.7,2262,3,1,DIP_AND_RETURN,CURIOUS_SWITCH,9.3667,13.9619,0.0,0.0,6,5,1,16,0,16,16,47,4.52735,4.48666,0.10676,0.19146,0,0,2,0.0,0.01173,41,51,28,18,attached,2,5.99746,6.00454,0.55292,5.18374,-2.97953,attached
20260526-194108-sentence-script-long-microtubule-tracks-d3016c,37.8,2268,3,1,DIP_AND_RETURN,CURIOUS_SWITCH,9.4667,13.9619,0.0333,0.0,6,5,1,16,0,16,16,44,4.71627,4.6442,3.06266,18.16199,0,0,2,0.0,0.30721,41,51,28,18,attached,2,5.99746,6.00458,0.5523,5.18786,-2.97255,attached
20260526-194108-sentence-script-long-microtubule-tracks-d3016c,37.9,2274,3,1,DIP_AND_RETURN,CURIOUS_SWITCH,9.5667,13.9619,0.0167,0.0,6,5,1,16,0,16,16,42,4.77848,4.69606,0.08135,0.19285,0,0,2,0.0,0.0087,41,51,28,18,attached,2,6.30851,6.31526,0.56639,5.45397,-3.13303,attached
20260526-194108-sentence-script-long-microtubule-tracks-d3016c,38.0,2280,3,1,DIP_AND_RETURN,CURIOUS_SWITCH,9.6667,13.9619,0.0333,0.0,6,5,1,16,0,16,16,36,4.9674,4.85317,3.14237,18.16281,0,0,2,0.0,0.31543,41,51,28,18,attached,2,6.30851,6.3152,0.5675,5.44648,-3.14572,attached
20260526-194108-sentence-script-long-microtubule-tracks-d3016c,38.1,2286,3,1,DIP_AND_RETURN,CURIOUS_SWITCH,9.7667,13.9619,0.0,0.0,6,5,1,16,0,16,16,30,5.1159,4.97735,0.16532,0.20981,1,0,3,0.0,0.01784,41,51,28,18,attached,2,6.61956,6.62592,0.58282,5.7043,-3.32025,attached
20260526-194108-sentence-script-long-microtubule-tracks-d3016c,38.2,2292,3,1,DIP_AND_RETURN,CURIOUS_SWITCH,9.8667,13.9619,0.0,0.0,6,5,1,16,0,16,16,27,5.30649,5.13718,0.12431,0.20169,1,0,3,0.0,0.01381,41,51,28,18,attached,2,6.9306,6.93672,0.59802,5.9629,-3.49347,attached
20260526-194108-sentence-script-long-microtubule-tracks-d3016c,38.3,2298,3,1,DIP_AND_RETURN,CURIOUS_SWITCH,9.9667,13.9619,0.05,0.0,6,5,1,16,0,16,16,26,5.42924,5.24121,3.17085,18.66303,2,0,3,0.0,0.31887,41,51,28,18,attached,2,7.24165,7.24755,0.61261,6.2256,-3.65972,attached
20260526-194108-sentence-script-long-microtubule-tracks-d3016c,38.4,2304,3,1,DIP_AND_RETURN,CURIOUS_SWITCH,10.0667,13.9619,0.0167,0.0,6,5,1,16,0,16,16,22,5.56227,5.35351,2.39235,13.99138,2,0,3,0.0,0.24098,41,51,28,18,attached,2,7.24165,7.24754,0.61253,6.22617,-3.65876,attached
20260526-194108-sentence-script-long-microtubule-tracks-d3016c,38.5,2310,3,1,DIP_AND_RETURN,CURIOUS_SWITCH,10.1667,13.9619,0.0,0.0,6,5,1,16,0,16,16,21,5.62544,5.40816,0.13984,0.20962,1,0,3,0.0,0.01602,41,51,28,18,attached,2,7.5527,7.55831,0.62536,6.50069,-3.80499,attached
20260526-194108-sentence-script-long-microtubule-tracks-d3016c,38.6,2316,3,1,DIP_AND_RETURN,CURIOUS_SWITCH,10.2667,13.9619,0.0,0.0,5,4,1,17,0,17,17,36,5.25455,5.06961,0.16165,0.20991,0,0,2,0.0,0.01591,41,51,28,14,attached,14,6.29569,6.30157,-3.84106,0.19449,4.99182,switched
20260526-194108-sentence-script-long-microtubule-tracks-d3016c,38.7,2322,3,1,DIP_AND_RETURN,CURIOUS_SWITCH,10.3667,13.9619,0.0,0.0,5,4,1,17,0,17,17,35,5.20038,5.02841,0.13147,0.20788,0,0,2,0.0,0.01276,41,51,28,20,attached,18,6.28473,6.29002,4.50065,-1.53766,-4.11632,switched
20260526-194108-sentence-script-long-microtubule-tracks-d3016c,38.8,2328,3,1,DIP_AND_RETURN,CURIOUS_SWITCH,10.4667,13.9619,0.0167,0.0,5,4,1,17,0,17,17,33,5.36667,5.16364,0.08237,0.15513,1,0,2,0.0,0.00868,41,51,28,20,attached,18,6.50624,6.51139,4.65097,-1.60274,-4.2659,switched
20260526-194108-sentence-script-long-microtubule-tracks-d3016c,38.9,2334,3,1,DIP_AND_RETURN,CURIOUS_SWITCH,10.5667,13.9619,0.0167,0.0,5,4,1,17,0,17,17,31,5.47467,5.25122,0.05911,0.162,1,0,2,0.0,0.00576,41,51,28,20,attached,18,6.72774,6.73273,4.80327,-1.65655,-4.41747,switched
20260526-194108-sentence-script-long-microtubule-tracks-d3016c,39.0,2340,3,1,DIP_AND_RETURN,CURIOUS_SWITCH,10.6667,13.9619,0.0167,0.0,5,4,1,17,0,17,17,26,5.53417,5.29809,2.7465,13.29112,1,0,2,0.0,0.23016,41,51,28,20,attached,18,6.94924,6.95403,4.95759,-1.69897,-4.57103,switched
20260526-194108-sentence-script-long-microtubule-tracks-d3016c,39.1,2346,3,1,DIP_AND_RETURN,CURIOUS_SWITCH,10.7667,13.9619,0.0,0.0,5,4,1,17,0,17,17,24,5.4745,5.24936,0.1566,0.20792,1,0,2,0.0,0.01415,41,51,28,20,attached,18,6.94924,6.95399,4.96086,-1.68039,-4.57429,switched
20260526-194108-sentence-script-long-microtubule-tracks-d3016c,39.2,2352,3,1,DIP_AND_RETURN,CURIOUS_SWITCH,10.8667,13.9619,0.05,0.0,5,4,1,17,0,17,17,21,5.46875,5.24395,2.70992,12.93768,1,0,2,0.0,0.227,41,51,28,20,attached,18,7.14189,7.14653,5.09684,-1.70726,-4.7096,switched
20260526-194108-sentence-script-long-microtubule-tracks-d3016c,39.3,2358,3,1,DIP_AND_RETURN,CURIOUS_SWITCH,10.9667,13.9619,0.0333,0.0,5,4,1,17,0,17,17,19,5.39051,5.18149,2.37922,11.55905,1,0,2,0.0,0.1991,41,51,28,20,attached,18,7.33453,7.33909,5.23178,-1.73995,-4.84389,switched
20260526-194108-sentence-script-long-microtubule-tracks-d3016c,39.4,2364,3,1,DIP_AND_RETURN,CURIOUS_SWITCH,11.0667,13.9619,0.0,0.0,5,4,1,17,0,17,17,18,5.2102,5.03753,3.04351,14.96149,1,0,1,0.0,0.25495,41,51,28,20,attached,18,7.33453,7.33911,5.23234,-1.73678,-4.84445,switched
20260526-194108-sentence-script-long-microtubule-tracks-d3016c,39.5,2370,3,1,DIP_AND_RETURN,CURIOUS_SWITCH,11.1667,13.9619,0.0,0.0,5,4,1,17,0,17,17,18,5.20445,5.03418,0.10647,0.20435,1,0,1,0.0,0.01114,41,51,28,20,attached,18,7.52717,7.5316,5.36335,-1.79185,-4.97482,switched
20260526-194108-sentence-script-long-microtubule-tracks-d3016c,39.6,2376,3,1,DIP_AND_RETURN,CURIOUS_SWITCH,11.2667,13.9619,0.0333,0.0,5,4,1,17,0,17,17,16,5.12621,4.97301,2.4249,11.56036,1,0,1,0.0,0.20348,41,51,28,20,attached,18,7.71982,7.72409,5.49281,-1.85567,-5.10365,switched
20260526-194108-sentence-script-long-microtubule-tracks-d3016c,39.7,2382,3,1,DIP_AND_RETURN,CURIOUS_SWITCH,11.3667,13.9619,0.0,0.0,5,4,1,17,0,17,17,16,4.9998,4.87297,0.14836,0.20774,1,0,1,0.0,0.01311,41,51,28,20,attached,18,7.71982,7.7241,5.48927,-1.8757,-5.10013,switched
20260526-194108-sentence-script-long-microtubule-tracks-d3016c,39.8,2388,3,1,DIP_AND_RETURN,CURIOUS_SWITCH,11.4667,13.9619,0.05,0.0,4,3,1,18,0,18,18,33,3.93814,4.04575,3.79101,14.9622,0,0,0,0.0,0.25365,41,51,28,14,attached,14,4.78417,4.79199,-2.9725,0.13003,3.75639,switched
20260526-194108-sentence-script-long-microtubule-tracks-d3016c,39.9,2394,3,1,DIP_AND_RETURN,CURIOUS_SWITCH,11.5667,13.9619,0.0167,0.0,4,3,1,18,0,18,18,31,4.05724,4.13655,3.79998,14.96153,0,0,0,0.0,0.25451,41,51,28,14,attached,14,5.09728,5.10457,-3.15233,0.14789,4.01218,switched
20260526-194108-sentence-script-long-microtubule-tracks-d3016c,40.0,2400,3,1,DIP_AND_RETURN,CURIOUS_SWITCH,11.6667,13.9619,0.0,0.0,4,3,1,18,0,18,18,31,4.16161,4.21743,0.08229,0.19553,0,0,1,0.0,0.00738,41,51,28,14,attached,14,5.41039,5.4172,-3.33197,0.17548,4.2677,switched
20260526-194108-sentence-script-long-microtubule-tracks-d3016c,40.1,2406,3,1,DIP_AND_RETURN,CURIOUS_SWITCH,11.7667,13.9619,0.0,0.0,4,3,1,18,0,18,18,29,4.24818,4.28585,0.13826,0.2045,0,0,1,0.0,0.01167,41,51,28,14,attached,14,5.41039,5.4172,-3.33156,0.19615,4.26711,switched
20260526-194108-sentence-script-long-microtubule-tracks-d3016c,40.2,2412,3,1,DIP_AND_RETURN,CURIOUS_SWITCH,11.8667,13.9619,0.0,0.0,4,3,1,18,0,18,18,29,4.26943,4.30462,0.14751,0.20947,0,0,1,0.0,0.01243,41,51,28,14,attached,14,5.7235,5.72999,-3.51119,0.22427,4.52261,switched
20260526-194108-sentence-script-long-microtubule-tracks-d3016c,40.3,2418,3,1,DIP_AND_RETURN,CURIOUS_SWITCH,11.9667,13.9619,0.0833,0.0,4,3,1,18,0,18,18,27,4.26943,4.30721,0.10667,0.19962,0,0,1,0.0,0.00935,41,51,28,14,attached,14,5.7235,5.73003,-3.51103,0.23219,4.52239,switched
20260526-194108-sentence-script-long-microtubule-tracks-d3016c,40.4,2424,3,1,DIP_AND_RETURN,CURIOUS_SWITCH,12.0667,13.9619,0.05,0.0,4,3,1,18,0,18,18,26,4.37241,4.38747,3.4515,13.56781,0,0,1,0.0,0.23339,41,51,28,14,attached,14,5.49738,5.50415,-3.38114,0.22015,4.33764,switched
20260526-194108-sentence-script-long-microtubule-tracks-d3016c,40.5,2430,3,1,DIP_AND_RETURN,CURIOUS_SWITCH,12.1667,13.9619,0.0333,0.0,4,3,1,18,0,18,18,24,4.39536,4.40826,0.07443,0.18279,0,0,1,0.0,0.00792,41,51,28,14,attached,14,5.49738,5.50409,-3.38144,0.20522,4.33806,switched
20260526-194108-sentence-script-long-microtubule-tracks-d3016c,40.6,2436,3,1,DIP_AND_RETURN,CURIOUS_SWITCH,12.2667,13.9619,0.0333,0.0,4,3,1,18,0,18,18,24,4.48193,4.47658,0.13022,0.20914,0,0,1,0.0,0.01144,41,51,28,14,attached,14,5.49738,5.50407,-3.38184,0.18482,4.33863,switched
20260526-194108-sentence-script-long-microtubule-tracks-d3016c,40.7,2442,3,1,DIP_AND_RETURN,CURIOUS_SWITCH,12.3667,13.9619,0.0333,0.0,4,3,1,18,0,18,18,22,4.35456,4.38429,0.14738,0.2093,0,0,0,0.0,0.0117,41,51,28,14,attached,14,5.30613,5.31311,-3.27229,0.15949,4.1828,switched
20260526-194108-sentence-script-long-microtubule-tracks-d3016c,40.8,2448,3,1,DIP_AND_RETURN,CURIOUS_SWITCH,12.4667,13.9619,0.0,0.0,4,3,1,18,0,18,18,21,4.3775,4.40396,0.11775,0.20679,0,0,0,0.0,0.00949,41,51,28,14,attached,14,5.30613,5.31317,-3.2725,0.14895,4.1831,switched
20260526-194108-sentence-script-long-microtubule-tracks-d3016c,40.9,2454,3,1,DIP_AND_RETURN,CURIOUS_SWITCH,12.5667,13.9619,0.05,0.0,4,3,1,18,0,18,18,21,4.47762,4.48137,0.08683,0.15029,0,0,1,0.0,0.00867,41,51,28,14,attached,14,5.60649,5.61314,-3.44511,0.16066,4.42863,switched
20260526-194108-sentence-script-long-microtubule-tracks-d3016c,41.0,2460,3,1,DIP_AND_RETURN,CURIOUS_SWITCH,12.6667,13.9619,0.0333,0.0,4,3,1,18,0,18,18,16,4.60069,4.57615,4.52901,18.02243,0,0,1,0.0,0.30336,41,51,28,14,attached,14,5.90685,5.91311,-3.61751,0.18377,4.67384,switched
20260526-194108-sentence-script-long-microtubule-tracks-d3016c,41.1,2466,3,1,DIP_AND_RETURN,CURIOUS_SWITCH,12.7667,13.9619,0.0,0.0,4,4,0,18,0,18,18,15,4.59028,4.59921,0.11122,0.20959,0,0,1,0.0,0.00741,41,51,28,14,attached,14,5.90685,5.91308,-3.61711,0.20349,4.67328,switched
20260526-194108-sentence-script-long-microtubule-tracks-d3016c,41.2,2472,3,1,DIP_AND_RETURN,CURIOUS_SWITCH,12.8667,13.9619,0.0,0.0,4,4,0,18,0,18,18,13,4.69203,4.70093,4.63268,18.02255,0,0,1,0.0,0.30885,41,51,28,14,attached,14,6.20721,6.21317,-3.78937,0.23363,4.91829,switched
20260526-194108-sentence-script-long-microtubule-tracks-d3016c,41.3,2478,3,1,DIP_AND_RETURN,CURIOUS_SWITCH,12.9667,13.9619,0.0,0.0,4,4,0,18,0,18,18,12,4.76641,4.77521,0.17258,0.20981,0,0,1,0.0,0.01151,41,51,28,14,attached,14,6.20721,6.21322,-3.78911,0.24657,4.91792,switched
20260526-194108-sentence-script-long-microtubule-tracks-d3016c,41.4,2484,3,1,DIP_AND_RETURN,CURIOUS_SWITCH,13.0667,13.9619,0.05,0.0,4,4,0,18,0,18,18,11,4.73989,4.74904,0.13108,0.20202,1,1,1,0.0,0.00874,41,51,28,14,attached,14,6.50757,6.51331,-3.96172,0.25851,5.16345,switched
20260526-194108-sentence-script-long-microtubule-tracks-d3016c,41.5,2490,3,1,DIP_AND_RETURN,CURIOUS_SWITCH,13.1667,13.9619,0.0,0.0,4,4,0,18,0,18,18,10,4.69638,4.70566,3.75896,14.75226,0,1,2,0.0,0.2506,41,51,28,14,attached,14,6.28186,6.28776,-3.83219,0.24039,4.9792,switched
20260526-194108-sentence-script-long-microtubule-tracks-d3016c,41.6,2496,3,1,DIP_AND_RETURN,CURIOUS_SWITCH,13.2667,13.9619,0.0,0.0,4,4,0,18,0,18,18,9,4.59223,4.60182,0.10011,0.20585,0,1,2,0.0,0.00667,41,51,28,14,attached,14,6.05614,6.06222,-3.70282,0.21396,4.79519,switched
20260526-194108-sentence-script-long-microtubule-tracks-d3016c,41.7,2502,3,1,DIP_AND_RETURN,CURIOUS_SWITCH,13.3667,13.9619,0.0,0.0,4,4,0,18,0,18,18,8,4.6666,4.67607,0.16254,0.19649,0,1,2,0.0,0.01084,41,51,28,14,attached,14,6.05614,6.06224,-3.70323,0.19353,4.79577,switched
20260526-194108-sentence-script-long-microtubule-tracks-d3016c,41.8,2508,3,1,DIP_AND_RETURN,CURIOUS_SWITCH,13.4667,13.9619,0.0,0.0,4,4,0,18,0,18,18,8,4.61848,4.62835,0.17823,0.20864,0,1,2,0.0,0.01188,41,51,28,14,attached,14,6.30039,6.3063,-3.84392,0.18686,4.99588,switched
20260526-194108-sentence-script-long-microtubule-tracks-d3016c,41.9,2514,3,1,DIP_AND_RETURN,CURIOUS_SWITCH,13.5667,13.9619,0.1,0.0,4,4,0,18,0,18,18,5,4.69285,4.70271,4.54595,17.85182,0,1,2,0.0,0.30306,41,51,28,14,attached,14,6.30039,6.30633,-3.84401,0.18239,4.99601,switched
20260526-194108-sentence-script-long-microtubule-tracks-d3016c,42.0,2520,3,1,DIP_AND_RETURN,CURIOUS_SWITCH,13.6667,13.9619,0.0,0.0,4,4,0,18,0,18,18,5,4.64473,4.65515,0.10109,0.15593,1,1,2,0.0,0.00674,41,51,28,14,attached,14,6.54464,6.55032,-3.98424,0.19852,5.19549,switched
20260526-194108-sentence-script-long-microtubule-tracks-d3016c,42.1,2526,3,1,DIP_AND_RETURN,CURIOUS_SWITCH,13.7667,13.9619,0.0,0.0,4,4,0,18,0,18,18,4,4.7187,4.72921,3.77361,14.75212,2,1,2,0.0,0.25157,41,51,28,14,attached,14,6.78889,6.79432,-4.12429,0.22414,5.39469,switched
20260526-194108-sentence-script-long-microtubule-tracks-d3016c,42.2,2532,3,1,DIP_AND_RETURN,CURIOUS_SWITCH,13.8667,13.9619,0.05,0.0,4,4,0,18,0,18,18,2,4.78941,4.79931,0.1499,0.20279,2,1,2,0.0,0.00999,41,51,28,14,attached,14,6.78889,6.79432,-4.12388,0.24481,5.39411,switched
20260526-194108-sentence-script-long-microtubule-tracks-d3016c,42.3,2538,3,1,CURIOUS_SWITCH,DIP_AND_RETURN,0.0,7.0035,0.0,0.0,4,4,0,18,0,18,18,0,4.93612,4.94574,0.1803,0.20889,2,1,2,0.0,0.01202,41,51,28,14,attached,14,7.09037,7.09561,-4.29683,0.27214,5.64011,switched
20260526-194108-sentence-script-long-microtubule-tracks-d3016c,42.4,2544,3,1,CURIOUS_SWITCH,DIP_AND_RETURN,0.1,7.0035,0.0167,0.0,4,4,0,18,0,18,18,0,4.99471,5.00406,0.14772,0.20991,2,0,2,0.0,0.00985,41,51,28,14,attached,14,7.09037,7.09564,-4.29669,0.27941,5.6399,switched
20260526-194108-sentence-script-long-microtubule-tracks-d3016c,42.5,2550,3,1,CURIOUS_SWITCH,DIP_AND_RETURN,0.2,7.0035,0.0,0.0,4,3,1,18,0,18,18,0,5.67719,4.97608,3.68266,14.06158,2,0,2,0.0,0.27323,42,51,28,12,attached,20,7.15338,7.1583,-4.03254,-2.73274,-5.24519,attached
20260526-194108-sentence-script-long-microtubule-tracks-d3016c,42.6,2556,3,1,CURIOUS_SWITCH,DIP_AND_RETURN,0.3,7.0035,0.0667,0.0,4,3,1,18,0,18,18,0,5.67719,4.93844,0.17208,0.35688,2,1,2,0.0,0.03645,42,51,28,12,attached,20,7.15338,7.15834,-4.02958,-2.744,-5.24165,attached
20260526-194108-sentence-script-long-microtubule-tracks-d3016c,42.7,2562,3,1,CURIOUS_SWITCH,DIP_AND_RETURN,0.4,7.0035,0.0,0.0,4,3,1,18,0,18,18,0,5.76897,4.97368,4.63157,17.81204,2,1,2,0.0,0.33242,42,51,28,12,attached,20,7.45024,7.45501,-4.20542,-2.85716,-5.45237,attached
20260526-194108-sentence-script-long-microtubule-tracks-d3016c,42.8,2568,3,1,CURIOUS_SWITCH,DIP_AND_RETURN,0.5,7.0035,0.0667,0.0,4,3,1,18,0,18,18,0,5.76897,4.94436,0.20547,0.30066,2,1,2,0.0,0.03474,42,51,28,12,attached,20,7.45024,7.45497,-4.20814,-2.84681,-5.45562,attached
20260526-194108-sentence-script-long-microtubule-tracks-d3016c,42.9,2574,3,1,CURIOUS_SWITCH,DIP_AND_RETURN,0.6,7.0035,0.0167,0.0,3,3,0,19,0,19,19,19,4.04701,4.05892,10.25622,30.53834,0,1,1,0.0,0.51281,42,51,28,14,attached,14,6.32271,6.32862,-3.85682,0.18375,5.01424,switched
20260526-194108-sentence-script-long-microtubule-tracks-d3016c,43.0,2580,3,1,CURIOUS_SWITCH,DIP_AND_RETURN,0.7,7.0035,0.0167,0.0,3,2,1,19,0,19,19,20,2.19196,3.5766,4.81121,14.06172,0,1,1,0.0,0.25231,43,52,28,14,detached,14,6.32271,6.27022,-3.84091,0.13907,4.95416,detached
20260526-194108-sentence-script-long-microtubule-tracks-d3016c,43.1,2586,3,1,CURIOUS_SWITCH,DIP_AND_RETURN,0.8,7.0035,0.0,0.0,3,1,2,19,0,19,19,21,0.88301,3.67799,0.19109,0.27281,0,1,1,0.0,0.03983,44,52,28,14,detached,14,6.32271,6.20766,-3.82429,0.09032,4.88893,detached
20260526-194108-sentence-script-long-microtubule-tracks-d3016c,43.2,2592,3,1,CURIOUS_SWITCH,DIP_AND_RETURN,0.9,7.0035,0.05,0.0,3,1,2,19,0,19,19,21,0.4,3.55592,0.20059,0.25279,0,1,1,0.0,0.0384,44,53,28,14,detached,14,6.32271,6.14645,-3.80618,0.04239,4.82598,detached
20260526-194108-sentence-script-long-microtubule-tracks-d3016c,43.3,2598,3,1,CURIOUS_SWITCH,DIP_AND_RETURN,1.0,7.0035,0.0333,0.0,3,1,2,19,0,19,19,22,0.4,3.57803,24.18413,72.18462,0,1,1,0.0,1.23495,44,54,28,14,detached,14,6.32271,6.0916,-3.78648,-0.00642,4.77181,detached
20260526-194108-sentence-script-long-microtubule-tracks-d3016c,43.4,2604,3,1,CURIOUS_SWITCH,DIP_AND_RETURN,1.1,7.0035,0.0167,0.0,3,1,2,19,0,19,19,23,0.4,3.5991,0.18631,0.22559,0,1,1,0.0,0.03384,44,55,28,14,detached,14,6.32271,6.04389,-3.76437,-0.04928,4.72819,detached
20260526-194108-sentence-script-long-microtubule-tracks-d3016c,43.5,2610,3,1,CURIOUS_SWITCH,DIP_AND_RETURN,1.2,7.0035,0.0167,0.0,3,1,2,19,0,19,19,23,0.64587,3.69067,0.15943,0.21229,0,1,1,0.0,0.03071,44,56,28,14,detached,14,6.32271,5.99883,-3.7385,-0.09104,4.69056,detached
20260526-194108-sentence-script-long-microtubule-tracks-d3016c,43.6,2616,3,1,CURIOUS_SWITCH,DIP_AND_RETURN,1.3,7.0035,0.1167,0.0,3,1,2,19,0,19,19,23,0.64587,3.71048,0.17168,0.20752,0,1,1,0.0,0.03011,44,56,28,14,detached,14,6.32271,5.95956,-3.71649,-0.13146,4.65691,detached
20260526-194108-sentence-script-long-microtubule-tracks-d3016c,43.7,2622,3,1,CURIOUS_SWITCH,DIP_AND_RETURN,1.4,7.0035,0.05,0.0,3,1,2,19,0,19,19,23,0.85737,3.79762,12.59967,37.521,0,1,1,0.0,0.64944,44,57,28,14,detached,14,6.32271,5.92795,-3.70029,-0.16652,4.62825,detached
20260526-194108-sentence-script-long-microtubule-tracks-d3016c,43.8,2628,3,1,CURIOUS_SWITCH,DIP_AND_RETURN,1.5,7.0035,0.0,0.0,3,1,2,19,0,19,19,21,0.65828,3.75513,0.1533,0.20182,0,1,1,0.0,0.02573,44,58,28,14,detached,14,6.32271,5.89785,-3.68789,-0.19922,4.5983,detached
20260526-194108-sentence-script-long-microtubule-tracks-d3016c,43.9,2634,3,1,CURIOUS_SWITCH,DIP_AND_RETURN,1.6,7.0035,0.0,0.0,3,2,1,19,0,19,19,21,2.52396,3.67553,0.16542,0.20926,0,1,1,0.0,0.01485,44,59,28,14,detached,14,6.32271,5.87278,-3.68271,-0.23555,4.56856,detached
20260526-194108-sentence-script-long-microtubule-tracks-d3016c,44.0,2640,3,1,CURIOUS_SWITCH,DIP_AND_RETURN,1.7,7.0035,0.0,0.0,3,2,1,19,0,19,19,19,1.37007,2.89141,0.09845,0.20589,0,2,1,0.0,0.01027,44,60,28,14,detached,14,6.32271,5.85125,-3.68555,-0.2662,4.53686,detached
20260526-194108-sentence-script-long-microtubule-tracks-d3016c,44.1,2646,3,1,CURIOUS_SWITCH,DIP_AND_RETURN,1.8,7.0035,0.0833,0.0,3,2,1,19,0,19,19,15,1.37007,2.88667,0.11051,0.14683,0,2,1,0.0,0.01093,44,60,28,14,detached,14,6.32271,5.83672,-3.69302,-0.29317,4.51032,detached
20260526-194108-sentence-script-long-microtubule-tracks-d3016c,44.2,2652,3,1,CURIOUS_SWITCH,DIP_AND_RETURN,1.9,7.0035,0.0,0.0,3,2,1,19,0,19,19,13,0.67539,2.4332,0.10336,0.19296,0,2,1,0.0,0.01081,44,62,28,14,detached,14,6.32271,5.82457,-3.70369,-0.32231,4.4838,detached
20260526-194108-sentence-script-long-microtubule-tracks-d3016c,44.3,2658,3,1,CURIOUS_SWITCH,DIP_AND_RETURN,2.0,7.0035,0.0,0.0,3,1,2,19,0,19,19,13,0.63436,2.49617,4.75928,14.06302,0,2,1,0.33333,0.253,45,64,28,14,detached,14,6.32271,5.8178,-3.72099,-0.3513,4.45843,detached
20260526-194108-sentence-script-long-microtubule-tracks-d3016c,44.4,2664,3,1,CURIOUS_SWITCH,DIP_AND_RETURN,2.1,7.0035,0.0667,0.0,3,1,2,19,0,19,19,12,0.63436,2.51122,0.12602,0.18392,0,2,1,0.33333,0.01989,45,64,28,14,detached,14,6.32271,5.81812,-3.73751,-0.37734,4.44288,detached
20260526-194108-sentence-script-long-microtubule-tracks-d3016c,44.5,2670,3,1,CURIOUS_SWITCH,DIP_AND_RETURN,2.2,7.0035,0.0,0.0,3,1,2,19,0,19,19,10,0.63436,2.52601,0.09804,0.12342,0,2,1,0.0,0.01685,45,65,28,14,detached,14,6.32271,5.81936,-3.75128,-0.40556,4.43039,detached
20260526-194108-sentence-script-long-microtubule-tracks-d3016c,44.6,2676,3,1,CURIOUS_SWITCH,DIP_AND_RETURN,2.3,7.0035,0.0,0.0,3,1,2,19,0,19,19,7,0.4,2.47021,0.08502,0.10236,0,2,1,0.0,0.01621,45,67,28,14,detached,14,6.32271,5.82132,-3.76603,-0.43736,4.41741,detached
20260526-194108-sentence-script-long-microtubule-tracks-d3016c,44.7,2682,3,1,CURIOUS_SWITCH,DIP_AND_RETURN,2.4,7.0035,0.1,0.0,3,1,2,19,0,19,19,6,0.63436,2.54963,4.73144,14.0626,0,2,1,0.0,0.24579,45,67,28,14,detached,14,6.32271,5.81896,-3.77308,-0.46217,4.40574,detached
20260526-194108-sentence-script-long-microtubule-tracks-d3016c,44.8,2688,3,1,CURIOUS_SWITCH,DIP_AND_RETURN,2.5,7.0035,0.0167,0.0,3,2,1,19,0,19,19,6,3.07384,2.49105,0.07776,0.1613,0,2,1,0.0,0.01294,45,68,28,14,attached,14,5.74767,5.81539,-3.78018,-0.48164,4.39284,attached
20260526-194108-sentence-script-long-microtubule-tracks-d3016c,44.9,2694,3,1,CURIOUS_SWITCH,DIP_AND_RETURN,2.6,7.0035,0.0167,0.0,3,3,0,19,0,19,19,4,2.60038,2.63188,6.33959,18.75541,0,2,1,0.0,0.31698,45,68,28,14,attached,14,5.74767,5.75408,-3.52572,0.19327,4.54328,attached
20260526-194108-sentence-script-long-microtubule-tracks-d3016c,45.0,2700,3,1,CURIOUS_SWITCH,DIP_AND_RETURN,2.7,7.0035,0.0333,0.0,3,3,0,19,0,19,19,4,2.68567,2.71708,0.15309,0.1999,0,2,1,0.0,0.00765,45,68,28,14,attached,14,6.00356,6.0097,-3.67239,0.22251,4.7519,attached
20260526-194108-sentence-script-long-microtubule-tracks-d3016c,45.1,2706,3,1,CURIOUS_SWITCH,DIP_AND_RETURN,2.8,7.0035,0.0167,0.0,3,3,0,19,0,19,19,4,2.93104,2.95596,0.13605,0.16747,0,2,1,0.0,0.0068,45,68,28,14,attached,14,6.25944,6.26539,-3.81917,0.24634,4.96069,attached
20260526-194108-sentence-script-long-microtubule-tracks-d3016c,45.2,2712,3,1,CURIOUS_SWITCH,DIP_AND_RETURN,2.9,7.0035,0.0,0.0,3,3,0,19,0,19,19,2,2.8601,2.89932,0.06253,0.16692,1,2,1,0.0,0.00313,45,69,28,14,attached,14,6.51533,6.52106,-3.96616,0.25951,5.16977,attached
20260526-194108-sentence-script-long-microtubule-tracks-d3016c,45.3,2718,3,1,CURIOUS_SWITCH,DIP_AND_RETURN,3.0,7.0035,0.0,0.0,3,3,0,19,0,19,19,3,3.02018,3.04892,0.09957,0.12501,1,2,1,0.0,0.00498,45,69,28,14,attached,14,6.51533,6.52103,-3.96632,0.25169,5.16999,attached
20260526-194108-sentence-script-long-microtubule-tracks-d3016c,45.4,2724,3,1,CURIOUS_SWITCH,DIP_AND_RETURN,3.1,7.0035,0.0,0.0,3,3,0,19,0,19,19,4,2.60186,2.65579,0.08753,0.19839,1,2,1,0.0,0.00438,45,70,28,14,attached,14,6.77121,6.77665,-4.11374,0.24325,5.37968,attached
20260526-194108-sentence-script-long-microtubule-tracks-d3016c,45.5,2730,3,1,CURIOUS_SWITCH,DIP_AND_RETURN,3.2,7.0035,0.0,0.0,3,3,0,19,0,19,19,4,2.76193,2.79963,5.03896,14.75254,1,2,1,0.0,0.25195,45,70,28,14,attached,14,6.77121,6.77665,-4.11415,0.22258,5.38026,attached
20260526-194108-sentence-script-long-microtubule-tracks-d3016c,45.6,2736,3,1,CURIOUS_SWITCH,DIP_AND_RETURN,3.3,7.0035,0.0,0.0,3,3,0,19,0,19,19,4,2.84723,2.88464,0.17942,0.20906,1,2,1,0.0,0.00897,45,70,28,14,attached,14,7.02709,7.03238,-4.26156,0.21455,5.58994,attached
20260526-194108-sentence-script-long-microtubule-tracks-d3016c,45.7,2742,3,1,CURIOUS_SWITCH,DIP_AND_RETURN,3.4,7.0035,0.0,0.0,3,3,0,19,0,19,19,5,3.0073,3.03628,0.13688,0.20571,1,2,1,0.0,0.00684,45,70,28,14,attached,14,7.02709,7.03241,-4.26171,0.20738,5.59015,attached
20260526-194108-sentence-script-long-microtubule-tracks-d3016c,45.8,2748,3,1,CURIOUS_SWITCH,DIP_AND_RETURN,3.5,7.0035,0.0,0.0,3,3,0,19,0,19,19,5,3.17455,3.20032,0.11317,0.14619,1,2,1,0.0,0.00566,45,70,28,14,attached,14,7.28298,7.28809,-4.40868,0.22125,5.79921,attached
20260526-194108-sentence-script-long-microtubule-tracks-d3016c,45.9,2754,3,1,CURIOUS_SWITCH,DIP_AND_RETURN,3.6,7.0035,0.1,0.0,3,3,0,19,0,19,19,5,3.08967,3.11861,17.38474,51.93188,1,2,1,0.0,0.86924,45,71,28,14,attached,14,7.28298,7.28804,-4.40838,0.23673,5.79877,attached
20260526-194108-sentence-script-long-microtubule-tracks-d3016c,46.0,2760,3,1,CURIOUS_SWITCH,DIP_AND_RETURN,3.7,7.0035,0.0,0.0,3,3,0,19,0,19,19,4,3.25692,3.28369,5.02024,14.75236,1,2,1,0.0,0.25101,45,71,28,14,attached,14,7.53886,7.54374,-4.55505,0.26607,6.0074,attached
20260526-194108-sentence-script-long-microtubule-tracks-d3016c,46.1,2766,3,1,CURIOUS_SWITCH,DIP_AND_RETURN,3.8,7.0035,0.0167,0.0,3,3,0,19,0,19,19,4,3.34656,3.36996,1.23366,3.52236,1,2,1,0.0,0.06168,46,71,28,14,attached,14,7.53886,7.54378,-4.55468,0.28445,6.00688,attached
20260526-194108-sentence-script-long-microtubule-tracks-d3016c,46.2,2772,3,1,CURIOUS_SWITCH,DIP_AND_RETURN,3.9,7.0035,0.0167,0.0,2,2,0,20,0,20,20,21,1.49052,1.51784,0.1675,0.19929,0,2,0,0.0,0.00558,46,71,28,6,attached,23,1.66388,1.69007,0.58634,-0.96514,-1.25739,attached
20260526-194108-sentence-script-long-microtubule-tracks-d3016c,46.3,2778,3,1,CURIOUS_SWITCH,DIP_AND_RETURN,4.0,7.0035,0.0167,0.1,2,2,0,20,0,20,20,21,1.16035,1.20132,7.11899,14.11072,0,2,0,0.0,0.2373,46,73,28,6,attached,23,1.66388,1.69027,0.58843,-0.952,-1.26667,attached
20260526-194108-sentence-script-long-microtubule-tracks-d3016c,46.4,2784,3,1,CURIOUS_SWITCH,DIP_AND_RETURN,4.1,7.0035,0.0167,0.2,2,1,1,20,0,20,20,21,0.89116,1.1343,0.21291,0.2444,0,2,0,1.0,0.02421,47,74,28,6,detached,28,1.24671,1.33611,-0.14256,-1.31449,-0.19227,detached
20260526-194108-sentence-script-long-microtubule-tracks-d3016c,46.5,2790,3,1,CURIOUS_SWITCH,DIP_AND_RETURN,4.2,7.0035,0.1167,0.3,2,1,1,20,0,20,20,22,1.12552,1.29773,7.13813,14.06303,0,2,0,1.0,0.25286,47,74,28,6,detached,28,1.24671,1.43704,-0.16558,-1.4022,-0.26737,detached
20260526-194108-sentence-script-long-microtubule-tracks-d3016c,46.6,2796,3,1,CURIOUS_SWITCH,DIP_AND_RETURN,4.3,7.0035,0.0667,0.4,2,0,2,20,0,20,20,22,0.0,1.35227,0.19202,0.20136,0,2,0,1.0,0.03328,48,74,28,6,detached,28,1.24671,1.53029,-0.18778,-1.48082,-0.33721,detached
20260526-194108-sentence-script-long-microtubule-tracks-d3016c,46.7,2802,3,1,CURIOUS_SWITCH,DIP_AND_RETURN,4.4,7.0035,0.0,0.5,2,1,1,20,0,20,20,22,0.4,1.05236,0.15678,0.187,0,2,0,0.0,0.01832,48,75,28,6,detached,28,1.24671,1.61907,-0.20299,-1.55448,-0.4047,detached
20260526-194108-sentence-script-long-microtubule-tracks-d3016c,46.8,2808,3,1,CURIOUS_SWITCH,DIP_AND_RETURN,4.5,7.0035,0.0333,0.6,2,2,0,20,0,20,20,23,1.25304,1.29312,0.18113,0.19901,0,2,0,0.0,0.00604,48,75,28,6,attached,28,1.87172,1.89514,-0.25434,-1.84239,-0.36396,attached
20260526-194108-sentence-script-long-microtubule-tracks-d3016c,46.9,2814,3,1,CURIOUS_SWITCH,DIP_AND_RETURN,4.6,7.0035,0.0,0.7,2,2,0,20,0,20,20,23,1.37597,1.4148,0.13109,0.20195,0,2,0,0.0,0.00437,48,75,28,6,attached,28,2.11759,2.13846,-0.29528,-2.07006,-0.44794,attached
20260526-194108-sentence-script-long-microtubule-tracks-d3016c,47.0,2820,3,1,CURIOUS_SWITCH,DIP_AND_RETURN,4.7,7.0035,0.0,0.8,2,2,0,20,0,20,20,22,0.4,0.49165,0.16763,0.20626,0,2,0,0.0,0.00559,48,77,28,6,attached,6,0.4,0.49768,-0.37078,0.23061,0.2388,switched
20260526-194108-sentence-script-long-microtubule-tracks-d3016c,47.1,2826,3,1,CURIOUS_SWITCH,DIP_AND_RETURN,4.8,7.0035,0.0,0.9,2,1,1,20,0,20,20,22,0.4,0.61075,0.16265,0.18312,0,2,0,0.0,0.01537,49,78,28,6,detached,6,0.4,0.73623,-0.54842,0.32203,0.37091,detached
20260526-194108-sentence-script-long-microtubule-tracks-d3016c,47.2,2832,3,1,CURIOUS_SWITCH,DIP_AND_RETURN,4.9,7.0035,0.0333,1.0,2,0,2,20,0,20,20,21,0.0,0.76529,0.22221,0.3155,0,2,0,0.0,0.03852,50,78,28,6,detached,6,0.4,0.80329,-0.59416,0.33544,0.42395,detached
20260526-194108-sentence-script-long-microtubule-tracks-d3016c,47.3,2838,3,1,CURIOUS_SWITCH,DIP_AND_RETURN,5.0,7.0035,0.1333,1.1,2,0,2,20,0,20,20,19,0.0,0.83073,0.20395,0.29818,0,2,0,0.0,0.03535,50,78,28,6,detached,6,0.4,0.86255,-0.63466,0.34862,0.46869,detached
20260526-194108-sentence-script-long-microtubule-tracks-d3016c,47.4,2844,3,1,CURIOUS_SWITCH,DIP_AND_RETURN,5.1,7.0035,0.0,1.2,2,1,1,20,0,20,20,17,0.4,0.69041,11.48282,22.6928,0,2,0,0.0,0.40186,50,80,28,16,detached,2,0.63436,0.88253,0.19335,0.53274,-0.67651,detached
20260526-194108-sentence-script-long-microtubule-tracks-d3016c,47.5,2850,3,1,CURIOUS_SWITCH,DIP_AND_RETURN,5.2,7.0035,0.0667,1.3,2,1,1,20,0,20,20,15,0.64587,0.83932,7.50034,14.75349,0,2,0,0.0,0.26731,50,80,28,16,detached,2,0.63436,0.96811,0.1634,0.51439,-0.8037,detached
20260526-194108-sentence-script-long-microtubule-tracks-d3016c,47.6,2856,3,1,CURIOUS_SWITCH,DIP_AND_RETURN,5.3,7.0035,0.0667,1.4,2,1,1,20,0,20,20,15,0.64587,0.88005,0.20571,0.21351,0,2,0,0.0,0.0218,50,80,28,16,detached,2,0.63436,1.04948,0.13211,0.49378,-0.91658,detached
20260526-194108-sentence-script-long-microtubule-tracks-d3016c,47.7,2862,3,1,CURIOUS_SWITCH,DIP_AND_RETURN,5.4,7.0035,0.0,1.5,2,1,1,20,0,20,20,14,0.64587,0.91864,7.47034,14.75337,0,2,0,0.0,0.26212,50,81,28,16,detached,2,0.63436,1.12669,0.10935,0.47745,-1.01466,detached
20260526-194108-sentence-script-long-microtubule-tracks-d3016c,47.8,2868,3,1,CURIOUS_SWITCH,DIP_AND_RETURN,5.5,7.0035,0.0667,1.6,2,1,1,20,0,20,20,14,0.64587,0.95187,0.18056,0.20554,0,2,0,0.0,0.01691,50,81,28,16,detached,2,0.63436,1.19319,0.08874,0.46152,-1.09674,detached
20260526-194108-sentence-script-long-microtubule-tracks-d3016c,47.9,2874,3,1,CURIOUS_SWITCH,DIP_AND_RETURN,5.6,7.0035,0.05,1.7,2,1,1,20,0,20,20,13,0.4,0.87567,34.9763,69.80825,0,2,0,0.0,1.17598,50,82,28,16,detached,2,0.63436,1.25306,0.06739,0.45016,-1.16747,detached
20260526-194108-sentence-script-long-microtubule-tracks-d3016c,48.0,2880,3,1,CURIOUS_SWITCH,DIP_AND_RETURN,5.7,7.0035,0.0667,1.8,2,1,1,20,0,20,20,13,0.64587,1.01421,7.44754,14.75351,0,2,0,0.0,0.25816,50,82,28,16,detached,2,0.63436,1.3179,0.04584,0.44732,-1.23881,detached
20260526-194108-sentence-script-long-microtubule-tracks-d3016c,48.1,2886,3,1,CURIOUS_SWITCH,DIP_AND_RETURN,5.8,7.0035,0.0667,1.9,2,1,1,20,0,20,20,11,0.64587,1.04378,0.16268,0.19659,0,2,0,0.0,0.01444,50,82,28,16,detached,2,0.63436,1.37694,0.02,0.4432,-1.30351,detached
20260526-194108-sentence-script-long-microtubule-tracks-d3016c,48.2,2892,3,1,CURIOUS_SWITCH,DIP_AND_RETURN,5.9,7.0035,0.0,2.0,2,1,1,20,0,20,20,11,0.64587,1.06971,0.13708,0.14741,0,2,0,0.0,0.01344,50,83,28,16,detached,2,0.63436,1.42854,-0.01319,0.43517,-1.36058,detached
20260526-194108-sentence-script-long-microtubule-tracks-d3016c,48.3,2898,3,1,CURIOUS_SWITCH,DIP_AND_RETURN,6.0,7.0035,0.1,2.1,2,2,0,20,0,20,20,10,1.01412,1.06011,13.83959,27.47313,0,2,0,0.0,0.46132,50,83,28,16,attached,15,1.38237,1.4097,0.09413,-0.01339,-1.40649,attached
20260526-194108-sentence-script-long-microtubule-tracks-d3016c,48.4,2904,3,1,CURIOUS_SWITCH,DIP_AND_RETURN,6.1,7.0035,0.0333,2.2,2,2,0,20,0,20,20,7,1.13706,1.17461,0.16792,0.1927,0,2,0,0.0,0.0056,50,83,28,16,attached,15,1.38237,1.4095,0.09417,-0.02331,-1.40615,attached
20260526-194108-sentence-script-long-microtubule-tracks-d3016c,48.5,2910,3,1,CURIOUS_SWITCH,DIP_AND_RETURN,6.2,7.0035,0.0333,2.3,2,2,0,20,0,20,20,7,1.25423,1.28995,0.15844,0.20484,0,2,0,0.0,0.00528,50,83,28,16,attached,15,1.61673,1.63981,0.06415,-0.04982,-1.6378,attached
20260526-194108-sentence-script-long-microtubule-tracks-d3016c,48.6,2916,3,1,CURIOUS_SWITCH,DIP_AND_RETURN,6.3,7.0035,0.05,2.4,2,2,0,20,0,20,20,6,1.37717,1.40794,0.10136,0.19497,0,2,0,0.0,0.00338,50,83,28,16,attached,15,1.61673,1.63987,0.06424,-0.07032,-1.6371,attached
20260526-194108-sentence-script-long-microtubule-tracks-d3016c,48.7,2922,3,1,CURIOUS_SWITCH,DIP_AND_RETURN,6.4,7.0035,0.0333,2.5,2,2,0,20,0,20,20,5,1.49435,1.52366,0.12092,0.12485,0,2,0,0.0,0.00403,50,83,28,16,attached,15,1.85109,1.87151,0.03421,-0.09381,-1.86885,attached
20260526-194108-sentence-script-long-microtubule-tracks-d3016c,48.8,2928,3,1,CURIOUS_SWITCH,DIP_AND_RETURN,6.5,7.0035,0.0167,2.6,2,2,0,20,0,20,20,5,1.24848,1.29121,0.08681,0.17177,0,2,0,0.0,0.00289,50,84,28,16,attached,15,1.85109,1.8716,0.03424,-0.09875,-1.86868,attached
20260526-194108-sentence-script-long-microtubule-tracks-d3016c,48.9,2934,3,1,CURIOUS_SWITCH,DIP_AND_RETURN,6.6,7.0035,0.0,2.7,2,2,0,20,0,20,20,6,1.48859,1.52188,0.09685,0.12005,0,2,0,0.0,0.00323,50,84,28,16,attached,15,2.08545,2.10356,0.0041,-0.09957,-2.1012,attached
20260526-194108-sentence-script-long-microtubule-tracks-d3016c,49.0,2940,3,1,CURIOUS_SWITCH,DIP_AND_RETURN,6.7,7.0035,0.0167,2.8,2,2,0,20,0,20,20,4,1.35827,1.40034,0.18977,0.19631,0,2,0,0.0,0.00633,50,85,28,16,attached,15,2.08545,2.10341,0.00403,-0.08265,-2.10178,attached
20260526-194108-sentence-script-long-microtubule-tracks-d3016c,49.1,2946,3,1,CURIOUS_SWITCH,DIP_AND_RETURN,6.8,7.0035,0.0,2.9,2,2,0,20,0,20,20,3,0.87942,0.92488,72.99003,145.771,0,2,0,0.0,2.433,50,86,28,6,attached,25,0.87697,0.92561,-0.48958,-0.63167,-0.46696,switched
20260526-194108-sentence-script-long-microtubule-tracks-d3016c,49.2,2952,3,1,CURIOUS_SWITCH,DIP_AND_RETURN,6.9,7.0035,0.0,3.0,2,2,0,20,0,20,20,3,0.9966,1.03786,0.12218,0.16186,0,2,0,0.0,0.00407,50,86,28,16,attached,5,1.11623,1.14982,0.84126,0.75509,-0.21029,switched
20260526-194108-sentence-script-long-microtubule-tracks-d3016c,49.3,2958,3,1,RESETTING,DIP_AND_RETURN,6.9,7.0035,0.0167,3.1,2,2,0,20,0,20,20,3,1.11954,1.15562,0.1176,0.17709,0,2,0,0.0,0.00392,50,86,28,6,attached,25,1.12284,1.16172,-0.67126,-0.78959,-0.52492,switched
20260526-194108-sentence-script-long-microtubule-tracks-d3016c,49.4,2964,3,1,RESETTING,DIP_AND_RETURN,6.9,7.0035,0.0,3.2,2,2,0,20,0,20,20,2,1.35965,1.38943,0.13786,0.2098,0,2,0,0.0,0.0046,50,86,28,6,attached,25,1.36871,1.40074,-0.83181,-0.96862,-0.57614,switched
20260526-194108-sentence-script-long-microtubule-tracks-d3016c,49.5,2970,3,1,RESETTING,DIP_AND_RETURN,6.9,7.0035,0.0833,3.3,2,2,0,20,0,20,20,2,1.35965,1.3894,0.16808,0.16922,0,2,0,0.0,0.0056,50,86,28,6,attached,25,1.36871,1.4005,-0.82295,-0.97748,-0.57332,switched
20260526-194108-sentence-script-long-microtubule-tracks-d3016c,49.6,2976,3,1,RESETTING,DIP_AND_RETURN,6.9,7.0035,0.0,3.4,2,2,0,20,0,20,20,1,1.59976,1.62516,0.13958,0.20964,0,2,0,0.0,0.00465,50,86,28,6,attached,25,1.61457,1.64149,-0.97087,-1.16914,-0.62051,switched
20260526-194108-sentence-script-long-microtubule-tracks-d3016c,49.7,2982,3,1,RESETTING,DIP_AND_RETURN,6.9,7.0035,0.1,3.5,2,2,0,20,0,20,20,1,1.59976,1.62522,0.11677,0.1791,0,2,0,0.0,0.00389,50,86,28,6,attached,25,1.61457,1.64161,-0.95723,-1.18278,-0.61615,switched
20260526-194108-sentence-script-long-microtubule-tracks-d3016c,49.8,2988,3,1,RESETTING,DIP_AND_RETURN,6.9,7.0035,0.0333,3.6,2,2,0,20,0,20,20,0,1.83987,1.86205,0.1227,0.15941,0,2,0,0.0,0.00409,50,86,28,6,attached,25,1.86044,1.88414,-1.10989,-1.3697,-0.66486,switched
20260526-194108-sentence-script-long-microtubule-tracks-d3016c,49.9,2994,3,1,RESETTING,DIP_AND_RETURN,6.9,7.0035,0.0,3.7,2,2,0,20,0,20,20,0,2.07999,2.09958,0.12291,0.20868,0,2,0,0.0,0.0041,50,86,28,6,attached,25,2.10631,2.12729,-1.2704,-1.54877,-0.71606,switched
20260526-194108-sentence-script-long-microtubule-tracks-d3016c,50.0,3000,3,1,RESETTING,DIP_AND_RETURN,6.9,7.0035,0.0833,3.8,2,2,0,20,0,20,20,0,2.07999,2.09955,0.16618,0.18505,0,2,0,0.0,0.00554,50,86,28,6,attached,25,2.10631,2.12715,-1.27759,-1.54159,-0.71836,switched
20260526-194108-sentence-script-long-microtubule-tracks-d3016c,50.1,3006,3,1,RESETTING,DIP_AND_RETURN,6.9,7.0035,0.0167,3.9,2,2,0,20,0,20,20,0,2.19717,2.21581,0.1514,0.20602,0,2,0,0.0,0.00505,50,86,28,16,attached,5,2.28802,2.3046,1.588,1.52309,-0.6853,switched
20260526-194108-sentence-script-long-microtubule-tracks-d3016c,50.2,3012,3,1,RESETTING,DIP_AND_RETURN,6.9,7.0035,0.0,4.0,2,2,0,20,0,20,20,0,2.43728,2.45413,0.10903,0.19276,0,2,0,0.0,0.00363,50,86,28,16,attached,5,2.52238,2.53746,1.73591,1.67865,-0.77939,switched
20260526-194108-sentence-script-long-microtubule-tracks-d3016c,50.3,3018,3,1,RESETTING,DIP_AND_RETURN,6.9,7.0035,0.0,4.1,2,2,0,20,0,20,20,0,2.56021,2.5762,0.12535,0.13854,0,2,0,0.0,0.00418,50,86,28,6,attached,25,2.59805,2.61504,-1.63804,-1.86032,-0.83335,switched
20260526-194108-sentence-script-long-microtubule-tracks-d3016c,50.4,3024,3,1,RESETTING,DIP_AND_RETURN,6.9,7.0035,0.0,4.2,2,2,0,20,0,20,20,0,2.67739,2.69272,0.1055,0.20339,0,1,0,0.0,0.00352,50,86,28,16,attached,5,2.75674,2.77034,1.90053,1.81139,-0.88411,switched
20260526-194108-sentence-script-long-microtubule-tracks-d3016c,50.5,3030,3,1,RESETTING,DIP_AND_RETURN,6.9,7.0035,0.0,4.3,2,2,0,20,0,20,20,0,2.91751,2.93154,0.16096,0.19719,0,0,0,0.0,0.00537,50,86,28,16,attached,5,2.9911,3.00366,2.06129,1.94939,-0.98637,switched
20260526-194108-sentence-script-long-microtubule-tracks-d3016c,50.6,3036,3,1,RESETTING,DIP_AND_RETURN,6.9,7.0035,0.0833,4.4,2,2,0,20,0,20,20,0,2.91751,2.93154,0.16019,0.19828,0,0,0,0.0,0.00534,50,86,28,16,attached,5,2.9911,3.00377,2.07004,1.93743,-0.99194,switched
20260526-194108-sentence-script-long-microtubule-tracks-d3016c,50.7,3042,3,1,RESETTING,DIP_AND_RETURN,6.9,7.0035,0.0,4.5,2,2,0,20,0,20,20,0,3.15762,3.17061,0.10346,0.20256,0,0,0,0.0,0.00345,50,86,28,16,attached,5,3.22545,3.23727,2.22249,2.0868,-1.08891,switched
20260526-194108-sentence-script-long-microtubule-tracks-d3016c,50.8,3048,3,1,RESETTING,DIP_AND_RETURN,6.9,7.0035,0.0833,4.6,2,2,0,20,0,20,20,0,3.15762,3.17063,0.12549,0.13608,0,0,0,0.0,0.00418,50,86,28,16,attached,5,3.22545,3.2372,2.21879,2.09185,-1.08656,switched
20260526-194108-sentence-script-long-microtubule-tracks-d3016c,50.9,3054,3,1,RESETTING,DIP_AND_RETURN,6.9,7.0035,0.0,4.7,2,2,0,20,0,20,20,0,3.39773,3.40981,0.10804,0.19402,0,0,0,0.0,0.0036,50,86,28,16,attached,5,3.45981,3.47067,2.35902,2.25792,-1.17576,switched
20260526-194108-sentence-script-long-microtubule-tracks-d3016c,51.0,3060,3,1,RESETTING,DIP_AND_RETURN,6.9,7.0035,0.1,4.8,2,2,0,20,0,20,20,0,3.39773,3.40978,0.15252,0.20537,0,0,0,0.0,0.00508,50,86,28,16,attached,5,3.45981,3.47066,2.34759,2.27353,-1.16849,switched
20260526-194108-sentence-script-long-microtubule-tracks-d3016c,51.1,3066,3,1,RESETTING,DIP_AND_RETURN,6.9,7.0035,0.0,4.9,2,2,0,20,0,20,20,0,3.63785,3.64909,0.16577,0.18657,0,0,0,0.0,0.00553,50,86,28,16,attached,5,3.69417,3.70442,2.48728,2.44033,-1.25735,switched
20260526-194108-sentence-script-long-microtubule-tracks-d3016c,51.2,3072,3,1,RESETTING,DIP_AND_RETURN,6.9,7.0035,0.0833,5.0,2,2,0,20,0,20,20,0,3.63785,3.64912,0.12112,0.2083,0,0,0,0.0,0.00404,50,86,28,16,attached,5,3.69417,3.70449,2.4827,2.44659,-1.25444,switched
20260526-194108-sentence-script-long-microtubule-tracks-d3016c,51.3,3078,3,1,RESETTING,DIP_AND_RETURN,6.9,7.0035,0.0,5.1,2,2,0,20,0,20,20,0,3.87796,3.88855,0.12311,0.15727,0,0,0,0.0,0.0041,50,86,28,16,attached,5,3.92853,3.9382,2.63422,2.59722,-1.35082,switched
20260526-194108-sentence-script-long-microtubule-tracks-d3016c,51.4,3084,3,1,RESETTING,DIP_AND_RETURN,6.9,7.0035,0.0,5.2,2,2,0,20,0,20,20,0,4.11807,4.12804,0.11604,0.18078,0,0,0,0.0,0.00387,50,86,28,16,attached,5,4.16289,4.17193,2.79172,2.73969,-1.45101,switched
20260526-194108-sentence-script-long-microtubule-tracks-d3016c,51.5,3090,3,1,RESETTING,DIP_AND_RETURN,6.9,7.0035,0.1,5.3,2,2,0,20,0,20,20,0,4.24101,4.25064,7.48086,14.75228,0,0,0,0.0,0.24936,50,86,28,6,attached,25,4.31913,4.32938,-2.77002,-3.10544,-1.19448,switched
20260526-194108-sentence-script-long-microtubule-tracks-d3016c,51.6,3096,3,1,RESETTING,DIP_AND_RETURN,6.9,7.0035,0.0667,5.4,2,2,0,20,0,20,20,0,4.35818,4.36757,7.11678,14.06244,0,0,0,0.0,0.23723,50,86,28,16,attached,5,4.39724,4.40584,2.9628,2.86358,-1.55984,switched
20260526-194108-sentence-script-long-microtubule-tracks-d3016c,51.7,3102,3,1,RESETTING,DIP_AND_RETURN,6.9,7.0035,0.0667,5.5,2,2,0,20,0,20,20,0,4.35818,4.36758,0.13636,0.20988,0,0,0,0.0,0.00455,50,86,28,16,attached,5,4.39724,4.40591,2.96882,2.85536,-1.56367,switched
20260526-194108-sentence-script-long-microtubule-tracks-d3016c,51.8,3108,3,1,RESETTING,DIP_AND_RETURN,6.9,7.0035,0.05,5.6,2,2,0,20,0,20,20,0,4.5983,4.60723,0.11828,0.17532,0,0,0,0.0,0.00394,50,86,28,16,attached,5,4.6316,4.63982,3.11768,3.00962,-1.65836,switched
20260526-194108-sentence-script-long-microtubule-tracks-d3016c,51.9,3114,3,1,RESETTING,DIP_AND_RETURN,6.9,7.0035,0.0167,5.7,2,2,0,20,0,20,20,0,4.83841,4.8469,0.12171,0.16391,0,0,0,0.0,0.00406,50,86,28,16,attached,5,4.86596,4.87372,3.26019,3.17258,-1.74901,switched
20260526-194108-sentence-script-long-microtubule-tracks-d3016c,52.0,3120,3,1,RESETTING,DIP_AND_RETURN,6.9,7.0035,0.0,5.8,2,2,0,20,0,20,20,0,4.95559,4.96388,0.1267,0.20933,0,0,0,0.0,0.00422,50,86,28,16,attached,5,5.10032,5.10768,3.39874,3.34093,-1.83715,switched
20260526-194108-sentence-script-long-microtubule-tracks-d3016c,52.1,3126,3,1,RESETTING,DIP_AND_RETURN,6.9,7.0035,0.0,5.9,2,2,0,20,0,20,20,0,5.07852,5.08658,0.16694,0.18162,0,0,0,0.0,0.00556,50,86,28,16,attached,5,5.10032,5.10771,3.38773,3.35597,-1.83015,switched
20260526-194108-sentence-script-long-microtubule-tracks-d3016c,52.2,3132,3,1,RESETTING,DIP_AND_RETURN,6.9,7.0035,0.0333,6.0,2,2,0,20,0,20,20,0,5.1957,5.2036,0.14886,0.20726,0,0,0,0.0,0.00496,50,86,28,16,attached,5,5.33468,5.34181,3.5298,3.51953,-1.92051,switched
20260526-194108-sentence-script-long-microtubule-tracks-d3016c,52.3,3138,4,1,CURIOUS_SWITCH,,0.0833,7.1953,0.0,0.0,22,21,1,0,0,0,0,20,1.55513,1.55702,1.80429,13.47888,0,22,0,0.04329,0.66959,1,0,4,14,attached,27,2.36063,2.37385,-0.68309,-2.04771,0.98763,
20260526-194108-sentence-script-long-microtubule-tracks-d3016c,52.4,3144,4,1,CURIOUS_SWITCH,,0.1833,7.1953,0.0,0.0,22,20,2,0,0,0,0,28,1.64071,1.67477,1.33065,13.60572,0,22,0,0.03463,0.54807,2,0,8,14,attached,27,2.53061,2.54282,-0.72239,-2.18502,1.08155,
20260526-194108-sentence-script-long-microtubule-tracks-d3016c,52.5,3150,4,1,CURIOUS_SWITCH,,0.2833,7.1953,0.0,0.0,22,18,4,0,0,0,0,28,1.78338,1.78698,0.75809,13.60655,0,21,0,0.03896,0.38249,4,0,8,14,attached,27,2.70058,2.71205,-0.7625,-2.32112,1.17738,
20260526-194108-sentence-script-long-microtubule-tracks-d3016c,52.6,3156,4,1,CURIOUS_SWITCH,,0.3833,7.1953,0.0,0.0,22,14,8,0,0,0,0,28,1.62414,1.76521,3.83571,80.80454,0,20,0,0.03463,1.51431,8,3,8,6,detached,10,2.32243,2.71257,1.47351,0.58988,-2.19974,detached
20260526-194108-sentence-script-long-microtubule-tracks-d3016c,52.7,3162,4,1,CURIOUS_SWITCH,,0.4833,7.1953,0.0,0.0,22,15,7,0,0,0,0,28,1.7677,1.85609,2.15347,12.99835,0,20,0,0.03463,0.87897,8,5,8,14,attached,27,2.87055,2.88153,-0.80282,-2.45688,1.27373,
20260526-194108-sentence-script-long-microtubule-tracks-d3016c,52.8,3168,4,1,CURIOUS_SWITCH,,0.5833,7.1953,0.0,0.0,22,14,8,0,0,0,0,32,1.61951,1.78652,0.63304,11.01839,0,19,0,0.03463,0.33335,10,7,10,14,attached,27,2.87055,2.88145,-0.80058,-2.4603,1.26836,
20260526-194108-sentence-script-long-microtubule-tracks-d3016c,52.9,3174,4,1,CURIOUS_SWITCH,,0.6833,7.1953,0.0,0.0,22,15,7,0,0,0,0,33,1.80726,1.87248,0.58052,9.9233,0,19,0,0.02597,0.34851,10,7,10,14,attached,27,3.04052,3.05071,-0.8283,-2.61525,1.33461,
20260526-194108-sentence-script-long-microtubule-tracks-d3016c,53.0,3180,4,1,CURIOUS_SWITCH,,0.7833,7.1953,0.0,0.0,22,15,7,0,0,0,0,25,1.80595,1.88075,0.13999,0.20643,0,18,0,0.02165,0.128,10,8,10,6,attached,10,3.0513,3.06527,1.49043,0.96836,-2.49736,attached
20260526-194108-sentence-script-long-microtubule-tracks-d3016c,53.1,3186,4,1,CURIOUS_SWITCH,,0.8833,7.1953,0.0,0.0,22,15,7,0,0,0,0,22,1.87092,1.93566,0.13245,0.20988,0,17,0,0.02165,0.12605,10,9,10,14,attached,27,3.21049,3.22023,-0.84885,-2.78113,1.38371,
20260526-194108-sentence-script-long-microtubule-tracks-d3016c,53.2,3192,4,1,CURIOUS_SWITCH,,0.9833,7.1953,0.0,0.0,22,15,7,0,0,0,0,22,1.94963,1.99946,0.13157,0.20491,0,16,0,0.02165,0.11392,10,10,12,14,attached,27,3.38046,3.38979,-0.87937,-2.93182,1.45663,
20260526-194108-sentence-script-long-microtubule-tracks-d3016c,53.3,3198,4,1,CURIOUS_SWITCH,,1.0833,7.1953,0.0,0.0,22,14,8,0,0,0,0,20,2.04424,2.09242,1.17161,12.93998,0,16,0,0.02165,0.48668,11,10,12,14,attached,27,3.55043,3.55928,-0.91393,-3.07636,1.53922,
20260526-194108-sentence-script-long-microtubule-tracks-d3016c,53.4,3204,4,1,CURIOUS_SWITCH,,1.1833,7.1953,0.0,0.0,22,14,8,0,0,0,0,17,2.01518,2.0889,1.18922,12.93962,0,16,0,0.01732,0.50712,11,11,12,14,attached,27,3.55043,3.55918,-0.91882,-3.06891,1.55091,
20260526-194108-sentence-script-long-microtubule-tracks-d3016c,53.5,3210,4,1,CURIOUS_SWITCH,,1.2833,7.1953,0.0,0.0,22,15,7,0,0,0,0,10,2.11868,2.18656,2.9621,52.42459,0,16,0,0.00866,1.14283,11,11,12,14,attached,27,3.7204,3.72872,-0.95885,-3.20512,1.64656,
20260526-194108-sentence-script-long-microtubule-tracks-d3016c,53.6,3216,4,1,CURIOUS_SWITCH,,1.3833,7.1953,0.0,0.0,22,15,7,0,0,0,0,9,2.22619,2.27145,1.25952,13.57639,0,15,0,0.00866,0.51487,11,11,12,14,attached,27,3.7204,3.72879,-0.96514,-3.19555,1.66158,
20260526-194108-sentence-script-long-microtubule-tracks-d3016c,53.7,3222,4,1,CURIOUS_SWITCH,,1.4833,7.1953,0.0,0.0,22,14,8,0,0,0,0,13,2.44472,2.39183,1.64134,13.60675,0,14,0,0.00433,0.66362,12,11,14,14,attached,27,3.89038,3.89847,-1.002,-3.33659,1.74965,
20260526-194108-sentence-script-long-microtubule-tracks-d3016c,53.8,3228,4,1,CURIOUS_SWITCH,,1.5833,7.1953,0.0,0.0,22,15,7,0,0,0,0,13,2.38914,2.3674,0.58532,10.26324,0,13,0,0.00866,0.28271,12,12,14,6,attached,10,3.89975,3.9107,1.8385,1.18676,-3.24116,attached
20260526-194108-sentence-script-long-microtubule-tracks-d3016c,53.9,3234,4,1,CURIOUS_SWITCH,,1.6833,7.1953,0.0,0.0,22,16,6,0,0,0,0,10,2.52652,2.45019,0.71404,12.9398,0,13,0,0.00866,0.29861,12,12,14,14,attached,27,4.06035,4.06802,-1.03075,-3.48997,1.81835,
20260526-194108-sentence-script-long-microtubule-tracks-d3016c,54.0,3240,4,1,CURIOUS_SWITCH,,1.7833,7.1953,0.0,0.0,22,15,7,0,0,0,0,8,2.60835,2.51346,1.15444,12.58909,0,12,0,0.01299,0.48084,13,12,14,14,attached,27,4.23032,4.23763,-1.05747,-3.64644,1.88221,
20260526-194108-sentence-script-long-microtubule-tracks-d3016c,54.1,3246,4,1,CURIOUS_SWITCH,,1.8833,7.1953,0.0,0.0,22,14,8,0,0,0,0,9,2.40244,2.44567,0.71261,12.99782,0,14,0,0.01299,0.34443,15,13,14,14,attached,27,4.40029,4.40736,-1.08411,-3.80305,1.94585,
20260526-194108-sentence-script-long-microtubule-tracks-d3016c,54.2,3252,4,1,CURIOUS_SWITCH,,1.9833,7.1953,0.0,0.0,22,14,8,0,0,0,0,9,2.35728,2.43172,0.58228,10.19867,0,12,0,0.01732,0.29022,15,14,14,14,attached,27,4.57026,4.57714,-1.11297,-3.95627,2.01481,
20260526-194108-sentence-script-long-microtubule-tracks-d3016c,54.3,3258,4,1,CURIOUS_SWITCH,,2.0833,7.1953,0.0,0.0,22,14,8,0,0,0,0,9,2.11725,2.29212,0.134,0.27185,0,13,0,0.01732,0.11861,15,16,14,14,attached,27,4.57026,4.57716,-1.11234,-3.95724,2.0133,
20260526-194108-sentence-script-long-microtubule-tracks-d3016c,54.4,3264,4,1,CURIOUS_SWITCH,,2.1833,7.1953,0.0,0.0,22,15,7,0,0,0,0,4,2.24383,2.35758,1.1312,11.86295,0,13,0,0.01732,0.4686,15,16,14,14,attached,27,4.74023,4.74682,-1.14894,-4.09867,2.10076,
20260526-194108-sentence-script-long-microtubule-tracks-d3016c,54.5,3270,4,1,CURIOUS_SWITCH,,2.2833,7.1953,0.0,0.0,22,13,9,0,0,0,0,8,2.55996,2.42727,0.63909,11.01892,0,12,0,0.00866,0.56071,17,16,16,14,attached,27,4.74023,4.74676,-1.1551,-4.08929,2.11547,
20260526-194108-sentence-script-long-microtubule-tracks-d3016c,54.6,3276,4,1,CURIOUS_SWITCH,,2.3833,7.1953,0.0,0.0,22,13,9,0,0,0,0,11,2.56566,2.44587,0.57113,10.33434,0,12,0,0.01732,0.28823,17,18,18,14,attached,27,4.74023,4.74678,-1.16192,-4.0789,2.13177,
20260526-194108-sentence-script-long-microtubule-tracks-d3016c,54.7,3282,4,1,CURIOUS_SWITCH,,2.4833,7.1953,0.0,0.0,22,14,8,0,0,0,0,10,2.54372,2.52388,1.13968,11.86131,0,12,0,0.01732,0.48005,17,18,18,14,attached,27,4.9102,4.9166,-1.20027,-4.21766,2.22342,
20260526-194108-sentence-script-long-microtubule-tracks-d3016c,54.8,3288,4,1,CURIOUS_SWITCH,,2.5833,7.1953,0.0,0.0,22,14,8,0,0,0,0,10,2.67288,2.61739,0.12064,0.26617,0,11,0,0.01732,0.09885,17,18,18,14,attached,27,4.9102,4.91663,-1.20187,-4.21523,2.22723,
20260526-194108-sentence-script-long-microtubule-tracks-d3016c,54.9,3294,4,1,CURIOUS_SWITCH,,2.6833,7.1953,0.0,0.0,22,14,8,0,0,0,0,10,2.7495,2.677,0.63688,11.13932,0,11,0,0.01732,0.28327,17,18,18,14,attached,27,5.08017,5.08634,-1.23266,-4.36551,2.3008,
20260526-194108-sentence-script-long-microtubule-tracks-d3016c,55.0,3300,4,1,CURIOUS_SWITCH,,2.7833,7.1953,0.0,0.0,22,13,9,0,0,0,0,13,2.6716,2.71584,1.24028,13.39927,0,11,0,0.01732,0.52403,18,19,20,14,attached,27,5.08017,5.08628,-1.22699,-4.37414,2.28727,
20260526-194108-sentence-script-long-microtubule-tracks-d3016c,55.1,3306,4,1,CURIOUS_SWITCH,,2.8833,7.1953,0.0,0.0,22,13,9,0,0,0,0,14,2.75521,2.78134,0.11456,0.31987,0,11,0,0.01732,0.1053,18,19,20,14,attached,27,5.25015,5.25605,-1.25337,-4.53115,2.35028,
20260526-194108-sentence-script-long-microtubule-tracks-d3016c,55.2,3312,4,1,CURIOUS_SWITCH,,2.9833,7.1953,0.0,0.0,22,13,9,0,0,0,0,15,2.83065,2.8649,2.68339,45.76024,0,11,0,0.01299,1.04103,19,19,20,14,attached,27,5.25015,5.25611,-1.24767,-4.53983,2.33666,
20260526-194108-sentence-script-long-microtubule-tracks-d3016c,55.3,3318,4,1,CURIOUS_SWITCH,,3.0833,7.1953,0.0,0.0,22,14,8,0,0,0,0,7,2.7696,2.88047,0.70978,12.99835,0,11,1,0.01299,0.32069,19,20,20,14,attached,27,5.42012,5.42594,-1.2784,-4.6902,2.41009,
20260526-194108-sentence-script-long-microtubule-tracks-d3016c,55.4,3324,4,1,CURIOUS_SWITCH,,3.1833,7.1953,0.0,0.0,22,15,7,0,0,0,0,7,2.92491,2.9705,1.33973,13.4802,0,9,2,0.00866,0.57889,19,20,20,6,attached,10,5.42695,5.43481,2.44795,1.70327,-4.54352,attached
20260526-194108-sentence-script-long-microtubule-tracks-d3016c,55.5,3330,4,1,CURIOUS_SWITCH,,3.2833,7.1953,0.0,0.0,22,13,9,0,0,0,0,7,2.88081,2.97432,1.11319,11.01764,0,9,2,0.00866,0.49754,21,21,20,6,attached,10,5.59664,5.60423,2.51891,1.7372,-4.69517,attached
20260526-194108-sentence-script-long-microtubule-tracks-d3016c,55.6,3336,4,1,CURIOUS_SWITCH,,3.3833,7.1953,0.0,0.0,22,13,9,0,0,0,0,7,3.0018,3.053,0.57484,10.18296,0,9,2,0.01299,0.28888,21,21,20,6,attached,10,5.76633,5.77373,2.58989,1.77102,-4.84684,attached
20260526-194108-sentence-script-long-microtubule-tracks-d3016c,55.7,3342,4,1,CURIOUS_SWITCH,,3.4833,7.1953,0.0,0.0,22,14,8,0,0,0,0,7,3.05903,3.10445,0.57007,10.26149,0,9,2,0.01299,0.26189,21,21,20,6,attached,10,5.76633,5.77379,2.5916,1.75865,-4.8505,attached
20260526-194108-sentence-script-long-microtubule-tracks-d3016c,55.8,3348,4,1,CURIOUS_SWITCH,,3.5833,7.1953,0.0,0.0,22,14,8,0,0,0,0,3,3.00776,3.18016,0.72075,13.48038,0,8,2,0.00866,0.33544,22,21,20,6,attached,10,5.93602,5.94327,2.66019,1.80974,-4.99707,attached
20260526-194108-sentence-script-long-microtubule-tracks-d3016c,55.9,3354,4,1,CURIOUS_SWITCH,,3.6833,7.1953,0.0,0.0,22,13,9,0,0,0,0,3,3.11336,3.20265,0.13662,0.29192,0,8,3,0.00433,0.12497,23,21,20,6,attached,10,5.93602,5.94322,2.65884,1.81951,-4.99418,attached
20260526-194108-sentence-script-long-microtubule-tracks-d3016c,56.0,3360,4,1,CURIOUS_SWITCH,,3.7833,7.1953,0.0,0.0,22,14,8,0,0,0,0,6,3.25582,3.27002,1.17695,12.99828,0,8,2,0.00866,0.49424,23,22,22,8,detached,20,4.48277,5.48655,-2.82957,-1.87989,-4.30834,detached
20260526-194108-sentence-script-long-microtubule-tracks-d3016c,56.1,3366,4,1,CURIOUS_SWITCH,,3.8833,7.1953,0.0,0.0,22,11,11,0,0,0,0,5,2.93003,3.30803,0.13358,0.2834,0,8,1,0.00866,0.15134,26,22,22,8,detached,20,4.48277,5.546,-2.84819,-1.89972,-4.36315,detached
20260526-194108-sentence-script-long-microtubule-tracks-d3016c,56.2,3372,4,1,CURIOUS_SWITCH,,3.9833,7.1953,0.0,0.0,22,12,10,0,0,0,0,5,3.21589,3.39408,1.181,13.60695,0,8,2,0.00866,0.56147,26,22,22,8,detached,20,4.48277,5.60464,-2.86392,-1.91624,-4.42018,detached
20260526-194108-sentence-script-long-microtubule-tracks-d3016c,56.3,3378,4,1,CURIOUS_SWITCH,,4.0833,7.1953,0.0,0.0,22,13,9,0,0,0,0,6,2.95125,3.33573,1.08722,11.01959,0,9,2,0.00433,0.47619,26,23,22,8,detached,20,4.48277,5.66009,-2.88331,-1.92936,-4.47222,detached
20260526-194108-sentence-script-long-microtubule-tracks-d3016c,56.4,3384,4,1,CURIOUS_SWITCH,,4.1833,7.1953,0.0,0.0,22,14,8,0,0,0,0,6,2.95067,3.38206,0.12301,0.20958,0,9,2,0.00433,0.11649,26,23,22,8,detached,20,4.48277,5.70593,-2.90056,-1.94182,-4.51373,detached
20260526-194108-sentence-script-long-microtubule-tracks-d3016c,56.5,3390,4,1,CURIOUS_SWITCH,,4.2833,7.1953,0.0,0.0,22,13,9,0,0,0,0,5,2.52335,3.25133,5.68778,122.19107,0,9,2,0.00866,2.1788,27,25,22,6,detached,5,5.08171,5.76381,3.77292,3.85313,-2.03469,detached
20260526-194108-sentence-script-long-microtubule-tracks-d3016c,56.6,3396,4,1,CURIOUS_SWITCH,,4.3833,7.1953,0.0,0.0,22,15,7,0,0,0,0,13,2.49624,3.22476,1.13006,11.59666,0,10,4,0.01299,0.48969,27,27,26,6,detached,5,5.08171,5.89447,3.83519,3.96685,-2.07367,detached
20260526-194108-sentence-script-long-microtubule-tracks-d3016c,56.7,3402,4,1,CURIOUS_SWITCH,,4.4833,7.1953,0.0,0.0,22,14,8,0,0,0,0,13,2.7202,3.18026,8.91837,173.70036,0,10,4,0.01732,3.37301,29,29,28,6,detached,5,5.08171,5.95428,3.86974,4.01045,-2.0964,detached
20260526-194108-sentence-script-long-microtubule-tracks-d3016c,56.8,3408,4,1,CURIOUS_SWITCH,,4.5833,7.1953,0.0,0.0,22,14,8,0,0,0,0,13,2.75999,3.23126,1.71343,13.5767,0,10,4,0.01732,0.7234,29,30,28,6,detached,5,5.08171,6.08706,3.92676,4.13472,-2.13001,detached
20260526-194108-sentence-script-long-microtubule-tracks-d3016c,56.9,3414,4,1,CURIOUS_SWITCH,,4.6833,7.1953,0.0,0.0,22,14,8,0,0,0,0,13,2.80577,3.28361,0.77896,13.81873,0,9,4,0.01299,0.37534,29,30,28,0,detached,4,5.32801,6.21261,-4.12138,4.5323,-1.03398,detached
20260526-194108-sentence-script-long-microtubule-tracks-d3016c,57.0,3420,4,1,CURIOUS_SWITCH,,4.7833,7.1953,0.0,0.0,22,14,8,0,0,0,0,17,2.90825,3.37435,1.14247,11.13931,0,9,4,0.01299,0.49878,29,30,30,0,detached,4,5.32801,6.38147,-4.21827,4.66957,-1.0604,detached
20260526-194108-sentence-script-long-microtubule-tracks-d3016c,57.1,3426,4,1,CURIOUS_SWITCH,,4.8833,7.1953,0.0,0.0,22,13,9,0,0,0,0,19,3.07566,3.43147,2.04589,27.81654,1,8,4,0.01299,0.85853,31,30,30,0,detached,4,5.32801,6.53863,-4.31289,4.79282,-1.08697,detached
20260526-194108-sentence-script-long-microtubule-tracks-d3016c,57.2,3432,4,1,CURIOUS_SWITCH,,4.9833,7.1953,0.0,0.0,22,12,10,0,0,0,0,18,2.91352,3.50418,0.14213,0.30957,2,7,4,0.01299,0.14965,32,30,30,0,detached,4,5.32801,6.6869,-4.4108,4.90205,-1.10882,detached
20260526-194108-sentence-script-long-microtubule-tracks-d3016c,57.3,3438,4,1,CURIOUS_SWITCH,,5.0833,7.1953,0.0,0.0,22,12,10,0,0,0,0,11,3.00253,3.56449,0.74637,13.47982,2,6,4,0.02165,0.38539,32,30,30,0,detached,4,5.32801,6.82307,-4.49759,5.00559,-1.12699,detached
20260526-194108-sentence-script-long-microtubule-tracks-d3016c,57.4,3444,4,1,CURIOUS_SWITCH,,5.1833,7.1953,0.0,0.0,22,12,10,0,0,0,0,15,3.07836,3.62176,0.58033,9.96569,2,6,4,0.02165,0.30454,32,30,32,0,detached,4,5.32801,6.94577,-4.57492,5.09967,-1.14333,detached
20260526-194108-sentence-script-long-microtubule-tracks-d3016c,57.5,3450,4,1,CURIOUS_SWITCH,,5.2833,7.1953,0.0,0.0,22,13,9,0,0,0,0,12,2.91941,3.48748,0.73204,13.48016,2,8,5,0.01299,0.35766,32,32,32,0,detached,4,5.32801,7.05568,-4.64655,5.18092,-1.162,detached
20260526-194108-sentence-script-long-microtubule-tracks-d3016c,57.6,3456,4,1,CURIOUS_SWITCH,,5.3833,7.1953,0.0,0.0,22,14,8,0,0,0,0,12,2.98904,3.40431,14.13103,269.74965,3,9,5,0.01299,5.23403,32,33,32,0,detached,4,5.32801,7.15875,-4.71405,5.25651,-1.18094,detached
20260526-194108-sentence-script-long-microtubule-tracks-d3016c,57.7,3462,4,1,CURIOUS_SWITCH,,5.4833,7.1953,0.0,0.0,22,15,7,0,0,0,0,12,3.14269,3.40853,1.67557,13.48049,3,10,5,0.00433,0.66145,32,34,32,0,detached,4,5.32801,7.25655,-4.77483,5.33107,-1.19923,detached
20260526-194108-sentence-script-long-microtubule-tracks-d3016c,57.8,3468,4,1,CURIOUS_SWITCH,,5.5833,7.1953,0.0,0.0,22,15,7,0,0,0,0,13,2.67379,3.3108,0.12949,0.32446,3,11,5,0.00433,0.10513,33,35,34,0,detached,4,5.32801,7.34803,-4.82846,5.40311,-1.219,detached
20260526-194108-sentence-script-long-microtubule-tracks-d3016c,57.9,3474,4,1,CURIOUS_SWITCH,,5.6833,7.1953,0.0,0.0,22,15,7,0,0,0,0,13,2.6674,3.30762,10.69856,232.73704,3,11,4,0.00433,3.97667,33,36,34,0,detached,4,5.32801,7.43183,-4.87722,5.47019,-1.23364,detached
20260526-194108-sentence-script-long-microtubule-tracks-d3016c,58.0,3480,4,1,CURIOUS_SWITCH,,5.7833,7.1953,0.0,0.0,22,15,7,0,0,0,0,11,2.74596,3.36236,1.09019,11.01803,3,9,4,0.0,0.44943,33,36,34,0,detached,4,5.32801,7.51026,-4.92361,5.53286,-1.24478,detached
20260526-194108-sentence-script-long-microtubule-tracks-d3016c,58.1,3486,4,1,CURIOUS_SWITCH,,5.8833,7.1953,0.0,0.0,22,16,6,0,0,0,0,7,2.92688,3.42021,0.64379,11.59618,3,9,4,0.0,0.27893,33,36,34,0,detached,4,5.32801,7.58128,-4.96815,5.58792,-1.25239,detached
20260526-194108-sentence-script-long-microtubule-tracks-d3016c,58.2,3492,4,1,CURIOUS_SWITCH,,5.9833,7.1953,0.0,0.0,22,15,7,0,0,0,0,6,2.9782,3.40933,0.6449,11.59693,3,9,4,0.0,0.3007,34,37,34,0,detached,4,5.32801,7.65027,-5.01285,5.63899,-1.26482,detached
20260526-194108-sentence-script-long-microtubule-tracks-d3016c,58.3,3498,4,1,CURIOUS_SWITCH,,6.0833,7.1953,0.0,0.0,22,15,7,0,0,0,0,6,3.10557,3.50483,0.65693,11.59792,3,9,4,0.0,0.30369,34,37,34,0,detached,4,5.32801,7.7207,-5.06056,5.68811,-1.28273,detached
20260526-194108-sentence-script-long-microtubule-tracks-d3016c,58.4,3504,4,1,CURIOUS_SWITCH,,6.1833,7.1953,0.0,0.0,22,13,9,0,0,0,0,5,2.96985,3.56085,1.24546,13.47911,3,9,5,0.0,0.54421,36,37,34,0,detached,4,5.32801,7.78623,-5.10824,5.73174,-1.2955,detached
20260526-194108-sentence-script-long-microtubule-tracks-d3016c,58.5,3510,4,1,CURIOUS_SWITCH,,6.2833,7.1953,0.0,0.0,22,14,8,0,0,0,0,2,3.11098,3.6492,0.13983,0.26234,3,9,5,0.0,0.1302,36,37,34,0,detached,4,5.32801,7.84653,-5.15259,5.77121,-1.30839,detached
20260526-194108-sentence-script-long-microtubule-tracks-d3016c,58.6,3516,4,1,CURIOUS_SWITCH,,6.3833,7.1953,0.0,0.0,22,13,9,0,0,0,0,2,3.21147,3.71856,1.10873,11.59617,3,9,5,0.0,0.48928,37,37,34,0,detached,4,5.32801,7.9025,-5.19268,5.80827,-1.32274,detached
20260526-194108-sentence-script-long-microtubule-tracks-d3016c,58.7,3522,4,1,CURIOUS_SWITCH,,6.4833,7.1953,0.0,0.0,22,13,9,0,0,0,0,1,3.30127,3.78421,1.70382,13.57654,3,9,5,0.00433,0.70003,37,38,34,0,detached,4,5.32801,7.95607,-5.22746,5.84709,-1.33578,detached
20260526-194108-sentence-script-long-microtubule-tracks-d3016c,58.8,3528,4,1,CURIOUS_SWITCH,,6.5833,7.1953,0.0,0.0,20,11,9,2,0,2,2,37,2.74833,3.4456,0.14355,0.26796,1,8,3,0.00526,0.12962,38,38,34,6,detached,5,5.08171,6.86337,4.32573,4.65813,-2.58763,detached
20260526-194108-sentence-script-long-microtubule-tracks-d3016c,58.9,3534,4,1,CURIOUS_SWITCH,,6.6833,7.1953,0.0,0.0,20,12,8,2,0,2,2,37,3.23704,3.54603,0.6554,10.20029,1,6,3,0.00526,0.29143,38,38,34,6,attached,5,6.8605,6.86669,4.52757,4.49755,-2.53466,attached
20260526-194108-sentence-script-long-microtubule-tracks-d3016c,59.0,3540,4,1,CURIOUS_SWITCH,,6.7833,7.1953,0.0,0.0,20,12,8,2,0,2,2,37,2.69775,3.24134,0.11635,0.22354,1,7,4,0.01579,0.10663,38,40,34,6,attached,5,7.03019,7.03625,4.64696,4.5934,-2.61061,attached
20260526-194108-sentence-script-long-microtubule-tracks-d3016c,59.1,3546,4,1,CURIOUS_SWITCH,,6.8833,7.1953,0.0,0.0,20,12,8,2,0,2,2,37,2.65703,3.22709,0.10317,0.18769,2,8,4,0.01579,0.0958,38,41,34,6,attached,5,7.03019,7.0363,4.65495,4.58247,-2.61569,attached
20260526-194108-sentence-script-long-microtubule-tracks-d3016c,59.2,3552,4,1,CURIOUS_SWITCH,,6.9833,7.1953,0.0,0.0,20,12,8,2,0,2,2,37,2.72764,3.27844,4.40927,86.16976,2,8,4,0.01579,1.52576,38,42,34,6,attached,5,7.19988,7.20586,4.76511,4.69093,-2.68577,attached
20260526-194108-sentence-script-long-microtubule-tracks-d3016c,59.3,3558,4,1,CURIOUS_SWITCH,,7.0833,7.1953,0.0,0.0,20,11,9,2,0,2,2,38,2.45479,3.2899,0.70836,11.59752,2,8,4,0.01579,0.30939,39,43,34,6,attached,5,7.19988,7.20582,4.76039,4.69738,-2.68276,attached
20260526-194108-sentence-script-long-microtubule-tracks-d3016c,59.4,3564,4,1,CURIOUS_SWITCH,,7.1833,7.1953,0.0,0.0,20,11,9,2,0,2,2,38,2.52276,3.34319,0.80179,13.57715,2,8,4,0.01053,0.33442,39,44,34,6,attached,5,7.36957,7.37533,4.85878,4.82191,-2.74535,attached
20260526-194108-sentence-script-long-microtubule-tracks-d3016c,59.5,3570,4,1,ORGANIZE,CURIOUS_SWITCH,0.0833,14.8895,0.0,0.0,20,12,8,2,0,2,2,38,2.65874,3.40538,4.94045,77.13168,2,8,4,0.01053,1.69931,39,45,34,6,attached,5,7.36957,7.37534,4.84736,4.83752,-2.73809,attached
20260526-194108-sentence-script-long-microtubule-tracks-d3016c,59.6,3576,4,1,ORGANIZE,CURIOUS_SWITCH,0.1833,14.8895,0.0,0.0,20,13,7,2,0,2,2,38,2.9285,3.47953,1.37489,25.26296,2,8,4,0.01053,0.50265,39,45,34,6,attached,5,7.53926,7.54494,4.94646,4.96109,-2.80112,attached
20260526-194108-sentence-script-long-microtubule-tracks-d3016c,59.7,3582,4,1,ORGANIZE,CURIOUS_SWITCH,0.2833,14.8895,0.0,0.0,20,13,7,2,0,2,2,38,3.03208,3.55599,0.58885,9.96533,2,7,4,0.01053,0.23981,39,45,34,6,attached,5,7.70895,7.71453,5.05107,5.07713,-2.86767,attached
20260526-194108-sentence-script-long-microtubule-tracks-d3016c,59.8,3588,4,1,ORGANIZE,CURIOUS_SWITCH,0.3833,14.8895,0.0,0.0,20,15,5,2,0,2,2,39,3.03421,3.64391,3.91862,39.64916,2,7,4,0.00526,1.34416,39,45,36,6,attached,5,7.70895,7.71451,5.05427,5.07275,-2.86971,attached
20260526-194108-sentence-script-long-microtubule-tracks-d3016c,59.9,3594,4,1,ORGANIZE,CURIOUS_SWITCH,0.4833,14.8895,0.0,0.0,20,15,5,2,0,2,2,34,3.06338,3.67497,0.13407,0.20988,3,7,4,0.00526,0.07894,39,45,36,6,attached,5,7.70895,7.71447,5.06311,5.06067,-2.87533,attached
20260526-194108-sentence-script-long-microtubule-tracks-d3016c,60.0,3600,4,1,ORGANIZE,CURIOUS_SWITCH,0.5833,14.8895,0.0,0.0,19,15,4,3,0,3,3,49,3.1207,3.55299,0.87748,14.17428,2,7,4,0.00585,0.30016,39,45,36,5,attached,3,6.95572,6.96079,2.36823,5.51481,3.52577,attached
