run_id,row_index,wall_elapsed_s,sim_elapsed_s,frame,round,paused,trails_enabled,ai_enabled,ai_mode,ai_time_in_mode_s,ai_stagnant_time_s,ai_completion_time_s,ai_human_override_s,ion_count,inside_count,outside_count,inside_fraction,outside_fraction,open_channel_count,closed_channel_count,total_crossings,attached_ion_count,marked_ion_count,avg_ion_speed,max_ion_speed,mean_radius,mean_inside_radius,mean_outside_radius,global_pressure_bias,global_swirl_strength,electric_field_x,electric_field_y,electric_field_z,channel_open_pattern,channel_attached_counts,wand_x,wand_y,wand_z,sample_note
20260526-203113-sentence-script-a-transparent-3d-cell-me-ee273c,0,0.609857,0.0,0,1,0,1,1,BALANCE,0.0,0.0,0.0,0.0,64,0,64,0.0,1.0,7,3,0,0,0,0.599073,0.836838,7.148976,0.0,7.148976,0.0,0.0,0.0,0.0,0.0,1101011011,0;0;0;0;0;0;0;0;0;0,0.0,0.0,0.0,initial
20260526-203113-sentence-script-a-transparent-3d-cell-me-ee273c,1,0.713712,0.14,7,1,0,1,1,BALANCE,0.14,0.0,0,0.0,64,0,64,0.0,1.0,5,5,0,0,0,0.566956,0.861636,7.143791,0.0,7.143791,-0.72,0.18,0.005582,0.02,0.029706,1010101010,0;0;0;0;0;0;0;0;0;0,6.223123,0.323605,0.48013,running
20260526-203113-sentence-script-a-transparent-3d-cell-me-ee273c,2,0.826757,0.32,16,1,0,1,1,BALANCE,0.32,0.0,0,0.0,64,0,64,0.0,1.0,5,5,0,0,0,0.551214,0.938069,7.117742,0.0,7.117742,-0.72,0.18,0.012583,0.02,0.028477,1010101010,0;0;0;0;0;0;0;0;0;0,6.110369,0.738272,1.086668,running
20260526-203113-sentence-script-a-transparent-3d-cell-me-ee273c,3,0.930453,0.5,25,1,0,1,1,BALANCE,0.5,0.0,0,0.0,64,0,64,0.0,1.0,5,5,0,0,0,0.562911,1.025459,7.07107,0.0,7.07107,-0.72,0.18,0.019177,0.02,0.026327,1010101010,0;0;0;0;0;0;0;0;0;0,5.912516,1.149666,1.668208,running
20260526-203113-sentence-script-a-transparent-3d-cell-me-ee273c,4,1.031565,0.68,34,1,0,1,1,BALANCE,0.68,0.0,0,0.0,64,0,64,0.0,1.0,5,5,0,0,0,0.601471,1.121613,7.005128,0.0,7.005128,-0.72,0.18,0.025152,0.02,0.023327,1010101010,0;0;0;0;0;0;0;0;0;0,5.634782,1.555962,2.211495,running
20260526-203113-sentence-script-a-transparent-3d-cell-me-ee273c,5,1.140919,0.88,44,1,0,1,1,BALANCE,0.88,0.0,0,0.0,64,0,64,0.0,1.0,5,5,0,0,0,0.662858,1.217768,6.910547,0.0,6.910547,-0.72,0.18,0.03083,0.02,0.019115,1010101010,0;0;0;0;0;0;0;0;0;0,5.241466,1.999233,2.755468,running
20260526-203113-sentence-script-a-transparent-3d-cell-me-ee273c,6,1.24884,1.08,54,1,0,1,1,BALANCE,1.08,0.0,0,0.0,64,0,64,0.0,1.0,5,5,0,0,0,0.733144,1.267653,6.795399,0.0,6.795399,-0.72,0.18,0.035278,0.02,0.01414,0101010101,0;0;0;0;0;0;0;0;0;0,4.771376,2.431562,3.222418,running
20260526-203113-sentence-script-a-transparent-3d-cell-me-ee273c,7,1.360435,1.26,63,1,0,1,1,BALANCE,1.26,0.0,0,0.0,64,0,64,0.0,1.0,5,5,0,0,0,0.799758,1.303522,6.675207,0.0,6.675207,-0.72,0.18,0.038084,0.02,0.009175,0101010101,0;0;0;0;0;0;0;0;0;0,4.295199,2.809344,3.5667,running
20260526-203113-sentence-script-a-transparent-3d-cell-me-ee273c,8,1.476264,1.4,70,1,0,1,1,BALANCE,1.4,0.0,0,0.0,64,0,64,0.0,1.0,5,5,0,0,0,0.851971,1.336347,6.571513,0.0,6.571513,-0.72,0.18,0.039418,0.02,0.005099,0101010101,0;0;0;0;0;0;0;0;0;0,3.898305,3.094647,3.780063,running
20260526-203113-sentence-script-a-transparent-3d-cell-me-ee273c,9,1.57898,1.52,76,1,0,1,1,BALANCE,1.52,0.0,0,0.0,64,0,64,0.0,1.0,5,5,0,0,0,0.896459,1.35384,6.47602,0.0,6.47602,-0.72,0.18,0.039948,0.02,0.001523,0101010101,0;0;0;0;0;0;0;0;0;0,3.544838,3.332613,3.923049,running
20260526-203113-sentence-script-a-transparent-3d-cell-me-ee273c,10,1.679926,1.64,82,1,0,1,1,BALANCE,1.64,0.0,0,0.0,64,0,64,0.0,1.0,5,5,0,0,0,0.94163,1.379303,6.375771,0.0,6.375771,-0.72,0.18,0.039904,0.02,-0.002074,0101010101,0;0;0;0;0;0;0;0;0;0,3.183439,3.56401,4.028156,running
20260526-203113-sentence-script-a-transparent-3d-cell-me-ee273c,11,1.78222,1.76,88,1,0,1,1,BALANCE,1.76,0.0,0,0.0,64,0,64,0.0,1.0,5,5,0,0,0,0.980435,1.378178,6.283475,0.0,6.283475,-0.72,0.18,0.039286,0.02,-0.005642,0101010101,0;0;0;0;0;0;0;0;0;0,2.818289,3.788383,4.094863,running
20260526-203113-sentence-script-a-transparent-3d-cell-me-ee273c,12,1.884688,1.88,94,1,0,1,1,BALANCE,1.88,0.0,0,0.0,64,0,64,0.0,1.0,5,5,0,0,0,1.009658,1.440704,6.194668,0.0,6.194668,-0.72,0.18,0.038103,0.02,-0.009129,0101010101,0;0;0;0;0;0;0;0;0;0,2.453594,4.005288,4.123111,running
20260526-203113-sentence-script-a-transparent-3d-cell-me-ee273c,13,1.989243,2.0,100,1,0,1,1,BALANCE,2.0,0.0,0,0.0,64,0,64,0.0,1.0,5,5,0,0,0,1.036171,1.488175,6.104512,0.0,6.104512,-0.72,0.18,0.036372,0.02,-0.012484,1010101010,0;0;0;0;0;0;0;0;0;0,2.09354,4.214299,4.113304,running
20260526-203113-sentence-script-a-transparent-3d-cell-me-ee273c,14,2.093374,2.12,106,1,0,1,1,BALANCE,2.12,0.0,0,0.0,64,0,64,0.0,1.0,5,5,0,0,0,1.055708,1.461754,6.012842,0.0,6.012842,-0.72,0.18,0.034118,0.02,-0.01566,1010101010,0;0;0;0;0;0;0;0;0;0,1.742242,4.415004,4.066304,running
20260526-203113-sentence-script-a-transparent-3d-cell-me-ee273c,15,2.197184,2.24,112,1,0,1,1,BALANCE,2.24,0.0,0,0.0,64,0,64,0.0,1.0,5,5,2,0,0,1.075355,1.856292,5.925256,0.0,5.925256,-0.72,0.18,0.031373,0.02,-0.018611,1010101010,0;0;0;0;0;0;0;0;0;0,1.403691,4.607006,3.983421,running
20260526-203113-sentence-script-a-transparent-3d-cell-me-ee273c,16,2.302188,2.36,118,1,0,1,1,BALANCE,2.36,0.0,0,0.0,64,1,63,0.015625,0.984375,5,5,5,1,0,1.074954,2.3578,5.767763,0.265248,5.855104,-0.72,0.18,0.028176,0.02,-0.021294,1010101010,0;0;0;0;0;0;0;0;0;1,1.081705,4.789928,3.866394,running
20260526-203113-sentence-script-a-transparent-3d-cell-me-ee273c,17,2.405988,2.48,124,1,0,1,1,BALANCE,2.48,0.0,0,0.0,64,1,63,0.015625,0.984375,5,5,11,1,1,1.099448,2.8,5.687018,0.261011,5.773145,-0.72,0.18,0.024575,0.02,-0.02367,1010101010,0;0;0;0;0;0;0;0;0;1,0.779888,4.963409,3.717372,running
20260526-203113-sentence-script-a-transparent-3d-cell-me-ee273c,18,2.506785,2.6,130,1,0,1,1,BALANCE,2.6,0.0,0,0.0,64,2,62,0.03125,0.96875,5,5,18,2,1,1.08145,3.027202,5.546626,0.260729,5.717139,-0.72,0.18,0.02062,0.02,-0.025707,1010101010,0;0;0;1;0;0;0;0;0;1,0.501581,5.127106,3.538884,running
20260526-203113-sentence-script-a-transparent-3d-cell-me-ee273c,19,2.607937,2.72,136,1,0,1,1,BALANCE,2.72,0.0,0,0.0,64,2,62,0.03125,0.96875,5,5,25,1,1,1.072851,3.030326,5.491968,0.2619,5.66068,-0.72,0.18,0.016369,0.02,-0.027373,1010101010,0;0;0;1;0;0;0;0;0;1,0.249823,5.280698,3.333814,running
20260526-203113-sentence-script-a-transparent-3d-cell-me-ee273c,20,2.709428,2.84,142,1,0,1,1,BALANCE,2.84,0.0,0,0.0,64,2,62,0.03125,0.96875,5,5,31,1,2,1.052701,3.03036,5.454178,0.259767,5.62174,-0.72,0.18,0.011882,0.02,-0.028646,1010101010,0;0;0;1;0;0;0;0;0;1,0.027316,5.423881,3.105361,running
20260526-203113-sentence-script-a-transparent-3d-cell-me-ee273c,21,2.818554,2.96,148,1,0,1,1,BALANCE,2.96,0.0,0,0.0,64,2,62,0.03125,0.96875,5,5,34,1,2,1.020019,2.8,5.432732,0.256418,5.59971,-0.72,0.18,0.007224,0.02,-0.029507,1010101010,0;0;0;1;0;0;0;0;0;1,-0.163609,5.556374,2.856998,running
20260526-203113-sentence-script-a-transparent-3d-cell-me-ee273c,22,2.932931,3.1,155,1,0,1,1,BALANCE,3.1,0.0,0,0.0,64,3,61,0.046875,0.953125,5,5,35,1,2,0.945278,2.334057,5.337844,0.251335,5.588,-0.72,0.18,0.001663,0.02,-0.029974,0101010101,0;0;0;1;1;0;0;0;0;1,-0.343889,5.69709,2.547039,running
20260526-203113-sentence-script-a-transparent-3d-cell-me-ee273c,23,3.035421,3.22,161,1,0,1,1,BALANCE,3.22,0.0,0.04,0.0,64,3,61,0.046875,0.953125,5,5,36,1,3,0.920804,2.156545,5.317112,0.225212,5.567533,-0.72,0.18,-0.003133,0.02,-0.029908,0101010101,0;0;0;1;1;0;0;0;0;1,-0.460332,5.805552,2.268514,running
20260526-203113-sentence-script-a-transparent-3d-cell-me-ee273c,24,3.138828,3.34,167,1,0,1,1,BALANCE,3.34,0.0,0.16,0.0,64,3,61,0.046875,0.953125,5,5,39,1,3,0.902112,2.536506,5.298076,0.205871,5.548513,-0.72,0.18,-0.007884,0.02,-0.029411,0101010101,0;0;0;1;1;0;0;0;0;1,-0.540554,5.902572,1.982409,running
20260526-203113-sentence-script-a-transparent-3d-cell-me-ee273c,25,3.244486,3.46,173,1,0,1,1,BALANCE,3.46,0.0,0.28,0.0,64,3,61,0.046875,0.953125,5,5,42,0,3,0.889714,3.026515,5.277174,0.196881,5.527024,-0.72,0.18,-0.012522,0.02,-0.028492,0101010101,0;0;0;1;1;0;0;0;0;1,-0.584019,5.987957,1.692864,running
20260526-203113-sentence-script-a-transparent-3d-cell-me-ee273c,26,3.346139,3.58,179,1,0,1,1,BALANCE,3.58,0.0,0.4,0.0,64,3,61,0.046875,0.953125,5,5,45,0,3,0.860517,2.8,5.263509,0.182997,5.51337,-0.72,0.18,-0.01698,0.02,-0.027163,0101010101,0;0;0;1;1;0;0;0;0;1,-0.590652,6.06154,1.404051,running
20260526-203113-sentence-script-a-transparent-3d-cell-me-ee273c,27,3.449301,3.7,185,1,0,1,1,BALANCE,3.7,0.0,0.52,0.0,64,3,61,0.046875,0.953125,5,5,48,0,3,0.833517,2.8,5.265231,0.177314,5.515457,-0.72,0.18,-0.021193,0.02,-0.025443,0101010101,0;0;0;1;1;0;0;0;0;1,-0.560841,6.123176,1.120123,running
20260526-203113-sentence-script-a-transparent-3d-cell-me-ee273c,28,3.550937,3.82,191,1,0,1,1,BALANCE,3.82,0.0,0.64,0.0,64,3,61,0.046875,0.953125,5,5,52,0,3,0.800648,3.028945,5.283362,0.197717,5.533476,-0.72,0.18,-0.025102,0.02,-0.023357,0101010101,0;0;0;1;1;0;0;0;0;1,-0.495428,6.172742,0.845166,running
20260526-203113-sentence-script-a-transparent-3d-cell-me-ee273c,29,3.655436,3.94,197,1,0,1,1,BALANCE,3.94,0.0,0.76,0.0,64,3,61,0.046875,0.953125,5,5,55,0,3,0.764071,2.8,5.300157,0.21458,5.550268,-0.72,0.18,-0.02865,0.02,-0.020935,0101010101,0;0;0;1;1;0;0;0;0;1,-0.395707,6.210142,0.583141,running
20260526-203113-sentence-script-a-transparent-3d-cell-me-ee273c,30,3.760341,4.06,203,1,0,1,1,BALANCE,4.06,0.0,0.88,0.0,64,4,60,0.0625,0.9375,5,5,56,1,3,0.69596,1.544892,5.241933,0.237714,5.575547,-0.72,0.18,-0.031785,0.02,-0.018213,1010101010,0;0;0;1;1;0;0;1;0;1,-0.263399,6.235301,0.337846,running
20260526-203113-sentence-script-a-transparent-3d-cell-me-ee273c,31,3.864741,4.18,209,1,0,1,1,BALANCE,4.18,0.0,1.0,0.0,64,4,60,0.0625,0.9375,5,5,56,1,3,0.672463,1.425988,5.258188,0.234589,5.593095,-0.72,0.18,-0.034464,0.02,-0.015228,1010101010,0;0;0;1;1;0;0;1;0;1,-0.100636,6.248171,0.11286,running
20260526-203113-sentence-script-a-transparent-3d-cell-me-ee273c,32,3.969063,4.3,215,1,0,1,1,BALANCE,4.3,0.0,1.12,0.0,64,4,60,0.0625,0.9375,5,5,56,1,3,0.645803,1.267436,5.277512,0.237691,5.6135,-0.72,0.18,-0.036647,0.02,-0.012024,1010101010,0;0;0;1;1;0;0;1;0;1,0.090065,6.248724,-0.088493,running
20260526-203113-sentence-script-a-transparent-3d-cell-me-ee273c,33,4.072802,4.42,221,1,0,1,1,BALANCE,4.42,0.0,1.24,0.0,64,4,60,0.0625,0.9375,5,5,56,1,3,0.626515,1.13317,5.288325,0.247434,5.624385,-0.72,0.18,-0.038302,0.02,-0.008647,1010101010,0;0;0;1;1;0;0;1;0;1,0.305837,6.236962,-0.263191,running
20260526-203113-sentence-script-a-transparent-3d-cell-me-ee273c,34,4.176626,4.54,227,1,0,1,1,BALANCE,4.54,0.0,1.36,0.0,64,4,60,0.0625,0.9375,5,5,56,1,3,0.612033,1.019368,5.290919,0.252777,5.626795,-0.72,0.18,-0.039407,0.02,-0.005146,1010101010,0;0;0;1;1;0;0;1;0;1,0.543494,6.212906,-0.408548,running
20260526-203113-sentence-script-a-transparent-3d-cell-me-ee273c,35,4.280319,4.66,233,1,0,1,1,BALANCE,4.66,0.0,1.48,0.0,64,4,60,0.0625,0.9375,5,5,56,0,3,0.603262,1.025307,5.290139,0.251788,5.626029,-0.72,0.18,-0.039945,0.02,-0.001571,1010101010,0;0;0;1;1;0;0;1;0;1,0.799572,6.176604,-0.522247,running
20260526-203113-sentence-script-a-transparent-3d-cell-me-ee273c,36,4.384555,4.78,239,1,0,1,1,BALANCE,4.78,0.0,1.6,0.0,64,4,60,0.0625,0.9375,5,5,56,0,3,0.593957,1.075385,5.284157,0.247531,5.619932,-0.72,0.18,-0.039909,0.02,0.002027,1010101010,0;0;0;1;1;0;0;1;0;1,1.07037,6.128128,-0.60237,running
20260526-203113-sentence-script-a-transparent-3d-cell-me-ee273c,37,4.487645,4.9,245,1,0,1,1,BALANCE,4.9,0.0,1.72,0.0,64,4,60,0.0625,0.9375,5,5,56,0,3,0.591453,0.980231,5.270496,0.24053,5.605827,-0.72,0.18,-0.039298,0.02,0.005595,1010101010,0;0;0;1;1;0;0;1;0;1,1.351998,6.067574,-0.647417,running
20260526-203113-sentence-script-a-transparent-3d-cell-me-ee273c,38,4.588546,5.02,251,1,0,1,1,BALANCE,5.02,0.0,1.84,0.0,64,5,59,0.078125,0.921875,5,5,56,0,3,0.586832,1.036505,5.178471,0.239114,5.597061,-0.72,0.18,-0.038122,0.02,0.009083,0101010101,0;0;0;2;1;0;0;1;0;1,1.640423,5.99506,-0.656333,running
20260526-203113-sentence-script-a-transparent-3d-cell-me-ee273c,39,4.690232,5.14,257,1,0,1,1,BALANCE,5.14,0.0,1.96,0.0,64,5,59,0.078125,0.921875,5,5,56,0,3,0.594622,1.033624,5.1575,0.242768,5.574003,-0.72,0.18,-0.036398,0.02,0.012441,0101010101,0;0;0;2;1;0;0;1;0;1,1.931516,5.910729,-0.628513,running
20260526-203113-sentence-script-a-transparent-3d-cell-me-ee273c,40,4.792532,5.26,263,1,0,1,1,BALANCE,5.26,0.0,2.08,0.0,64,5,59,0.078125,0.921875,5,5,56,0,3,0.605635,1.000127,5.138718,0.236984,5.554119,-0.72,0.18,-0.034151,0.02,0.015619,0101010101,0;0;0;2;1;0;0;1;0;1,2.221108,5.814748,-0.563813,running
20260526-203113-sentence-script-a-transparent-3d-cell-me-ee273c,41,4.895005,5.38,269,1,0,1,1,BALANCE,5.38,0.0,2.2,0.0,64,5,59,0.078125,0.921875,5,5,56,0,3,0.613977,0.980706,5.120194,0.231133,5.534521,-0.72,0.18,-0.031412,0.02,0.018573,0101010101,0;0;0;2;1;0;0;1;0;1,2.505035,5.707306,-0.462553,running
20260526-203113-sentence-script-a-transparent-3d-cell-me-ee273c,42,4.997796,5.5,275,1,0,1,1,BALANCE,5.5,0.0,2.32,0.0,64,5,59,0.078125,0.921875,5,5,56,0,3,0.625378,1.013843,5.102159,0.226209,5.515375,-0.72,0.18,-0.028222,0.02,0.02126,0101010101,0;0;0;2;1;0;0;1;0;1,2.779195,5.588615,-0.32551,running
20260526-203113-sentence-script-a-transparent-3d-cell-me-ee273c,43,5.100569,5.62,281,1,0,1,1,BALANCE,5.62,0.0,2.44,0.0,64,5,59,0.078125,0.921875,5,5,56,0,3,0.632944,1.027127,5.087654,0.222517,5.499954,-0.72,0.18,-0.024625,0.02,0.023641,0101010101,0;0;0;2;1;0;0;1;0;1,3.039594,5.458908,-0.153912,running
20260526-203113-sentence-script-a-transparent-3d-cell-me-ee273c,44,5.210201,5.74,287,1,0,1,1,BALANCE,5.74,0.0,2.56,0.0,64,5,59,0.078125,0.921875,5,5,56,0,3,0.637439,1.057243,5.075727,0.220735,5.487167,-0.72,0.18,-0.020675,0.02,0.025682,0101010101,0;0;0;2;1;0;0;1;0;1,3.282395,5.318442,0.050577,running
20260526-203113-sentence-script-a-transparent-3d-cell-me-ee273c,45,5.327079,5.88,294,1,0,1,1,BALANCE,5.88,0.0,2.7,0.0,64,5,59,0.078125,0.921875,5,5,56,0,3,0.636396,1.068065,5.064387,0.224835,5.474518,-0.72,0.18,-0.015694,0.02,0.027594,0101010101,0;0;0;2;1;0;0;1;0;1,3.538591,5.141336,0.327926,running
20260526-203113-sentence-script-a-transparent-3d-cell-me-ee273c,46,5.429927,6.0,300,1,0,1,1,BALANCE,6.0,0.0,2.82,0.0,64,5,59,0.078125,0.921875,5,5,56,0,3,0.639019,1.132791,5.049226,0.231776,5.457485,-0.72,0.18,-0.011177,0.02,0.028805,0101010101,0;0;0;2;1;0;0;1;0;1,3.731145,4.978534,0.596034,running
20260526-203113-sentence-script-a-transparent-3d-cell-me-ee273c,47,5.53196,6.12,306,1,0,1,1,BALANCE,6.12,0.0,2.94,0.0,64,5,59,0.078125,0.921875,5,5,56,0,3,0.640735,1.023493,5.02998,0.239837,5.435924,-0.72,0.18,-0.006498,0.02,0.029601,1010101010,0;0;0;2;1;0;0;1;0;1,3.895515,4.80592,0.889158,running
20260526-203113-sentence-script-a-transparent-3d-cell-me-ee273c,48,5.632877,6.24,312,1,0,1,1,BALANCE,6.24,0.0,3.06,0.0,64,5,59,0.078125,0.921875,5,5,56,0,3,0.643959,1.062145,5.011318,0.247602,5.415023,-0.72,0.18,-0.001727,0.02,0.029972,1010101010,0;0;0;2;1;0;0;1;0;1,4.028999,4.623832,1.204092,running
20260526-203113-sentence-script-a-transparent-3d-cell-me-ee273c,49,5.739879,6.36,318,1,0,1,1,BALANCE,6.36,0.0,3.18,0.0,64,5,59,0.078125,0.921875,5,5,56,0,3,0.653401,1.100175,4.986991,0.25444,5.388054,-0.72,0.18,0.00307,0.02,0.029912,1010101010,0;0;0;2;1;0;0;1;0;1,4.129264,4.432631,1.537353,running
20260526-203113-sentence-script-a-transparent-3d-cell-me-ee273c,50,5.858998,6.48,324,1,0,1,1,BALANCE,6.48,0.0,3.3,0.0,64,5,59,0.078125,0.921875,5,5,56,0,3,0.661574,1.14304,4.962584,0.261425,5.360987,-0.72,0.18,0.007822,0.02,0.029421,1010101010,0;0;0;2;1;0;0;1;0;1,4.194373,4.232694,1.885216,running
20260526-203113-sentence-script-a-transparent-3d-cell-me-ee273c,51,5.977638,6.62,331,1,0,1,1,BALANCE,6.62,0.0,3.44,0.0,64,5,59,0.078125,0.921875,5,5,60,0,4,0.689094,1.672861,4.933955,0.266714,5.329483,-0.72,0.18,0.013219,0.02,0.028314,1010101010,0;0;0;2;1;0;0;1;0;1,4.223901,3.988917,2.304278,running
20260526-203113-sentence-script-a-transparent-3d-cell-me-ee273c,52,6.097404,6.72,336,1,0,1,1,BALANCE,6.72,0.0,3.54,0.0,64,5,59,0.078125,0.921875,5,5,63,0,4,0.708471,2.17291,4.918022,0.268403,5.312058,-0.72,0.18,0.016922,0.02,0.027183,1010101010,0;0;0;2;1;0;0;1;0;1,4.213497,3.8082,2.608937,running
20260526-203113-sentence-script-a-transparent-3d-cell-me-ee273c,53,6.199105,6.82,341,1,0,1,1,BALANCE,6.82,0.0,3.64,0.0,64,5,59,0.078125,0.921875,5,5,69,0,6,0.731623,2.883374,4.908468,0.26862,5.301675,-0.72,0.18,0.020456,0.02,0.02578,1010101010,0;0;0;2;1;0;0;1;0;1,4.176438,3.62227,2.915309,running
20260526-203113-sentence-script-a-transparent-3d-cell-me-ee273c,54,6.302087,6.92,346,1,0,1,1,BALANCE,6.92,0.0,3.74,0.0,64,5,59,0.078125,0.921875,5,5,74,0,6,0.741802,2.8,4.901688,0.266957,5.294462,-0.72,0.18,0.023785,0.02,0.02412,1010101010,0;0;0;2;1;0;0;1;0;1,4.112608,3.431382,3.220958,running
20260526-203113-sentence-script-a-transparent-3d-cell-me-ee273c,55,6.412392,7.0,350,1,0,1,1,BALANCE,7.0,0.0,3.82,0.0,64,5,59,0.078125,0.921875,5,5,82,0,6,0.752087,3.027212,4.903798,0.264642,5.296946,-0.72,0.18,0.026279,0.02,0.022617,1010101010,0;0;0;2;1;0;0;1;0;1,4.042333,3.275277,3.463322,running
20260526-203113-sentence-script-a-transparent-3d-cell-me-ee273c,56,6.519768,7.1,355,1,0,1,1,BALANCE,7.1,0.0,3.76,0.0,64,9,55,0.140625,0.859375,5,5,82,4,6,0.597402,1.108898,4.601221,0.264066,5.310937,-0.72,0.18,0.029159,0.02,0.020536,0101010101,0;0;2;2;1;0;2;1;0;1,3.930736,3.076127,3.76155,running
20260526-203113-sentence-script-a-transparent-3d-cell-me-ee273c,57,6.630108,7.2,360,1,0,1,1,BALANCE,7.2,0.0,3.66,0.0,64,9,55,0.140625,0.859375,5,5,82,4,6,0.590437,1.134898,4.598336,0.25927,5.308365,-0.72,0.18,0.031747,0.02,0.018251,0101010101,0;0;2;2;1;0;2;1;0;1,3.79323,2.872766,4.052299,running
20260526-203113-sentence-script-a-transparent-3d-cell-me-ee273c,58,6.738908,7.32,366,1,0,1,1,BALANCE,7.32,0.0,3.54,0.0,64,9,55,0.140625,0.859375,5,5,82,4,6,0.585348,1.168645,4.593938,0.25508,5.303933,-0.72,0.18,0.034431,0.02,0.015269,0101010101,0;0;2;2;1;0;2;1;0;1,3.595055,2.623567,4.388049,running
20260526-203113-sentence-script-a-transparent-3d-cell-me-ee273c,59,6.841793,7.44,372,1,0,1,1,BALANCE,7.44,0.0,3.42,0.0,64,9,55,0.140625,0.859375,5,5,82,3,6,0.584661,1.212324,4.593542,0.255286,5.303439,-0.72,0.18,0.036621,0.02,0.012068,0101010101,0;0;2;2;1;0;2;1;0;1,3.362274,2.369197,4.705796,running
20260526-203113-sentence-script-a-transparent-3d-cell-me-ee273c,60,6.946921,7.56,378,1,0,1,1,BALANCE,7.56,0.0,3.3,0.0,64,9,55,0.140625,0.859375,5,5,82,2,6,0.584889,1.242689,4.588103,0.25457,5.297227,-0.72,0.18,0.038284,0.02,0.008693,0101010101,0;0;2;2;1;0;2;1;0;1,3.096954,2.110157,5.001861,running
20260526-203113-sentence-script-a-transparent-3d-cell-me-ee273c,61,7.053209,7.68,384,1,0,1,1,BALANCE,7.68,0.0,3.18,0.0,64,9,55,0.140625,0.859375,5,5,82,1,6,0.583219,1.274673,4.593344,0.264606,5.301683,-0.72,0.18,0.039396,0.02,0.005193,0101010101,0;0;2;2;1;0;2;1;0;1,2.801553,1.846957,5.272812,running
20260526-203113-sentence-script-a-transparent-3d-cell-me-ee273c,62,7.159432,7.8,390,1,0,1,1,BALANCE,7.8,0.0,3.06,0.0,64,9,55,0.140625,0.859375,5,5,82,0,6,0.575321,1.303015,4.600468,0.270475,5.309012,-0.72,0.18,0.039942,0.02,0.001619,0101010101,0;0;2;2;1;0;2;1;0;1,2.478895,1.580118,5.515506,running
20260526-203113-sentence-script-a-transparent-3d-cell-me-ee273c,63,7.264784,7.92,396,1,0,1,1,BALANCE,7.92,0.0,2.94,0.0,64,9,55,0.140625,0.859375,5,5,82,0,6,0.560899,1.327709,4.606077,0.273259,5.315083,-0.72,0.18,0.039913,0.02,-0.001979,0101010101,0;0;2;2;1;0;2;1;0;1,2.132129,1.310164,5.727128,running
20260526-203113-sentence-script-a-transparent-3d-cell-me-ee273c,64,7.369347,8.04,402,1,0,1,1,BALANCE,8.04,0,2.82,0.0,64,9,55,0.140625,0.859375,5,5,83,0,7,0.550456,1.369393,4.612247,0.275892,5.321833,-0.72,0.18,0.03931,0.02,-0.005548,1010101010,0;0;2;2;1;0;2;1;0;1,1.764696,1.037627,5.905224,running
20260526-203113-sentence-script-a-transparent-3d-cell-me-ee273c,65,7.473176,8.16,408,1,0,1,1,BALANCE,8.16,0,2.7,0.0,64,9,55,0.140625,0.859375,5,5,83,0,7,0.536744,1.38794,4.617328,0.277705,5.327448,-0.72,0.18,0.038142,0.02,-0.009038,1010101010,0;0;2;2;1;0;2;1;0;1,1.380289,0.763046,6.047732,running
20260526-203113-sentence-script-a-transparent-3d-cell-me-ee273c,66,7.576619,8.28,414,1,0,1,1,BALANCE,8.28,0,2.58,0.0,64,9,55,0.140625,0.859375,5,5,83,0,7,0.533231,1.409042,4.613266,0.278773,5.322547,-0.72,0.18,0.036425,0.02,-0.012397,1010101010,0;0;2;2;1;0;2;1;0;1,0.982801,0.48696,6.153005,running
20260526-203113-sentence-script-a-transparent-3d-cell-me-ee273c,67,7.679796,8.4,420,1,0,1,1,BALANCE,8.4,0,2.46,0.0,64,9,55,0.140625,0.859375,5,5,83,0,7,0.537849,1.426274,4.602365,0.279756,5.309701,-0.72,0.18,0.034184,0.02,-0.015579,1010101010,0;0;2;2;1;0;2;1;0;1,0.576285,0.209915,6.219834,running
20260526-203113-sentence-script-a-transparent-3d-cell-me-ee273c,68,7.781721,8.52,426,1,0,1,1,BALANCE,8.52,0,2.34,0.0,64,9,55,0.140625,0.859375,5,5,83,0,7,0.549782,1.442942,4.589278,0.281762,5.294144,-0.72,0.18,0.031452,0.02,-0.018536,1010101010,0;0;2;2;1;0;2;1;0;1,0.164902,-0.067545,6.247459,running
20260526-203113-sentence-script-a-transparent-3d-cell-me-ee273c,69,7.883095,8.64,432,1,0,1,1,BALANCE,8.64,0,2.22,0.0,64,9,55,0.140625,0.859375,5,5,83,0,7,0.565549,1.45633,4.568805,0.282616,5.270181,-0.72,0.18,0.028267,0.02,-0.021226,1010101010,0;0;2;2;1;0;2;1;0;1,-0.247127,-0.344871,6.235583,running
20260526-203113-sentence-script-a-transparent-3d-cell-me-ee273c,70,7.985367,8.76,438,1,0,1,1,BALANCE,8.76,0,2.1,0.0,64,9,55,0.140625,0.859375,5,5,83,0,7,0.583656,1.435884,4.546626,0.284175,5.244118,-0.72,0.18,0.024675,0.02,-0.023612,1010101010,0;0;2;2;1;0;2;1;0;1,-0.655577,-0.621517,6.18437,running
20260526-203113-sentence-script-a-transparent-3d-cell-me-ee273c,71,8.087205,8.88,444,1,0,1,1,BALANCE,8.88,0,1.98,0.0,64,9,55,0.140625,0.859375,5,5,83,0,7,0.598597,1.315697,4.529461,0.28641,5.223778,-0.72,0.18,0.020729,0.02,-0.025657,1010101010,0;0;2;2;1;0;2;1;0;1,-1.056264,-0.896938,6.094449,running
20260526-203113-sentence-script-a-transparent-3d-cell-me-ee273c,72,8.199926,8.98,449,1,0,1,1,BALANCE,8.98,0,1.88,0.0,64,9,55,0.140625,0.859375,5,5,83,0,7,0.612207,1.221683,4.513332,0.288271,5.204706,-0.72,0.18,0.01721,0.02,-0.027081,1010101010,0;0;2;2;1;0;2;1;0;1,-1.381287,-1.125128,5.990712,running
20260526-203113-sentence-script-a-transparent-3d-cell-me-ee273c,73,8.320391,9.1,455,1,0,1,1,BALANCE,9.1,0,1.76,0.0,64,9,55,0.140625,0.859375,5,5,83,0,7,0.622033,1.110907,4.499807,0.291906,5.188372,-0.72,0.18,0.012764,0.02,-0.028432,0101010101,0;0;2;2;1;0;2;1;0;1,-1.757227,-1.396896,5.832952,running
20260526-203113-sentence-script-a-transparent-3d-cell-me-ee273c,74,8.42428,9.2,460,1,0,1,1,BALANCE,9.2,0,1.66,0.0,64,9,55,0.140625,0.859375,5,5,83,0,7,0.622957,1.024922,4.498753,0.296109,5.186459,-0.72,0.18,0.008916,0.02,-0.029245,0101010101,0;0;2;2;1;0;2;1;0;1,-2.056197,-1.621289,5.675031,running
20260526-203113-sentence-script-a-transparent-3d-cell-me-ee273c,75,8.546418,9.32,466,1,0,1,1,BALANCE,9.32,0,1.54,0.0,64,9,55,0.140625,0.859375,5,5,83,0,7,0.617316,0.924496,4.50289,0.299676,5.190689,-0.72,0.18,0.004183,0.02,-0.029835,0101010101,0;0;2;2;1;0;2;1;0;1,-2.394687,-1.887604,5.455724,running
20260526-203113-sentence-script-a-transparent-3d-cell-me-ee273c,76,8.65437,9.42,471,1,0,1,1,BALANCE,9.42,0,1.44,0.0,64,9,55,0.140625,0.859375,5,5,83,0,7,0.60316,0.856688,4.51135,0.30208,5.20014,-0.72,0.18,0.000191,0.02,-0.03,0101010101,0;0;2;2;1;0;2;1;0;1,-2.657601,-2.106713,5.249897,running
20260526-203113-sentence-script-a-transparent-3d-cell-me-ee273c,77,8.777307,9.54,477,1,0,1,1,BALANCE,9.54,0,1.32,0.0,64,9,55,0.140625,0.859375,5,5,83,0,7,0.587815,0.901406,4.523628,0.304186,5.214082,-0.72,0.18,-0.004599,0.02,-0.029801,0101010101,0;0;2;2;1;0;2;1;0;1,-2.94746,-2.365811,4.977742,running
20260526-203113-sentence-script-a-transparent-3d-cell-me-ee273c,78,8.880768,9.64,482,1,0,1,1,BALANCE,9.64,0,1.22,0.0,64,9,55,0.140625,0.859375,5,5,83,0,7,0.571621,0.886931,4.534414,0.30473,5.226545,-0.72,0.18,-0.008543,0.02,-0.029308,0101010101,0;0;2;2;1;0;2;1;0;1,-3.165777,-2.578185,4.732157,running
20260526-203113-sentence-script-a-transparent-3d-cell-me-ee273c,79,8.997159,9.78,489,1,0,1,1,BALANCE,9.78,0,1.08,0.0,64,9,55,0.140625,0.859375,5,5,83,0,7,0.548059,0.863502,4.550116,0.304275,5.24489,-0.72,0.18,-0.013912,0.02,-0.028127,0101010101,0;0;2;2;1;0;2;1;0;1,-3.433151,-2.869517,4.363697,running
20260526-203113-sentence-script-a-transparent-3d-cell-me-ee273c,80,9.111295,9.92,496,1,0,1,1,BALANCE,9.92,0,0.94,0.0,64,9,55,0.140625,0.859375,5,5,83,0,7,0.527662,0.878353,4.562898,0.304281,5.259762,-0.72,0.18,-0.019009,0.02,-0.026396,0101010101,0;0;2;2;1;0;2;1;0;1,-3.653032,-3.15315,3.971839,running
20260526-203113-sentence-script-a-transparent-3d-cell-me-ee273c,81,9.226934,10.06,503,1,0,1,1,BALANCE,10.06,0,0.8,0.0,64,10,54,0.15625,0.84375,5,5,83,1,7,0.501219,0.962878,4.492774,0.300664,5.269091,-0.72,0.18,-0.023734,0.02,-0.024148,1010101010,0;0;2;3;1;0;2;1;0;1,-3.823007,-3.428324,3.562823,running
20260526-203113-sentence-script-a-transparent-3d-cell-me-ee273c,82,9.339289,10.2,510,1,0,1,1,BALANCE,10.2,0,0.66,0.0,64,10,54,0.15625,0.84375,5,5,83,1,7,0.502819,1.003893,4.487452,0.301225,5.262679,-0.72,0.18,-0.027995,0.02,-0.021428,1010101010,0;0;2;3;1;0;2;1;0;1,-3.941483,-3.694302,3.143143,running
20260526-203113-sentence-script-a-transparent-3d-cell-me-ee273c,83,9.451685,10.34,517,1,0,1,1,BALANCE,10.34,0,0.52,0.0,64,10,54,0.15625,0.84375,5,5,83,1,7,0.51629,1.041844,4.472753,0.302055,5.245105,-0.72,0.18,-0.031708,0.02,-0.018288,1010101010,0;0;2;3;1;0;2;1;0;1,-4.007711,-3.950369,2.719437,running
20260526-203113-sentence-script-a-transparent-3d-cell-me-ee273c,84,9.564627,10.48,524,1,0,1,1,BALANCE,10.48,0,0.38,0.0,64,11,53,0.171875,0.828125,5,5,83,2,7,0.527607,1.092058,4.375312,0.300601,5.221007,-0.72,0.18,-0.0348,0.02,-0.014791,1010101010,0;0;2;4;1;0;2;1;0;1,-4.021801,-4.195838,2.298381,running
20260526-203113-sentence-script-a-transparent-3d-cell-me-ee273c,85,9.680047,10.62,531,1,0,1,1,BALANCE,10.62,0,0.24,0.0,64,12,52,0.1875,0.8125,5,5,83,2,7,0.540488,0.866599,4.27571,0.298678,5.193487,-0.72,0.18,-0.037212,0.02,-0.011004,1010101010,0;0;2;5;1;0;2;1;0;1,-3.984717,-4.430052,1.886576,running
20260526-203113-sentence-script-a-transparent-3d-cell-me-ee273c,86,9.793287,10.76,538,1,0,1,1,BALANCE,10.76,0,0.1,0.0,64,12,52,0.1875,0.8125,5,5,85,2,7,0.568498,1.311291,4.258642,0.298518,5.172516,-0.72,0.18,-0.038895,0.02,-0.007002,1010101010,0;0;2;5;1;0;2;1;0;1,-3.898261,-4.652381,1.490439,running
20260526-203113-sentence-script-a-transparent-3d-cell-me-ee273c,87,9.909581,10.9,545,1,0,1,1,BALANCE,10.9,0,0,0.0,64,12,52,0.1875,0.8125,5,5,87,2,8,0.585803,1.845408,4.245895,0.298525,5.156827,-0.72,0.18,-0.039817,0.02,-0.002863,1010101010,0;0;2;5;1;0;2;1;0;1,-3.765042,-4.86223,1.1161,running
20260526-203113-sentence-script-a-transparent-3d-cell-me-ee273c,88,10.01011,11.02,551,1,0,1,1,BALANCE,11.02,0,0,0.0,64,12,52,0.1875,0.8125,5,5,91,0,8,0.609611,2.346391,4.239945,0.300222,5.149112,-0.72,0.18,-0.039988,0.02,0.000733,0101010101,0;0;2;5;1;0;2;1;0;1,-3.616172,-5.031739,0.816948,running
20260526-203113-sentence-script-a-transparent-3d-cell-me-ee273c,89,10.111208,11.14,557,1,0,1,1,BALANCE,11.14,0,0,0.0,64,13,51,0.203125,0.796875,5,5,91,1,8,0.581136,2.236049,4.172434,0.315102,5.155676,-0.72,0.18,-0.039584,0.02,0.004318,0101010101,0;0;2;5;2;0;2;1;0;1,-3.437952,-5.19133,0.541367,running
20260526-203113-sentence-script-a-transparent-3d-cell-me-ee273c,90,10.212849,11.26,563,1,0,1,1,BALANCE,11.26,0,0,0.0,64,13,51,0.203125,0.796875,5,5,91,1,8,0.563857,2.059743,4.188163,0.315133,5.175406,-0.72,0.18,-0.03861,0.02,0.007841,0101010101,0;0;2;5;2;0;2;1;0;1,-3.233272,-5.340689,0.292387,running
20260526-203113-sentence-script-a-transparent-3d-cell-me-ee273c,91,10.31449,11.38,569,1,0,1,1,BALANCE,11.38,0,0,0.0,64,13,51,0.203125,0.796875,5,5,91,0,8,0.547511,1.879642,4.203666,0.313778,5.195207,-0.72,0.18,-0.037081,0.02,0.011251,0101010101,0;0;2;5;2;0;2;1;0;1,-3.005338,-5.479522,0.072699,running
20260526-203113-sentence-script-a-transparent-3d-cell-me-ee273c,92,10.418037,11.5,575,1,0,1,1,BALANCE,11.5,0,0,0.0,64,13,51,0.203125,0.796875,5,5,91,0,8,0.52857,1.726966,4.217892,0.31915,5.211689,-0.72,0.18,-0.035018,0.02,0.014499,0101010101,0;0;2;5;2;0;2;1;0;1,-2.757631,-5.607554,-0.115377,running
20260526-203113-sentence-script-a-transparent-3d-cell-me-ee273c,93,10.52349,11.62,581,1,0,1,1,BALANCE,11.62,0,0,0.0,64,13,51,0.203125,0.796875,5,5,91,0,8,0.515122,1.571166,4.228943,0.319547,5.225456,-0.72,0.18,-0.032452,0.02,0.017539,0101010101,0;0;2;5;2;0;2;1;0;1,-2.493865,-5.724533,-0.269922,running
20260526-203113-sentence-script-a-transparent-3d-cell-me-ee273c,94,10.626583,11.74,587,1,0,1,1,BALANCE,11.74,0,0,0.0,64,13,51,0.203125,0.796875,5,5,91,0,8,0.507909,1.426006,4.232791,0.319595,5.230273,-0.72,0.18,-0.029419,0.02,0.020326,0101010101,0;0;2;5;2;0;2;1;0;1,-2.217941,-5.830229,-0.389441,running
20260526-203113-sentence-script-a-transparent-3d-cell-me-ee273c,95,10.729028,11.86,593,1,0,1,1,BALANCE,11.86,0,0,0.0,64,13,51,0.203125,0.796875,5,5,91,0,8,0.510783,1.288433,4.228658,0.319758,5.225044,-0.72,0.18,-0.025963,0.02,0.022822,0101010101,0;0;2;5;2;0;2;1;0;1,-1.933901,-5.924434,-0.472878,running
20260526-203113-sentence-script-a-transparent-3d-cell-me-ee273c,96,10.832057,11.98,599,1,0,1,1,BALANCE,11.98,0,0,0.0,64,13,51,0.203125,0.796875,5,5,91,0,8,0.515114,1.157996,4.224289,0.322837,5.218777,-0.72,0.18,-0.022134,0.02,0.024989,0101010101,0;0;2;5;2;0;2;1;0;1,-1.645874,-6.006961,-0.519634,running
20260526-203113-sentence-script-a-transparent-3d-cell-me-ee273c,97,10.934871,12.1,605,1,0,1,1,CAREFUL,0.08,0,0,0.0,64,13,51,0.203125,0.796875,4,6,91,0,8,0.50737,1.036103,4.213308,0.326351,5.204101,-0.42,0.06,-0.011241,0.02233,0.0,0000001111,0;0;2;5;2;0;2;1;0;1,-1.358032,-6.077648,-0.529568,running
20260526-203113-sentence-script-a-transparent-3d-cell-me-ee273c,98,11.036744,12.22,611,1,0,1,1,CAREFUL,0.2,0,0,0.0,64,13,51,0.203125,0.796875,4,6,91,0,8,0.496021,0.964305,4.205544,0.331796,5.19297,-0.42,0.06,-0.008487,0.023515,0.0,0000001111,0;0;2;5;2;0;2;1;0;1,-1.074533,-6.136356,-0.503004,running
20260526-203113-sentence-script-a-transparent-3d-cell-me-ee273c,99,11.137589,12.34,617,1,0,1,1,CAREFUL,0.32,0,0,0.0,64,13,51,0.203125,0.796875,4,6,91,0,8,0.48571,0.883884,4.201502,0.338896,5.186088,-0.42,0.06,-0.005611,0.024362,0.0,0000001111,0;0;2;5;2;0;2;1;0;1,-0.799473,-6.182969,-0.440722,running
20260526-203113-sentence-script-a-transparent-3d-cell-me-ee273c,100,11.241751,12.46,623,1,0,1,1,CAREFUL,0.44,0,0,0.0,64,13,51,0.203125,0.796875,4,6,92,0,9,0.47484,0.886565,4.206164,0.346287,5.190054,-0.42,0.06,-0.002654,0.024859,0.0,0000001111,0;0;2;5;2;0;2;1;0;1,-0.536835,-6.217395,-0.343954,running
20260526-203113-sentence-script-a-transparent-3d-cell-me-ee273c,101,11.345418,12.58,629,1,0,1,1,CAREFUL,0.56,0,0,0.0,64,13,51,0.203125,0.796875,4,6,93,0,9,0.463212,1.0757,4.206508,0.352899,5.1888,-0.42,0.06,0.000341,0.024998,0.0,0000001111,0;0;2;5;2;0;2;1;0;1,-0.29044,-6.239567,-0.214362,running
20260526-203113-sentence-script-a-transparent-3d-cell-me-ee273c,102,11.44863,12.7,635,1,0,1,1,CAREFUL,0.68,0,0,0.0,64,13,51,0.203125,0.796875,4,6,95,0,9,0.456774,1.398071,4.209535,0.359405,5.190941,-0.42,0.06,0.003331,0.024777,0.0,0000001111,0;0;2;5;2;0;2;1;0;1,-0.063903,-6.24944,-0.054023,running
20260526-203113-sentence-script-a-transparent-3d-cell-me-ee273c,103,11.551745,12.82,641,1,0,1,1,CAREFUL,0.8,0,0,0.0,64,13,51,0.203125,0.796875,4,6,96,0,9,0.44645,1.574275,4.21355,0.364811,5.194601,-0.42,0.06,0.006273,0.0242,0.0,0000001111,0;0;2;5;2;0;2;1;0;1,0.139417,-6.246995,0.134598,running
20260526-203113-sentence-script-a-transparent-3d-cell-me-ee273c,104,11.654298,12.94,647,1,0,1,1,CAREFUL,0.92,0,0,0.0,64,13,51,0.203125,0.796875,4,6,98,0,9,0.44138,1.877904,4.217383,0.368675,5.198426,-0.42,0.06,0.009125,0.023275,0.0,0000001111,0;0;2;5;2;0;2;1;0;1,0.316452,-6.232237,0.348681,running
20260526-203113-sentence-script-a-transparent-3d-cell-me-ee273c,105,11.756893,13.06,653,1,0,1,1,CAREFUL,1.04,0,0,0.0,64,13,51,0.203125,0.796875,4,6,101,0,9,0.433589,2.286393,4.223327,0.370857,5.205329,-0.42,0.06,0.011846,0.022015,0.0,0000001111,0;0;2;5;2;0;2;1;0;1,0.464469,-6.205195,0.585082,running
20260526-203113-sentence-script-a-transparent-3d-cell-me-ee273c,106,11.860708,13.18,659,1,0,1,1,CAREFUL,1.16,0,0,0.0,64,13,51,0.203125,0.796875,4,6,104,0,9,0.427748,2.693211,4.227754,0.371234,5.210789,-0.42,0.06,0.014396,0.020439,0.0,0000001111,0;0;2;5;2;0;2;1;0;1,0.581096,-6.165923,0.840371,running
20260526-203113-sentence-script-a-transparent-3d-cell-me-ee273c,107,11.962107,13.3,665,1,0,1,1,CAREFUL,1.28,0,0,0.0,64,13,51,0.203125,0.796875,4,6,107,0,9,0.418104,2.930232,4.233782,0.371906,5.218182,-0.42,0.06,0.016739,0.018569,0.0,0000001111,0;0;2;5;2;0;2;1;0;1,0.664358,-6.114497,1.11088,running
20260526-203113-sentence-script-a-transparent-3d-cell-me-ee273c,108,12.065224,13.42,671,1,0,1,1,CAREFUL,1.4,0,0,0.0,64,13,51,0.203125,0.796875,4,6,110,0,9,0.404403,2.8,4.23587,0.370236,5.221228,-0.42,0.06,0.018842,0.016431,0.0,0000001111,0;0;2;5;2;0;2;1;0;1,0.712697,-6.051019,1.392741,running
20260526-203113-sentence-script-a-transparent-3d-cell-me-ee273c,109,12.170344,13.54,677,1,0,1,1,CAREFUL,1.52,0,0,0.0,64,13,51,0.203125,0.796875,4,6,114,0,9,0.398275,2.933443,4.235085,0.366537,5.221185,-0.42,0.06,0.020673,0.014058,0.0,0000001111,0;0;2;5;2;0;2;1;0;1,0.724994,-5.975615,1.681936,running
20260526-203113-sentence-script-a-transparent-3d-cell-me-ee273c,110,12.271799,13.66,683,1,0,1,1,CAREFUL,1.64,0,0,0.0,64,13,51,0.203125,0.796875,4,6,117,0,9,0.394562,2.929988,4.230133,0.361352,5.216293,-0.42,0.06,0.022207,0.011482,0.0,0000001111,0;0;2;5;2;0;2;1;0;1,0.700581,-5.888432,1.974348,running
20260526-203113-sentence-script-a-transparent-3d-cell-me-ee273c,111,12.374969,13.78,689,1,0,1,1,CAREFUL,1.76,0,0,0.0,64,13,51,0.203125,0.796875,4,6,120,0,9,0.391624,2.8,4.22208,0.355834,5.207594,-0.42,0.06,0.023422,0.008741,0.0,0000001111,0;0;2;5;2;0;2;1;0;1,0.63925,-5.789643,2.265809,running
20260526-203113-sentence-script-a-transparent-3d-cell-me-ee273c,112,12.479362,13.9,695,1,0,1,1,CAREFUL,1.88,0,0,0.0,64,13,51,0.203125,0.796875,4,6,124,0,9,0.398107,2.933885,4.212194,0.348649,5.19702,-0.42,0.06,0.0243,0.005874,0.0,0000001111,0;0;2;5;2;0;2;1;0;1,0.541255,-5.679443,2.55215,running
20260526-203113-sentence-script-a-transparent-3d-cell-me-ee273c,113,12.581101,14.02,701,1,0,1,1,CAREFUL,2.0,0,0,0.0,64,13,51,0.203125,0.796875,4,6,127,0,9,0.403674,2.928249,4.196115,0.341147,5.178754,-0.42,0.06,0.024829,0.002922,0.0,0000001111,0;0;2;5;2;0;2;1;0;1,0.407311,-5.558048,2.829258,running
20260526-203113-sentence-script-a-transparent-3d-cell-me-ee273c,114,12.684033,14.14,707,1,0,1,1,CAREFUL,2.12,0,0,0.0,64,13,51,0.203125,0.796875,4,6,130,0,9,0.409552,2.8,4.179215,0.332971,5.15963,-0.42,0.06,0.025,-7.1e-05,0.0,0000001111,0;0;2;5;2;0;2;1;0;1,0.238585,-5.425698,3.093118,running
20260526-203113-sentence-script-a-transparent-3d-cell-me-ee273c,115,12.789318,14.26,713,1,0,1,1,CAREFUL,2.24,0,0,0.0,64,13,51,0.203125,0.796875,4,6,135,0,10,0.420747,2.934119,4.165912,0.324796,5.14502,-0.42,0.06,0.024812,-0.003063,0.0,0001001011,0;0;2;5;2;0;2;1;0;1,0.036679,-5.282654,3.339869,running
20260526-203113-sentence-script-a-transparent-3d-cell-me-ee273c,116,12.892868,14.38,719,1,0,1,1,CAREFUL,2.36,0,0,0.0,64,13,51,0.203125,0.796875,4,6,139,0,10,0.428972,2.934102,4.152708,0.319275,5.129857,-0.42,0.06,0.024267,-0.006011,0.0,0001001011,0;0;2;5;2;0;2;1;0;1,-0.196385,-5.129197,3.565848,running
20260526-203113-sentence-script-a-transparent-3d-cell-me-ee273c,117,12.996617,14.5,725,1,0,1,1,CAREFUL,2.48,0,0,0.0,64,14,50,0.21875,0.78125,4,6,143,1,10,0.42206,2.8,4.077005,0.308425,5.132207,-0.42,0.06,0.023372,-0.008873,0.0,0001001011,0;0;2;5;3;0;2;1;0;1,-0.458192,-4.965631,3.767635,running
20260526-203113-sentence-script-a-transparent-3d-cell-me-ee273c,118,13.113018,14.64,732,1,0,1,1,CAREFUL,2.62,0,0,0.0,64,14,50,0.21875,0.78125,4,6,149,1,10,0.421645,2.8,4.075427,0.298749,5.132897,-0.42,0.06,0.021906,-0.012048,0.0,0001001011,0;0;2;5;3;0;2;1;0;1,-0.796233,-4.762457,3.968314,running
20260526-203113-sentence-script-a-transparent-3d-cell-me-ee273c,119,13.224616,14.78,739,1,0,1,1,CAREFUL,2.76,0,0,0.0,64,14,50,0.21875,0.78125,4,6,155,1,10,0.415656,2.8,4.080027,0.295503,5.139694,-0.42,0.06,0.02001,-0.014987,0.0,0001001011,0;0;2;5;3;0;2;1;0;1,-1.164622,-4.546507,4.1274,running
20260526-203113-sentence-script-a-transparent-3d-cell-me-ee273c,120,13.337102,14.92,746,1,0,1,1,CAREFUL,2.9,0,0,0.0,64,14,50,0.21875,0.78125,4,6,162,1,10,0.405444,2.8,4.084955,0.294294,5.14634,-0.42,0.06,0.017723,-0.017632,0.0,0001001011,0;0;2;5;3;0;2;1;0;1,-1.557849,-4.31836,4.241152,running
20260526-203113-sentence-script-a-transparent-3d-cell-me-ee273c,121,13.44915,15.06,753,1,0,1,1,CAREFUL,3.04,0,0,0.0,64,14,50,0.21875,0.78125,4,6,169,1,10,0.398658,2.926135,4.087627,0.291689,5.150489,-0.42,0.06,0.015089,-0.019933,0.0,0001001011,0;0;2;5;3;0;2;1;0;1,-1.969967,-4.078629,4.306566,running
20260526-203113-sentence-script-a-transparent-3d-cell-me-ee273c,122,13.568373,15.2,760,1,0,1,1,CAREFUL,3.18,0,0,0.0,64,14,50,0.21875,0.78125,4,6,179,0,10,0.397223,2.933736,4.091268,0.291722,5.155141,-0.42,0.06,0.01216,-0.021843,0.0,0000101011,0;0;2;5;3;0;2;1;0;1,-2.394687,-3.827957,4.321426,running
20260526-203113-sentence-script-a-transparent-3d-cell-me-ee273c,123,13.673434,15.34,767,1,0,1,1,CAREFUL,3.32,0,0,0.0,64,14,50,0.21875,0.78125,4,6,187,0,10,0.383088,2.932535,4.097521,0.29009,5.163601,-0.42,0.06,0.008993,-0.023327,0.0,0000101011,0;0;2;5;3;0;2;1;0;1,-2.825482,-3.567015,4.284338,running
20260526-203113-sentence-script-a-transparent-3d-cell-me-ee273c,124,13.787051,15.48,774,1,0,1,1,CAREFUL,3.46,0,0,0.0,64,14,50,0.21875,0.78125,4,6,195,0,10,0.378456,2.934148,4.098716,0.290248,5.165087,-0.42,0.06,0.00565,-0.024353,0.0,0000101011,0;0;2;5;3;0;2;1;0;1,-3.255696,-3.296504,4.194759,running
20260526-203113-sentence-script-a-transparent-3d-cell-me-ee273c,125,13.898524,15.62,781,1,0,1,1,CAREFUL,3.6,0,0,0.0,64,14,50,0.21875,0.78125,4,6,202,0,10,0.373821,2.924741,4.095803,0.290605,5.161258,-0.42,0.06,0.002196,-0.024903,0.0,0000101011,0;0;2;5;3;0;2;1;0;1,-3.678653,-3.01715,4.053001,running
20260526-203113-sentence-script-a-transparent-3d-cell-me-ee273c,126,14.00005,15.74,787,1,0,1,1,CAREFUL,3.72,0,0,0.0,64,14,50,0.21875,0.78125,4,6,206,0,10,0.378129,2.930243,4.09589,0.290555,5.161384,-0.42,0.06,-0.000801,-0.024987,0.0,0100101001,0;0;2;5;3;0;2;1;0;1,-4.030415,-2.771233,3.890826,running
20260526-203113-sentence-script-a-transparent-3d-cell-me-ee273c,127,14.100948,15.86,793,1,0,1,1,CAREFUL,3.84,0,0,0.0,64,14,50,0.21875,0.78125,4,6,209,0,10,0.381905,2.8,4.091324,0.289384,5.155867,-0.42,0.06,-0.003786,-0.024712,0.0,0100101001,0;0;2;5;3;0;2;1;0;1,-4.367968,-2.519853,3.692384,running
20260526-203113-sentence-script-a-transparent-3d-cell-me-ee273c,128,14.202339,15.98,799,1,0,1,1,CAREFUL,3.96,0,0,0.0,64,14,50,0.21875,0.78125,4,6,214,0,11,0.396212,2.934253,4.086008,0.287852,5.149492,-0.42,0.06,-0.006717,-0.024081,0.0,0100101001,0;0;2;5;3;0;2;1;0;1,-4.687434,-2.263507,3.459335,running
20260526-203113-sentence-script-a-transparent-3d-cell-me-ee273c,129,14.304927,16.1,805,1,0,1,1,CAREFUL,4.08,0,0,0.0,64,14,50,0.21875,0.78125,4,6,219,0,11,0.410627,2.930064,4.080276,0.285773,5.142737,-0.42,0.06,-0.009552,-0.023103,0.0,0100101001,0;0;2;5;3;0;2;1;0;1,-4.98514,-2.002699,3.193756,running
20260526-203113-sentence-script-a-transparent-3d-cell-me-ee273c,130,14.406374,16.22,811,1,0,1,1,CAREFUL,4.2,0,0,0.0,64,14,50,0.21875,0.78125,4,6,224,0,11,0.420145,2.8,4.077268,0.283741,5.139455,-0.42,0.06,-0.012249,-0.021794,0.0,0100101001,0;0;2;5;3;0;2;1;0;1,-5.257658,-1.737944,2.898117,running
20260526-203113-sentence-script-a-transparent-3d-cell-me-ee273c,131,14.509768,16.34,817,1,0,1,1,CAREFUL,4.32,0,0,0.0,64,15,49,0.234375,0.765625,4,6,230,1,13,0.414312,2.934315,4.01428,0.280129,5.157387,-0.42,0.06,-0.01477,-0.020171,0.0,0100101001,0;0;2;5;3;1;2;1;0;1,-5.501854,-1.469763,2.575247,running
20260526-203113-sentence-script-a-transparent-3d-cell-me-ee273c,132,14.613209,16.46,823,1,0,1,1,CAREFUL,4.44,0,0,0.0,64,16,48,0.25,0.75,4,6,236,2,13,0.399929,2.93069,3.953985,0.280086,5.178618,-0.42,0.06,-0.017078,-0.018257,0.0,0100101001,0;0;2;5;3;1;2;2;0;1,-5.71492,-1.198685,2.228305,running
20260526-203113-sentence-script-a-transparent-3d-cell-me-ee273c,133,14.716135,16.58,829,1,0,1,1,CAREFUL,4.56,0,0,0.0,64,16,48,0.25,0.75,4,6,243,1,13,0.392768,2.8,3.96936,0.283463,5.197992,-0.42,0.06,-0.019141,-0.016082,0.0,0100101100,0;0;2;5;3;1;2;2;0;1,-5.89441,-0.925245,1.860739,running
20260526-203113-sentence-script-a-transparent-3d-cell-me-ee273c,134,14.819336,16.7,835,1,0,1,1,CAREFUL,4.68,0,0,0.0,64,16,48,0.25,0.75,4,6,251,0,13,0.388309,2.934327,3.98241,0.286713,5.214309,-0.42,0.06,-0.020929,-0.013675,0.0,0100101100,0;0;2;5;3;1;2;2;0;1,-6.038272,-0.649981,1.476245,running
20260526-203113-sentence-script-a-transparent-3d-cell-me-ee273c,135,14.921748,16.82,841,1,0,1,1,CAREFUL,4.8,0,0,0.0,64,16,48,0.25,0.75,4,6,259,0,13,0.386302,2.92655,3.989761,0.288442,5.223534,-0.42,0.06,-0.022415,-0.011071,0.0,0100101100,0;0;2;5;3;1;2;2;0;1,-6.144868,-0.373436,1.078723,running
20260526-203113-sentence-script-a-transparent-3d-cell-me-ee273c,136,15.023344,16.94,847,1,0,1,1,CAREFUL,4.92,0,0,0.0,64,16,48,0.25,0.75,4,6,268,0,13,0.385137,2.8,3.996438,0.286773,5.232994,-0.42,0.06,-0.023579,-0.008308,0.0,0100101100,0;0;2;5;3;1;2;2;0;1,-6.212999,-0.096154,0.672229,running
20260526-203113-sentence-script-a-transparent-3d-cell-me-ee273c,137,15.124492,17.06,853,1,0,1,1,CAREFUL,5.04,0,0,0.0,64,16,48,0.25,0.75,4,6,279,0,13,0.389798,2.93359,3.999414,0.284563,5.237698,-0.42,0.06,-0.024404,-0.005425,0.0,0100101100,0;0;2;5;3;1;2;2;0;1,-6.241918,0.181316,0.260926,running
20260526-203113-sentence-script-a-transparent-3d-cell-me-ee273c,138,15.226857,17.18,859,1,0,1,1,CAREFUL,5.16,0,0,0.0,64,16,48,0.25,0.75,4,6,288,0,13,0.390072,2.933705,3.996891,0.283093,5.234824,-0.42,0.06,-0.024878,-0.002465,0.0,0100101100,0;0;2;5;3;1;2;2;0;1,-6.231336,0.45843,-0.150965,running
20260526-203113-sentence-script-a-transparent-3d-cell-me-ee273c,139,15.330381,17.3,865,1,0,1,1,CAREFUL,5.28,0,0,0.0,64,16,48,0.25,0.75,4,6,298,0,14,0.393541,2.8,3.994484,0.282014,5.231973,-0.42,0.06,-0.024994,0.000531,0.0,0100101100,0;0;2;5;3;1;2;2;0;1,-6.18143,0.73464,-0.559219,running
20260526-203113-sentence-script-a-transparent-3d-cell-me-ee273c,140,15.433767,17.42,871,1,0,1,1,CAREFUL,5.4,0,0,0.0,64,17,47,0.265625,0.734375,4,6,307,1,14,0.361779,2.932383,3.917412,0.281581,5.2325,-0.42,0.06,-0.024751,0.003519,0.0,1100100100,0;0;2;5;3;1;3;2;0;1,-6.092838,1.009401,-0.959655,running
20260526-203113-sentence-script-a-transparent-3d-cell-me-ee273c,141,15.538283,17.54,877,1,0,1,1,CAREFUL,5.52,0,0,0.0,64,17,47,0.265625,0.734375,4,6,314,1,14,0.369617,2.934171,3.911927,0.279831,5.225664,-0.42,0.06,-0.024152,0.006457,0.0,0110100100,0;0;2;5;3;1;3;2;0;1,-5.966651,1.282174,-1.348187,running
20260526-203113-sentence-script-a-transparent-3d-cell-me-ee273c,142,15.640167,17.66,883,1,0,1,1,CAREFUL,5.64,0,0,0.0,64,17,47,0.265625,0.734375,4,6,322,1,14,0.376509,2.8,3.903655,0.277132,5.215375,-0.42,0.06,-0.023205,0.009302,0.0,0110100100,0;0;2;5;3;1;3;2;0;1,-5.804402,1.552419,-1.720875,running
20260526-203113-sentence-script-a-transparent-3d-cell-me-ee273c,143,15.743119,17.78,889,1,0,1,1,CAREFUL,5.76,0,0,0.0,64,17,47,0.265625,0.734375,4,6,331,1,14,0.391679,2.932621,3.893955,0.275101,5.202903,-0.42,0.06,-0.021925,0.012013,0.0,0110100100,0;0;2;5;3;1;3;2;0;1,-5.608047,1.819604,-2.073971,running
20260526-203113-sentence-script-a-transparent-3d-cell-me-ee273c,144,15.846027,17.9,895,1,0,1,1,CAREFUL,5.88,0,0,0.0,64,17,47,0.265625,0.734375,4,6,339,1,14,0.401294,2.927061,3.887567,0.274411,5.194454,-0.42,0.06,-0.020329,0.014551,0.0,0110100100,0;0;2;5;3;1;3;2;0;1,-5.379937,2.083202,-2.403965,running
20260526-203113-sentence-script-a-transparent-3d-cell-me-ee273c,145,15.94891,18.02,901,1,0,1,1,CAREFUL,6.0,0,0,0.0,64,17,47,0.265625,0.734375,4,6,348,1,14,0.405647,2.8,3.887944,0.274297,5.195008,-0.42,0.06,-0.018441,0.01688,0.0,0110100100,0;0;2;5;3;1;3;2;0;1,-5.122795,2.342695,-2.707628,running
20260526-203113-sentence-script-a-transparent-3d-cell-me-ee273c,146,16.051112,18.14,907,1,0,1,1,CAREFUL,6.12,0,0,0.0,64,17,47,0.265625,0.734375,4,6,358,0,14,0.411133,2.931971,3.898077,0.277573,5.207621,-0.42,0.06,-0.016287,0.018966,0.0,0110100100,0;0;2;5;3;1;3;2;0;1,-4.839681,2.59757,-2.98205,running
20260526-203113-sentence-script-a-transparent-3d-cell-me-ee273c,147,16.153587,18.26,913,1,0,1,1,CAREFUL,6.24,0,0,0.0,64,18,46,0.28125,0.71875,4,6,365,1,14,0.353574,2.8,3.833743,0.279661,5.224471,-0.42,0.06,-0.0139,0.02078,0.0,1110100000,0;0;2;5;3;1;3;3;0;1,-4.533951,2.847325,-3.224674,running
20260526-203113-sentence-script-a-transparent-3d-cell-me-ee273c,148,16.25629,18.38,919,1,0,1,1,CAREFUL,6.36,0,0,0.0,64,18,46,0.28125,0.71875,4,6,372,1,14,0.342217,2.934294,3.841218,0.279498,5.234935,-0.42,0.06,-0.011312,0.022294,0.0,1110100000,0;0;2;5;3;1;3;3;0;1,-4.209224,3.091468,-3.433331,running
20260526-203113-sentence-script-a-transparent-3d-cell-me-ee273c,149,16.358927,18.5,925,1,0,1,1,CAREFUL,6.48,0,0,0.0,64,18,46,0.28125,0.71875,4,6,379,1,14,0.332675,2.934277,3.845762,0.276477,5.242438,-0.42,0.06,-0.008562,0.023488,0.0,1110100000,0;0;2;5;3;1;3;3;0;1,-3.869329,3.329518,-3.606259,running
20260526-203113-sentence-script-a-transparent-3d-cell-me-ee273c,150,16.463423,18.62,931,1,0,1,1,CAREFUL,6.6,0,0,0.0,64,18,46,0.28125,0.71875,4,6,386,1,15,0.324314,2.8,3.84639,0.275138,5.243837,-0.42,0.06,-0.005689,0.024344,0.0,1110100000,0;0;2;5;3;1;3;3;0;1,-3.518267,3.561005,-3.742131,running
20260526-203113-sentence-script-a-transparent-3d-cell-me-ee273c,151,16.565834,18.74,937,1,0,1,1,CAREFUL,6.72,0,0,0.0,64,18,46,0.28125,0.71875,4,6,395,1,15,0.329202,2.934317,3.848655,0.274603,5.247198,-0.42,0.06,-0.002733,0.02485,0.0,1110100000,0;0;2;5;3;1;3;3;0;1,-3.160154,3.785473,-3.840068,running
20260526-203113-sentence-script-a-transparent-3d-cell-me-ee273c,152,16.669151,18.86,943,1,0,1,1,CAREFUL,6.84,0,0,0.0,64,18,46,0.28125,0.71875,4,6,402,1,15,0.330377,2.931908,3.847079,0.275858,5.244513,-0.42,0.06,0.000261,0.024999,0.0,1110100000,0;0;2;5;3;1;3;3;0;1,-2.799178,4.00248,-3.899649,running
20260526-203113-sentence-script-a-transparent-3d-cell-me-ee273c,153,16.772719,18.98,949,1,0,1,1,CAREFUL,6.96,0,0,0.0,64,18,46,0.28125,0.71875,4,6,409,0,15,0.337515,2.8,3.842988,0.281396,5.236655,-0.42,0.06,0.003252,0.024788,0.0,1110100000,0;0;2;5;3;1;3;3;0;1,-2.439544,4.211597,-3.920915,running
20260526-203113-sentence-script-a-transparent-3d-cell-me-ee273c,154,16.882453,19.1,955,1,0,1,1,CAREFUL,7.08,0,0,0.0,64,18,46,0.28125,0.71875,4,6,419,0,15,0.350141,2.934329,3.844037,0.283697,5.237214,-0.42,0.06,0.006196,0.02422,0.0,1110100000,0;0;2;5;3;1;3;3;0;1,-2.085426,4.412414,-3.90437,running
20260526-203113-sentence-script-a-transparent-3d-cell-me-ee273c,155,16.998088,19.24,962,1,0,1,1,CAREFUL,7.22,0,0,0.0,64,18,46,0.28125,0.71875,4,6,429,0,15,0.36241,2.934337,3.834138,0.282399,5.223948,-0.42,0.06,0.009515,0.023119,0.0,1110100000,0;0;2;5;3;1;3;3;0;1,-1.684706,4.635681,-3.838584,running
20260526-203113-sentence-script-a-transparent-3d-cell-me-ee273c,156,17.098389,19.36,968,1,0,1,1,CAREFUL,7.34,0,0,0.0,64,18,46,0.28125,0.71875,4,6,437,0,15,0.377529,2.930297,3.821657,0.280752,5.207228,-0.42,0.06,0.012214,0.021813,0.0,1110100000,0;0;2;5;3;1;3;3;0;1,-1.356384,4.817177,-3.744,running
20260526-203113-sentence-script-a-transparent-3d-cell-me-ee273c,157,17.199249,19.48,974,1,0,1,1,CAREFUL,7.46,0,0,0.0,64,18,46,0.28125,0.71875,4,6,446,0,15,0.391232,2.8,3.808172,0.28037,5.188617,-0.42,0.06,0.014738,0.020194,0.0,1110100000,0;0;2;5;3;1;3;3;0;1,-1.046004,4.989177,-3.616142,running
20260526-203113-sentence-script-a-transparent-3d-cell-me-ee273c,158,17.300815,19.6,980,1,0,1,1,CAREFUL,7.58,0,0,0.0,64,18,46,0.28125,0.71875,4,6,458,0,15,0.410332,2.934363,3.806644,0.279941,5.186658,-0.42,0.06,0.017049,0.018285,0.0,1110100000,0;0;2;5;3;1;3;3;0;1,-0.757071,5.151344,-3.45731,running
20260526-203113-sentence-script-a-transparent-3d-cell-me-ee273c,159,17.404301,19.72,986,1,0,1,1,CAREFUL,7.7,0,0,0.0,64,18,46,0.28125,0.71875,4,6,467,0,15,0.414817,2.932596,3.804653,0.279278,5.184147,-0.42,0.06,0.019115,0.016112,0.0,1110100000,0;0;2;5;3;1;3;3;0;1,-0.492814,5.303358,-3.270173,running
20260526-203113-sentence-script-a-transparent-3d-cell-me-ee273c,160,17.505464,19.84,992,1,0,1,1,CAREFUL,7.82,0,0,0.0,64,18,46,0.28125,0.71875,4,6,476,0,15,0.401124,2.8,3.807591,0.279117,5.188299,-0.42,0.06,0.020907,0.013708,0.0,1110100000,0;0;2;5;3;1;3;3;0;1,-0.256145,5.444918,-3.057737,running
20260526-203113-sentence-script-a-transparent-3d-cell-me-ee273c,161,17.608103,19.96,998,1,0,1,1,CAREFUL,7.94,0,0,0.0,64,18,46,0.28125,0.71875,4,6,489,0,15,0.399696,2.933789,3.815081,0.278479,5.198968,-0.42,0.06,0.022397,0.011107,0.0,1110100000,0;0;2;5;3;1;3;3;0;1,-0.049623,5.575746,-2.823312,running
20260526-203113-sentence-script-a-transparent-3d-cell-me-ee273c,162,17.71295,20.08,1004,1,0,1,1,CAREFUL,8.06,0,0,0.0,64,18,46,0.28125,0.71875,4,6,499,0,15,0.390815,2.933287,3.817448,0.278023,5.20244,-0.42,0.06,0.023566,0.008345,0.0,1110100000,0;0;2;5;3;1;3;3;0;1,0.124574,5.695585,-2.570467,running
20260526-203113-sentence-script-a-transparent-3d-cell-me-ee273c,163,17.816303,20.2,1010,1,0,1,1,CAREFUL,8.18,0,0,0.0,64,18,46,0.28125,0.71875,4,6,509,0,15,0.379389,2.8,3.818501,0.277262,5.204202,-0.42,0.06,0.024396,0.005464,0.0,1110010000,0;0;2;5;3;1;3;3;0;1,0.264677,5.804197,-2.302987,running
20260526-203113-sentence-script-a-transparent-3d-cell-me-ee273c,164,17.920361,20.32,1016,1,0,1,1,CAREFUL,8.3,0,0,0.0,64,18,46,0.28125,0.71875,4,6,521,0,15,0.376158,2.934358,3.824036,0.276037,5.212384,-0.42,0.06,0.024874,0.002505,0.0,1110010000,0;0;2;5;3;1;3;3;0;1,0.369348,5.901368,-2.024829,running
20260526-203113-sentence-script-a-transparent-3d-cell-me-ee273c,165,18.024809,20.44,1022,1,0,1,1,CAREFUL,8.42,0,0,0.0,64,18,46,0.28125,0.71875,4,6,530,0,15,0.36627,2.934049,3.823501,0.275723,5.211762,-0.42,0.06,0.024995,-0.000491,0.0,1111000000,0;0;2;5;3;1;3;3;0;1,0.437695,5.986908,-1.740073,running
20260526-203113-sentence-script-a-transparent-3d-cell-me-ee273c,166,18.126658,20.56,1028,1,0,1,1,CAREFUL,8.54,0,0,0.0,64,18,46,0.28125,0.71875,4,6,540,0,15,0.364925,2.934352,3.820517,0.275294,5.207778,-0.42,0.06,0.024757,-0.00348,0.0,1111000000,0;0;2;5;3;1;3;3;0;1,0.469282,6.060648,-1.452867,running
20260526-203113-sentence-script-a-transparent-3d-cell-me-ee273c,167,18.24402,20.7,1035,1,0,1,1,CAREFUL,8.68,0,0,0.0,64,18,46,0.28125,0.71875,4,6,551,0,15,0.368139,2.8,3.817812,0.274192,5.204446,-0.42,0.06,0.024029,-0.0069,0.0,1111000000,0;0;2;5;3;1;3;3;0;1,0.459738,6.13157,-1.120263,running
20260526-203113-sentence-script-a-transparent-3d-cell-me-ee273c,168,18.347163,20.82,1041,1,0,1,1,CAREFUL,8.8,0,0,0.0,64,18,46,0.28125,0.71875,4,6,563,0,15,0.379458,2.934198,3.814327,0.273006,5.200062,-0.42,0.06,0.02303,-0.009727,0.0,1111000000,0;0;2;5;3;1;3;3;0;1,0.412391,6.179275,-0.842018,running
20260526-203113-sentence-script-a-transparent-3d-cell-me-ee273c,169,18.447748,20.94,1047,1,0,1,1,CAREFUL,8.92,0,0,0.0,64,18,46,0.28125,0.71875,4,6,572,0,15,0.383988,2.934207,3.802589,0.272689,5.183854,-0.42,0.06,0.0217,-0.012414,0.0,1111000000,0;0;2;5;3;1;3;3;0;1,0.329947,6.2148,-0.574364,running
20260526-203113-sentence-script-a-transparent-3d-cell-me-ee273c,170,18.549773,21.06,1053,1,0,1,1,CAREFUL,9.04,0,0,0.0,64,19,45,0.296875,0.703125,4,6,582,1,15,0.388681,2.934342,3.717933,0.270607,5.173471,-0.42,0.06,0.020058,-0.014923,0.0,1111000000,0;0;2;5;3;2;3;3;0;1,0.213868,6.238076,-0.321203,running
20260526-203113-sentence-script-a-transparent-3d-cell-me-ee273c,171,18.655107,21.18,1059,1,0,1,1,CAREFUL,9.16,0,0,0.0,64,19,45,0.296875,0.703125,4,6,593,1,15,0.401023,2.93383,3.710888,0.26872,5.164247,-0.42,0.06,0.018127,-0.017217,0.0,1111000000,0;0;2;5;3;2;3;3;0;1,0.066037,6.249056,-0.086253,running
20260526-203113-sentence-script-a-transparent-3d-cell-me-ee273c,172,18.757533,21.3,1065,1,0,1,1,CAREFUL,9.28,0,0,0.0,64,19,45,0.296875,0.703125,4,6,602,1,15,0.401451,2.934285,3.708969,0.268092,5.161783,-0.42,0.06,0.015936,-0.019263,0.0,1111000000,0;0;2;5;3;2;3;3;0;1,-0.11126,6.247719,0.127002,running
20260526-203113-sentence-script-a-transparent-3d-cell-me-ee273c,173,18.861063,21.42,1071,1,0,1,1,CAREFUL,9.4,0,0,0.0,64,19,45,0.296875,0.703125,4,6,613,1,15,0.400159,2.934334,3.717239,0.268581,5.173339,-0.42,0.06,0.013515,-0.021032,0.0,1111000000,0;0;2;5;3;2;3;3;0;1,-0.315368,6.234067,0.315351,running
20260526-203113-sentence-script-a-transparent-3d-cell-me-ee273c,174,18.964189,21.54,1077,1,0,1,1,CAREFUL,9.52,0,0,0.0,64,19,45,0.296875,0.703125,4,6,623,1,15,0.387838,2.934336,3.727887,0.268659,5.18845,-0.42,0.06,0.0109,-0.022499,0.0,1111000000,0;0;2;5;3;2;3;3;0;1,-0.543289,6.208128,0.475897,running
20260526-203113-sentence-script-a-transparent-3d-cell-me-ee273c,175,19.067534,21.66,1083,1,0,1,1,CAREFUL,9.64,0,0,0.0,64,19,45,0.296875,0.703125,4,6,632,0,15,0.372161,2.8,3.734438,0.278437,5.193639,-0.42,0.06,0.008128,-0.023642,0.0,1111000000,0;0;2;5;3;2;3;3;0;1,-0.791726,6.169953,0.606095,running
20260526-203113-sentence-script-a-transparent-3d-cell-me-ee273c,176,19.168368,21.78,1089,1,0,1,1,CAREFUL,9.76,0,0,0.0,64,19,45,0.296875,0.703125,4,6,643,0,15,0.364772,2.934351,3.739258,0.279849,5.199898,-0.42,0.06,0.00524,-0.024445,0.0,1111000000,0;0;2;5;3;2;3;3;0;1,-1.057115,6.119616,0.703779,running
20260526-203113-sentence-script-a-transparent-3d-cell-me-ee273c,177,19.269764,21.9,1095,1,0,1,1,CAREFUL,9.88,0,0,0.0,64,19,45,0.296875,0.703125,4,6,653,0,15,0.356582,2.934352,3.742112,0.279944,5.203916,-0.42,0.06,0.002276,-0.024896,0.0,1111000000,0;0;2;5;3;2;3;3;0;1,-1.335677,6.057218,0.767191,running
20260526-203113-sentence-script-a-transparent-3d-cell-me-ee273c,178,19.380553,22.02,1101,1,0,1,1,CAREFUL,10.0,0,0,0.0,64,19,45,0.296875,0.703125,4,6,662,0,15,0.346578,2.8,3.739459,0.279106,5.200497,-0.42,0.06,-0.000721,-0.02499,0.0,1110100000,0;0;2;5;3;2;3;3;0;1,-1.623459,5.98288,0.795002,running
20260526-203113-sentence-script-a-transparent-3d-cell-me-ee273c,179,19.492538,22.16,1108,1,0,1,1,CAREFUL,10.14,0,0,0.0,64,19,45,0.296875,0.703125,4,6,674,0,15,0.351396,2.932467,3.734753,0.277997,5.194272,-0.42,0.06,-0.004201,-0.024644,0.0,1110100000,0;0;2;5;3;2;3;3;0;1,-1.965414,5.88126,0.7813,running
20260526-203113-sentence-script-a-transparent-3d-cell-me-ee273c,180,19.596949,22.28,1114,1,0,1,1,CAREFUL,10.26,0,0,0.0,64,19,45,0.296875,0.703125,4,6,685,0,15,0.362802,2.93435,3.73243,0.277788,5.191057,-0.42,0.06,-0.007121,-0.023964,0.0,1110100000,0;0;2;5;3;2;3;3;0;1,-2.259089,5.781588,0.729558,running
20260526-203113-sentence-script-a-transparent-3d-cell-me-ee273c,181,19.700674,22.4,1120,1,0,1,1,CAREFUL,10.38,0,0,0.0,64,19,45,0.296875,0.703125,4,6,695,0,15,0.372149,2.934357,3.726738,0.277287,5.183173,-0.42,0.06,-0.009939,-0.022939,0.0,1110100000,0;0;2;5;3;2;3;3;0;1,-2.548887,5.67052,0.640993,running
20260526-203113-sentence-script-a-transparent-3d-cell-me-ee273c,182,19.804419,22.52,1126,1,0,1,1,CAREFUL,10.5,0,0,0.0,64,19,45,0.296875,0.703125,4,6,704,0,15,0.375493,2.8,3.718106,0.275764,5.171539,-0.42,0.06,-0.012614,-0.021585,0.0,1110100000,0;0;2;5;3;2;3;3;0;1,-2.83067,5.548276,0.51618,running
20260526-203113-sentence-script-a-transparent-3d-cell-me-ee273c,183,19.908197,22.64,1132,1,0,1,1,CAREFUL,10.62,0,0,0.0,64,19,45,0.296875,0.703125,4,6,716,0,15,0.388514,2.934358,3.712218,0.275212,5.163399,-0.42,0.06,-0.015107,-0.019919,0.0,1110100000,0;0;2;5;3;2;3;3;0;1,-3.100386,5.415096,0.356147,running
20260526-203113-sentence-script-a-transparent-3d-cell-me-ee273c,184,20.011604,22.76,1138,1,0,1,1,CAREFUL,10.74,0,0,0.0,64,19,45,0.296875,0.703125,4,6,727,0,15,0.401482,2.93435,3.701401,0.27384,5.148593,-0.42,0.06,-0.017383,-0.017968,0.0,1110100000,0;0;2;5;3;2;3;3;0;1,-3.354123,5.271242,0.162368,running
20260526-203113-sentence-script-a-transparent-3d-cell-me-ee273c,185,20.114492,22.88,1144,1,0,1,1,CAREFUL,10.86,0,0,0.0,64,19,45,0.296875,0.703125,4,6,737,0,16,0.408835,2.8,3.69338,0.272976,5.137551,-0.42,0.06,-0.019409,-0.015758,0.0,1110100000,0;0;2;5;3;2;3;3;0;1,-3.58815,5.116999,-0.063263,running
20260526-203113-sentence-script-a-transparent-3d-cell-me-ee273c,186,20.215574,23.0,1150,1,0,1,1,CAREFUL,10.98,0,0,0.0,64,19,45,0.296875,0.703125,4,6,750,0,16,0.42003,2.934366,3.693875,0.271593,5.138839,-0.42,0.06,-0.021156,-0.013321,0.0,1110100000,0;0;2;5;3;2;3;3;0;1,-3.798967,4.95267,-0.318448,running
20260526-203113-sentence-script-a-transparent-3d-cell-me-ee273c,187,20.3189,23.12,1156,1,0,1,1,CAREFUL,11.1,0,0,0.0,64,19,45,0.296875,0.703125,4,6,761,0,16,0.411188,2.932657,3.698086,0.270313,5.145369,-0.42,0.06,-0.022598,-0.010692,0.0,1110100000,0;0;2;5;3;2;3;3;0;1,-3.983349,4.778579,-0.600514,running
20260526-203113-sentence-script-a-transparent-3d-cell-me-ee273c,188,20.42208,23.24,1162,1,0,1,1,CAREFUL,11.22,0,0,0.0,64,19,45,0.296875,0.703125,4,6,772,0,16,0.401999,2.8,3.699585,0.269644,5.147782,-0.42,0.06,-0.023716,-0.00791,0.0,1110100000,0;0;2;5;3;2;3;3;0;1,-4.13838,4.595069,-0.906449,running
20260526-203113-sentence-script-a-transparent-3d-cell-me-ee273c,189,20.52716,23.36,1168,1,0,1,1,CAREFUL,11.34,0,0,0.0,64,19,45,0.296875,0.703125,4,6,786,0,16,0.40279,2.934357,3.701893,0.269032,5.151323,-0.42,0.06,-0.024492,-0.005014,0.0,1110100000,0;0;2;5;3;2;3;3;0;1,-4.261496,4.402502,-1.232933,running
20260526-203113-sentence-script-a-transparent-3d-cell-me-ee273c,190,20.629178,23.48,1174,1,0,1,1,CAREFUL,11.46,0,0,0.0,64,19,45,0.296875,0.703125,4,6,799,0,17,0.401309,2.93384,3.700688,0.268413,5.149871,-0.42,0.06,-0.024916,-0.002046,0.0,1110100000,0;0;2;5;3;2;3;3;0;1,-4.350511,4.201258,-1.576383,running
20260526-203113-sentence-script-a-transparent-3d-cell-me-ee273c,191,20.732417,23.6,1180,1,0,1,1,CAREFUL,11.58,0,0,0.0,64,19,45,0.296875,0.703125,4,6,815,0,17,0.409377,2.934356,3.70199,0.268831,5.151546,-0.42,0.06,-0.024982,0.000951,0.0,1110100000,0;0;2;5;3;2;3;3;0;1,-4.403647,3.991733,-1.932994,running
20260526-203113-sentence-script-a-transparent-3d-cell-me-ee273c,192,20.836032,23.72,1186,1,0,1,1,CAREFUL,11.7,0,0,0.0,64,19,45,0.296875,0.703125,4,6,830,0,17,0.416123,2.934364,3.697524,0.268521,5.145326,-0.42,0.06,-0.024688,0.003935,0.0,1110100000,0;0;2;5;3;2;3;3;0;1,-4.419553,3.77434,-2.298786,running
20260526-203113-sentence-script-a-transparent-3d-cell-me-ee273c,193,20.938991,23.84,1192,1,0,1,1,CAREFUL,11.82,0,0,0.0,64,19,45,0.296875,0.703125,4,6,846,0,17,0.423138,2.93419,3.692287,0.267704,5.138222,-0.42,0.06,-0.02404,0.006862,0.0,1110100000,0;0;2;5;3;2;3;3;0;1,-4.397325,3.549507,-2.66965,running
20260526-203113-sentence-script-a-transparent-3d-cell-me-ee273c,194,21.044009,23.96,1198,1,0,1,1,CAREFUL,11.94,0,0,0.0,64,19,45,0.296875,0.703125,4,6,863,0,17,0.439953,2.934352,3.688991,0.267673,5.133548,-0.42,0.06,-0.023045,0.009691,0.0,1110100000,0;0;2;5;3;2;3;3;0;1,-4.336517,3.317679,-3.041403,running
20260526-203113-sentence-script-a-transparent-3d-cell-me-ee273c,195,21.147164,24.08,1204,1,0,1,1,CAREFUL,12.06,0,0,0.0,64,19,45,0.296875,0.703125,4,6,879,0,17,0.447645,2.934346,3.683232,0.267387,5.125478,-0.42,0.06,-0.02172,0.01238,0.0,1110100000,0;0;2;5;3;2;3;3;0;1,-4.237143,3.079311,-3.409833,running
20260526-203113-sentence-script-a-transparent-3d-cell-me-ee273c,196,21.248141,24.2,1210,1,0,1,1,CAREFUL,12.18,0,0,0.0,64,21,43,0.328125,0.671875,4,6,892,2,17,0.359452,2.934259,3.525663,0.266275,5.117456,-0.42,0.06,-0.020081,0.014891,0.0,1010100100,0;2;2;5;3;2;3;3;0;1,-4.099684,2.834873,-3.770754,running
20260526-203113-sentence-script-a-transparent-3d-cell-me-ee273c,197,21.349302,24.32,1216,1,0,1,1,CAREFUL,12.3,0,0,0.0,64,21,43,0.328125,0.671875,4,6,899,2,17,0.366402,2.93411,3.522369,0.268157,5.111636,-0.42,0.06,-0.018154,0.017188,0.0,1010100100,0;2;2;5;3;2;3;3;0;1,-3.925074,2.584849,-4.120055,running
20260526-203113-sentence-script-a-transparent-3d-cell-me-ee273c,198,21.450877,24.44,1222,1,0,1,1,CAREFUL,12.42,0,0,0.0,64,21,43,0.328125,0.671875,4,6,905,2,17,0.362106,2.8,3.519477,0.266454,5.108163,-0.42,0.06,-0.015966,0.019237,0.0,1010100100,0;2;2;5;3;2;3;3;0;1,-3.714696,2.329729,-4.453751,running
20260526-203113-sentence-script-a-transparent-3d-cell-me-ee273c,199,21.552847,24.56,1228,1,0,1,1,CAREFUL,12.54,0,0,0.0,64,21,43,0.328125,0.671875,4,6,912,2,17,0.365024,2.934241,3.520485,0.263621,5.111047,-0.42,0.06,-0.013548,0.02101,0.0,1010100100,0;2;2;5;3;2;3;3;0;1,-3.470362,2.070017,-4.768031,running
20260526-203113-sentence-script-a-transparent-3d-cell-me-ee273c,200,21.656791,24.68,1234,1,0,1,1,CAREFUL,12.66,0,0,0.0,64,21,43,0.328125,0.671875,4,6,919,2,17,0.359975,2.930888,3.530002,0.262597,5.125711,-0.42,0.06,-0.010936,0.022481,0.0,1010100100,0;2;2;5;3;2;3;3;0;1,-3.194292,1.806225,-5.059303,running
20260526-203113-sentence-script-a-transparent-3d-cell-me-ee273c,201,21.758147,24.8,1240,1,0,1,1,CAREFUL,12.78,0,0,0.0,64,21,43,0.328125,0.671875,4,6,925,1,17,0.346825,2.8,3.543549,0.263879,5.145248,-0.42,0.06,-0.008166,0.023629,0.0,1010100100,0;2;2;5;3;2;3;3;0;1,-2.88909,1.538873,-5.32424,running
20260526-203113-sentence-script-a-transparent-3d-cell-me-ee273c,202,21.869118,24.92,1246,1,0,1,1,CAREFUL,12.9,0,0,0.0,64,21,43,0.328125,0.671875,4,6,933,0,17,0.344932,2.934255,3.559946,0.282019,5.160794,-0.42,0.06,-0.005279,0.024436,0.0,1010100100,0;2;2;5;3;2;3;3;0;1,-2.557706,1.268488,-5.559818,running
20260526-203113-sentence-script-a-transparent-3d-cell-me-ee273c,203,21.983873,25.06,1253,1,0,1,1,CAREFUL,13.04,0,0,0.0,64,21,43,0.328125,0.671875,4,6,940,0,17,0.331055,2.934256,3.572353,0.284357,5.178119,-0.42,0.06,-0.001817,0.024934,0.0,0010110100,0;2;2;5;3;2;3;3;0;1,-2.142376,0.949917,-5.793996,running
20260526-203113-sentence-script-a-transparent-3d-cell-me-ee273c,204,22.088436,25.18,1259,1,0,1,1,CAREFUL,13.16,0,0,0.0,64,21,43,0.328125,0.671875,4,6,947,0,17,0.32181,2.933498,3.579366,0.285211,5.18814,-0.42,0.06,0.001181,0.024972,0.0,0010110100,0;2;2;5;3;2;3;3;0;1,-1.765837,0.674794,-5.957262,running
20260526-203113-sentence-script-a-transparent-3d-cell-me-ee273c,205,22.191327,25.3,1265,1,0,1,1,CAREFUL,13.28,0,0,0.0,64,21,43,0.328125,0.671875,4,6,953,0,17,0.31263,2.8,3.583057,0.284546,5.193958,-0.42,0.06,0.004162,0.024651,0.0,0010110100,0;2;2;5;3;2;3;3;0;1,-1.374349,0.398342,-6.083994,running
20260526-203113-sentence-script-a-transparent-3d-cell-me-ee273c,206,22.292428,25.42,1271,1,0,1,1,CAREFUL,13.4,0,0,0.0,64,21,43,0.328125,0.671875,4,6,960,0,17,0.31579,2.934272,3.583047,0.28397,5.194224,-0.42,0.06,0.007083,0.023976,0.0,0010110100,0;2;2;5;3;2;3;3;0;1,-0.971898,0.121105,-6.172783,running
20260526-203113-sentence-script-a-transparent-3d-cell-me-ee273c,207,22.393616,25.54,1277,1,0,1,1,CAREFUL,13.52,0,0,0.0,64,21,43,0.328125,0.671875,4,6,967,0,17,0.320109,2.93138,3.582515,0.283472,5.193676,-0.42,0.06,0.009902,0.022955,0.0,0010110100,0;2;2;5;3;2;3;3;0;1,-0.562604,-0.156371,-6.222662,running
20260526-203113-sentence-script-a-transparent-3d-cell-me-ee273c,208,22.495069,25.66,1283,1,0,1,1,CAREFUL,13.64,0,0,0.0,64,21,43,0.328125,0.671875,4,6,973,0,17,0.324962,2.8,3.583878,0.282861,5.196003,-0.42,0.06,0.012579,0.021605,0.0,0010110100,0;2;2;5;3;2;3;3;0;1,-0.150665,-0.433539,-6.233125,running
20260526-203113-sentence-script-a-transparent-3d-cell-me-ee273c,209,22.596481,25.78,1289,1,0,1,1,CAREFUL,13.76,0,0,0.0,64,21,43,0.328125,0.671875,4,6,982,0,17,0.335614,2.934302,3.584858,0.282319,5.197725,-0.42,0.06,0.015075,0.019943,0.0,0010110100,0;2;2;5;3;2;3;3;0;1,0.259689,-0.709853,-6.204125,running
20260526-203113-sentence-script-a-transparent-3d-cell-me-ee273c,210,22.70626,25.9,1295,1,0,1,1,CAREFUL,13.88,0,0,0.0,64,22,42,0.34375,0.65625,4,6,986,1,18,0.294535,2.8,3.504296,0.279389,5.193533,-0.42,0.06,0.017354,0.017995,0.0,0010010101,0;2;2;5;4;2;3;3;0;1,0.664249,-0.984767,-6.136082,running
20260526-203113-sentence-script-a-transparent-3d-cell-me-ee273c,211,22.821657,26.04,1302,1,0,1,1,CAREFUL,14.02,0,0,0.0,64,22,42,0.34375,0.65625,4,6,991,1,18,0.304566,2.925798,3.498677,0.280014,5.184644,-0.42,0.06,0.019695,0.015398,0.0,0010010101,0;2;2;5;4;2;3;3;0;1,1.1234,-1.303009,-6.008547,running
20260526-203113-sentence-script-a-transparent-3d-cell-me-ee273c,212,22.923993,26.16,1308,1,0,1,1,CAREFUL,14.14,0,0,0.0,64,22,42,0.34375,0.65625,4,6,996,0,18,0.316281,2.8,3.495304,0.285631,5.176561,-0.42,0.06,0.021397,0.012929,0.0,0010010101,0;2;2;5;4;2;3;3;0;1,1.50138,-1.573038,-5.859514,running
20260526-203113-sentence-script-a-transparent-3d-cell-me-ee273c,213,23.029376,26.28,1314,1,0,1,1,CAREFUL,14.26,0,0,0.0,64,23,41,0.359375,0.640625,4,6,1002,1,18,0.312986,2.926543,3.43055,0.288041,5.193422,-0.42,0.06,0.022791,0.010275,0.0,0010010101,0;2;2;5;4;2;4;3;0;1,1.860948,-1.839967,-5.675728,running
20260526-203113-sentence-script-a-transparent-3d-cell-me-ee273c,214,23.131138,26.4,1320,1,0,1,1,CAREFUL,14.38,0,0,0.0,64,23,41,0.359375,0.640625,4,6,1007,1,18,0.304442,2.8,3.437861,0.285701,5.206145,-0.42,0.06,0.023857,0.007472,0.0,0010010101,0;2;2;5;4;2;4;3;0;1,2.198517,-2.103268,-5.459422,running
20260526-203113-sentence-script-a-transparent-3d-cell-me-ee273c,215,23.232718,26.52,1326,1,0,1,1,CAREFUL,14.5,0,0,0.0,64,23,41,0.359375,0.640625,4,6,1012,1,18,0.296367,2.8,3.441925,0.283413,5.213773,-0.42,0.06,0.02458,0.004563,0.0,0010010101,0;2;2;5;4;2;4;3;0;1,2.510766,-2.362425,-5.213205,running
20260526-203113-sentence-script-a-transparent-3d-cell-me-ee273c,216,23.335517,26.64,1332,1,0,1,1,CAREFUL,14.62,0,0,0.0,64,23,41,0.359375,0.640625,4,6,1019,0,18,0.301446,2.932365,3.44693,0.288129,5.21894,-0.42,0.06,0.02495,0.001587,0.0,0010010101,0;2;2;5;4;2;4;3;0;1,2.794683,-2.616924,-4.940036,running
20260526-203113-sentence-script-a-transparent-3d-cell-me-ee273c,217,23.435565,26.76,1338,1,0,1,1,CAREFUL,14.74,0,0,0.0,64,24,40,0.375,0.625,4,6,1025,1,18,0.25087,2.931659,3.377312,0.294169,5.227198,-0.42,0.06,0.02496,-0.001411,0.0,0000010111,0;2;3;5;4;2;4;3;0;1,3.047599,-2.866266,-4.643184,running
20260526-203113-sentence-script-a-transparent-3d-cell-me-ee273c,218,23.537682,26.88,1344,1,0,1,1,CAREFUL,14.86,0,0,0.0,64,24,40,0.375,0.625,4,6,1028,1,18,0.249483,2.8,3.376534,0.295551,5.225124,-0.42,0.06,0.024612,-0.004389,0.0,0000010111,0;2;3;5;4;2;4;3;0;1,3.267222,-3.109958,-4.32619,running
20260526-203113-sentence-script-a-transparent-3d-cell-me-ee273c,219,23.641956,27.0,1350,1,0,1,1,CAREFUL,14.98,0,0,0.0,64,24,40,0.375,0.625,4,6,1031,1,18,0.251149,2.8,3.377111,0.295744,5.225932,-0.42,0.06,0.023909,-0.007303,0.0,0000010111,0;2;3;5;4;2;4;3;0;1,3.451662,-3.347521,-3.992822,running
20260526-203113-sentence-script-a-transparent-3d-cell-me-ee273c,220,23.746139,27.12,1356,1,0,1,1,CAREFUL,15.1,0,0,0.0,64,24,40,0.375,0.625,4,6,1035,0,18,0.260918,2.932911,3.377649,0.298324,5.225244,-0.42,0.06,0.022863,-0.010113,0.0,0000010111,0;2;3;5;4;2;4;3;0;1,3.599458,-3.578485,-3.647033,running
20260526-203113-sentence-script-a-transparent-3d-cell-me-ee273c,221,23.850507,27.24,1362,1,0,1,1,CAREFUL,15.22,0,0,0.0,64,24,40,0.375,0.625,4,6,1038,0,18,0.263384,2.8,3.375533,0.3011,5.220193,-0.42,0.06,0.021488,-0.012777,0.0,0000010111,0;2;3;5;4;2;4;3;0;1,3.709589,-3.802396,-3.292906,running
20260526-203113-sentence-script-a-transparent-3d-cell-me-ee273c,222,23.953986,27.36,1368,1,0,1,1,CAREFUL,15.34,0,0,0.0,64,25,39,0.390625,0.609375,4,6,1042,1,18,0.264489,2.934322,3.296954,0.299527,5.218381,-0.42,0.06,0.019804,-0.015258,0.0,0000010111,0;2;3;6;4;2;4;3;0;1,3.781493,-4.018812,-2.934613,running
20260526-203113-sentence-script-a-transparent-3d-cell-me-ee273c,223,24.058711,27.48,1374,1,0,1,1,CAREFUL,15.46,0,0,0.0,64,25,39,0.390625,0.609375,4,6,1045,1,18,0.269288,2.931478,3.294046,0.298683,5.21415,-0.42,0.06,0.017835,-0.017519,0.0,0000010111,0;2;3;6;4;2;4;3;0;1,3.815069,-4.227308,-2.576358,running
20260526-203113-sentence-script-a-transparent-3d-cell-me-ee273c,224,24.162344,27.6,1380,1,0,1,1,CAREFUL,15.58,0,0,0.0,64,25,39,0.390625,0.609375,4,6,1048,1,18,0.270838,2.8,3.288043,0.297171,5.205268,-0.42,0.06,0.015609,-0.019528,0.0,0000010111,0;2;3;6;4;2;4;3;0;1,3.810678,-4.42747,-2.222328,running
20260526-203113-sentence-script-a-transparent-3d-cell-me-ee273c,225,24.262913,27.72,1386,1,0,1,1,CAREFUL,15.7,0,0,0.0,64,25,39,0.390625,0.609375,4,6,1052,1,18,0.277783,2.934306,3.281473,0.295999,5.195239,-0.42,0.06,0.013159,-0.021256,0.0,0000010111,0;2;3;6;4;2;4;3;0;1,3.76914,-4.618907,-1.876641,running
20260526-203113-sentence-script-a-transparent-3d-cell-me-ee273c,226,24.363912,27.84,1392,1,0,1,1,CAREFUL,15.82,0,0,0.0,64,25,39,0.390625,0.609375,4,6,1055,1,18,0.281945,2.929364,3.27883,0.295569,5.191177,-0.42,0.06,0.01052,-0.022679,0.0,0000010111,0;2;3;6;4;2;4;3;0;1,3.691725,-4.801239,-1.5433,running
20260526-203113-sentence-script-a-transparent-3d-cell-me-ee273c,227,24.466583,27.96,1398,1,0,1,1,CAREFUL,15.94,0,0,0.0,64,25,39,0.390625,0.609375,4,6,1058,0,18,0.282456,2.8,3.285176,0.302911,5.196884,-0.42,0.06,0.00773,-0.023775,0.0,0000010111,0;2;3;6;4;2;4;3;0;1,3.580131,-4.974108,-1.226137,running
20260526-203113-sentence-script-a-transparent-3d-cell-me-ee273c,228,24.570429,28.08,1404,1,0,1,1,CAREFUL,16.06,0,0,0.0,64,25,39,0.390625,0.609375,4,6,1062,0,18,0.274745,2.931653,3.292287,0.303483,5.208187,-0.42,0.06,0.004828,-0.024529,0.0,0000010111,0;2;3;6;4;2;4;3;0;1,3.436472,-5.137172,-0.928774,running
20260526-203113-sentence-script-a-transparent-3d-cell-me-ee273c,229,24.674102,28.2,1410,1,0,1,1,CAREFUL,16.18,0,0,0.0,64,25,39,0.390625,0.609375,4,6,1065,0,18,0.269799,2.929177,3.293895,0.30313,5.211053,-0.42,0.06,0.001857,-0.024931,0.0,0000010111,0;2;3;6;4;2;4;3;0;1,3.263243,-5.290111,-0.654575,running
20260526-203113-sentence-script-a-transparent-3d-cell-me-ee273c,230,24.779079,28.32,1416,1,0,1,1,CAREFUL,16.3,0,0,0.0,64,25,39,0.390625,0.609375,4,6,1068,0,18,0.260304,2.8,3.295865,0.301868,5.215094,-0.42,0.06,-0.001141,-0.024974,0.0,0000010111,0;2;3;6;4;2;4;3;0;1,3.063295,-5.432623,-0.406605,running
20260526-203113-sentence-script-a-transparent-3d-cell-me-ee273c,231,24.881338,28.44,1422,1,0,1,1,CAREFUL,16.42,0,0,0.0,64,25,39,0.390625,0.609375,4,6,1072,0,18,0.258669,2.932703,3.296324,0.300793,5.216536,-0.42,0.06,-0.004123,-0.024658,0.0,0000010111,0;2;3;6;4;2;4;3;0;1,2.839798,-5.564428,-0.187595,running
20260526-203113-sentence-script-a-transparent-3d-cell-me-ee273c,232,24.984818,28.56,1428,1,0,1,1,CAREFUL,16.54,0,0,0.0,64,25,39,0.390625,0.609375,4,6,1075,0,18,0.254187,2.8,3.295414,0.300764,5.215061,-0.42,0.06,-0.007045,-0.023987,0.0,0000010111,0;2;3;6;4;2;4;3;0;1,2.596203,-5.685264,9.5e-05,running
20260526-203113-sentence-script-a-transparent-3d-cell-me-ee273c,233,25.089413,28.68,1434,1,0,1,1,CAREFUL,16.66,0,0,0.0,64,25,39,0.390625,0.609375,4,6,1078,0,18,0.25692,2.8,3.293355,0.30092,5.211583,-0.42,0.06,-0.009866,-0.022971,0.0,0000010111,0;2;3;6;4;2;4;3;0;1,2.336199,-5.794895,0.1545,running
20260526-203113-sentence-script-a-transparent-3d-cell-me-ee273c,234,25.191466,28.8,1440,1,0,1,1,CAREFUL,16.78,0,0,0.0,64,25,39,0.390625,0.609375,4,6,1082,0,18,0.263902,2.926876,3.295349,0.300818,5.21492,-0.42,0.06,-0.012545,-0.021625,0.0,0000010111,0;2;3;6;4;2;4;3;0;1,2.063665,-5.893103,0.274074,running
20260526-203113-sentence-script-a-transparent-3d-cell-me-ee273c,235,25.293559,28.92,1446,1,0,1,1,CAREFUL,16.9,0,0,0.0,64,25,39,0.390625,0.609375,4,6,1085,0,18,0.262787,2.8,3.293192,0.299942,5.211942,-0.42,0.06,-0.015043,-0.019967,0.0,0000010111,0;2;3;6;4;2;4;3;0;1,1.78263,-5.979697,0.357715,running
20260526-203113-sentence-script-a-transparent-3d-cell-me-ee273c,236,25.397638,29.04,1452,1,0,1,1,CAREFUL,17.02,0,0,0.0,64,25,39,0.390625,0.609375,4,6,1086,0,18,0.265455,2.694658,3.291047,0.29902,5.209012,-0.42,0.06,-0.017325,-0.018023,0.0,0000001111,0;2;3;6;4;2;4;3;0;1,1.497213,-6.054504,0.40477,running
20260526-203113-sentence-script-a-transparent-3d-cell-me-ee273c,237,25.499788,29.16,1458,1,0,1,1,CAREFUL,17.14,0,0,0.0,64,25,39,0.390625,0.609375,4,6,1086,0,18,0.269261,2.51662,3.291098,0.298311,5.209551,-0.42,0.06,-0.019358,-0.015819,0.0,0000001111,0;2;3;6;4;2;4;3;0;1,1.211584,-6.117377,0.415047,running
20260526-203113-sentence-script-a-transparent-3d-cell-me-ee273c,238,25.602908,29.28,1464,1,0,1,1,CAREFUL,17.26,0,0,0.0,64,25,39,0.390625,0.609375,4,6,1086,0,18,0.273038,2.350211,3.289238,0.297318,5.207135,-0.42,0.06,-0.021113,-0.013388,0.0,0000001111,0;2;3;6;4;2;4;3;0;1,0.929903,-6.168193,0.38882,running
20260526-203113-sentence-script-a-transparent-3d-cell-me-ee273c,239,25.70736,29.4,1470,1,0,1,1,CAREFUL,17.38,0,0,0.0,64,25,39,0.390625,0.609375,4,6,1086,0,18,0.276823,2.193883,3.287745,0.296627,5.205129,-0.42,0.06,-0.022564,-0.010764,0.0,0000001111,0;2;3;6;4;2;4;3;0;1,0.656274,-6.206851,0.326817,running
20260526-203113-sentence-script-a-transparent-3d-cell-me-ee273c,240,25.809322,29.52,1476,1,0,1,1,CAREFUL,17.5,0,0,0.0,64,26,38,0.40625,0.59375,4,6,1086,1,18,0.272484,2.046055,3.219746,0.29492,5.220942,-0.42,0.06,-0.02369,-0.007986,0.0,0000001111,0;2;4;6;4;2;4;3;0;1,0.394696,-6.233275,0.23022,running
20260526-203113-sentence-script-a-transparent-3d-cell-me-ee273c,241,25.912472,29.64,1482,1,0,1,1,CAREFUL,17.62,0,0,0.0,64,26,38,0.40625,0.59375,4,6,1086,1,18,0.266315,1.907528,3.223893,0.295701,5.227392,-0.42,0.06,-0.024476,-0.005092,0.0,0000001111,0;2;4;6;4;2;4;3;0;1,0.14901,-6.247413,0.100644,running
20260526-203113-sentence-script-a-transparent-3d-cell-me-ee273c,242,26.017409,29.76,1488,1,0,1,1,CAREFUL,17.74,0,0,0.0,64,26,38,0.40625,0.59375,4,6,1086,1,18,0.258658,1.769618,3.231044,0.294873,5.240003,-0.42,0.06,-0.024909,-0.002126,0.0,0000001111,0;2;4;6;4;2;4;3;0;1,-0.077146,-6.249237,-0.059878,running
20260526-203113-sentence-script-a-transparent-3d-cell-me-ee273c,243,26.119761,29.88,1494,1,0,1,1,CAREFUL,17.86,0,0,0.0,64,26,38,0.40625,0.59375,4,6,1086,0,18,0.254504,1.629462,3.238922,0.298774,5.250602,-0.42,0.06,-0.024985,0.000872,0.0,0000001111,0;2;4;6;4;2;4;3;0;1,-0.280381,-6.238744,-0.248924,running
20260526-203113-sentence-script-a-transparent-3d-cell-me-ee273c,244,26.224166,30.0,1500,1,0,1,1,CAREFUL,17.98,0,0,0.0,64,26,38,0.40625,0.59375,4,6,1086,0,18,0.24774,1.518944,3.240994,0.29919,5.253807,-0.42,0.06,-0.024701,0.003856,0.0,0000001111,0;2;4;6;4;2;4;3;0;1,-0.457594,-6.215954,-0.46371,running
20260526-203113-sentence-script-a-transparent-3d-cell-me-ee273c,245,26.328167,30.12,1506,1,0,1,1,CAREFUL,18.1,0,0,0.0,64,26,38,0.40625,0.59375,4,6,1086,0,18,0.240897,1.404741,3.243904,0.299259,5.258661,-0.42,0.06,-0.024062,0.006786,0.0,0000001111,0;2;4;6;4;2;4;3;0;1,-0.606012,-6.180912,-0.701128,running
20260526-203113-sentence-script-a-transparent-3d-cell-me-ee273c,246,26.440934,30.26,1513,1,0,1,1,CAREFUL,18.24,0,0,0.0,64,26,38,0.40625,0.59375,4,6,1086,0,18,0.240126,1.271736,3.242832,0.29919,5.256903,-0.42,0.06,-0.022879,0.010077,0.0,0000001111,0;2;4;6;4;2;4;3;0;1,-0.739573,-6.124638,-1.002168,running
20260526-203113-sentence-script-a-transparent-3d-cell-me-ee273c,247,26.555578,30.4,1520,1,0,1,1,CAREFUL,18.38,0,0,0.0,64,26,38,0.40625,0.59375,4,6,1086,0,18,0.242508,1.153188,3.244658,0.29883,5.260224,-0.42,0.06,-0.021249,0.013171,0.0,0000001111,0;2;4;6;4;2;4;3;0;1,-0.827519,-6.051934,-1.323558,running
20260526-203113-sentence-script-a-transparent-3d-cell-me-ee273c,248,26.667606,30.54,1527,1,0,1,1,CAREFUL,18.52,0,0,0.0,64,26,38,0.40625,0.59375,4,6,1086,0,18,0.240939,1.043456,3.243459,0.299176,5.257969,-0.42,0.06,-0.019203,0.016007,0.0,0000010111,0;2;4;6;4;2;4;3;0;1,-0.867471,-5.962995,-1.659122,running
20260526-203113-sentence-script-a-transparent-3d-cell-me-ee273c,249,26.779214,30.68,1534,1,0,1,1,CAREFUL,18.66,0,0,0.0,64,26,38,0.40625,0.59375,4,6,1086,0,18,0.244563,0.935334,3.240239,0.298256,5.253175,-0.42,0.06,-0.016782,0.01853,0.0,0000010111,0;2;4;6;4;2;4;3;0;1,-0.857869,-5.858059,-2.002425,running
20260526-203113-sentence-script-a-transparent-3d-cell-me-ee273c,250,26.891185,30.82,1541,1,0,1,1,CAREFUL,18.8,0,0,0.0,64,27,37,0.421875,0.578125,4,6,1086,1,18,0.245215,0.834214,3.159311,0.296164,5.248634,-0.42,0.06,-0.014032,0.020691,0.0,0000010111,0;2;4;6;5;2;4;3;0;1,-0.797995,-5.737408,-2.346881,running
20260526-203113-sentence-script-a-transparent-3d-cell-me-ee273c,251,27.011238,30.96,1548,1,0,1,1,CAREFUL,18.94,0,0,0.0,64,27,37,0.421875,0.578125,4,6,1086,1,18,0.252801,0.783966,3.15345,0.295311,5.23912,-0.42,0.06,-0.011007,0.022446,0.0,0000010111,0;2;4;6;5;2;4;3;0;1,-0.687987,-5.601366,-2.685865,running
20260526-203113-sentence-script-a-transparent-3d-cell-me-ee273c,252,27.115988,31.1,1555,1,0,1,1,CAREFUL,19.08,0,0,0.0,64,27,37,0.421875,0.578125,4,6,1086,1,18,0.256813,0.803383,3.149671,0.296077,5.232024,-0.42,0.06,-0.007767,0.023763,0.0,0000010111,0;2;4;6;5;2;4;3;0;1,-0.528839,-5.450298,-3.01282,running
20260526-203113-sentence-script-a-transparent-3d-cell-me-ee273c,253,27.230288,31.24,1562,1,0,1,1,CAREFUL,19.22,0,0,0.0,64,27,37,0.421875,0.578125,4,6,1086,0,18,0.254489,0.812391,3.158893,0.303672,5.242433,-0.42,0.06,-0.004376,0.024614,0.0,0000010111,0;2;4;6;5;2;4;3;0;1,-0.322381,-5.284608,-3.321369,running
20260526-203113-sentence-script-a-transparent-3d-cell-me-ee273c,254,27.330896,31.36,1568,1,0,1,1,CAREFUL,19.34,0,0,0.0,64,27,37,0.421875,0.578125,4,6,1088,0,18,0.252961,0.82011,3.166298,0.306821,5.252943,-0.42,0.06,-0.001397,0.024961,0.0,0000010111,0;2;4;6;5;2;4;3;0;1,-0.109741,-5.131287,-3.566561,running
20260526-203113-sentence-script-a-transparent-3d-cell-me-ee273c,255,27.431873,31.48,1574,1,0,1,1,MIX,0.02,0,0,0.0,64,27,37,0.421875,0.578125,4,6,1090,0,19,0.264147,0.907925,3.168964,0.306665,5.257669,0.033719,0.529604,-0.005634,-0.02997,0.05,0000010111,0;2;4;6;5;2;4;3;0;1,0.133621,-4.967851,-3.790132,running
20260526-203113-sentence-script-a-transparent-3d-cell-me-ee273c,256,27.53471,31.6,1580,1,0,1,1,MIX,0.14,0,0,0.0,64,27,37,0.421875,0.578125,4,6,1092,0,19,0.308691,0.90312,3.174882,0.309558,5.265794,0.094556,0.547455,-0.016088,-0.029751,0.05,0000010111,0;2;4;6;5;2;4;3;0;1,0.405205,-4.794624,-3.98872,running
20260526-203113-sentence-script-a-transparent-3d-cell-me-ee273c,257,27.635258,31.72,1586,1,0,1,1,MIX,0.26,0,0,0.0,64,27,37,0.421875,0.578125,4,6,1094,0,19,0.360508,0.873951,3.185703,0.317672,5.278591,0.148841,0.564911,-0.026262,-0.029323,0.05,0000010111,0;2;4;6;5;2;4;3;0;1,0.702154,-4.611947,-4.159257,running
20260526-203113-sentence-script-a-transparent-3d-cell-me-ee273c,258,27.737558,31.84,1592,1,0,1,1,MIX,0.38,0,0,0.0,64,27,37,0.421875,0.578125,4,6,1095,0,19,0.416787,0.850922,3.197778,0.33251,5.28865,0.192813,0.581721,-0.03598,-0.028688,0.05,0000010111,0;2;4;6;5;2;4;3;0;1,1.02129,-4.420179,-4.299009,running
20260526-203113-sentence-script-a-transparent-3d-cell-me-ee273c,259,27.840989,31.96,1598,1,0,1,1,MIX,0.5,0,0,0.0,64,27,37,0.421875,0.578125,4,6,1097,0,19,0.474509,0.823089,3.216271,0.355427,5.303913,0.223424,0.597644,-0.045071,-0.02785,0.05,0000010111,0;2;4;6;5;2;4;3;0;1,1.359147,-4.219699,-4.405605,running
20260526-203113-sentence-script-a-transparent-3d-cell-me-ee273c,260,27.943462,32.08,1604,1,0,1,1,MIX,0.62,0,0,0.0,64,27,37,0.421875,0.578125,4,6,1099,0,19,0.530361,0.835451,3.240232,0.387127,5.322228,0.238554,0.612449,-0.053378,-0.026817,0.05,0000010111,0;2;4;6;5;2;4;3;0;1,1.71202,-4.010902,-4.477069,running
20260526-203113-sentence-script-a-transparent-3d-cell-me-ee273c,261,28.047619,32.2,1610,1,0,1,1,MIX,0.74,0,0,0.0,64,27,37,0.421875,0.578125,4,6,1101,0,19,0.586042,0.87452,3.269673,0.42745,5.343728,0.237154,0.625925,-0.060757,-0.025594,0.05,0000010111,0;2;4;6;5;2;4;3;0;1,2.076005,-3.794199,-4.511846,running
20260526-203113-sentence-script-a-transparent-3d-cell-me-ee273c,262,28.152591,32.32,1616,1,0,1,1,MIX,0.86,0,0,0.0,64,27,37,0.421875,0.578125,4,6,1101,0,19,0.6409,0.948573,3.301272,0.475852,5.363065,0.219321,0.637878,-0.067078,-0.02419,0.05,0000010111,0;2;4;6;5;2;4;3;0;1,2.447047,-3.570018,-4.508817,running
20260526-203113-sentence-script-a-transparent-3d-cell-me-ee273c,263,28.256665,32.44,1622,1,0,1,1,MIX,0.98,0,0,0.0,64,27,37,0.421875,0.578125,4,6,1103,0,19,0.690808,0.986485,3.340573,0.531549,5.390402,0.18629,0.648135,-0.072232,-0.022616,0.05,0000010111,0;2;4;6;5;2;4;3;0;1,2.82099,-3.3388,-4.467318,running
20260526-203113-sentence-script-a-transparent-3d-cell-me-ee273c,264,28.374109,32.58,1629,1,0,1,1,MIX,1.12,0,0,0.0,64,28,36,0.4375,0.5625,3,7,1104,1,19,0.732757,1.047983,3.314897,0.590858,5.433595,0.131652,0.657763,-0.076652,-0.020579,0.05,0000010011,0;2;4;6;5;2;4;4;0;1,3.255313,-3.060761,-4.370032,running
20260526-203113-sentence-script-a-transparent-3d-cell-me-ee273c,265,28.486576,32.72,1636,1,0,1,1,MIX,1.26,0,0,0.0,64,28,36,0.4375,0.5625,3,7,1104,1,19,0.779609,1.144698,3.367497,0.668336,5.466845,0.064624,0.664696,-0.079258,-0.018345,0.05,0000010011,0;2;4;6;5;2;4;4;0;1,3.681191,-2.774511,-4.220595,running
20260526-203113-sentence-script-a-transparent-3d-cell-me-ee273c,266,28.599749,32.86,1643,1,0,1,1,MIX,1.4,0,0,0.0,64,28,36,0.4375,0.5625,3,7,1105,1,19,0.819988,1.238648,3.423369,0.748641,5.503714,-0.008487,0.668797,-0.079987,-0.015934,0.05,0000010011,0;2;4;6;5;2;4;4;0;1,4.092064,-2.480818,-4.02033,running
20260526-203113-sentence-script-a-transparent-3d-cell-me-ee273c,267,28.712416,33.0,1650,1,0,1,1,MIX,1.54,0,0,0.0,64,28,36,0.4375,0.5625,3,7,1106,1,19,0.854106,1.337597,3.477391,0.828828,5.537385,-0.080799,0.669987,-0.078824,-0.013371,0.05,0000010011,0;2;4;6;5;2;4;4;0;1,4.481591,-2.18047,-3.771391,running
20260526-203113-sentence-script-a-transparent-3d-cell-me-ee273c,268,28.826177,33.14,1657,1,0,1,1,MIX,1.68,0,0,0.0,64,28,36,0.4375,0.5625,3,7,1107,1,19,0.885868,1.449158,3.5307,0.909983,5.569035,-0.145506,0.668241,-0.075795,-0.010679,0.05,0000010011,0;2;4;6;5;2;4;4;0;1,4.843757,-1.874272,-3.476726,running
20260526-203113-sentence-script-a-transparent-3d-cell-me-ee273c,269,28.938444,33.28,1664,1,0,1,1,MIX,1.82,0,0,0.0,64,28,36,0.4375,0.5625,3,7,1108,0,19,0.918667,1.580419,3.582916,0.991585,5.598396,-0.196519,0.663595,-0.070971,-0.007885,0.05,0000010011,0;2;4;6;5;2;4;4;0;1,5.172968,-1.563047,-3.140029,running
20260526-203113-sentence-script-a-transparent-3d-cell-me-ee273c,270,29.051574,33.42,1671,1,0,1,1,MIX,1.96,0,0,0.0,64,28,36,0.4375,0.5625,3,7,1109,0,19,0.94419,1.706738,3.632891,1.071764,5.62488,-0.229036,0.656139,-0.064468,-0.005015,0.05,0000010011,0;2;4;6;5;2;4;4;0;1,5.464149,-1.247628,-2.765682,running
20260526-203113-sentence-script-a-transparent-3d-cell-me-ee273c,271,29.162423,33.56,1678,1,0,1,1,MIX,2.1,0,0,0.0,64,28,36,0.4375,0.5625,3,7,1110,0,19,0.970221,1.828356,3.680275,1.149983,5.648279,-0.239997,0.646019,-0.056439,-0.002097,0.05,0000010011,0;2;4;6;5;2;4;4;0;1,5.712822,-0.928863,-2.358681,running
20260526-203113-sentence-script-a-transparent-3d-cell-me-ee273c,272,29.277902,33.7,1685,1,0,1,1,MIX,2.24,0,0,0.0,64,28,36,0.4375,0.5625,3,7,1110,0,19,0.990323,1.772129,3.727321,1.226758,5.672204,-0.228371,0.633433,-0.047074,0.000842,0.05,0000010011,0;2;4;6;5;2;4;4;0;1,5.915184,-0.607605,-1.924554,running
20260526-203113-sentence-script-a-transparent-3d-cell-me-ee273c,273,29.378395,33.82,1691,1,0,1,1,MIX,2.36,0,0,0.0,64,28,36,0.4375,0.5625,3,7,1110,0,19,1.008129,1.73618,3.766825,1.291494,5.692082,-0.201201,0.620868,-0.038151,0.003355,0.05,0000010011,0;2;4;6;5;2;4;4;0;1,6.049432,-0.330912,-1.535372,running
20260526-203113-sentence-script-a-transparent-3d-cell-me-ee273c,274,29.479859,33.94,1697,1,0,1,1,MIX,2.48,0,0,0.0,64,28,36,0.4375,0.5625,3,7,1110,0,19,1.026772,1.710694,3.805595,1.355912,5.710904,-0.160089,0.606852,-0.028564,0.005844,0.05,0000010011,0;2;4;6;5;2;4;4;0;1,6.145917,-0.053566,-1.134606,running
20260526-203113-sentence-script-a-transparent-3d-cell-me-ee273c,275,29.582521,34.06,1703,1,0,1,1,MIX,2.6,0,0,0.0,64,28,36,0.4375,0.5625,3,7,1110,0,19,1.043833,1.700057,3.844443,1.420659,5.729608,-0.107884,0.591587,-0.018481,0.008292,0.05,0000010011,0;2;4;6;5;2;4;4;0;1,6.20361,0.223886,-0.72636,running
20260526-203113-sentence-script-a-transparent-3d-cell-me-ee273c,276,29.682794,34.18,1709,1,0,1,1,MIX,2.72,0,0,0.0,64,28,36,0.4375,0.5625,3,7,1110,0,19,1.061153,1.706601,3.884074,1.486198,5.749089,-0.048204,0.575292,-0.008075,0.010682,0.05,0010000101,0;2;4;6;5;2;4;4;0;1,6.221936,0.500896,-0.314824,running
20260526-203113-sentence-script-a-transparent-3d-cell-me-ee273c,277,29.786343,34.3,1715,1,0,1,1,MIX,2.84,0,0,0.0,64,28,36,0.4375,0.5625,3,7,1110,0,19,1.077353,1.703001,3.925056,1.553205,5.769829,0.014817,0.558202,0.002471,0.012996,0.05,0010000101,0;2;4;6;5;2;4;4;0;1,6.200784,0.776919,0.095773,running
20260526-203113-sentence-script-a-transparent-3d-cell-me-ee273c,278,29.889931,34.42,1721,1,0,1,1,MIX,2.96,0,0,0.0,64,28,36,0.4375,0.5625,3,7,1110,0,19,1.092518,1.706237,3.968202,1.622577,5.792578,0.076811,0.540563,0.012974,0.015219,0.05,0010000101,0;2;4;6;5;2;4;4;0;1,6.140506,1.05141,0.501217,running
20260526-203113-sentence-script-a-transparent-3d-cell-me-ee273c,279,29.9932,34.54,1727,1,0,1,1,MIX,3.08,0,0,0.0,64,28,36,0.4375,0.5625,3,7,1110,0,19,1.106504,1.710251,4.014162,1.694919,5.818018,0.133482,0.522628,0.023251,0.017335,0.05,0010000101,0;2;4;6;5;2;4;4;0;1,6.041914,1.323829,0.897357,running
20260526-203113-sentence-script-a-transparent-3d-cell-me-ee273c,280,30.09625,34.66,1733,1,0,1,1,MIX,3.2,0,0,0.0,64,28,36,0.4375,0.5625,3,7,1110,0,19,1.120688,1.691906,4.063565,1.770838,5.846797,0.180904,0.504655,0.033123,0.019328,0.05,0010000101,0;2;4;6;5;2;4;4;0;1,5.906269,1.593639,1.280158,running
20260526-203113-sentence-script-a-transparent-3d-cell-me-ee273c,281,30.198828,34.78,1739,1,0,1,1,MIX,3.32,0,0,0.0,64,28,36,0.4375,0.5625,3,7,1110,0,19,1.13277,1.695489,4.11682,1.850591,5.879442,0.215791,0.486903,0.04242,0.021185,0.05,0010000101,0;2;4;6;5;2;4;4;0;1,5.735265,1.860308,1.645749,running
20260526-203113-sentence-script-a-transparent-3d-cell-me-ee273c,282,30.300747,34.9,1745,1,0,1,1,MIX,3.44,0,0,0.0,64,28,36,0.4375,0.5625,3,7,1110,0,19,1.143977,1.687869,4.173903,1.933998,5.916052,0.235725,0.469626,0.050978,0.022892,0.05,0010000101,0;2;4;6;5;2;4;4;0;1,5.531012,2.12331,1.990468,running
20260526-203113-sentence-script-a-transparent-3d-cell-me-ee273c,283,30.401924,35.02,1751,1,0,1,1,MIX,3.56,0,0,0.0,64,28,36,0.4375,0.5625,3,7,1110,0,19,1.153863,1.684206,4.234706,2.020866,5.956582,0.239326,0.453075,0.058649,0.024438,0.05,0010000101,0;2;4;6;5;2;4;4;0;1,5.296006,2.382127,2.310908,running
20260526-203113-sentence-script-a-transparent-3d-cell-me-ee273c,284,30.504776,35.14,1757,1,0,1,1,MIX,3.68,0,0,0.0,64,28,36,0.4375,0.5625,3,7,1110,0,19,1.157909,1.662848,4.298736,2.110802,6.000463,0.226343,0.437485,0.0653,0.025812,0.05,0010000101,0;2;4;6;5;2;4;4;0;1,5.0331,2.636248,2.603957,running
20260526-203113-sentence-script-a-transparent-3d-cell-me-ee273c,285,30.605454,35.26,1763,1,0,1,1,MIX,3.8,0,0,0.0,64,28,36,0.4375,0.5625,6,4,1110,0,19,1.159337,1.647206,4.365305,2.203137,6.046991,0.197676,0.423083,0.070815,0.027004,0.05,1110000111,0;2;4;6;5;2;4;4;0;1,4.745472,2.885174,2.866839,running
20260526-203113-sentence-script-a-transparent-3d-cell-me-ee273c,286,30.709666,35.38,1769,1,0,1,1,MIX,3.92,0,0,0.0,64,28,36,0.4375,0.5625,6,4,1110,0,19,1.158318,1.659596,4.433747,2.297039,6.095631,0.155312,0.410075,0.075097,0.028005,0.05,1110000111,0;2;4;6;5;2;4;4;0;1,4.436581,3.128413,3.097141,running
20260526-203113-sentence-script-a-transparent-3d-cell-me-ee273c,287,30.815067,35.5,1775,1,0,1,1,MIX,4.04,0,0,0.0,64,28,36,0.4375,0.5625,6,4,1110,0,19,1.152157,1.6715,4.503166,2.391682,6.145431,0.102186,0.398647,0.078073,0.028809,0.05,1110000111,0;2;4;6;5;2;4;4;0;1,4.11013,3.365485,3.292847,running
20260526-203113-sentence-script-a-transparent-3d-cell-me-ee273c,288,30.917714,35.62,1781,1,0,1,1,MIX,4.16,0,0,0.0,64,28,36,0.4375,0.5625,6,4,1110,0,19,1.141432,1.667748,4.57264,2.486162,6.195456,0.041979,0.388965,0.079691,0.029409,0.05,1110000111,0;2;4;6;5;2;4;4;0;1,3.770018,3.595924,3.452361,running
20260526-203113-sentence-script-a-transparent-3d-cell-me-ee273c,289,31.021844,35.74,1787,1,0,1,1,MIX,4.28,0,0,0.0,64,28,36,0.4375,0.5625,6,4,1110,0,19,1.12773,1.664305,4.641202,2.579289,6.244912,-0.021137,0.381168,0.079922,0.029803,0.05,1110000111,0;2;4;6;5;2;4;4;0;1,3.420293,3.819275,3.574525,running
20260526-203113-sentence-script-a-transparent-3d-cell-me-ee273c,290,31.125673,35.86,1793,1,0,1,1,MIX,4.4,0,0,0.0,64,28,36,0.4375,0.5625,6,4,1110,0,19,1.111281,1.663007,4.708039,2.67039,6.292878,-0.082788,0.375367,0.078763,0.029986,0.05,1110000111,0;2;4;6;5;2;4;4;0;1,3.065104,4.035099,3.658636,running
20260526-203113-sentence-script-a-transparent-3d-cell-me-ee273c,291,31.229398,35.98,1799,1,0,1,1,MIX,4.52,0,0,0.0,64,28,36,0.4375,0.5625,6,4,1110,0,19,1.091881,1.655383,4.772247,2.758466,6.338521,-0.138702,0.371647,0.076233,0.029957,0.05,1110000111,0;2;4;6;5;2;4;4;0;1,2.708648,4.242969,3.704449,running
20260526-203113-sentence-script-a-transparent-3d-cell-me-ee273c,292,31.333132,36.1,1805,1,0,1,1,MIX,4.64,0,0,0.0,64,28,36,0.4375,0.5625,6,4,1110,0,19,1.072152,1.648852,4.833141,2.842882,6.38112,-0.185005,0.37006,0.072377,0.029718,0.05,1110000111,0;2;4;6;5;2;4;4;0;1,2.355123,4.442476,3.712183,running
20260526-203113-sentence-script-a-transparent-3d-cell-me-ee273c,293,31.44983,36.24,1812,1,0,1,1,MIX,4.78,0,0,0.0,64,28,36,0.4375,0.5625,6,4,1110,0,19,1.042857,1.571297,4.899346,2.936111,6.426307,-0.222646,0.370935,0.066293,0.029174,0.05,1110000111,0;2;4;6;5;2;4;4;0;1,1.951905,4.66414,3.674012,running
20260526-203113-sentence-script-a-transparent-3d-cell-me-ee273c,294,31.552325,36.36,1818,1,0,1,1,MIX,4.9,0,0,0.0,64,28,36,0.4375,0.5625,6,4,1110,0,19,1.024547,1.558837,4.950169,3.011055,6.458368,-0.238314,0.374008,0.059822,0.028484,0.05,1110000111,0;2;4;6;5;2;4;4;0;1,1.618807,4.844201,3.602177,running
20260526-203113-sentence-script-a-transparent-3d-cell-me-ee273c,295,31.655588,36.48,1824,1,0,1,1,MIX,5.02,0,0,0.0,64,28,36,0.4375,0.5625,4,6,1110,0,19,1.007785,1.534465,4.997059,3.081219,6.487157,-0.237468,0.379181,0.052311,0.027594,0.05,1100000011,0;2;4;6;5;2;4;4;0;1,1.301345,5.014714,3.495946,running
20260526-203113-sentence-script-a-transparent-3d-cell-me-ee273c,296,31.758606,36.6,1830,1,0,1,1,MIX,5.14,0,0,0.0,64,28,36,0.4375,0.5625,4,6,1110,0,19,0.995075,1.516,5.040486,3.146866,6.5133,-0.220168,0.386379,0.043889,0.026509,0.05,1100000011,0;2;4;6;5;2;4;4;0;1,1.003172,5.175343,3.357375,running
20260526-203113-sentence-script-a-transparent-3d-cell-me-ee273c,297,31.861366,36.72,1836,1,0,1,1,MIX,5.26,0,0,0.0,64,28,36,0.4375,0.5625,4,6,1110,0,19,0.987554,1.503127,5.080959,3.208586,6.53725,-0.187611,0.3955,0.034704,0.025237,0.05,1100000011,0;2;4;6;5;2;4;4;0;1,0.727689,5.325771,3.188907,running
20260526-203113-sentence-script-a-transparent-3d-cell-me-ee273c,298,31.964195,36.84,1842,1,0,1,1,MIX,5.38,0,0,0.0,64,28,36,0.4375,0.5625,4,6,1110,0,19,0.982027,1.498251,5.119229,3.267212,6.559687,-0.142055,0.406411,0.024915,0.023787,0.05,1100000011,0;2;4;6;5;2;4;4;0;1,0.478005,5.465702,2.993345,running
20260526-203113-sentence-script-a-transparent-3d-cell-me-ee273c,299,32.066853,36.96,1848,1,0,1,1,MIX,5.5,0,0,0.0,64,28,36,0.4375,0.5625,4,6,1110,0,19,0.983023,1.488959,5.156055,3.323581,6.581312,-0.086655,0.418955,0.014692,0.022169,0.05,1100000011,0;2;4;6;5;2;4;4;0;1,0.256899,5.59486,2.773815,running
20260526-203113-sentence-script-a-transparent-3d-cell-me-ee273c,300,32.171264,37.08,1854,1,0,1,1,MIX,5.62,0,0,0.0,64,28,36,0.4375,0.5625,4,6,1110,0,19,0.987101,1.484063,5.192227,3.378434,6.602955,-0.025251,0.432953,0.004214,0.020395,0.05,1100000011,0;2;4;6;5;2;4;4;0;1,0.066785,5.71299,2.53373,running
20260526-203113-sentence-script-a-transparent-3d-cell-me-ee273c,301,32.273166,37.2,1860,1,0,1,1,MIX,5.74,0,0,0.0,64,28,36,0.4375,0.5625,4,6,1110,0,19,0.995348,1.491752,5.228717,3.432864,6.625491,0.037902,0.448203,-0.006337,0.018477,0.05,1100000011,0;2;4;6;5;2;4;4;0;1,-0.090315,5.819859,2.276748,running
20260526-203113-sentence-script-a-transparent-3d-cell-me-ee273c,302,32.374869,37.32,1866,1,0,1,1,MIX,5.86,0,0,0.0,64,28,36,0.4375,0.5625,4,6,1110,0,19,1.007918,1.495058,5.266545,3.487922,6.649919,0.09843,0.464486,-0.016778,0.016429,0.05,1100000011,0;2;4;6;5;2;4;4;0;1,-0.212798,5.915257,2.006725,running
20260526-203113-sentence-script-a-transparent-3d-cell-me-ee273c,303,32.47664,37.44,1872,1,0,1,1,MIX,5.98,0,0,0.0,64,28,36,0.4375,0.5625,4,6,1110,0,19,1.022708,1.500727,5.305328,3.541735,6.677012,0.152137,0.481567,-0.026927,0.014265,0.05,1100000011,0;2;4;6;5;2;4;4;0;1,-0.299498,5.998997,1.727669,running
20260526-203113-sentence-script-a-transparent-3d-cell-me-ee273c,304,32.579029,37.56,1878,1,0,1,1,MIX,6.1,0,0,0.0,64,28,36,0.4375,0.5625,4,6,1110,0,19,1.042881,1.504717,5.342377,3.587139,6.707562,0.195302,0.4992,-0.036608,0.012001,0.05,1100000011,0;2;4;6;5;2;4;4;0;1,-0.349698,6.070911,1.443692,running
20260526-203113-sentence-script-a-transparent-3d-cell-me-ee273c,305,32.681387,37.68,1884,1,0,1,1,MIX,6.22,0,0,0.0,64,28,36,0.4375,0.5625,4,6,1110,0,19,1.065528,1.510629,5.380573,3.63012,6.742036,0.224934,0.517133,-0.045652,0.009651,0.05,1100000011,0;2;4;6;5;2;4;4;0;1,-0.363144,6.13086,1.158955,running
20260526-203113-sentence-script-a-transparent-3d-cell-me-ee273c,306,32.785821,37.8,1890,1,0,1,1,MIX,6.34,0,0,0.0,64,28,36,0.4375,0.5625,4,6,1110,0,19,1.089272,1.541294,5.423436,3.678593,6.780536,0.238981,0.535108,-0.053901,0.007234,0.05,1100000011,0;2;4;6;5;2;4;4;0;1,-0.340043,6.178725,0.877626,running
20260526-203113-sentence-script-a-transparent-3d-cell-me-ee273c,307,32.886767,37.92,1896,1,0,1,1,MIX,6.46,0,0,0.0,64,28,36,0.4375,0.5625,4,6,1110,0,19,1.11512,1.567491,5.470479,3.731305,6.823171,0.236467,0.552864,-0.061213,0.004766,0.05,1100000011,0;2;4;6;5;2;4;4;0;1,-0.281062,6.214411,0.603817,running
20260526-203113-sentence-script-a-transparent-3d-cell-me-ee273c,308,32.989469,38.04,1902,1,0,1,1,MIX,6.58,0,0,0.0,64,28,36,0.4375,0.5625,6,4,1110,0,19,1.1397,1.607375,5.51786,3.780167,6.869399,0.217568,0.570149,-0.06746,0.002264,0.05,1111000011,0;2;4;6;5;2;4;4;0;1,-0.187319,6.237849,0.341546,running
20260526-203113-sentence-script-a-transparent-3d-cell-me-ee273c,309,33.092198,38.16,1908,1,0,1,1,MIX,6.7,0,0,0.0,64,28,36,0.4375,0.5625,6,4,1110,0,19,1.163872,1.63975,5.569158,3.834111,6.91864,0.183594,0.586712,-0.072533,-0.000254,0.05,1111000011,0;2;4;6;5;2;4;4;0;1,-0.060371,6.248991,0.094677,running
20260526-203113-sentence-script-a-transparent-3d-cell-me-ee273c,310,33.194767,38.28,1914,1,0,1,1,MIX,6.82,0,0,0.0,64,28,36,0.4375,0.5625,6,4,1110,0,19,1.187978,1.672844,5.620075,3.884149,6.970241,0.136898,0.602315,-0.076344,-0.00277,0.05,1111000011,0;2;4;6;5;2;4;4;0;1,0.097806,6.247817,-0.13312,running
20260526-203113-sentence-script-a-transparent-3d-cell-me-ee273c,311,33.305136,38.4,1920,1,0,1,1,MIX,6.94,0,0,0.0,64,28,36,0.4375,0.5625,6,4,1110,0,19,1.211554,1.707345,5.666742,3.922583,7.02331,0.080716,0.616735,-0.078826,-0.005266,0.05,1111000011,0;2;4;6;5;2;4;4;0;1,0.284842,6.234327,-0.338418,running
20260526-203113-sentence-script-a-transparent-3d-cell-me-ee273c,312,33.416059,38.54,1927,1,0,1,1,MIX,7.08,0,0,0.0,64,28,36,0.4375,0.5625,6,4,1110,0,19,1.235418,1.740689,5.722741,3.970004,7.08598,0.008399,0.631785,-0.079988,-0.008131,0.05,1111000011,0;2;4;6;5;2;4;4;0;1,0.535858,6.203062,-0.545319,running
20260526-203113-sentence-script-a-transparent-3d-cell-me-ee273c,313,33.530793,38.68,1934,1,0,1,1,MIX,7.22,0,0,0.0,64,28,36,0.4375,0.5625,6,4,1110,0,19,1.252048,1.769753,5.773518,4.012002,7.143586,-0.064709,0.644649,-0.079256,-0.010917,0.05,1111000011,0;2;4;6;5;2;4;4;0;1,0.81751,6.155157,-0.712897,running
20260526-203113-sentence-script-a-transparent-3d-cell-me-ee273c,314,33.64444,38.82,1941,1,0,1,1,MIX,7.36,0,0,0.0,64,28,36,0.4375,0.5625,6,4,1110,0,19,1.265912,1.795066,5.81818,4.044418,7.197773,-0.131726,0.655073,-0.076648,-0.013599,0.05,1111000011,0;2;4;6;5;2;4;4;0;1,1.124355,6.090739,-0.837391,running
20260526-203113-sentence-script-a-transparent-3d-cell-me-ee273c,315,33.755824,38.96,1948,1,0,1,1,MIX,7.5,0,0,0.0,64,28,36,0.4375,0.5625,6,4,1110,0,19,1.285183,1.815416,5.859068,4.072995,7.248236,-0.186346,0.662854,-0.072226,-0.01615,0.05,1111000011,0;2;4;6;5;2;4;4;0;1,1.450509,6.009982,-0.915771,running
20260526-203113-sentence-script-a-transparent-3d-cell-me-ee273c,316,33.867136,39.1,1955,1,0,1,1,MIX,7.64,0,0,0.0,64,28,36,0.4375,0.5625,6,4,1110,0,19,1.304968,1.82882,5.898902,4.102871,7.295815,-0.223427,0.66784,-0.066095,-0.018546,0.05,1111000011,0;2;4;6;5;2;4;4;0;1,1.789746,5.913103,-0.945793,running
20260526-203113-sentence-script-a-transparent-3d-cell-me-ee273c,317,33.97875,39.24,1962,1,0,1,1,MIX,7.78,0,0,0.0,64,28,36,0.4375,0.5625,6,4,1110,0,19,1.323956,1.839944,5.937372,4.133768,7.340176,-0.239481,0.669933,-0.058399,-0.020764,0.05,1111000011,0;2;4;6;5;2;4;4;0;1,2.135597,5.80036,-0.926036,running
20260526-203113-sentence-script-a-transparent-3d-cell-me-ee273c,318,34.088684,39.38,1969,1,0,1,1,MIX,7.92,0,0,0.0,64,28,36,0.4375,0.5625,7,3,1110,0,19,1.342188,1.85901,5.971245,4.158253,7.38135,-0.232995,0.669092,-0.04932,-0.022783,0.05,1111010011,0;2;4;6;5;2;4;4;0;1,2.481462,5.672058,-0.855924,running
20260526-203113-sentence-script-a-transparent-3d-cell-me-ee273c,319,34.200832,39.52,1976,1,0,1,1,MIX,8.06,0,0,0.0,64,28,36,0.4375,0.5625,7,3,1110,0,19,1.361056,1.878431,6.0043,4.184325,7.419837,-0.204581,0.665333,-0.039075,-0.024584,0.05,1111010011,0;2;4;6;5;2;4;4;0;1,2.820717,5.528539,-0.735737,running
20260526-203113-sentence-script-a-transparent-3d-cell-me-ee273c,320,34.315793,39.66,1983,1,0,1,1,MIX,8.2,0,0,0.0,64,28,36,0.4375,0.5625,7,3,1110,0,19,1.381284,1.901118,6.037154,4.212105,7.456636,-0.156912,0.658731,-0.027905,-0.026148,0.05,1111010011,0;2;4;6;5;2;4;4;0;1,3.146827,5.370189,-0.56661,running
20260526-203113-sentence-script-a-transparent-3d-cell-me-ee273c,321,34.416662,39.78,1989,1,0,1,1,MIX,8.32,0,0,0.0,64,28,36,0.4375,0.5625,7,3,1110,0,19,1.394358,1.919149,6.064976,4.238129,7.485858,-0.104088,0.650905,-0.017794,-0.02729,0.05,1111010011,0;2;4;6;5;2;4;4;0;1,3.411074,5.222978,-0.384159,running
20260526-203113-sentence-script-a-transparent-3d-cell-me-ee273c,322,34.519406,39.9,1995,1,0,1,1,MIX,8.44,0,0,0.0,64,28,36,0.4375,0.5625,7,3,1110,0,19,1.410624,1.94224,6.093486,4.266923,7.514146,-0.044051,0.641196,-0.007373,-0.028239,0.05,1111010011,0;2;4;6;5;2;4;4;0;1,3.657181,5.065471,-0.168894,running
20260526-203113-sentence-script-a-transparent-3d-cell-me-ee273c,323,34.620267,40.02,2001,1,0,1,1,MIX,8.56,0,0,0.0,64,28,36,0.4375,0.5625,7,3,1110,0,19,1.426612,1.965144,6.122247,4.294583,7.543763,0.019037,0.629744,0.003175,-0.028989,0.05,1111010011,0;2;4;6;5;2;4;4;0;1,3.881539,4.897981,0.077064,running
20260526-203113-sentence-script-a-transparent-3d-cell-me-ee273c,324,34.722465,40.14,2007,1,0,1,1,MIX,8.68,0,0,0.0,64,28,36,0.4375,0.5625,7,3,1110,0,19,1.437078,1.979453,6.15334,4.32818,7.57291,0.080807,0.616713,0.013669,-0.029535,0.05,1111010011,0;2;4;6;5;2;4;4;0;1,4.080792,4.720836,0.351205,running
20260526-203113-sentence-script-a-transparent-3d-cell-me-ee273c,325,34.826687,40.26,2013,1,0,1,1,MIX,8.8,0,0,0.0,64,28,36,0.4375,0.5625,7,3,1110,0,19,1.450366,1.994002,6.188222,4.367256,7.604528,0.136977,0.602292,0.023924,-0.029872,0.05,1111010011,0;2;4;6;5;2;4;4;0;1,4.251879,4.534386,0.650663,running
20260526-203113-sentence-script-a-transparent-3d-cell-me-ee273c,326,34.92789,40.38,2019,1,0,1,1,MIX,8.92,0,0,0.0,64,28,36,0.4375,0.5625,7,3,1110,0,19,1.463109,2.001917,6.225699,4.407586,7.639787,0.183656,0.586687,0.033764,-0.029999,0.05,1111010011,0;2;4;6;5;2;4;4;0;1,4.392074,4.338999,0.972249,running
20260526-203113-sentence-script-a-transparent-3d-cell-me-ee273c,327,35.031026,40.5,2025,1,0,1,1,MIX,9.04,0,0,0.0,64,28,36,0.4375,0.5625,7,3,1110,0,19,1.473415,2.009855,6.266152,4.449333,7.679234,0.217609,0.570123,0.043016,-0.029914,0.05,1111010011,0;2;4;6;5;2;4;4;0;1,4.499016,4.13506,1.312493,running
20260526-203113-sentence-script-a-transparent-3d-cell-me-ee273c,328,35.13554,40.62,2031,1,0,1,1,MIX,9.16,0,0,0.0,64,28,36,0.4375,0.5625,7,3,1110,0,19,1.483725,2.020409,6.310487,4.494385,7.723011,0.236484,0.552838,0.051519,-0.029618,0.05,1111010011,0;2;4;6;5;2;4;4;0;1,4.570738,3.92297,1.66768,running
20260526-203113-sentence-script-a-transparent-3d-cell-me-ee273c,329,35.239526,40.74,2037,1,0,1,1,MIX,9.28,0,0,0.0,64,28,36,0.4375,0.5625,7,3,1110,0,19,1.486866,2.027468,6.35323,4.530258,7.771096,0.238972,0.53508,0.059126,-0.029114,0.05,1111010011,0;2;4;6;5;2;4;4;0;1,4.605696,3.703148,2.033902,running
20260526-203113-sentence-script-a-transparent-3d-cell-me-ee273c,330,35.342965,40.86,2043,1,0,1,1,MIX,9.4,0,0,0.0,64,28,36,0.4375,0.5625,7,3,1110,0,19,1.486615,2.071588,6.397514,4.568382,7.820172,0.224901,0.517106,0.065705,-0.028404,0.05,1111000111,0;2;4;6;5;2;4;4;0;1,4.602782,3.476027,2.4071,running
20260526-203113-sentence-script-a-transparent-3d-cell-me-ee273c,331,35.443746,40.98,2049,1,0,1,1,MIX,9.52,0,0,0.0,64,28,36,0.4375,0.5625,7,3,1110,0,19,1.488032,2.14742,6.443907,4.608177,7.871696,0.195246,0.499173,0.07114,-0.027494,0.05,1111000111,0;2;4;6;5;2;4;4;0;1,4.561343,3.242054,2.783116,running
20260526-203113-sentence-script-a-transparent-3d-cell-me-ee273c,332,35.545046,41.1,2055,1,0,1,1,MIX,9.64,0.12,0,0.0,64,28,36,0.4375,0.5625,7,3,1110,0,19,1.485272,2.127499,6.488908,4.640527,7.926537,0.152062,0.48154,0.075337,-0.02639,0.05,1111000111,0;2;4;6;5;2;4;4;0;1,4.481184,3.001692,3.157743,running
20260526-203113-sentence-script-a-transparent-3d-cell-me-ee273c,333,35.64668,41.22,2061,1,0,1,1,MIX,9.76,0.24,0,0.0,64,28,36,0.4375,0.5625,7,3,1110,0,19,1.471752,2.106554,6.532425,4.668919,7.981819,0.098342,0.46446,0.078224,-0.025099,0.05,1111000111,0;2;4;6;5;2;4;4;0;1,4.362575,2.755412,3.526774,running
20260526-203113-sentence-script-a-transparent-3d-cell-me-ee273c,334,35.748444,41.34,2067,1,0,1,1,MIX,9.88,0.36,0,0.0,64,28,36,0.4375,0.5625,7,3,1110,0,19,1.459385,2.087969,6.570447,4.684809,8.037054,0.037807,0.448179,0.07975,-0.023632,0.05,1111000111,0;2;4;6;5;2;4;4;0;1,4.206249,2.503702,3.886058,running
20260526-203113-sentence-script-a-transparent-3d-cell-me-ee273c,335,35.850329,41.46,2073,1,0,1,1,MIX,10.0,0.48,0,0.0,64,28,36,0.4375,0.5625,7,3,1110,0,19,1.433279,2.068831,6.599108,4.683692,8.088875,-0.025348,0.432931,0.079888,-0.021998,0.05,1111000111,0;2;4;6;5;2;4;4;0;1,4.013387,2.247057,4.231543,running
20260526-203113-sentence-script-a-transparent-3d-cell-me-ee273c,336,35.952606,41.58,2079,1,0,1,1,MIX,10.12,0.6,0,0.0,64,28,36,0.4375,0.5625,7,3,1110,0,19,1.416732,2.056943,6.625554,4.682445,8.13686,-0.086746,0.418935,0.078636,-0.020209,0.05,1111000111,0;2;4;6;5;2;4;4;0;1,3.785611,1.985983,4.559334,running
20260526-203113-sentence-script-a-transparent-3d-cell-me-ee273c,337,36.056251,41.7,2085,1,0,1,1,MIX,10.24,0.72,0,0.0,64,28,36,0.4375,0.5625,7,3,1110,0,19,1.388788,2.05113,6.650599,4.684557,8.179743,-0.142133,0.406393,0.076016,-0.018278,0.05,1111000111,0;2;4;6;5;2;4;4;0;1,3.524959,1.720995,4.865731,running
20260526-203113-sentence-script-a-transparent-3d-cell-me-ee273c,338,36.159702,41.82,2091,1,0,1,1,MIX,10.36,0.84,0,0.0,64,28,36,0.4375,0.5625,9,1,1110,0,19,1.362996,2.012404,6.669438,4.687331,8.211077,-0.187672,0.395484,0.072074,-0.016217,0.05,1011111111,0;2;4;6;5;2;4;4;0;1,3.233866,1.452614,5.147283,running
20260526-203113-sentence-script-a-transparent-3d-cell-me-ee273c,339,36.262701,41.94,2097,1,0,1,1,MIX,10.48,0.96,0,0.0,64,27,37,0.421875,0.578125,9,1,1111,0,19,1.342323,1.992915,6.686291,4.676428,8.152948,-0.220206,0.386367,0.066877,-0.014043,0.05,1011111111,0;2;4;6;5;2;4;4;0;1,2.91513,1.18137,5.400822,running
20260526-203113-sentence-script-a-transparent-3d-cell-me-ee273c,340,36.365736,42.06,2103,1,0,1,1,MIX,10.6,0.88,0,0.0,64,27,37,0.421875,0.578125,9,1,1111,0,19,1.322656,1.967907,6.698995,4.678495,8.173414,-0.237482,0.379171,0.060517,-0.011769,0.05,1011111111,0;2;4;6;5;2;4;4;0;1,2.571881,0.907798,5.623507,running
20260526-203113-sentence-script-a-transparent-3d-cell-me-ee273c,341,36.466227,42.18,2109,1,0,1,1,MIX,10.72,0.7,0,0.0,64,27,37,0.421875,0.578125,9,1,1111,0,19,1.2985,1.923473,6.701525,4.665417,8.187334,-0.238302,0.374002,0.053104,-0.009412,0.05,1011111111,0;2;4;6;5;2;4;4;0;1,2.207541,0.632436,5.812855,running
20260526-203113-sentence-script-a-transparent-3d-cell-me-ee273c,342,36.567024,42.3,2115,1,0,1,1,MIX,10.84,0.52,0,0.0,64,27,37,0.421875,0.578125,9,1,1111,0,19,1.279829,1.905416,6.69836,4.652545,8.191252,-0.22261,0.370931,0.044767,-0.006989,0.05,1011111111,0;2;4;6;5;2;4;4;0;1,1.825785,0.355828,5.966774,running
20260526-203113-sentence-script-a-transparent-3d-cell-me-ee273c,343,36.668146,42.42,2121,1,0,1,1,MIX,10.96,0.34,0,0.0,64,27,37,0.421875,0.578125,9,1,1111,0,19,1.267748,1.877282,6.693457,4.638915,8.192718,-0.191493,0.370005,0.035651,-0.004517,0.05,1011111111,0;2;4;6;5;2;4;4;0;1,1.430496,0.078518,6.083586,running
20260526-203113-sentence-script-a-transparent-3d-cell-me-ee273c,344,36.769754,42.54,2127,1,0,1,1,MIX,11.08,0.16,0,0.0,64,27,37,0.421875,0.578125,9,1,1111,0,19,1.256621,1.837373,6.689451,4.628006,8.193748,-0.147106,0.371237,0.025915,-0.002012,0.05,1011111111,0;2;4;6;5;2;4;4;0;1,1.025717,-0.198946,6.162047,running
20260526-203113-sentence-script-a-transparent-3d-cell-me-ee273c,345,36.880067,42.66,2133,1,0,1,1,MIX,11.2,0,0,0.0,64,27,37,0.421875,0.578125,9,1,1111,0,19,1.245819,1.811125,6.686987,4.620622,8.194875,-0.092527,0.374608,0.015728,0.000506,0.05,1011111111,0;2;4;6;5;2;4;4;0;1,0.615604,-0.476018,6.201366,running
20260526-203113-sentence-script-a-transparent-3d-cell-me-ee273c,346,36.992428,42.8,2140,1,0,1,1,MIX,11.34,0,0,0.0,64,27,37,0.421875,0.578125,9,1,1111,0,19,1.231165,1.785548,6.686214,4.617042,8.19615,-0.02104,0.381178,0.00351,0.003439,0.05,1011111111,0;2;4;6;5;2;4;4;0;1,0.136022,-0.798045,6.197348,running
20260526-203113-sentence-script-a-transparent-3d-cell-me-ee273c,347,37.096213,42.92,2146,1,0,1,1,MIX,11.46,0,0,0.0,64,27,37,0.421875,0.578125,9,1,1111,0,19,1.217804,1.717911,6.683981,4.611309,8.196471,0.042074,0.388979,-0.00704,0.005927,0.05,1011111111,0;2;4;6;5;2;4;4;0;1,-0.271173,-1.072397,6.151336,running
20260526-203113-sentence-script-a-transparent-3d-cell-me-ee273c,348,37.199665,43.04,2152,1,0,1,1,MIX,11.58,0,0,0.0,64,27,37,0.421875,0.578125,9,1,1111,0,19,1.208595,1.694051,6.683466,4.609692,8.196761,0.102273,0.398663,-0.017467,0.008373,0.05,1011111111,0;2;4;6;5;2;4;4;0;1,-0.670382,-1.344634,6.066716,running
20260526-203113-sentence-script-a-transparent-3d-cell-me-ee273c,349,37.304727,43.16,2158,1,0,1,1,MIX,11.7,0,0,0.0,64,27,37,0.421875,0.578125,9,1,1111,0,19,1.204684,1.69342,6.686005,4.610688,8.200426,0.155386,0.410093,-0.02759,0.010761,0.05,1011111111,0;2;4;6;5;2;4;4;0;1,-1.057528,-1.614222,5.944613,running
20260526-203113-sentence-script-a-transparent-3d-cell-me-ee273c,350,37.406205,43.28,2164,1,0,1,1,MIX,11.82,0,0,0.0,64,27,37,0.421875,0.578125,8,2,1111,0,19,1.200845,1.685874,6.691159,4.612994,8.207658,0.197731,0.423104,-0.037234,0.013072,0.05,1011011111,0;2;4;6;5;2;4;4;0;1,-1.428685,-1.880628,5.786588,running
20260526-203113-sentence-script-a-transparent-3d-cell-me-ee273c,351,37.507184,43.4,2170,1,0,1,1,MIX,11.94,0,0,0.0,64,27,37,0.421875,0.578125,8,2,1111,0,19,1.201559,1.677163,6.6996,4.619144,8.21777,0.226375,0.437508,-0.046229,0.015292,0.05,1011011111,0;2;4;6;5;2;4;4;0;1,-1.780122,-2.143327,5.594624,running
20260526-203113-sentence-script-a-transparent-3d-cell-me-ee273c,352,37.608488,43.52,2176,1,0,1,1,MIX,12.06,0,0,0.0,64,27,37,0.421875,0.578125,8,2,1111,0,19,1.202709,1.677823,6.71456,4.633795,8.232957,0.239333,0.453099,-0.05442,0.017403,0.05,1011011111,0;2;4;6;5;2;4;4;0;1,-2.108348,-2.401801,5.3711,running
20260526-203113-sentence-script-a-transparent-3d-cell-me-ee273c,353,37.709745,43.64,2182,1,0,1,1,MIX,12.18,0,0,0.0,64,27,37,0.421875,0.578125,8,2,1111,0,19,1.208472,1.676184,6.733126,4.650027,8.253225,0.235707,0.469652,-0.061665,0.019392,0.05,1011011111,0;2;4;6;5;2;4;4;0;1,-2.410158,-2.655542,5.118763,running
20260526-203113-sentence-script-a-transparent-3d-cell-me-ee273c,354,37.81169,43.76,2188,1,0,1,1,MIX,12.3,0,0,0.0,64,27,37,0.421875,0.578125,8,2,1111,0,19,1.217967,1.776041,6.75534,4.668375,8.27826,0.215749,0.486929,-0.067836,0.021244,0.05,1011011111,0;2;4;6;5;2;4;4;0;1,-2.682667,-2.904048,4.840692,running
20260526-203113-sentence-script-a-transparent-3d-cell-me-ee273c,355,37.916644,43.88,2194,1,0,1,1,MIX,12.42,0,0,0.0,64,27,37,0.421875,0.578125,8,2,1111,0,19,1.22613,1.779508,6.77777,4.681489,8.307489,0.18084,0.504682,-0.072827,0.022947,0.05,1011011111,0;2;4;6;5;2;4;4;0;1,-2.923348,-3.146831,4.540264,running
20260526-203113-sentence-script-a-transparent-3d-cell-me-ee273c,356,38.018897,44.0,2200,1,0,1,1,MIX,12.54,0,0,0.0,64,27,37,0.421875,0.578125,8,2,1111,0,19,1.234514,1.782887,6.80058,4.690778,8.340165,0.133401,0.522655,-0.076551,0.024487,0.05,1011011111,0;2;4;6;5;2;4;4;0;1,-3.130059,-3.38341,4.22111,running
20260526-203113-sentence-script-a-transparent-3d-cell-me-ee273c,357,38.122718,44.12,2206,1,0,1,1,MIX,12.66,0,0,0.0,64,27,37,0.421875,0.578125,8,2,1111,0,19,1.24752,1.783909,6.824872,4.70297,8.373287,0.076719,0.54059,-0.078944,0.025855,0.05,1011011111,0;2;4;6;5;2;4;4;0;1,-3.301073,-3.613321,3.887072,running
20260526-203113-sentence-script-a-transparent-3d-cell-me-ee273c,358,38.227431,44.24,2212,1,0,1,1,MIX,12.78,0,0,0.0,64,27,37,0.421875,0.578125,8,2,1111,0,19,1.255973,1.797013,6.849928,4.717128,8.406296,0.01472,0.558229,-0.079962,0.02704,0.05,1011011111,0;2;4;6;5;2;4;4;0;1,-3.435096,-3.83611,3.542157,running
20260526-203113-sentence-script-a-transparent-3d-cell-me-ee273c,359,38.329535,44.36,2218,1,0,1,1,MIX,12.9,0,0,0.0,64,26,38,0.40625,0.59375,8,2,1112,0,19,1.260931,1.800704,6.873335,4.714903,8.350156,-0.048299,0.575318,-0.07959,0.028035,0.05,1011011111,0;2;4;6;5;2;4;4;0;1,-3.531282,-4.051338,3.190487,running
20260526-203113-sentence-script-a-transparent-3d-cell-me-ee273c,360,38.433182,44.48,2224,1,0,1,1,MIX,13.02,0,0,0.0,64,26,38,0.40625,0.59375,8,2,1112,0,19,1.270523,1.803235,6.892775,4.721782,8.378192,-0.107971,0.591611,-0.077832,0.028832,0.05,1011011111,0;2;4;6;5;2;4;4;0;1,-3.589246,-4.258581,2.836248,running
20260526-203113-sentence-script-a-transparent-3d-cell-me-ee273c,361,38.548401,44.62,2231,1,0,1,1,MIX,13.16,0,0,0.0,64,26,38,0.40625,0.59375,6,4,1112,0,19,1.287102,1.818909,6.909982,4.718145,8.40966,-0.167868,0.609303,-0.074074,0.029505,0.05,1101110010,0;2;4;6;5;2;4;4;0;1,-3.608688,-4.489727,2.425329,running
20260526-203113-sentence-script-a-transparent-3d-cell-me-ee273c,362,38.663248,44.76,2238,1,0,1,1,MIX,13.3,0,0,0.0,64,26,38,0.40625,0.59375,6,4,1112,0,19,1.30641,1.84392,6.92697,4.717319,8.438837,-0.211966,0.625247,-0.068563,0.029894,0.05,1101110010,0;2;4;6;5;2;4;4;0;1,-3.577144,-4.708829,2.023233,running
20260526-203113-sentence-script-a-transparent-3d-cell-me-ee273c,363,38.776947,44.9,2245,1,0,1,1,MIX,13.44,0,0,0.0,64,26,38,0.40625,0.59375,6,4,1112,0,19,1.324642,1.890565,6.938839,4.709967,8.463858,-0.236115,0.639131,-0.061428,0.029997,0.05,1101110010,0;2;4;6;5;2;4;4;0;1,-3.496367,-4.915299,1.636384,running
20260526-203113-sentence-script-a-transparent-3d-cell-me-ee273c,364,38.890726,45.04,2252,1,0,1,1,MIX,13.58,0,0,0.0,64,26,38,0.40625,0.59375,6,4,1112,0,19,1.345001,1.93317,6.947583,4.700381,8.485143,-0.238042,0.650685,-0.05284,0.029812,0.05,1101110010,0;2;4;6;5;2;4;4;0;1,-3.368922,-5.108583,1.270923,running
20260526-203113-sentence-script-a-transparent-3d-cell-me-ee273c,365,39.004027,45.18,2259,1,0,1,1,ARTIST,0.08,0,0,0.0,64,26,38,0.40625,0.59375,6,4,1112,0,19,1.339962,1.925414,6.954544,4.692448,8.502293,0.367669,0.38,0.008888,0.042163,0.02,1101110010,0;2;4;6;5;2;4;4;0;1,-1.56388,-2.267825,0.550988,running
20260526-203113-sentence-script-a-transparent-3d-cell-me-ee273c,366,39.115302,45.32,2266,1,0,1,1,ARTIST,0.22,0,0,0.0,64,26,38,0.40625,0.59375,6,4,1112,0,18,1.321425,1.893319,6.968078,4.693422,8.524423,0.314634,0.38,0.002634,0.045786,0.02,1101110010,0;2;4;6;5;2;4;4;0;1,-0.544117,-0.591787,0.191704,running
20260526-203113-sentence-script-a-transparent-3d-cell-me-ee273c,367,39.226442,45.46,2273,1,0,1,1,ARTIST,0.36,0,0,0.0,64,26,38,0.40625,0.59375,2,8,1112,0,17,1.299123,1.877859,6.988507,4.705284,8.550712,0.251207,0.38,-0.003661,0.048326,0.02,0110000000,0;2;4;6;5;2;4;4;0;1,-0.240338,-0.033113,0.113442,running
20260526-203113-sentence-script-a-transparent-3d-cell-me-ee273c,368,39.338289,45.6,2280,1,0,1,1,ARTIST,0.5,0,0,0.0,64,26,38,0.40625,0.59375,2,8,1112,0,17,1.286122,1.843629,7.01221,4.724471,8.577506,0.179482,0.38,-0.009899,0.049722,0.02,0110000000,0;2;4;6;5;2;4;4;0;1,-0.17504,0.141897,0.123217,running
20260526-203113-sentence-script-a-transparent-3d-cell-me-ee273c,369,39.438332,45.72,2286,1,0,1,1,ARTIST,0.62,0,0,0.0,64,26,38,0.40625,0.59375,2,8,1112,0,15,1.270783,1.822175,7.033924,4.741728,8.602269,0.113188,0.38,-0.015124,0.049982,0.02,0110000000,0;2;4;6;5;2;4;4;0;1,-0.154294,0.197499,0.126323,running
20260526-203113-sentence-script-a-transparent-3d-cell-me-ee273c,370,39.540329,45.84,2292,1,0,1,1,ARTIST,0.74,0,0,0.0,64,26,38,0.40625,0.59375,2,8,1112,0,15,1.253401,1.798516,7.053728,4.758209,8.624347,0.044146,0.38,-0.020173,0.049373,0.02,0110000000,0;2;4;6;5;2;4;4;0;1,-0.145901,0.219994,0.127579,running
20260526-203113-sentence-script-a-transparent-3d-cell-me-ee273c,371,39.640791,45.96,2298,1,0,1,1,ARTIST,0.86,0,0,0.0,64,26,38,0.40625,0.59375,2,8,1112,0,13,1.233032,1.767847,7.063832,4.754581,8.643846,-0.025968,0.38,-0.024987,0.047905,0.02,0110000000,0;2;4;6;5;2;4;4;0;1,-0.142505,0.229094,0.128088,running
20260526-203113-sentence-script-a-transparent-3d-cell-me-ee273c,372,39.743999,46.08,2304,1,0,1,1,ARTIST,0.98,0,0,0.0,64,26,38,0.40625,0.59375,2,8,1112,0,13,1.220059,1.745337,7.072589,4.754539,8.658623,-0.095452,0.38,-0.02951,0.045603,0.02,0110000000,0;2;4;6;5;2;4;4;0;1,-0.141132,0.232776,0.128293,running
20260526-203113-sentence-script-a-transparent-3d-cell-me-ee273c,373,39.848497,46.2,2310,1,0,1,1,ARTIST,1.1,0,0,0.0,64,26,38,0.40625,0.59375,2,8,1112,0,13,1.209792,1.739728,7.081105,4.753788,8.67348,-0.162618,0.38,-0.033688,0.042508,0.02,0110000000,0;2;4;6;5;2;4;4;0;1,-0.140576,0.234266,0.128377,running
20260526-203113-sentence-script-a-transparent-3d-cell-me-ee273c,374,39.95018,46.32,2316,1,0,1,1,ARTIST,1.22,0,0,0.0,64,26,38,0.40625,0.59375,2,8,1112,1,13,1.17368,1.736587,7.012096,4.567775,8.684526,-0.225834,0.38,-0.037475,0.038673,0.02,0110000000,0;2;4;6;5;3;4;4;0;1,-0.140351,0.234868,0.12841,running
20260526-203113-sentence-script-a-transparent-3d-cell-me-ee273c,375,40.053289,46.44,2322,1,0,1,1,ARTIST,1.34,0,0,0.0,64,26,38,0.40625,0.59375,2,8,1112,1,13,1.156176,1.726248,7.014403,4.562657,8.691912,-0.283565,0.38,-0.040824,0.034165,0.02,0110000000,0;2;4;6;5;3;4;4;0;1,-0.14026,0.235112,0.128424,running
20260526-203113-sentence-script-a-transparent-3d-cell-me-ee273c,376,40.157407,46.56,2328,1,0,1,1,ARTIST,1.46,0,0,0.0,64,26,38,0.40625,0.59375,2,8,1112,1,13,1.138813,1.660501,7.012846,4.558933,8.691839,-0.33441,0.38,-0.043698,0.029063,0.02,0110000000,0;2;4;6;5;3;4;4;0;1,-0.140223,0.235211,0.128429,running
20260526-203113-sentence-script-a-transparent-3d-cell-me-ee273c,377,40.259506,46.68,2334,1,0,1,1,ARTIST,1.58,0,0,0.0,64,26,38,0.40625,0.59375,2,8,1112,1,13,1.131334,1.651569,7.006842,4.550911,8.687216,-0.377132,0.38,-0.046063,0.023455,0.02,0011000000,0;2;4;6;5;3;4;4;0;1,-0.117502,0.22584,0.075373,running
20260526-203113-sentence-script-a-transparent-3d-cell-me-ee273c,378,40.362508,46.8,2340,1,0,1,1,ARTIST,1.7,0,0,0.0,64,26,38,0.40625,0.59375,2,8,1112,0,13,1.129744,1.655978,6.996611,4.53772,8.67901,-0.410696,0.38,-0.047891,0.017439,0.02,0011000000,0;2;4;6;5;3;4;4;0;1,-0.034444,0.191433,-0.118698,running
20260526-203113-sentence-script-a-transparent-3d-cell-me-ee273c,379,40.465191,46.92,2346,1,0,1,1,ARTIST,1.82,0,0,0.0,64,26,38,0.40625,0.59375,2,8,1112,0,13,1.126975,1.649944,6.983227,4.521942,8.667264,-0.434285,0.38,-0.049161,0.01112,0.02,0011000000,0;2;4;6;5;3;4;4;0;1,-0.000842,0.177513,-0.197213,running
20260526-203113-sentence-script-a-transparent-3d-cell-me-ee273c,380,40.588551,47.06,2353,1,0,1,1,ARTIST,1.96,0,0,0.0,64,26,38,0.40625,0.59375,2,8,1112,0,13,1.127085,1.640832,6.964958,4.503839,8.648882,-0.448449,0.38,-0.049917,0.003511,0.02,0011000000,0;2;4;6;5;3;4;4;0;1,0.014046,0.171346,-0.231999,running
20260526-203113-sentence-script-a-transparent-3d-cell-me-ee273c,381,40.702063,47.2,2360,1,0,1,1,ARTIST,2.1,0,0,0.0,64,26,38,0.40625,0.59375,2,8,1112,0,13,1.128239,1.636351,6.943147,4.484267,8.625538,-0.447799,0.38,-0.049883,-0.004181,0.02,0011000000,0;2;4;6;5;3;4;4;0;1,0.019226,0.1692,-0.244102,running
20260526-203113-sentence-script-a-transparent-3d-cell-me-ee273c,382,40.805571,47.32,2366,1,0,1,1,ARTIST,2.22,0,0,0.0,64,26,38,0.40625,0.59375,2,8,1112,0,12,1.12964,1.630319,6.921841,4.466322,8.601932,-0.435455,0.38,-0.049223,-0.010703,0.02,0011000000,0;2;4;6;5;3;4;4;0;1,0.020871,0.168519,-0.247947,running
20260526-203113-sentence-script-a-transparent-3d-cell-me-ee273c,383,40.910591,47.44,2372,1,0,1,1,ARTIST,2.34,0,0,0.0,64,26,38,0.40625,0.59375,2,8,1112,0,12,1.131988,1.618134,6.898477,4.447774,8.575273,-0.412535,0.38,-0.04799,-0.017038,0.02,0011000000,0;2;4;6;5;3;4;4;0;1,0.021537,0.168243,-0.249502,running
20260526-203113-sentence-script-a-transparent-3d-cell-me-ee273c,384,41.013033,47.56,2378,1,0,1,1,ARTIST,2.46,0,0,0.0,64,26,38,0.40625,0.59375,2,8,1112,0,11,1.133879,1.598579,6.873498,4.429065,8.546004,-0.379596,0.38,-0.046198,-0.023077,0.02,0011000000,0;2;4;6;5;3;4;4;0;1,0.021807,0.168131,-0.250132,running
20260526-203113-sentence-script-a-transparent-3d-cell-me-ee273c,385,41.116289,47.68,2384,1,0,1,1,ARTIST,2.58,0,0,0.0,64,26,38,0.40625,0.59375,2,8,1112,0,11,1.133459,1.592985,6.847471,4.410676,8.514752,-0.337438,0.38,-0.043867,-0.028714,0.02,0011000000,0;2;4;6;5;3;4;4;0;1,0.021915,0.168086,-0.250386,running
20260526-203113-sentence-script-a-transparent-3d-cell-me-ee273c,386,41.21983,47.8,2390,1,0,1,1,ARTIST,2.7,0,0,0.0,64,26,38,0.40625,0.59375,2,8,1112,0,11,1.132326,1.577184,6.820079,4.390759,8.482245,-0.287084,0.38,-0.041025,-0.033852,0.02,0011000000,0;2;4;6;5;3;4;4;0;1,0.02196,0.168068,-0.250489,running
20260526-203113-sentence-script-a-transparent-3d-cell-me-ee273c,387,41.323165,47.92,2396,1,0,1,1,ARTIST,2.82,0,0,0.0,64,26,38,0.40625,0.59375,2,8,1112,0,11,1.129607,1.571918,6.793905,4.374344,8.449394,-0.229759,0.38,-0.037705,-0.0384,0.02,0011000000,0;2;4;6;5;3;4;4;0;1,0.021977,0.168061,-0.250531,running
20260526-203113-sentence-script-a-transparent-3d-cell-me-ee273c,388,41.427944,48.04,2402,1,0,1,1,ARTIST,2.94,0,0,0.0,64,26,38,0.40625,0.59375,2,8,1112,0,11,1.127654,1.561232,6.768678,4.359584,8.417005,-0.166853,0.38,-0.033946,-0.042281,0.02,0001100000,0;2;4;6;5;3;4;4;0;1,0.112215,0.128031,0.03341,running
20260526-203113-sentence-script-a-transparent-3d-cell-me-ee273c,389,41.54395,48.18,2409,1,0,1,1,ARTIST,3.08,0,0,0.0,64,26,38,0.40625,0.59375,2,8,1112,0,11,1.123045,1.558373,6.741183,4.344836,8.380788,-0.088454,0.38,-0.029064,-0.045874,0.02,0001100000,0;2;4;6;5;3;4;4;0;1,0.152195,0.110296,0.159211,running
20260526-203113-sentence-script-a-transparent-3d-cell-me-ee273c,390,41.659162,48.32,2416,1,0,1,1,ARTIST,3.22,0,0,0.0,64,26,38,0.40625,0.59375,2,8,1112,0,11,1.116246,1.548169,6.717129,4.334246,8.347522,-0.007134,0.38,-0.023721,-0.048382,0.02,0001100000,0;2;4;6;5;3;4;4;0;1,0.166105,0.104126,0.202981,running
20260526-203113-sentence-script-a-transparent-3d-cell-me-ee273c,391,41.773289,48.46,2423,1,0,1,1,ARTIST,3.36,0,0,0.0,64,26,38,0.40625,0.59375,2,8,1112,0,11,1.108878,1.544761,6.698011,4.329449,8.318606,0.074423,0.38,-0.018001,-0.049745,0.02,0001100000,0;2;4;6;5;3;4;4;0;1,0.170944,0.101979,0.218209,running
20260526-203113-sentence-script-a-transparent-3d-cell-me-ee273c,392,41.886982,48.6,2430,1,0,1,1,ARTIST,3.5,0,0,0.0,64,26,38,0.40625,0.59375,2,8,1112,0,11,1.099957,1.546488,6.685115,4.331538,8.295457,0.15352,0.38,-0.011997,-0.04993,0.02,0001100000,0;2;4;6;5;3;4;4;0;1,0.172628,0.101232,0.223508,running
20260526-203113-sentence-script-a-transparent-3d-cell-me-ee273c,393,41.999007,48.74,2437,1,0,1,1,ARTIST,3.64,0,0,0.0,64,26,38,0.40625,0.59375,2,8,1112,0,10,1.091977,1.528887,6.679515,4.341683,8.279085,0.227547,0.38,-0.005802,-0.048933,0.02,0001100000,0;2;4;6;5;3;4;4;0;1,0.173214,0.100972,0.225351,running
20260526-203113-sentence-script-a-transparent-3d-cell-me-ee273c,394,42.11063,48.88,2444,1,0,1,1,ARTIST,3.78,0,0,0.0,64,26,38,0.40625,0.59375,2,8,1112,0,10,1.087459,1.527357,6.682225,4.360686,8.270647,0.294057,0.38,0.000485,-0.046779,0.02,0001100000,0;2;4;6;5;3;4;4;0;1,0.173418,0.100882,0.225992,running
20260526-203113-sentence-script-a-transparent-3d-cell-me-ee273c,395,42.222361,49.02,2451,1,0,1,1,ARTIST,3.92,0,0,0.0,64,26,38,0.40625,0.59375,2,8,1112,0,10,1.08743,1.528489,6.69212,4.384385,8.271096,0.350854,0.38,0.006764,-0.043516,0.02,0001100000,0;2;4;6;5;3;4;4;0;1,0.173489,0.10085,0.226216,running
20260526-203113-sentence-script-a-transparent-3d-cell-me-ee273c,396,42.332301,49.16,2458,1,0,1,1,ARTIST,4.06,0,0,0.0,64,26,38,0.40625,0.59375,2,8,1112,0,10,1.086699,1.521353,6.707445,4.407889,8.280826,0.396061,0.38,0.012936,-0.039224,0.02,0001100000,0;2;4;6;5;3;4;4;0;1,0.173513,0.100839,0.226293,running
20260526-203113-sentence-script-a-transparent-3d-cell-me-ee273c,397,42.447617,49.3,2465,1,0,1,1,ARTIST,4.2,0,0,0.0,64,26,38,0.40625,0.59375,2,8,1112,0,9,1.089589,1.513934,6.729838,4.434794,8.300131,0.428185,0.38,0.018903,-0.034004,0.02,0000110000,0;2;4;6;5;3;4;4;0;1,-0.106068,0.060809,0.060374,running
20260526-203113-sentence-script-a-transparent-3d-cell-me-ee273c,398,42.549555,49.42,2471,1,0,1,1,ARTIST,4.32,0,0,0.0,64,26,38,0.40625,0.59375,2,8,1112,0,9,1.093622,1.499866,6.757374,4.467295,8.324271,0.44449,0.38,0.023783,-0.028884,0.02,0000110000,0;2;4;6;5;3;4;4;0;1,-0.219178,0.044615,-0.006754,running
20260526-203113-sentence-script-a-transparent-3d-cell-me-ee273c,399,42.652359,49.54,2477,1,0,1,1,ARTIST,4.44,0,0,0.0,64,26,38,0.40625,0.59375,2,8,1112,0,9,1.097473,1.494059,6.785324,4.491036,8.3551,0.45,0.38,0.028385,-0.02326,0.02,0000110000,0;2;4;6;5;3;4;4;0;1,-0.264939,0.038063,-0.033911,running
20260526-203113-sentence-script-a-transparent-3d-cell-me-ee273c,400,42.755698,49.66,2483,1,0,1,1,ARTIST,4.56,0,0,0.0,64,26,38,0.40625,0.59375,2,8,1112,0,9,1.098525,1.47089,6.814982,4.514526,8.388978,0.444581,0.38,0.032656,-0.017233,0.02,0000110000,0;2;4;6;5;3;4;4;0;1,-0.283453,0.035412,-0.044899,running
20260526-203113-sentence-script-a-transparent-3d-cell-me-ee273c,401,42.858525,49.78,2489,1,0,1,1,ARTIST,4.68,0,0,0.0,64,26,38,0.40625,0.59375,2,8,1112,0,8,1.105143,1.492318,6.846541,4.534976,8.428138,0.428364,0.38,0.036547,-0.010905,0.02,0000110000,0;2;4;6;5;3;4;4;0;1,-0.290942,0.03434,-0.049344,running
20260526-203113-sentence-script-a-transparent-3d-cell-me-ee273c,402,42.961359,49.9,2495,1,0,1,1,ARTIST,4.8,0,0,0.0,64,26,38,0.40625,0.59375,2,8,1112,0,8,1.106448,1.626495,6.883134,4.559463,8.473015,0.401744,0.38,0.040012,-0.004388,0.02,0000110000,0;2;4;6;5;3;4;4;0;1,-0.293973,0.033906,-0.051142,running
20260526-203113-sentence-script-a-transparent-3d-cell-me-ee273c,403,43.064652,50.02,2501,1,0,1,1,ARTIST,4.92,0,0,0.0,64,26,38,0.40625,0.59375,2,8,1112,0,8,1.108495,1.616894,6.92268,4.583915,8.522888,0.365367,0.38,0.043011,0.002206,0.02,0000110000,0;2;4;6;5;3;4;4;0;1,-0.295198,0.03373,-0.051869,running
20260526-203113-sentence-script-a-transparent-3d-cell-me-ee273c,404,43.168112,50.14,2507,1,0,1,1,ARTIST,5.04,0,0,0.0,64,26,38,0.40625,0.59375,2,8,1112,0,8,1.111614,1.613862,6.966879,4.613603,8.577015,0.320117,0.38,0.045509,0.008761,0.02,0000110000,0;2;4;6;5;3;4;4;0;1,-0.295694,0.033659,-0.052164,running
20260526-203113-sentence-script-a-transparent-3d-cell-me-ee273c,405,43.271604,50.26,2513,1,0,1,1,ARTIST,5.16,0,0,0.0,64,26,38,0.40625,0.59375,2,8,1112,0,8,1.115625,1.597984,7.010012,4.635461,8.634705,0.267091,0.38,0.047476,0.015164,0.02,0000110000,0;2;4;6;5;3;4;4;0;1,-0.295895,0.033631,-0.052283,running
20260526-203113-sentence-script-a-transparent-3d-cell-me-ee273c,406,43.375238,50.38,2519,1,0,1,1,ARTIST,5.28,0,0,0.0,64,26,38,0.40625,0.59375,2,8,1112,0,8,1.111703,1.595953,7.051823,4.652801,8.693259,0.207579,0.38,0.04889,0.021303,0.02,0000110000,0;2;4;6;5;3;4;4;0;1,-0.295976,0.033619,-0.052331,running
20260526-203113-sentence-script-a-transparent-3d-cell-me-ee273c,407,43.477987,50.5,2525,1,0,1,1,ARTIST,5.4,0,0,0.0,64,26,38,0.40625,0.59375,2,8,1112,0,9,1.099262,1.59631,7.089833,4.667763,8.747039,0.143026,0.38,0.049735,0.027071,0.02,0000011000,0;2;4;6;5;3;4;4;0;1,-0.095954,0.009149,-0.092017,running
20260526-203113-sentence-script-a-transparent-3d-cell-me-ee273c,408,43.580891,50.62,2531,1,0,1,1,ARTIST,5.52,0,0,0.0,64,26,38,0.40625,0.59375,2,8,1112,0,9,1.076303,1.588355,7.11724,4.671256,8.790807,0.074999,0.38,0.049999,0.032368,0.02,0000011000,0;2;4;6;5;3;4;4;0;1,0.112215,-0.016312,-0.133303,running
20260526-203113-sentence-script-a-transparent-3d-cell-me-ee273c,409,43.683866,50.74,2537,1,0,1,1,ARTIST,5.64,0,0,0.0,64,26,38,0.40625,0.59375,2,8,1112,0,9,1.051215,1.566811,7.135491,4.676511,8.817951,0.00515,0.38,0.049682,0.037103,0.02,0000011000,0;2;4;6;5;3;4;4;0;1,0.196433,-0.026612,-0.150006,running
20260526-203113-sentence-script-a-transparent-3d-cell-me-ee273c,410,43.786823,50.86,2543,1,0,1,1,ARTIST,5.76,0,0,0.0,64,26,38,0.40625,0.59375,2,8,1112,0,9,1.042922,1.531671,7.147918,4.675524,8.839556,-0.064823,0.38,0.048785,0.041191,0.02,0000011000,0;2;4;6;5;3;4;4;0;1,0.230505,-0.03078,-0.156764,running
20260526-203113-sentence-script-a-transparent-3d-cell-me-ee273c,411,43.889651,50.98,2549,1,0,1,1,ARTIST,5.88,0,0,0.0,64,26,38,0.40625,0.59375,2,8,1112,0,9,1.033738,1.54716,7.153613,4.660297,8.859566,-0.133222,0.38,0.04732,0.044563,0.02,0000011000,0;2;4;6;5;3;4;4;0;1,0.24429,-0.032466,-0.159497,running
20260526-203113-sentence-script-a-transparent-3d-cell-me-ee273c,412,43.992756,51.1,2555,1,0,1,1,ARTIST,6.0,0,0,0.0,64,26,38,0.40625,0.59375,2,8,1112,0,9,1.019466,1.556429,7.155435,4.64499,8.873109,-0.198386,0.38,0.045303,0.04716,0.02,0000011000,0;2;4;6;5;3;4;4;0;1,0.249866,-0.033148,-0.160603,running
20260526-203113-sentence-script-a-transparent-3d-cell-me-ee273c,413,44.095858,51.22,2561,1,0,1,1,ARTIST,6.12,0,0,0.0,64,26,38,0.40625,0.59375,2,8,1112,0,9,1.012058,1.577523,7.154201,4.630038,8.881259,-0.258732,0.38,0.042759,0.048936,0.02,0000011000,0;2;4;6;5;3;4;4;0;1,0.252123,-0.033424,-0.161051,running
20260526-203113-sentence-script-a-transparent-3d-cell-me-ee273c,414,44.198955,51.34,2567,1,0,1,1,ARTIST,6.24,0,0,0.0,64,26,38,0.40625,0.59375,2,8,1112,0,8,1.009678,1.576054,7.147722,4.610315,8.883842,-0.312793,0.38,0.039716,0.049861,0.02,0000011000,0;2;4;6;5;3;4;4;0;1,0.253035,-0.033535,-0.161232,running
20260526-203113-sentence-script-a-transparent-3d-cell-me-ee273c,415,44.303238,51.46,2573,1,0,1,1,ARTIST,6.36,0,0,0.0,64,26,38,0.40625,0.59375,2,8,1112,0,8,1.007895,1.589498,7.138726,4.590763,8.882069,-0.359259,0.38,0.036211,0.049918,0.02,0000011000,0;2;4;6;5;3;4;4;0;1,0.253405,-0.03358,-0.161305,running
20260526-203113-sentence-script-a-transparent-3d-cell-me-ee273c,416,44.405209,51.58,2579,1,0,1,1,ARTIST,6.48,0,0,0.0,64,26,38,0.40625,0.59375,2,8,1112,0,8,1.010389,1.597382,7.126124,4.568966,8.875759,-0.396999,0.38,0.032283,0.049107,0.02,0000011000,0;2;4;6;5;3;4;4;0;1,0.253554,-0.033599,-0.161335,running
20260526-203113-sentence-script-a-transparent-3d-cell-me-ee273c,417,44.513125,51.7,2585,1,0,1,1,ARTIST,6.6,0,0,0.0,64,26,38,0.40625,0.59375,2,8,1112,0,8,1.010291,1.615003,7.109837,4.544749,8.864897,-0.425097,0.38,0.027979,0.047441,0.02,0000011000,0;2;4;6;5;3;4;4;0;1,0.253614,-0.033606,-0.161347,running
20260526-203113-sentence-script-a-transparent-3d-cell-me-ee273c,418,44.614366,51.84,2592,1,0,1,1,ARTIST,6.74,0,0,0.0,64,26,38,0.40625,0.59375,2,8,1112,0,8,1.015964,1.59448,7.085154,4.513917,8.844421,-0.444795,0.38,0.02255,0.044457,0.02,0000001100,0;2;4;6;5;3;4;4;0;1,0.039961,-0.077443,0.123458,running
20260526-203113-sentence-script-a-transparent-3d-cell-me-ee273c,419,44.723553,52.02,2601,1,0,1,1,ARTIST,6.92,0.04,0,0.0,64,26,38,0.40625,0.59375,2,8,1112,0,7,1.02747,1.57106,7.047581,4.471008,8.810499,-0.448497,0.38,0.015057,0.039087,0.02,0000001100,0;2;4;6;5;3;4;4;0;1,-0.044704,-0.094814,0.236317,running
20260526-203113-sentence-script-a-transparent-3d-cell-me-ee273c,420,44.831257,52.22,2611,1,0,1,1,ARTIST,7.12,0.24,0,0.0,64,26,38,0.40625,0.59375,2,8,1112,0,7,1.039973,1.553055,6.998618,4.419124,8.763535,-0.423975,0.38,0.006278,0.031341,0.02,0000001100,0;2;4;6;5;3;4;4;0;1,-0.067547,-0.099501,0.266768,running
20260526-203113-sentence-script-a-transparent-3d-cell-me-ee273c,421,44.937653,52.44,2622,1,0,1,1,ARTIST,7.34,0.46,0,0.0,64,26,38,0.40625,0.59375,2,8,1112,0,7,1.052323,1.515806,6.937866,4.358815,8.70248,-0.364206,0.38,-0.003602,0.021092,0.02,0000001100,0;2;4;6;5;3;4;4;0;1,-0.072804,-0.10058,0.273775,running
20260526-203113-sentence-script-a-transparent-3d-cell-me-ee273c,422,45.039765,52.66,2633,1,0,1,1,ARTIST,7.56,0.68,0,0.0,64,26,38,0.40625,0.59375,2,8,1112,0,6,1.060725,1.459713,6.873419,4.298744,8.635039,-0.274849,0.38,-0.013342,0.009613,0.02,0000001100,0;2;4;6;5;3;4;4;0;1,-0.073804,-0.100785,0.275108,running
20260526-203113-sentence-script-a-transparent-3d-cell-me-ee273c,423,45.150689,52.86,2643,1,0,1,1,ARTIST,7.76,0.88,0,0.0,64,26,38,0.40625,0.59375,2,8,1112,0,5,1.061967,1.429984,6.814372,4.245381,8.572103,-0.17401,0.38,-0.021753,-0.001327,0.02,0000001100,0;2;4;6;5;3;4;4;0;1,-0.073987,-0.100823,0.275352,running
20260526-203113-sentence-script-a-transparent-3d-cell-me-ee273c,424,45.255824,53.0,2650,1,0,1,1,ARTIST,7.9,1.02,0,0.0,64,26,38,0.40625,0.59375,2,8,1112,0,5,1.056523,1.428261,6.776058,4.213559,8.529347,-0.096023,0.38,-0.027238,-0.008978,0.02,0000000110,0;2;4;6;5;3;4;4;0;1,-0.084929,-0.118334,0.145553,running
20260526-203113-sentence-script-a-transparent-3d-cell-me-ee273c,425,45.363786,53.16,2658,1,0,1,1,ARTIST,8.06,1.18,0,0.0,64,26,38,0.40625,0.59375,2,8,1112,0,5,1.050245,1.412376,6.736965,4.183956,8.483761,-0.003167,0.38,-0.032973,-0.017452,0.02,0000000110,0;2;4;6;5;3;4;4;0;1,-0.106653,-0.153178,-0.112872,running
20260526-203113-sentence-script-a-transparent-3d-cell-me-ee273c,426,45.472397,53.34,2667,1,0,1,1,ARTIST,8.24,1.36,0,0.0,64,26,38,0.40625,0.59375,2,8,1112,0,5,1.039942,1.395184,6.701715,4.161791,8.439559,0.101258,0.38,-0.038604,-0.026327,0.02,0000000110,0;2;4;6;5;3;4;4;0;1,-0.113542,-0.164227,-0.194819,running
20260526-203113-sentence-script-a-transparent-3d-cell-me-ee273c,427,45.574325,53.52,2676,1,0,1,1,ARTIST,8.42,1.54,0,0.0,64,26,38,0.40625,0.59375,2,8,1112,0,5,1.030581,1.420392,6.676644,4.150002,8.405399,0.200164,0.38,-0.043224,-0.034175,0.02,0000000110,0;2;4;6;5;3;4;4;0;1,-0.115314,-0.16707,-0.215907,running
20260526-203113-sentence-script-a-transparent-3d-cell-me-ee273c,428,45.677952,53.72,2686,1,0,1,1,ARTIST,8.62,1.74,0,0.0,64,26,38,0.40625,0.59375,2,8,1112,0,5,1.020685,1.451149,6.66362,4.152276,8.381909,0.297048,0.38,-0.047025,-0.041316,0.02,0000000110,0;2;4;6;5;3;4;4;0;1,-0.115793,-0.167838,-0.221596,running
20260526-203113-sentence-script-a-transparent-3d-cell-me-ee273c,429,45.779713,53.92,2696,1,0,1,1,ARTIST,8.82,1.94,0,0.0,64,26,38,0.40625,0.59375,2,8,1112,0,5,1.01711,1.435169,6.670483,4.178543,8.375495,0.373965,0.38,-0.049307,-0.046465,0.02,0000000110,0;2;4;6;5;3;4;4;0;1,-0.115898,-0.168007,-0.222855,running
20260526-203113-sentence-script-a-transparent-3d-cell-me-ee273c,430,45.882787,54.08,2704,1,0,1,1,ARTIST,8.98,2.1,0,0.0,64,26,38,0.40625,0.59375,2,8,1112,0,5,1.018532,1.448085,6.690594,4.216116,8.383658,0.417592,0.38,-0.049987,-0.048981,0.02,0000000110,0;2;4;6;5;3;4;4;0;1,-0.115919,-0.168041,-0.223106,running
20260526-203113-sentence-script-a-transparent-3d-cell-me-ee273c,431,45.99903,54.22,2711,1,0,1,1,ARTIST,9.12,2.24,0,0.0,64,26,38,0.40625,0.59375,2,8,1112,0,4,1.021805,1.470572,6.717347,4.257812,8.400187,0.441045,0.38,-0.049733,-0.049942,0.02,0000000110,0;2;4;6;5;3;4;4;0;1,-0.115925,-0.168051,-0.223176,running
20260526-203113-sentence-script-a-transparent-3d-cell-me-ee273c,432,46.112983,54.36,2718,1,0,1,1,ARTIST,9.26,2.38,0,0.0,64,26,38,0.40625,0.59375,2,8,1112,0,4,1.026098,1.458248,6.749926,4.302168,8.424707,0.449928,0.38,-0.048691,-0.049721,0.02,0000000011,0;2;4;6;5;3;4;4;0;1,0.076124,-0.211888,-0.035119,running
20260526-203113-sentence-script-a-transparent-3d-cell-me-ee273c,433,46.225203,54.5,2725,1,0,1,1,ARTIST,9.4,2.52,0,0.0,64,26,38,0.40625,0.59375,2,8,1112,0,4,1.031581,1.454859,6.788754,4.352699,8.455528,0.44395,0.38,-0.046877,-0.048323,0.02,0000000011,0;2;4;6;5;3;4;4;0;1,0.142943,-0.22714,0.030311,running
20260526-203113-sentence-script-a-transparent-3d-cell-me-ee273c,434,46.334282,54.64,2732,1,0,1,1,ARTIST,9.54,2.66,0,0.0,64,26,38,0.40625,0.59375,2,8,1112,0,4,1.03303,1.498385,6.828383,4.401941,8.48858,0.423306,0.38,-0.044319,-0.045781,0.02,0000000011,0;2;4;6;5;3;4;4;0;1,0.166191,-0.232446,0.053076,running
20260526-203113-sentence-script-a-transparent-3d-cell-me-ee273c,435,46.444611,54.78,2739,1,0,1,1,ARTIST,9.68,2.8,0,0.0,64,26,38,0.40625,0.59375,2,8,1112,0,4,1.031066,1.475032,6.8731,4.46016,8.524059,0.38868,0.38,-0.041059,-0.042156,0.02,0000000011,0;2;4;6;5;3;4;4;0;1,0.17428,-0.234293,0.060997,running
20260526-203113-sentence-script-a-transparent-3d-cell-me-ee273c,436,46.553135,54.92,2746,1,0,1,1,ARTIST,9.82,2.94,0,0.0,64,26,38,0.40625,0.59375,2,8,1112,1,4,1.00985,1.484246,6.841035,4.333829,8.556492,0.341214,0.38,-0.037148,-0.037533,0.02,0000000011,0;2;4;6;5;4;4;4;0;1,0.177094,-0.234935,0.063753,running
20260526-203113-sentence-script-a-transparent-3d-cell-me-ee273c,437,46.661988,55.06,2753,1,0,1,1,ARTIST,9.96,3.08,0,0.0,64,26,38,0.40625,0.59375,2,8,1112,2,4,0.995123,1.487174,6.80656,4.200499,8.589655,0.282478,0.38,-0.032648,-0.032021,0.02,0000000011,0;2;4;6;6;4;4;4;0;1,0.178074,-0.235159,0.064711,running
20260526-203113-sentence-script-a-transparent-3d-cell-me-ee273c,438,46.770641,55.2,2760,1,0,1,1,ARTIST,10.1,3.22,0,0.0,64,26,38,0.40625,0.59375,2,8,1112,2,4,0.993512,1.474862,6.84834,4.247402,8.62793,0.21441,0.38,-0.02763,-0.025752,0.02,0000000011,0;2;4;6;6;4;4;4;0;1,0.178414,-0.235236,0.065045,running
20260526-203113-sentence-script-a-transparent-3d-cell-me-ee273c,439,46.874504,55.32,2766,1,0,1,1,ARTIST,10.22,3.34,0,0.0,64,26,38,0.40625,0.59375,2,8,1112,2,4,0.985184,1.464825,6.882385,4.283131,8.660822,0.150337,0.38,-0.022977,-0.019887,0.02,0000000011,0;2;4;6;6;4;4;4;0;1,0.178523,-0.235261,0.065151,running
20260526-203113-sentence-script-a-transparent-3d-cell-me-ee273c,440,46.975179,55.46,2773,1,0,1,1,ARTIST,10.36,3.48,0,0.0,64,26,38,0.40625,0.59375,2,8,1112,2,4,0.979192,1.46978,6.914491,4.310616,8.69609,0.071085,0.38,-0.017215,-0.012615,0.02,0000000011,0;2;4;6;6;4;4;4;0;1,0.178571,-0.235272,0.065198,running
20260526-203113-sentence-script-a-transparent-3d-cell-me-ee273c,441,47.07668,55.62,2781,1,0,1,1,ARTIST,10.52,3.64,0,0.0,64,26,38,0.40625,0.59375,2,8,1112,2,5,0.957943,1.454816,6.866995,4.138805,8.733652,-0.022207,0.38,-0.0103,-0.003949,0.02,1000000001,0;2;4;6;7;4;4;4;0;1,0.062131,-0.27911,0.022685,running
20260526-203113-sentence-script-a-transparent-3d-cell-me-ee273c,442,47.181071,55.8,2790,1,0,1,1,ARTIST,10.7,3.82,0,0.0,64,26,38,0.40625,0.59375,2,8,1112,1,5,0.950742,1.453333,6.895504,4.150077,8.773955,-0.125816,0.38,-0.002273,0.005933,0.02,1000000001,0;2;4;6;7;4;4;4;0;1,0.015988,-0.296481,0.005838,running
20260526-203113-sentence-script-a-transparent-3d-cell-me-ee273c,443,47.288786,56.0,2800,1,0,1,1,ARTIST,10.9,4.02,0,0.0,64,26,38,0.40625,0.59375,2,8,1112,1,4,0.935917,1.419908,6.916228,4.14351,8.813351,-0.23266,0.38,0.006706,0.016625,0.02,1000000001,0;2;4;6;7;4;4;4;0;1,0.003538,-0.301168,0.001292,running
20260526-203113-sentence-script-a-transparent-3d-cell-me-ee273c,444,47.389733,56.2,2810,1,0,1,1,ARTIST,11.1,4.22,0,0.0,64,26,38,0.40625,0.59375,2,8,1112,0,4,0.926768,1.38848,6.930559,4.134626,8.843565,-0.323865,0.38,0.015468,0.026515,0.02,1000000001,0;2;4;6;7;4;4;4;0;1,0.000783,-0.302205,0.000286,running
20260526-203113-sentence-script-a-transparent-3d-cell-me-ee273c,445,47.489851,56.4,2820,1,0,1,1,ARTIST,11.3,4.42,0,0.0,64,26,38,0.40625,0.59375,2,8,1112,0,4,0.921983,1.389681,6.928558,4.102263,8.862339,-0.393299,0.38,0.02373,0.035126,0.02,1000000001,0;2;4;6;7;4;4;4;0;1,0.000173,-0.302435,6.3e-05,running
20260526-203113-sentence-script-a-transparent-3d-cell-me-ee273c,446,47.604303,56.54,2827,1,0,1,1,ARTIST,11.44,4.56,0,0.0,64,26,38,0.40625,0.59375,2,8,1112,0,4,0.92196,1.404958,6.922079,4.079186,8.867217,-0.426381,0.38,0.029073,0.040169,0.02,1000000001,0;2;4;6;7;4;4;4;0;1,6e-05,-0.302477,2.2e-05,running
20260526-203113-sentence-script-a-transparent-3d-cell-me-ee273c,447,47.710848,56.7,2835,1,0,1,1,ARTIST,11.6,4.72,0,0.0,64,26,38,0.40625,0.59375,2,8,1112,0,3,0.922695,1.412028,6.908247,4.050334,8.863662,-0.446901,0.38,0.034609,0.044761,0.02,1000000001,0;2;4;6;7;4;4;4;0;1,1.8e-05,-0.302493,7e-06,running
20260526-203113-sentence-script-a-transparent-3d-cell-me-ee273c,448,47.814152,56.88,2844,1,0,1,1,ARTIST,11.78,4.9,0,0.0,64,26,38,0.40625,0.59375,2,8,1112,0,3,0.932899,1.423829,6.88361,4.014453,8.846718,-0.446946,0.38,0.039977,0.04827,0.02,1100000000,0;2;4;6;7;4;4;4;0;1,5e-06,0.092005,2e-06,running
20260526-203113-sentence-script-a-transparent-3d-cell-me-ee273c,449,47.914392,57.08,2854,1,0,1,1,ARTIST,11.98,5.1,0,0.0,64,26,38,0.40625,0.59375,2,8,1112,0,3,0.942528,1.426407,6.847716,3.970596,8.816271,-0.418469,0.38,0.044707,0.049952,0.02,1100000000,0;2;4;6;7;4;4;4;0;1,1e-06,0.255917,0.0,running
20260526-203113-sentence-script-a-transparent-3d-cell-me-ee273c,450,48.016673,57.3,2865,1,0,1,1,ARTIST,12.2,5.32,0,0.0,64,26,38,0.40625,0.59375,2,8,1112,0,3,0.955158,1.42755,6.800264,3.919105,8.771583,-0.354786,0.38,0.048238,0.049022,0.02,1100000000,0;2;4;6;7;4;4;4;0;1,0.0,0.293634,0.0,running
20260526-203113-sentence-script-a-transparent-3d-cell-me-ee273c,451,48.122384,57.54,2877,1,0,1,1,ARTIST,12.44,5.56,0,0.0,64,26,38,0.40625,0.59375,2,8,1112,0,3,0.967559,1.438104,6.743819,3.862963,8.714931,-0.252685,0.38,0.049937,0.044755,0.02,1100000000,0;2;4;6;7;4;4;4;0;1,0.0,0.301049,0.0,running
20260526-203113-sentence-script-a-transparent-3d-cell-me-ee273c,452,48.222468,57.7,2885,1,0,1,1,ARTIST,12.6,5.72,0,0.0,64,26,38,0.40625,0.59375,2,8,1112,0,3,0.970205,1.432433,6.70653,3.828499,8.67571,-0.170345,0.38,0.049781,0.04016,0.02,1100000000,0;2;4;6;7;4;4;4;0;1,0.0,0.302066,0.0,running
20260526-203113-sentence-script-a-transparent-3d-cell-me-ee273c,453,48.324702,57.82,2891,1,0,1,1,ARTIST,12.72,5.84,0,0.0,64,26,38,0.40625,0.59375,2,8,1112,0,3,0.9708,1.432793,6.68015,3.8056,8.646948,-0.103564,0.38,0.048986,0.03589,0.02,1100000000,0;2;4;6;7;4;4;4;0;1,0.0,0.302324,0.0,running
20260526-203113-sentence-script-a-transparent-3d-cell-me-ee273c,454,48.426651,57.94,2897,1,0,1,1,ARTIST,12.84,5.96,0,0.0,64,26,38,0.40625,0.59375,2,8,1112,0,3,0.970496,1.432883,6.656094,3.786071,8.619794,-0.034267,0.38,0.047621,0.030996,0.02,1100000000,0;2;4;6;7;4;4;4;0;1,0.0,0.302429,0.0,running
20260526-203113-sentence-script-a-transparent-3d-cell-me-ee273c,455,48.530638,58.06,2903,1,0,1,1,PULSE,0.02,6.08,0,0.0,64,26,38,0.40625,0.59375,3,7,1112,0,4,0.965903,1.410624,6.633938,3.769561,8.593775,-1.12,0.08,0.0,-0.059382,0.0,0000000111,0;2;4;6;7;4;4;4;0;1,-4.74435,3.045371,-2.698028,running
20260526-203113-sentence-script-a-transparent-3d-cell-me-ee273c,456,48.631909,58.18,2909,1,0,1,1,PULSE,0.14,6.2,0,0.0,64,26,38,0.40625,0.59375,4,6,1112,0,4,0.962016,1.349389,6.601984,3.744353,8.557205,-1.12,0.08,0.0,-0.102554,0.0,0000001111,0;2;4;6;7;4;4;4;0;1,-4.664427,2.80012,-3.076516,running
20260526-203113-sentence-script-a-transparent-3d-cell-me-ee273c,457,48.734731,58.3,2915,1,0,1,1,PULSE,0.26,6.32,0,0.0,64,26,38,0.40625,0.59375,5,5,1112,0,4,0.973349,1.307444,6.557828,3.707909,8.507773,-1.12,0.08,0.0,-0.130789,0.0,0000011111,0;2;4;6;7;4;4;4;0;1,-4.545992,2.549351,-3.449242,running
20260526-203113-sentence-script-a-transparent-3d-cell-me-ee273c,458,48.837858,58.42,2921,1,0,1,1,PULSE,0.38,6.44,0,0.0,64,26,38,0.40625,0.59375,6,4,1112,0,4,0.996367,1.274607,6.501896,3.660375,8.446094,-1.12,0.08,0.0,-0.139974,0.0,0000111111,0;2;4;6;7;4;4;4;0;1,-4.3898,2.293556,-3.812054,running
20260526-203113-sentence-script-a-transparent-3d-cell-me-ee273c,459,48.942342,58.54,2927,1,0,1,1,PULSE,0.5,6.56,0,0.0,64,26,38,0.40625,0.59375,7,3,1112,0,4,1.029666,1.274619,6.434522,3.601617,8.372825,-1.12,0.08,0.0,-0.128771,0.0,0001111111,0;2;4;6;7;4;4;4;0;1,-4.197055,2.033241,-4.160909,running
20260526-203113-sentence-script-a-transparent-3d-cell-me-ee273c,460,49.044409,58.66,2933,1,0,1,1,PULSE,0.62,6.68,0,0.0,64,26,38,0.40625,0.59375,8,2,1112,0,4,1.070613,1.316753,6.356234,3.532163,8.288493,-1.12,0.08,0.0,-0.098813,0.0,0011111111,0;2;4;6;7;4;4;4;0;1,-3.969399,1.768918,-4.491915,running
20260526-203113-sentence-script-a-transparent-3d-cell-me-ee273c,461,49.147495,58.78,2939,1,0,1,1,PULSE,0.74,6.8,0,0.0,64,26,38,0.40625,0.59375,8,2,1112,0,4,1.117353,1.382607,6.267468,3.452445,8.193537,-1.12,0.08,0.0,-0.054462,0.0,0111111110,0;2;4;6;7;4;4;4;0;1,-3.708891,1.501109,-4.801385,running
20260526-203113-sentence-script-a-transparent-3d-cell-me-ee273c,462,49.250898,58.9,2945,1,0,1,1,PULSE,0.86,6.92,0,0.0,64,26,38,0.40625,0.59375,8,2,1112,0,4,1.165138,1.46852,6.168885,3.363241,8.088536,-1.12,0.08,0.0,-0.002178,0.0,1111111100,0;2;4;6;7;4;4;4;0;1,-3.417983,1.23034,-5.085878,running
20260526-203113-sentence-script-a-transparent-3d-cell-me-ee273c,463,49.353604,59.02,2951,1,0,1,1,PULSE,0.98,7.04,0,0.0,64,26,38,0.40625,0.59375,7,3,1112,0,4,1.028454,1.320183,6.079428,3.283698,7.992295,1.12,0.08,0.0,0.050423,0.0,1111111000,0;2;4;6;7;4;4;4;0;1,-3.099492,0.957147,-5.342239,running
20260526-203113-sentence-script-a-transparent-3d-cell-me-ee273c,464,49.456347,59.14,2957,1,0,1,1,PULSE,1.1,7.16,0,0.0,64,26,38,0.40625,0.59375,7,3,1112,0,4,0.912382,1.178184,6.011628,3.226502,7.917241,1.12,0.08,0.0,0.095679,0.0,1111111000,0;2;4;6;7;4;4;4;0;1,-2.756561,0.682067,-5.567644,running
20260526-203113-sentence-script-a-transparent-3d-cell-me-ee273c,465,49.559921,59.26,2963,1,0,1,1,PULSE,1.22,7.28,0,0.0,64,26,38,0.40625,0.59375,6,4,1112,0,4,0.817832,1.066376,5.964464,3.190721,7.862288,1.12,0.08,0.0,0.127,0.0,1111110000,0;2;4;6;7;4;4;4;0;1,-2.392626,0.405643,-5.759626,running
20260526-203113-sentence-script-a-transparent-3d-cell-me-ee273c,466,49.662104,59.38,2969,1,0,1,1,PULSE,1.34,7.4,0,0.0,64,26,38,0.40625,0.59375,5,5,1112,0,4,0.748787,1.024863,5.936854,3.17516,7.826434,1.12,0.08,0.0,0.139823,0.0,1111100000,0;2;4;6;7;4;4;4;0;1,-2.011375,0.12842,-5.916112,running
20260526-203113-sentence-script-a-transparent-3d-cell-me-ee273c,467,49.765023,59.5,2975,1,0,1,1,PULSE,1.46,7.52,0,0.0,64,26,38,0.40625,0.59375,4,6,1112,0,4,0.707084,1.02842,5.92771,3.178462,7.808774,1.12,0.08,0.0,0.13228,0.0,1111000000,0;2;4;6;7;4;4;4;0;1,-1.616697,-0.149057,-6.035443,running
20260526-203113-sentence-script-a-transparent-3d-cell-me-ee273c,468,49.86914,59.62,2981,1,0,1,1,PULSE,1.58,7.64,0,0.0,64,26,38,0.40625,0.59375,3,7,1112,0,4,0.693574,1.033247,5.936233,3.199866,7.808484,1.12,0.08,0.0,0.10547,0.0,1110000000,0;2;4;6;7;4;4;4;0;1,-1.212643,-0.42624,-6.116397,running
20260526-203113-sentence-script-a-transparent-3d-cell-me-ee273c,469,49.970826,59.74,2987,1,0,1,1,PULSE,1.7,7.76,0,0.0,64,26,38,0.40625,0.59375,3,7,1112,0,4,0.705877,1.04701,5.961414,3.238301,7.824597,1.12,0.08,0.0,0.063298,0.0,1100000001,0;2;4;6;7;4;4;4;0;1,-0.803371,-0.702583,-6.158204,running
20260526-203113-sentence-script-a-transparent-3d-cell-me-ee273c,470,50.073822,59.86,2993,1,0,1,1,PULSE,1.82,7.88,0,0.0,64,26,38,0.40625,0.59375,3,7,1112,0,4,0.740247,1.08084,6.002365,3.292616,7.856403,1.12,0.08,0.0,0.011907,0.0,1000000011,0;2;4;6;7;4;4;4;0;1,-0.3931,-0.977541,-6.160551,running
20260526-203113-sentence-script-a-transparent-3d-cell-me-ee273c,471,50.176898,59.98,2999,1,0,1,1,PULSE,1.94,8.0,0,0.0,64,26,38,0.40625,0.59375,3,7,1112,0,4,0.671037,0.975737,6.044962,3.348565,7.889865,-1.12,0.08,0.0,-0.041219,0.0,0000000111,0;2;4;6;7;4;4;4;0;1,0.013944,-1.250573,-6.123592,running
20260526-203113-sentence-script-a-transparent-3d-cell-me-ee273c,472,50.279082,60.1,3005,1,0,1,1,PULSE,2.06,8.12,0,0.0,64,26,38,0.40625,0.59375,4,6,1112,0,4,0.603975,0.878541,6.070842,3.387621,7.90673,-1.12,0.08,0.0,-0.088341,0.0,0000001111,0;2;4;6;7;4;4;4;0;1,0.413579,-1.521139,-6.047941,running
20260526-203113-sentence-script-a-transparent-3d-cell-me-ee273c,473,50.380352,60.22,3011,1,0,1,1,PULSE,2.18,8.24,0,0.0,64,26,38,0.40625,0.59375,5,5,1112,0,4,0.563086,0.797948,6.080783,3.410473,7.907838,-1.12,0.08,0.0,-0.122596,0.0,0000011111,0;2;4;6;7;4;4;4;0;1,0.801714,-1.788707,-5.934668,running
20260526-203113-sentence-script-a-transparent-3d-cell-me-ee273c,474,50.483024,60.34,3017,1,0,1,1,PULSE,2.3,8.36,0,0.0,64,26,38,0.40625,0.59375,6,4,1112,0,4,0.553959,0.736151,6.075129,3.417308,7.893638,-1.12,0.08,0.0,-0.138994,0.0,0000111111,0;2;4;6;7;4;4;4;0;1,1.174404,-2.05275,-5.785283,running
20260526-203113-sentence-script-a-transparent-3d-cell-me-ee273c,475,50.583367,60.46,3023,1,0,1,1,PULSE,2.42,8.48,0,0.0,64,26,38,0.40625,0.59375,7,3,1112,0,4,0.571879,0.720407,6.054349,3.408166,7.864895,-1.12,0.08,0.0,-0.135148,0.0,0001111111,0;2;4;6;7;4;4;4;0;1,1.527892,-2.312746,-5.601718,running
20260526-203113-sentence-script-a-transparent-3d-cell-me-ee273c,476,50.685587,60.58,3029,1,0,1,1,PULSE,2.54,8.6,0,0.0,64,26,38,0.40625,0.59375,8,2,1112,0,4,0.613964,0.815026,6.019094,3.383514,7.822387,-1.12,0.08,0.0,-0.111617,0.0,0011111111,0;2;4;6;7;4;4;4;0;1,1.85866,-2.568184,-5.386308,running
20260526-203113-sentence-script-a-transparent-3d-cell-me-ee273c,477,50.788277,60.7,3035,1,0,1,1,PULSE,2.66,8.72,0,0.0,64,26,38,0.40625,0.59375,9,1,1112,0,4,0.675321,0.92366,5.970055,3.344191,7.7667,-1.12,0.08,0.0,-0.071828,0.0,0111111111,0;2;4;6;7;4;4;4;0;1,2.163464,-2.81856,-5.141755,running
20260526-203113-sentence-script-a-transparent-3d-cell-me-ee273c,478,50.890736,60.82,3041,1,0,1,1,PULSE,2.78,8.84,0,0.0,64,26,38,0.40625,0.59375,8,2,1112,0,4,0.746533,1.045716,5.907739,3.290838,7.698249,-1.12,0.08,0.0,-0.021578,0.0,0111111110,0;2;4;6;7;4;4;4;0;1,2.439384,-3.063381,-4.871099,running
20260526-203113-sentence-script-a-transparent-3d-cell-me-ee273c,479,50.993352,60.94,3047,1,0,1,1,PULSE,2.9,8.96,0,0.0,64,26,38,0.40625,0.59375,8,2,1112,0,4,0.687186,1.013737,5.841867,3.23327,7.626696,1.12,0.08,0.0,0.031815,0.0,1111111100,0;2;4;6;7;4;4;4;0;1,2.683847,-3.302163,-4.577683,running
20260526-203113-sentence-script-a-transparent-3d-cell-me-ee273c,480,51.095684,61.06,3053,1,0,1,1,PULSE,3.02,9.08,0,0.0,64,26,38,0.40625,0.59375,7,3,1112,0,4,0.579856,0.918826,5.794333,3.193533,7.573827,1.12,0.08,0.0,0.080575,0.0,1111111000,0;2;4;6;7;4;4;4;0;1,2.894667,-3.534437,-4.265109,running
20260526-203113-sentence-script-a-transparent-3d-cell-me-ee273c,481,51.198812,61.18,3059,1,0,1,1,PULSE,3.14,9.2,0,0.0,64,26,38,0.40625,0.59375,6,4,1112,0,4,0.501979,0.818999,5.765235,3.172018,7.539541,1.12,0.08,0.0,0.117598,0.0,1111110000,0;2;4;6;7;4;4;4;0;1,3.070068,-3.759744,-3.937195,running
20260526-203113-sentence-script-a-transparent-3d-cell-me-ee273c,482,51.302316,61.3,3065,1,0,1,1,PULSE,3.26,9.32,0,0.0,64,26,38,0.40625,0.59375,5,5,1112,0,4,0.462032,0.721535,5.753637,3.167961,7.522785,1.12,0.08,0.0,0.137493,0.0,1111100000,0;2;4;6;7;4;4;4;0;1,3.208704,-3.977641,-3.597929,running
20260526-203113-sentence-script-a-transparent-3d-cell-me-ee273c,483,51.417574,61.44,3072,1,0,1,1,PULSE,3.4,9.46,0,0.0,64,26,38,0.40625,0.59375,4,6,1112,0,4,0.463108,0.666754,5.76114,3.184393,7.524177,1.12,0.08,0.0,0.13535,0.0,1111000000,0;2;4;6;7;4;4;4;0;1,3.322806,-4.221916,-3.193256,running
20260526-203113-sentence-script-a-transparent-3d-cell-me-ee273c,484,51.52725,61.58,3079,1,0,1,1,PULSE,3.54,9.6,0,0.0,64,26,38,0.40625,0.59375,3,7,1112,0,4,0.508983,0.730376,5.790296,3.222391,7.547284,1.12,0.08,0.0,0.106493,0.0,1110000000,0;2;4;6;7;4;4;4;0;1,3.385027,-4.454864,-2.785368,running
20260526-203113-sentence-script-a-transparent-3d-cell-me-ee273c,485,51.637054,61.72,3086,1,0,1,1,PULSE,3.68,9.74,0,0.0,64,26,38,0.40625,0.59375,3,7,1112,0,4,0.5858,0.813267,5.839929,3.280799,7.590912,1.12,0.08,0.0,0.056618,0.0,1100000001,0;2;4;6;7;4;4;4;0;1,3.395586,-4.675862,-2.380926,running
20260526-203113-sentence-script-a-transparent-3d-cell-me-ee273c,486,51.746628,61.86,3093,1,0,1,1,PULSE,3.82,9.88,0,0.0,64,26,38,0.40625,0.59375,3,7,1112,0,4,0.640914,0.869383,5.90786,3.357406,7.652908,-1.12,0.08,0.0,-0.004432,0.0,1000000011,0;2;4;6;7;4;4;4;0;1,3.355557,-4.884317,-1.986502,running
20260526-203113-sentence-script-a-transparent-3d-cell-me-ee273c,487,51.854823,62.0,3100,1,0,1,1,PULSE,3.96,10.02,0,0.0,64,26,38,0.40625,0.59375,4,6,1112,0,4,0.504197,0.707378,5.962295,3.417569,7.703423,-1.12,0.08,0.0,-0.064607,0.0,0000001111,0;2;4;6;7;4;4;4;0;1,3.266847,-5.079668,-1.608474,running
20260526-203113-sentence-script-a-transparent-3d-cell-me-ee273c,488,51.962762,62.14,3107,1,0,1,1,PULSE,4.1,10.16,0,0.0,64,26,38,0.40625,0.59375,5,5,1112,0,4,0.407547,0.753502,5.991427,3.449979,7.730313,-1.12,0.08,0.0,-0.112031,0.0,0000011111,0;2;4;6;7;4;4;4;0;1,3.132165,-5.261392,-1.252913,running
20260526-203113-sentence-script-a-transparent-3d-cell-me-ee273c,489,52.072693,62.28,3114,1,0,1,1,PULSE,4.24,10.3,0,0.0,64,26,38,0.40625,0.59375,6,4,1112,0,4,0.368817,0.898366,5.997591,3.458567,7.734819,-1.12,0.08,0.0,-0.137343,0.0,0000111111,0;2;4;6;7;4;4;4;0;1,2.954979,-5.429002,-0.925489,running
20260526-203113-sentence-script-a-transparent-3d-cell-me-ee273c,490,52.180889,62.42,3121,1,0,1,1,PULSE,4.38,10.44,0,0.0,64,26,38,0.40625,0.59375,7,3,1112,0,4,0.39525,1.047174,5.982172,3.444934,7.718177,-1.12,0.08,0.0,-0.135548,0.0,0001111111,0;2;4;6;7;4;4;4;0;1,2.739453,-5.582048,-0.631375,running
20260526-203113-sentence-script-a-transparent-3d-cell-me-ee273c,491,52.282092,62.54,3127,1,0,1,1,PULSE,4.5,10.56,0,0.0,64,26,38,0.40625,0.59375,8,2,1112,0,4,0.457252,1.167192,5.952557,3.416389,7.68783,-1.12,0.08,0.0,-0.112555,0.0,0011111111,0;2;4;6;7;4;4;4;0;1,2.527818,-5.701326,-0.409285,running
20260526-203113-sentence-script-a-transparent-3d-cell-me-ee273c,492,52.382807,62.66,3133,1,0,1,1,PULSE,4.62,10.68,0,0.0,64,26,38,0.40625,0.59375,9,1,1112,0,4,0.536638,1.283651,5.908667,3.373126,7.643512,-1.12,0.08,0.0,-0.073168,0.0,0111111111,0;2;4;6;7;4;4;4;0;1,2.294869,-5.809367,-0.217557,running
20260526-203113-sentence-script-a-transparent-3d-cell-me-ee273c,493,52.483628,62.78,3139,1,0,1,1,PULSE,4.74,10.8,0,0.0,64,26,38,0.40625,0.59375,8,2,1112,0,4,0.624751,1.407266,5.851309,3.316113,7.585917,-1.12,0.08,0.0,-0.023124,0.0,0111111110,0;2;4;6;7;4;4;4;0;1,2.044204,-5.905957,-0.058315,running
20260526-203113-sentence-script-a-transparent-3d-cell-me-ee273c,494,52.584846,62.9,3145,1,0,1,1,PULSE,4.86,10.92,0,0.0,64,26,38,0.40625,0.59375,8,2,1112,0,4,0.565733,1.348295,5.789903,3.254945,7.524347,1.12,0.08,0.0,0.030288,0.0,1111111100,0;2;4;6;7;4;4;4;0;1,1.779631,-5.990907,0.066733,running
20260526-203113-sentence-script-a-transparent-3d-cell-me-ee273c,495,52.687619,63.02,3151,1,0,1,1,PULSE,4.98,11.04,0,0.0,64,26,38,0.40625,0.59375,7,3,1112,0,4,0.451504,1.216744,5.746361,3.211537,7.480715,1.12,0.08,0.0,0.079289,0.0,1111111000,0;2;4;6;7;4;4;4;0;1,1.505123,-6.064048,0.15631,running
20260526-203113-sentence-script-a-transparent-3d-cell-me-ee273c,496,52.788557,63.14,3157,1,0,1,1,PULSE,5.1,11.16,0,0.0,64,26,38,0.40625,0.59375,6,4,1112,0,4,0.370818,1.093425,5.720575,3.185802,7.454893,1.12,0.08,0.0,0.116741,0.0,1111110000,0;2;4;6;7;4;4;4;0;1,1.224768,-6.125236,0.209585,running
20260526-203113-sentence-script-a-transparent-3d-cell-me-ee273c,497,52.890693,63.26,3163,1,0,1,1,PULSE,5.22,11.28,0,0.0,64,26,38,0.40625,0.59375,5,5,1112,0,4,0.338326,0.950211,5.711844,3.176952,7.446244,1.12,0.08,0.0,0.137189,0.0,1111100000,0;2;4;6;7;4;4;4;0;1,0.94272,-6.174352,0.226189,running
20260526-203113-sentence-script-a-transparent-3d-cell-me-ee273c,498,52.992894,63.38,3169,1,0,1,1,PULSE,5.34,11.4,0,0.0,64,26,38,0.40625,0.59375,4,6,1112,0,4,0.356105,0.798814,5.719416,3.184409,7.453894,1.12,0.08,0.0,0.137655,0.0,1111000000,0;2;4;6;7;4;4;4;0;1,0.663147,-6.211297,0.206212,running
20260526-203113-sentence-script-a-transparent-3d-cell-me-ee273c,499,53.096041,63.5,3175,1,0,1,1,PULSE,5.46,11.52,0,0.0,64,26,38,0.40625,0.59375,3,7,1112,0,4,0.413627,0.657153,5.742657,3.207753,7.477065,1.12,0.08,0.0,0.118072,0.0,1110000000,0;2;4;6;7;4;4;4;0;1,0.390179,-6.236,0.150206,running
20260526-203113-sentence-script-a-transparent-3d-cell-me-ee273c,500,53.199815,63.62,3181,1,0,1,1,PULSE,5.58,11.64,0,0.0,64,26,38,0.40625,0.59375,3,7,1112,0,4,0.491152,0.620058,5.780736,3.245945,7.515067,1.12,0.08,0.0,0.081291,0.0,1100000001,0;2;4;6;7;4;4;4;0;1,0.127862,-6.248412,0.05918,running
20260526-203113-sentence-script-a-transparent-3d-cell-me-ee273c,501,53.301281,63.74,3187,1,0,1,1,PULSE,5.7,11.76,0,0.0,64,26,38,0.40625,0.59375,3,7,1112,0,4,0.578821,0.722197,5.832978,3.298377,7.56718,1.12,0.08,0.0,0.032669,0.0,1000000011,0;2;4;6;7;4;4;4;0;1,-0.119897,-6.248507,-0.065419,running
20260526-203113-sentence-script-a-transparent-3d-cell-me-ee273c,502,53.402739,63.86,3193,1,0,1,1,PULSE,5.82,11.88,0,0.0,64,26,38,0.40625,0.59375,4,6,1112,0,4,0.555646,0.685385,5.893482,3.359354,7.62736,-1.12,0.08,0.0,-0.020711,0.0,1000000111,0;2;4;6;7;4;4;4;0;1,-0.349377,-6.236287,-0.221719,running
20260526-203113-sentence-script-a-transparent-3d-cell-me-ee273c,503,53.5042,63.98,3199,1,0,1,1,PULSE,5.94,12.0,0,0.0,64,26,38,0.40625,0.59375,4,6,1112,0,4,0.433517,0.54171,5.938276,3.404815,7.671697,-1.12,0.08,0.0,-0.071074,0.0,0000001111,0;2;4;6;7;4;4;4;0;1,-0.557085,-6.211775,-0.407444,running
20260526-203113-sentence-script-a-transparent-3d-cell-me-ee273c,504,53.606118,64.1,3205,1,0,1,1,PULSE,6.06,12.12,0,0.0,64,26,38,0.40625,0.59375,5,5,1112,0,4,0.338771,0.588067,5.965588,3.43275,7.698583,-1.12,0.08,0.0,-0.111085,0.0,0000011111,0;2;4;6;7;4;4;4;0;1,-0.739802,-6.175019,-0.619947,running
20260526-203113-sentence-script-a-transparent-3d-cell-me-ee273c,505,53.71021,64.22,3211,1,0,1,1,PULSE,6.18,12.24,0,0.0,64,26,38,0.40625,0.59375,5,5,1112,0,4,0.288253,0.731781,5.975868,3.443157,7.708777,-1.12,0.08,0.0,-0.134916,0.0,0000011111,0;2;4;6;7;4;4;4;0;1,-0.894622,-6.126092,-0.856242,running
20260526-203113-sentence-script-a-transparent-3d-cell-me-ee273c,506,53.810884,64.34,3217,1,0,1,1,PULSE,6.3,12.36,0,0.0,64,26,38,0.40625,0.59375,6,4,1112,0,4,0.298868,0.886831,5.96979,3.436715,7.702947,-1.12,0.08,0.0,-0.139096,0.0,0000111111,0;2;4;6;7;4;4;4;0;1,-1.018989,-6.06509,-1.113035,running
20260526-203113-sentence-script-a-transparent-3d-cell-me-ee273c,507,53.913246,64.46,3223,1,0,1,1,PULSE,6.42,12.48,0,0.0,64,26,38,0.40625,0.59375,7,3,1112,0,4,0.361764,1.028358,5.94809,3.414064,7.681898,-1.12,0.08,0.0,-0.123017,0.0,0001111111,0;2;4;6;7;4;4;4;0;1,-1.110723,-5.992134,-1.386769,running
20260526-203113-sentence-script-a-transparent-3d-cell-me-ee273c,508,54.024414,64.58,3229,1,0,1,1,PULSE,6.54,12.6,0,0.0,64,26,38,0.40625,0.59375,8,2,1112,0,4,0.44994,1.137633,5.911466,3.37588,7.646341,-1.12,0.08,0.0,-0.08902,0.0,0011111111,0;2;4;6;7;4;4;4;0;1,-1.168055,-5.907367,-1.673669,running
20260526-203113-sentence-script-a-transparent-3d-cell-me-ee273c,509,54.139239,64.72,3236,1,0,1,1,PULSE,6.68,12.74,0,0.0,64,26,38,0.40625,0.59375,8,2,1112,0,4,0.561225,1.223788,5.850937,3.312949,7.587456,-1.12,0.08,0.0,-0.03343,0.0,0111111110,0;2;4;6;7;4;4;4;0;1,-1.189695,-5.793768,-2.019746,running
20260526-203113-sentence-script-a-transparent-3d-cell-me-ee273c,510,54.243634,64.84,3242,1,0,1,1,PULSE,6.8,12.86,0,0.0,64,26,38,0.40625,0.59375,8,2,1112,0,4,0.539991,1.1628,5.789916,3.249745,7.527928,1.12,0.08,0.0,0.019936,0.0,1111111100,0;2;4;6;7;4;4;4;0;1,-1.168477,-5.684015,-2.32145,running
20260526-203113-sentence-script-a-transparent-3d-cell-me-ee273c,511,54.3614,64.98,3249,1,0,1,1,PULSE,6.94,13.0,0,0.0,64,26,38,0.40625,0.59375,7,3,1112,0,4,0.397965,0.959773,5.73907,3.196379,7.478806,1.12,0.08,0.0,0.077993,0.0,1111111000,0;2;4;6;7;4;4;4;0;1,-1.09682,-5.541826,-2.673508,running
20260526-203113-sentence-script-a-transparent-3d-cell-me-ee273c,512,54.473074,65.12,3256,1,0,1,1,PULSE,7.08,13.14,0,0.0,64,26,38,0.40625,0.59375,6,4,1112,0,4,0.302259,0.772444,5.712301,3.166894,7.453895,1.12,0.08,0.0,0.120657,0.0,1111110000,0;2;4;6;7;4;4;4;0;1,-0.974888,-5.384771,-3.019327,running
20260526-203113-sentence-script-a-transparent-3d-cell-me-ee273c,513,54.587163,65.26,3263,1,0,1,1,PULSE,7.22,13.28,0,0.0,64,26,38,0.40625,0.59375,5,5,1112,0,4,0.281174,0.623344,5.708261,3.160109,7.451734,1.12,0.08,0.0,0.139507,0.0,1111100000,0;2;4;6;7;4;4;4;0;1,-0.803752,-5.21327,-3.352357,running
20260526-203113-sentence-script-a-transparent-3d-cell-me-ee273c,514,54.698787,65.4,3270,1,0,1,1,PULSE,7.36,13.42,0,0.0,64,26,38,0.40625,0.59375,4,6,1112,0,4,0.335859,0.514095,5.725713,3.17518,7.470814,1.12,0.08,0.0,0.130823,0.0,1111000000,0;2;4;6;7;4;4;4;0;1,-0.58532,-5.027784,-3.666237,running
20260526-203113-sentence-script-a-transparent-3d-cell-me-ee273c,515,54.809552,65.54,3277,1,0,1,1,PULSE,7.5,13.56,0,0.0,64,26,38,0.40625,0.59375,4,6,1112,0,4,0.429537,0.516793,5.763731,3.211253,7.510163,1.12,0.08,0.0,0.096318,0.0,1110000001,0;2;4;6;7;4;4;4;0;1,-0.322305,-4.82881,-3.954898,running
20260526-203113-sentence-script-a-transparent-3d-cell-me-ee273c,516,54.920345,65.68,3284,1,0,1,1,PULSE,7.64,13.7,0,0.0,64,26,38,0.40625,0.59375,4,6,1112,0,4,0.53749,0.639342,5.821365,3.26737,7.568836,1.12,0.08,0.0,0.042803,0.0,1100000011,0;2;4;6;7;4;4;4;0;1,-0.01818,-4.616882,-4.212668,running
20260526-203113-sentence-script-a-transparent-3d-cell-me-ee273c,517,55.033374,65.82,3291,1,0,1,1,PULSE,7.78,13.84,0,0.0,64,26,38,0.40625,0.59375,4,6,1112,0,4,0.531091,0.633085,5.892169,3.337143,7.640346,-1.12,0.08,0.0,-0.019161,0.0,1000000111,0;2;4;6;7;4;4;4;0;1,0.322878,-4.392568,-4.434365,running
20260526-203113-sentence-script-a-transparent-3d-cell-me-ee273c,518,55.145287,65.96,3298,1,0,1,1,PULSE,7.92,13.98,0,0.0,64,26,38,0.40625,0.59375,4,6,1112,0,4,0.382725,0.475671,5.943303,3.387576,7.691959,-1.12,0.08,0.0,-0.077342,0.0,0000001111,0;2;4;6;7;4;4;4;0;1,0.696057,-4.156471,-4.615382,running
20260526-203113-sentence-script-a-transparent-3d-cell-me-ee273c,519,55.245492,66.08,3304,1,0,1,1,PULSE,8.04,14.1,0,0.0,64,26,38,0.40625,0.59375,5,5,1112,0,4,0.285371,0.426275,5.968178,3.411885,7.717221,-1.12,0.08,0.0,-0.115428,0.0,0000011111,0;2;4;6;7;4;4;4;0;1,1.037435,-3.945203,-4.735146,running
20260526-203113-sentence-script-a-transparent-3d-cell-me-ee273c,520,55.360211,66.22,3311,1,0,1,1,PULSE,8.18,14.24,0,0.0,64,26,38,0.40625,0.59375,6,4,1112,0,4,0.240919,0.489549,5.976127,3.418951,7.725773,-1.12,0.08,0.0,-0.138354,0.0,0000111111,0;2;4;6;7;4;4;4;0;1,1.455667,-3.688925,-4.830669,running
20260526-203113-sentence-script-a-transparent-3d-cell-me-ee273c,521,55.47577,66.36,3318,1,0,1,1,PULSE,8.32,14.38,0,0.0,64,26,38,0.40625,0.59375,7,3,1112,0,4,0.290927,0.58425,5.962046,3.403379,7.712713,-1.12,0.08,0.0,-0.133973,0.0,0001111111,0;2;4;6;7;4;4;4;0;1,1.889516,-3.422751,-4.876167,running
20260526-203113-sentence-script-a-transparent-3d-cell-me-ee273c,522,55.586757,66.5,3325,1,0,1,1,PULSE,8.46,14.52,0,0.0,64,26,38,0.40625,0.59375,8,2,1112,0,4,0.392529,0.699917,5.927225,3.366497,7.679301,-1.12,0.08,0.0,-0.10315,0.0,0011111111,0;2;4;6;7;4;4;4;0;1,2.332536,-3.147395,-4.869875,running
20260526-203113-sentence-script-a-transparent-3d-cell-me-ee273c,523,55.699088,66.64,3332,1,0,1,1,PULSE,8.6,14.66,0,0.0,64,26,38,0.40625,0.59375,8,2,1112,0,4,0.509102,0.879968,5.872666,3.309334,7.626525,-1.12,0.08,0.0,-0.051968,0.0,0111111110,0;2;4;6;7;4;4;4;0;1,2.778106,-2.863595,-4.810868,running
20260526-203113-sentence-script-a-transparent-3d-cell-me-ee273c,524,55.811298,66.78,3339,1,0,1,1,PULSE,8.74,14.8,0,0.0,64,26,38,0.40625,0.59375,8,2,1112,0,4,0.545992,0.899141,5.802229,3.236019,7.558057,1.12,0.08,0.0,0.009471,0.0,1111111100,0;2;4;6;7;4;4;4;0;1,3.219535,-2.572114,-4.699077,running
20260526-203113-sentence-script-a-transparent-3d-cell-me-ee273c,525,55.922925,66.92,3346,1,0,1,1,PULSE,8.88,14.94,0,0.0,64,26,38,0.40625,0.59375,7,3,1112,0,4,0.394271,0.773291,5.748255,3.179005,7.506164,1.12,0.08,0.0,0.06904,0.0,1111111000,0;2;4;6;7;4;4;4;0;1,3.650177,-2.273733,-4.535289,running
20260526-203113-sentence-script-a-transparent-3d-cell-me-ee273c,526,56.036139,67.06,3353,1,0,1,1,PULSE,9.02,15.08,0,0.0,64,26,38,0.40625,0.59375,6,4,1112,0,4,0.28339,0.633451,5.718587,3.146244,7.478611,1.12,0.08,0.0,0.114983,0.0,1111110000,0;2;4;6;7;4;4;4;0;1,4.063534,-1.969252,-4.321139,running
20260526-203113-sentence-script-a-transparent-3d-cell-me-ee273c,527,56.149281,67.2,3360,1,0,1,1,PULSE,9.16,15.22,0,0.0,64,26,38,0.40625,0.59375,5,5,1112,0,4,0.251232,0.475312,5.711844,3.136549,7.473888,1.12,0.08,0.0,0.138232,0.0,1111100000,0;2;4;6;7;4;4;4;0;1,4.453369,-1.659488,-4.059077,running
20260526-203113-sentence-script-a-transparent-3d-cell-me-ee273c,528,56.249772,67.32,3366,1,0,1,1,PULSE,9.28,15.34,0,0.0,64,26,38,0.40625,0.59375,4,6,1112,0,4,0.293074,0.428475,5.723428,3.145864,7.487025,1.12,0.08,0.0,0.136474,0.0,1111000000,0;2;4;6;7;4;4;4;0;1,4.764326,-1.390401,-3.798748,running
20260526-203113-sentence-script-a-transparent-3d-cell-me-ee273c,529,56.350976,67.44,3372,1,0,1,1,PULSE,9.4,15.46,0,0.0,64,26,38,0.40625,0.59375,3,7,1112,0,4,0.370504,0.480358,5.75031,3.170701,7.515307,1.12,0.08,0.0,0.114839,0.0,1110000000,0;2;4;6;7;4;4;4;0;1,5.050241,-1.118573,-3.508042,running
20260526-203113-sentence-script-a-transparent-3d-cell-me-ee273c,530,56.452781,67.56,3378,1,0,1,1,PULSE,9.52,15.58,0,0.0,64,26,38,0.40625,0.59375,3,7,1112,0,4,0.463782,0.58119,5.7919,3.210493,7.558125,1.12,0.08,0.0,0.076476,0.0,1100000001,0;2;4;6;7;4;4;4;0;1,5.30797,-0.844541,-3.189782,running
20260526-203113-sentence-script-a-transparent-3d-cell-me-ee273c,531,56.554612,67.68,3384,1,0,1,1,PULSE,9.64,15.7,0,0.0,64,26,38,0.40625,0.59375,3,7,1112,0,4,0.561374,0.671694,5.847469,3.264443,7.614802,1.12,0.08,0.0,0.026975,0.0,1000000011,0;2;4;6;7;4;4;4;0;1,5.534692,-0.568844,-2.847121,running
20260526-203113-sentence-script-a-transparent-3d-cell-me-ee273c,532,56.656674,67.8,3390,1,0,1,1,PULSE,9.76,15.82,0,0.0,64,26,38,0.40625,0.59375,3,7,1112,0,4,0.537597,0.650776,5.911031,3.32659,7.679332,-1.12,0.08,0.0,-0.026455,0.0,0000000111,0;2;4;6;7;4;4;4;0;1,5.727953,-0.292026,-2.483501,running
20260526-203113-sentence-script-a-transparent-3d-cell-me-ee273c,533,56.760369,67.92,3396,1,0,1,1,PULSE,9.88,15.94,0,0.0,64,26,38,0.40625,0.59375,4,6,1112,0,4,0.403546,0.518261,5.958686,3.372993,7.727845,-1.12,0.08,0.0,-0.076032,0.0,0000001111,0;2;4;6;7;4;4;4;0;1,5.885686,-0.014633,-2.102614,running
20260526-203113-sentence-script-a-transparent-3d-cell-me-ee273c,534,56.869138,68.04,3402,1,0,1,1,PULSE,10.0,16.06,0,0.0,64,26,38,0.40625,0.59375,5,5,1112,0,4,0.293224,0.413873,5.98848,3.401588,7.758458,-1.12,0.08,0.0,-0.114535,0.0,0000011111,0;2;4;6;7;4;4;4;0;1,6.006244,0.26279,-1.708356,running
20260526-203113-sentence-script-a-transparent-3d-cell-me-ee273c,535,56.971016,68.16,3408,1,0,1,1,PULSE,10.12,16.18,0,0.0,64,26,38,0.40625,0.59375,6,4,1112,0,4,0.22755,0.352805,6.001286,3.413098,7.772152,-1.12,0.08,0.0,-0.136355,0.0,0000111111,0;2;4;6;7;4;4;4;0;1,6.088414,0.539694,-1.304778,running
20260526-203113-sentence-script-a-transparent-3d-cell-me-ee273c,536,57.073969,68.28,3414,1,0,1,1,PULSE,10.24,16.3,0,0.0,64,26,38,0.40625,0.59375,6,4,1112,0,4,0.234704,0.445544,5.997807,3.408136,7.769687,-1.12,0.08,0.0,-0.138315,0.0,0000111111,0;2;4;6;7;4;4;4;0;1,6.131436,0.815535,-0.896042,running
20260526-203113-sentence-script-a-transparent-3d-cell-me-ee273c,537,57.178164,68.4,3420,1,0,1,1,PULSE,10.36,16.42,0,0.0,64,26,38,0.40625,0.59375,7,3,1112,0,4,0.305735,0.594063,5.978715,3.387244,7.751827,-1.12,0.08,0.0,-0.120129,0.0,0001111111,0;2;4;6;7;4;4;4;0;1,6.13501,1.089768,-0.486367,running
20260526-203113-sentence-script-a-transparent-3d-cell-me-ee273c,538,57.27997,68.52,3426,1,0,1,1,PULSE,10.48,16.54,0,0.0,64,26,38,0.40625,0.59375,8,2,1112,0,4,0.399666,0.740271,5.944751,3.351307,7.719213,-1.12,0.08,0.0,-0.084446,0.0,0011111111,0;2;4;6;7;4;4;4;0;1,6.0993,1.361854,-0.079978,running
20260526-203113-sentence-script-a-transparent-3d-cell-me-ee273c,539,57.380679,68.64,3432,1,0,1,1,PULSE,10.6,16.66,0,0.0,64,26,38,0.40625,0.59375,8,2,1112,0,4,0.501815,0.89541,5.896686,3.30106,7.672641,-1.12,0.08,0.0,-0.036463,0.0,0111111110,0;2;4;6;7;4;4;4;0;1,6.02493,1.631255,0.318945,running
20260526-203113-sentence-script-a-transparent-3d-cell-me-ee273c,540,57.482237,68.76,3438,1,0,1,1,PULSE,10.72,16.78,0,0.0,64,26,38,0.40625,0.59375,8,2,1112,0,4,0.524057,0.956245,5.837567,3.239594,7.615127,1.12,0.08,0.0,0.016831,0.0,1111111100,0;2;4;6;7;4;4;4;0;1,5.912981,1.897441,0.706314,running
20260526-203113-sentence-script-a-transparent-3d-cell-me-ee273c,541,57.58394,68.88,3444,1,0,1,1,PULSE,10.84,16.9,0,0.0,64,26,38,0.40625,0.59375,7,3,1112,0,4,0.393256,0.851693,5.791626,3.191207,7.570861,1.12,0.08,0.0,0.067674,0.0,1111111000,0;2;4;6;7;4;4;4;0;1,5.764972,2.159887,1.078189,running
20260526-203113-sentence-script-a-transparent-3d-cell-me-ee273c,542,57.685897,69.0,3450,1,0,1,1,PULSE,10.96,17.02,0,0.0,64,26,38,0.40625,0.59375,6,4,1112,0,4,0.288697,0.741975,5.763487,3.160484,7.54449,1.12,0.08,0.0,0.108659,0.0,1111110000,0;2;4;6;7;4;4;4;0;1,5.582846,2.418075,1.430818,running
20260526-203113-sentence-script-a-transparent-3d-cell-me-ee273c,543,57.788053,69.12,3456,1,0,1,1,PULSE,11.08,17.14,0,0.0,64,26,38,0.40625,0.59375,5,5,1112,0,4,0.234899,0.625396,5.75224,3.146436,7.535159,1.12,0.08,0.0,0.133818,0.0,1111100000,0;2;4;6;7;4;4;4;0;1,5.368945,2.671498,1.760689,running
20260526-203113-sentence-script-a-transparent-3d-cell-me-ee273c,544,57.891324,69.24,3462,1,0,1,1,PULSE,11.2,17.26,0,0.0,64,26,38,0.40625,0.59375,4,6,1112,0,4,0.254469,0.493717,5.757278,3.148826,7.542009,1.12,0.08,0.0,0.139486,0.0,1111000000,0;2;4;6;7;4;4;4;0;1,5.12598,2.919655,2.064568,running
20260526-203113-sentence-script-a-transparent-3d-cell-me-ee273c,545,57.99561,69.36,3468,1,0,1,1,PULSE,11.32,17.38,0,0.0,64,26,38,0.40625,0.59375,3,7,1112,0,4,0.324598,0.444671,5.777757,3.166885,7.564143,1.12,0.08,0.0,0.124837,0.0,1110000000,0;2;4;6;7;4;4;4;0;1,4.856999,3.162057,2.339541,running
20260526-203113-sentence-script-a-transparent-3d-cell-me-ee273c,546,58.099298,69.48,3474,1,0,1,1,PULSE,11.44,17.5,0,0.0,64,26,38,0.40625,0.59375,4,6,1112,0,4,0.416085,0.538641,5.813068,3.199895,7.601029,1.12,0.08,0.0,0.092006,0.0,1110000001,0;2;4;6;7;4;4;4;0;1,4.56535,3.398227,2.583047,running
20260526-203113-sentence-script-a-transparent-3d-cell-me-ee273c,547,58.202984,69.6,3480,1,0,1,1,PULSE,11.56,17.62,0,0.0,64,26,38,0.40625,0.59375,4,6,1112,0,4,0.513168,0.630856,5.86254,3.247078,7.652067,1.12,0.08,0.0,0.045774,0.0,1100000011,0;2;4;6;7;4;4;4;0;1,4.25464,3.627698,2.79291,running
20260526-203113-sentence-script-a-transparent-3d-cell-me-ee273c,548,58.304612,69.72,3486,1,0,1,1,PULSE,11.68,17.74,0,0.0,64,26,38,0.40625,0.59375,3,7,1112,0,4,0.57099,0.685191,5.92458,3.307058,7.715517,-1.12,0.08,0.0,-0.007126,0.0,1000000011,0;2;4;6;7;4;4;4;0;1,3.92869,3.85002,2.967363,running
20260526-203113-sentence-script-a-transparent-3d-cell-me-ee273c,549,58.407488,69.84,3492,1,0,1,1,PULSE,11.8,17.86,0,0.0,64,26,38,0.40625,0.59375,3,7,1112,0,4,0.433553,0.546207,5.97693,3.357614,7.769094,-1.12,0.08,0.0,-0.058988,0.0,0000000111,0;2;4;6;7;4;4;4;0;1,3.591492,4.064752,3.105072,running
20260526-203113-sentence-script-a-transparent-3d-cell-me-ee273c,550,58.523723,69.98,3499,1,0,1,1,PULSE,11.94,18.0,0,0.0,64,26,38,0.40625,0.59375,4,6,1112,0,4,0.296031,0.415839,6.015149,3.393965,7.808591,-1.12,0.08,0.0,-0.108164,0.0,0000001111,0;2;4;6;7;4;4;4;0;1,3.189366,4.305119,3.218135,running
20260526-203113-sentence-script-a-transparent-3d-cell-me-ee273c,551,58.625621,70.1,3505,1,0,1,1,RESET,0.02,18.12,0,0.0,64,26,38,0.40625,0.59375,0,10,1112,0,4,0.28242,0.397012,6.038491,3.415955,7.832858,0,0.0,0.0,0.0,0.0,0000000000,0;2;4;6;7;4;4;4;0;1,2.841987,4.501979,3.273804,running
20260526-203113-sentence-script-a-transparent-3d-cell-me-ee273c,552,58.727522,70.22,3511,1,0,1,1,RESET,0.02,18.24,0,0.0,64,26,38,0.40625,0.59375,0,10,1112,0,4,0.268629,0.375187,6.060864,3.437155,7.856034,0,0.0,0.0,0.0,0.0,0000000000,0;2;4;6;7;4;4;4;0;1,2.496547,4.689966,3.2915,running
20260526-203113-sentence-script-a-transparent-3d-cell-me-ee273c,553,58.829606,70.34,3517,1,0,1,1,RESET,0.02,18.36,0,0.0,64,26,38,0.40625,0.59375,0,10,1112,0,4,0.256196,0.356019,6.082231,3.457421,7.878153,0,0.0,0.0,0.0,0.0,0000000000,0;2;4;6;7;4;4;4;0;1,2.157203,4.868708,3.271797,running
20260526-203113-sentence-script-a-transparent-3d-cell-me-ee273c,554,58.932212,70.46,3523,1,0,1,1,RESET,0.02,18.48,0,0.0,64,26,38,0.40625,0.59375,0,10,1112,0,4,0.24409,0.336519,6.102708,3.476773,7.8994,0,0.0,0.0,0.0,0.0,0000000000,0;2;4;6;7;4;4;4;0;1,1.828021,5.037854,3.215721,running
20260526-203113-sentence-script-a-transparent-3d-cell-me-ee273c,555,59.03703,70.58,3529,1,0,1,1,RESET,0.02,18.6,0,0.0,64,26,38,0.40625,0.59375,0,10,1112,0,4,0.23318,0.330056,6.12229,3.495146,7.919809,0,0.0,0.0,0.0,0.0,0000000000,0;2;4;6;7;4;4;4;0;1,1.512924,5.197071,3.124743,running
20260526-203113-sentence-script-a-transparent-3d-cell-me-ee273c,556,59.139025,70.7,3535,1,0,1,1,RESET,0.02,18.72,0,0.0,64,26,38,0.40625,0.59375,0,10,1112,0,4,0.222964,0.319491,6.14105,3.512666,7.939417,0,0.0,0.0,0.0,0.0,0000000000,0;2;4;6;7;4;4;4;0;1,1.21565,5.346043,3.000752,running
20260526-203113-sentence-script-a-transparent-3d-cell-me-ee273c,557,59.242085,70.82,3541,1,0,1,1,RESET,0.02,18.84,0,0.0,64,26,38,0.40625,0.59375,0,10,1112,0,4,0.213302,0.315461,6.157652,3.526066,7.95821,0,0.0,0.0,0.0,0.0,0000000000,0;2;4;6;7;4;4;4;0;1,0.939701,5.484479,2.846042,running
20260526-203113-sentence-script-a-transparent-3d-cell-me-ee273c,558,59.343266,70.94,3547,1,0,1,1,RESET,0.02,18.96,0,0.0,64,26,38,0.40625,0.59375,0,10,1112,0,4,0.203526,0.302298,6.174154,3.540598,7.97606,0,0.0,0.0,0.0,0.0,0000000000,0;2;4;6;7;4;4;4;0;1,0.688302,5.612104,2.663274,running
20260526-203113-sentence-script-a-transparent-3d-cell-me-ee273c,559,59.444101,71.06,3553,1,0,1,1,RESET,0.02,19.08,0,0.0,64,26,38,0.40625,0.59375,0,10,1112,0,4,0.194487,0.288215,6.18997,3.55468,7.993062,0,0.0,0.0,0.0,0.0,0000000000,0;2;4;6;7;4;4;4;0;1,0.464364,5.728668,2.455449,running
20260526-203113-sentence-script-a-transparent-3d-cell-me-ee273c,560,59.545238,71.18,3559,1,0,1,1,RESET,0.02,19.2,0,0.0,64,26,38,0.40625,0.59375,0,10,1112,0,4,0.186732,0.272951,6.205189,3.568348,8.009343,0,0.0,0.0,0.0,0.0,0000000000,0;2;4;6;7;4;4;4;0;1,0.270445,5.83394,2.225871,running
20260526-203113-sentence-script-a-transparent-3d-cell-me-ee273c,561,59.646936,71.3,3565,1,0,1,1,RESET,0.02,19.32,0,0.0,64,26,38,0.40625,0.59375,0,10,1112,0,4,0.178292,0.265146,6.219773,3.581416,8.024965,0,0.0,0.0,0.0,0.0,0000000000,0;2;4;6;7;4;4;4;0;1,0.108723,5.927713,1.978104,running
20260526-203113-sentence-script-a-transparent-3d-cell-me-ee273c,562,59.748641,71.42,3571,1,0,1,1,RESET,0.02,19.44,0,0.0,64,26,38,0.40625,0.59375,0,10,1112,0,4,0.171131,0.243683,6.233877,3.594152,8.040005,0,0.0,0.0,0.0,0.0,0000000000,0;2;4;6;7;4;4;4;0;1,-0.019034,6.009803,1.715927,running
20260526-203113-sentence-script-a-transparent-3d-cell-me-ee273c,563,59.85058,71.54,3577,1,0,1,1,RESET,0.02,19.56,0,0.0,64,26,38,0.40625,0.59375,0,10,1112,0,4,0.162836,0.226095,6.247235,3.60629,8.054198,0,0.0,0.0,0.0,0.0,0000000000,0;2;4;6;7;4;4;4;0;1,-0.111487,6.080047,1.443295,running
20260526-203113-sentence-script-a-transparent-3d-cell-me-ee273c,564,59.952887,71.66,3583,1,0,1,1,RESET,0.02,19.68,0,0.0,64,26,38,0.40625,0.59375,0,10,1112,0,4,0.156677,0.218516,6.260056,3.617966,8.067802,0,0.0,0.0,0.0,0.0,0000000000,0;2;4;6;7;4;4;4;0;1,-0.167745,6.138307,1.16428,running
20260526-203113-sentence-script-a-transparent-3d-cell-me-ee273c,565,60.004053,71.72,3586,1,0,1,1,RESET,0.02,19.74,0,0.0,64,26,38,0.40625,0.59375,0,10,1112,0,4,0.152936,0.216266,6.266288,3.623633,8.07442,0,0.0,0.0,0.0,0.0,0000000000,0;2;4;6;7;4;4;4;0;1,-0.182147,6.162906,1.023674,final
