run_id,frame,wall_timestamp,elapsed_seconds,sim_time,round_index,paused,ai_enabled,ai_mode,ai_mode_time,ai_mode_duration,human_override_active,stagnation_timer,completion_timer,cell_x,cell_y,cell_z,leading_dir_x,leading_dir_y,leading_dir_z,progress_x,displacement_since_sample,filament_count,live_filament_count,total_filament_points,avg_filament_length,total_filament_length,longest_filament_length,front_tip_count,rear_root_count,adhesion_count,attached_adhesion_count,detached_adhesion_count,monomer_count,mark_count,trail_count,growth_drive,shrink_drive,branch_drive,detach_drive,retrograde_rate,flex_noise,growth_scale,contractility,shape_bulge,dip,base_radius,max_filaments,max_points_per_filament
20260526-194927-sentence-script-a-cell-sphere-is-filled-38e823,1,1779842968.410144,0.022003,0.022222,1,0,1,CURIOUS,0.022222,11.46348,0,0.0,0.0,-3.596714,-0.14711,1.2672,0.982589,-0.185791,0.0,-3.596714,0.003344,28,28,218,0.980812,27.462726,1.479245,26,9,10,10,0,0,1,0,1.154664,0.94991,0.220695,0.59985,0.055,0.320404,1.0,0.75997,0.049091,0.0,1.32,64,24
20260526-194927-sentence-script-a-cell-sphere-is-filled-38e823,6,1779842968.50707,0.119098,0.133333,1,0,1,CURIOUS,0.133333,11.46348,0,0.0,0.0,-3.579893,-0.150282,1.2672,0.982793,-0.18471,0.0,-3.579893,0.020462,29,29,227,0.978992,28.390777,1.520243,27,10,10,10,0,2,1,0,1.177776,0.949464,0.224127,0.599107,0.055,0.322409,1.0,0.759821,0.270179,0.0,1.32,64,24
20260526-194927-sentence-script-a-cell-sphere-is-filled-38e823,14,1779842968.591373,0.203247,0.311111,1,0,1,CURIOUS,0.311111,11.46348,0,0.0,0.0,-3.550746,-0.155675,1.2672,0.983805,-0.179244,0.0,-3.550746,0.050104,33,33,253,0.932844,30.783867,1.593804,31,11,11,11,0,8,1,1,1.214041,0.948764,0.229476,0.59794,0.055,0.325577,1.0,0.759588,0.573279,0.0,1.32,64,24
20260526-194927-sentence-script-a-cell-sphere-is-filled-38e823,22,1779842968.693749,0.305759,0.488889,1,0,1,CURIOUS,0.488889,11.46348,0,0.0,0.0,-3.518653,-0.161345,1.2672,0.985579,-0.169216,0.0,-3.518653,0.082692,34,34,265,0.940552,31.978768,1.678635,32,11,11,11,0,12,1,1,1.249444,0.948081,0.234658,0.596802,0.055,0.328694,1.0,0.75936,0.829655,0.0,1.32,64,24
20260526-194927-sentence-script-a-cell-sphere-is-filled-38e823,32,1779842968.826652,0.438573,0.711111,1,0,1,CURIOUS,0.711111,11.46348,0,0.0,0.0,-3.478089,-0.167891,1.2672,0.988629,-0.150378,0.0,-3.478089,0.123775,36,36,276,0.910487,32.777518,1.673291,32,11,11,11,0,25,1,1,1.292519,0.94725,0.240905,0.595417,0.055,0.332521,1.0,0.759083,1.05861,0.0,1.32,64,24
20260526-194927-sentence-script-a-cell-sphere-is-filled-38e823,41,1779842968.952686,0.564642,0.911111,1,0,1,CURIOUS,0.911111,11.46348,0,0.0,0.0,-3.439957,-0.173207,1.2672,0.991824,-0.127612,0.0,-3.439957,0.162258,38,38,299,0.918646,34.908547,1.810697,34,10,12,12,0,30,1,1,1.330194,0.946523,0.246317,0.594205,0.055,0.335901,1.0,0.758841,1.224835,0.0,1.32,64,24
20260526-194927-sentence-script-a-cell-sphere-is-filled-38e823,46,1779842969.00451,0.616441,1.022222,1,0,1,CURIOUS,1.022222,11.46348,0,0.0,0.0,-3.417615,-0.175878,1.2672,0.993632,-0.112673,0.0,-3.417615,0.184738,42,42,318,0.877609,36.859588,1.810697,38,9,12,12,0,33,1,1,1.350689,0.946128,0.24924,0.593546,0.055,0.337752,1.0,0.758709,1.313934,0.0,1.32,64,24
20260526-194927-sentence-script-a-cell-sphere-is-filled-38e823,50,1779842969.089036,0.701005,1.111111,1,0,1,CURIOUS,1.111111,11.46348,0,0.0,0.0,-3.398846,-0.177852,1.2672,0.995029,-0.099585,0.0,-3.398846,0.203585,44,44,333,0.865257,38.071323,1.810697,40,9,12,12,0,38,1,1,1.366865,0.945815,0.251537,0.593026,0.055,0.33922,1.0,0.758605,1.387162,0.0,1.32,64,24
20260526-194927-sentence-script-a-cell-sphere-is-filled-38e823,55,1779842969.210772,0.822733,1.222222,1,0,1,CURIOUS,1.222222,11.46348,0,0.0,0.0,-3.375349,-0.179953,1.2672,0.996644,-0.081852,0.0,-3.375349,0.22713,46,46,344,0.855006,39.330298,1.810697,42,9,12,12,0,40,1,1,1.386813,0.945431,0.254357,0.592384,0.055,0.341038,1.0,0.758477,1.4,0.0,1.32,64,24
20260526-194927-sentence-script-a-cell-sphere-is-filled-38e823,59,1779842969.298244,0.910201,1.311111,1,0,1,CURIOUS,1.311111,11.46348,0,0.0,0.0,-3.356526,-0.18132,1.2672,0.997779,-0.066609,0.0,-3.356526,0.245953,46,46,345,0.854552,39.309406,1.810697,43,9,12,12,0,44,1,1,1.402557,0.945127,0.256573,0.591878,0.055,0.34248,1.0,0.758376,1.4,0.0,1.32,64,24
20260526-194927-sentence-script-a-cell-sphere-is-filled-38e823,64,1779842969.42899,1.040942,1.422222,1,0,1,CURIOUS,1.422222,11.46348,0,0.0,0.0,-3.333191,-0.182594,1.2672,0.998928,-0.046293,0.0,-3.333191,0.26924,48,48,358,0.838296,40.238207,1.810697,45,8,12,12,0,46,1,1,1.421973,0.944752,0.259293,0.591253,0.055,0.344266,1.0,0.758251,1.4,0.0,1.32,64,24
20260526-194927-sentence-script-a-cell-sphere-is-filled-38e823,67,1779842969.494845,1.106792,1.488889,1,0,1,CURIOUS,1.488889,11.46348,0,0.0,0.0,-3.31918,-0.183123,1.2672,0.99944,-0.033462,0.0,-3.31918,0.2832,48,48,361,0.842918,40.460064,1.810697,45,8,12,12,0,48,1,1,1.433483,0.94453,0.260899,0.590883,0.055,0.345329,1.0,0.758177,1.4,0.0,1.32,64,24
20260526-194927-sentence-script-a-cell-sphere-is-filled-38e823,72,1779842969.604366,1.216276,1.6,1,0,1,CURIOUS,1.6,11.46348,0,0.0,0.0,-3.295684,-0.183596,1.2672,0.999939,-0.011065,0.0,-3.295684,0.30657,53,53,388,0.816094,43.252964,1.810697,49,9,13,13,0,51,1,1,1.452438,0.944164,0.263533,0.590274,0.055,0.347086,1.0,0.758055,1.4,0.0,1.32,64,24
20260526-194927-sentence-script-a-cell-sphere-is-filled-38e823,76,1779842969.711333,1.323228,1.688889,1,0,1,CURIOUS,1.688889,11.46348,0,0.0,0.0,-3.276812,-0.183584,1.2672,0.99997,0.007708,0.0,-3.276812,0.32531,54,54,404,0.822966,44.44014,1.810697,50,9,13,13,0,57,1,1,1.467398,0.943876,0.265603,0.589793,0.055,0.348479,1.0,0.757959,1.4,0.0,1.32,64,24
20260526-194927-sentence-script-a-cell-sphere-is-filled-38e823,79,1779842969.792315,1.404138,1.755556,1,0,1,CURIOUS,1.755556,11.46348,0,0.0,0.0,-3.262661,-0.183338,1.2672,0.999752,0.022253,0.0,-3.262661,0.339346,54,54,409,0.82916,44.774638,1.810697,50,9,13,13,0,58,2,1,1.478501,0.943661,0.267134,0.589436,0.055,0.349517,1.0,0.757887,1.4,0.0,1.32,64,24
20260526-194927-sentence-script-a-cell-sphere-is-filled-38e823,83,1779842969.888913,1.500799,1.844444,1,0,1,CURIOUS,1.844444,11.46348,0,0.0,0.0,-3.243624,-0.182677,1.2672,0.999108,0.042224,0.0,-3.243624,0.358208,55,55,417,0.830096,45.655255,1.810697,51,11,13,13,0,58,2,1,1.49315,0.943379,0.269146,0.588964,0.055,0.350891,1.0,0.757793,1.4,0.0,1.32,64,24
20260526-194927-sentence-script-a-cell-sphere-is-filled-38e823,88,1779842970.014076,1.625964,1.955556,1,0,1,CURIOUS,1.955556,11.46348,0,0.0,0.0,-3.219854,-0.181304,1.2672,0.997683,0.068036,0.0,-3.219854,0.381737,57,57,442,0.841496,47.965264,1.810697,53,10,13,13,0,62,2,1,1.511215,0.94303,0.271617,0.588383,0.055,0.352593,1.0,0.757677,1.4,0.0,1.32,64,24
20260526-194927-sentence-script-a-cell-sphere-is-filled-38e823,92,1779842970.115925,1.727771,2.044444,1,0,1,CURIOUS,2.044444,11.46348,0,0.0,0.0,-3.20087,-0.179756,1.2672,0.996006,0.089289,0.0,-3.20087,0.009524,58,58,456,0.846721,49.109822,1.810697,54,10,13,13,0,65,2,1,1.525473,0.942755,0.273558,0.587925,0.055,0.353943,1.0,0.757585,1.4,0.0,1.32,64,24
20260526-194927-sentence-script-a-cell-sphere-is-filled-38e823,96,1779842970.197076,1.808973,2.133333,1,0,1,CURIOUS,2.133333,11.46348,0,0.0,0.0,-3.181924,-0.177797,1.2672,0.993819,0.111012,0.0,-3.181924,0.02857,58,58,463,0.85346,49.500686,1.810697,54,10,13,13,0,70,2,1,1.53956,0.942483,0.275468,0.587472,0.055,0.355281,1.0,0.757494,1.4,0.0,1.32,64,24
20260526-194927-sentence-script-a-cell-sphere-is-filled-38e823,100,1779842970.304947,1.916799,2.222222,1,0,1,CURIOUS,2.222222,11.46348,0,0.0,0.0,-3.163026,-0.17542,1.2672,0.991097,0.133138,0.0,-3.163026,0.047613,61,61,486,0.848874,51.781285,1.875655,56,10,13,13,0,70,2,1,1.55348,0.942215,0.277348,0.587024,0.055,0.356609,1.0,0.757405,1.4,0.0,1.32,64,24
20260526-194927-sentence-script-a-cell-sphere-is-filled-38e823,104,1779842970.396721,2.008535,2.311111,1,0,1,CURIOUS,2.311111,11.46348,0,0.0,0.0,-3.144143,-0.17261,1.2672,0.98782,0.155601,0.0,-3.144143,0.066693,63,63,502,0.843273,53.126177,1.875655,58,11,13,13,0,70,2,1,1.567233,0.941949,0.279198,0.586582,0.055,0.357927,1.0,0.757316,1.4,0.0,1.32,64,24
20260526-194927-sentence-script-a-cell-sphere-is-filled-38e823,109,1779842970.521397,2.133192,2.422222,1,0,1,CURIOUS,2.422222,11.46348,0,0.0,0.0,-3.120344,-0.168438,1.2672,0.982917,0.184047,0.0,-3.120344,0.090829,64,64,517,0.8486,54.310417,1.873673,58,12,13,13,0,75,2,1,1.584193,0.941622,0.281469,0.586036,0.055,0.359559,1.0,0.757207,1.4,0.0,1.32,64,24
20260526-194927-sentence-script-a-cell-sphere-is-filled-38e823,112,1779842970.594772,2.206577,2.488889,1,0,1,CURIOUS,2.488889,11.46348,0,0.0,0.0,-3.106075,-0.165593,1.2672,0.979538,0.201258,0.0,-3.106075,0.105354,64,64,525,0.859181,54.987555,1.871897,59,12,13,13,0,75,2,1,1.594248,0.941428,0.28281,0.585713,0.055,0.36053,1.0,0.757143,1.4,0.0,1.32,64,24
20260526-194927-sentence-script-a-cell-sphere-is-filled-38e823,116,1779842970.693288,2.305094,2.577778,1,0,1,CURIOUS,2.577778,11.46348,0,0.0,0.0,-3.087132,-0.16141,1.2672,0.974517,0.224312,0.0,-3.087132,0.124708,64,64,529,0.86014,55.048957,1.85721,58,12,13,13,0,82,2,1,1.607514,0.941172,0.284573,0.585286,0.055,0.361816,1.0,0.757057,1.4,0.0,1.32,64,24
20260526-194927-sentence-script-a-cell-sphere-is-filled-38e823,121,1779842970.821992,2.433681,2.688889,1,0,1,CURIOUS,2.688889,11.46348,0,0.0,0.0,-3.063602,-0.15555,1.2672,0.967414,0.253198,0.0,-3.063602,0.148875,64,64,540,0.873163,55.882444,1.85721,58,12,13,13,0,82,2,1,1.623874,0.940856,0.286737,0.58476,0.055,0.363409,1.0,0.756952,1.4,0.0,1.32,64,24
20260526-194927-sentence-script-a-cell-sphere-is-filled-38e823,124,1779842970.903996,2.515734,2.755556,1,0,1,CURIOUS,2.755556,11.46348,0,0.0,0.0,-3.049572,-0.151698,1.2672,0.962716,0.270514,0.0,-3.049572,0.163359,64,64,547,0.880614,56.359327,1.85721,58,12,14,14,0,82,2,1,1.633573,0.940669,0.288015,0.584448,0.055,0.364358,1.0,0.75689,1.4,0.0,1.32,64,24
20260526-194927-sentence-script-a-cell-sphere-is-filled-38e823,127,1779842971.001074,2.612574,2.822222,1,0,1,CURIOUS,2.822222,11.46348,0,0.0,0.0,-3.035571,-0.147582,1.2672,0.957696,0.287781,0.0,-3.035571,0.177874,64,64,553,0.886974,56.766356,1.85721,57,13,14,14,0,82,2,1,1.643184,0.940484,0.289278,0.584139,0.055,0.3653,1.0,0.756828,1.4,0.0,1.32,64,24
20260526-194927-sentence-script-a-cell-sphere-is-filled-38e823,130,1779842971.098469,2.71024,2.888889,1,0,1,CURIOUS,2.888889,11.46348,0,0.0,0.0,-3.021521,-0.143175,1.2672,0.952362,0.304971,0.0,-3.021521,0.192507,64,64,561,0.895884,57.336572,1.85721,56,14,14,14,0,82,2,1,1.65271,0.9403,0.290526,0.583833,0.055,0.366237,1.0,0.756767,1.4,0.0,1.32,64,24
20260526-194927-sentence-script-a-cell-sphere-is-filled-38e823,133,1779842971.203443,2.814709,2.955556,1,0,1,CURIOUS,2.955556,11.46348,0,0.0,0.0,-3.00751,-0.138503,1.2672,0.946721,0.322055,0.0,-3.00751,0.207167,64,64,567,0.899892,57.59307,1.85721,56,13,14,14,0,82,2,1,1.66215,0.940118,0.291759,0.583529,0.055,0.367169,1.0,0.756706,1.4,0.0,1.32,64,24
20260526-194927-sentence-script-a-cell-sphere-is-filled-38e823,136,1779842971.295827,2.907538,3.022222,1,0,1,CURIOUS,3.022222,11.46348,0,0.0,0.0,-2.993668,-0.133608,1.2672,0.940785,0.339004,0.0,-2.993668,0.221723,64,64,575,0.904098,57.862269,1.85721,57,14,14,14,0,82,2,2,1.671505,0.939937,0.292977,0.583229,0.055,0.368094,1.0,0.756646,1.4,0.0,1.32,64,24
20260526-194927-sentence-script-a-cell-sphere-is-filled-38e823,142,1779842971.411478,3.023243,3.155556,1,0,1,CURIOUS,3.155556,11.46348,0,0.0,0.0,-2.965889,-0.122937,1.2672,0.928077,0.37239,0.0,-2.965889,0.251173,64,64,589,0.915546,58.594926,1.958267,54,15,14,14,0,82,2,2,1.689964,0.939581,0.295369,0.582635,0.055,0.369929,1.0,0.756527,1.4,0.0,1.32,64,24
20260526-194927-sentence-script-a-cell-sphere-is-filled-38e823,147,1779842971.492324,3.104099,3.266667,1,0,1,CURIOUS,3.266667,11.46348,0,0.0,0.0,-2.943021,-0.113288,1.2672,0.916705,0.399565,0.0,-2.943021,0.275676,64,64,592,0.912752,58.416156,1.958267,55,15,14,14,0,81,2,2,1.705095,0.939289,0.297319,0.582148,0.055,0.371442,1.0,0.75643,1.4,0.0,1.32,64,24
20260526-194927-sentence-script-a-cell-sphere-is-filled-38e823,152,1779842971.609645,3.221365,3.377778,1,0,1,CURIOUS,3.377778,11.46348,0,0.0,0.0,-2.920929,-0.103202,1.2672,0.904708,0.426033,0.0,-2.920929,0.299594,64,64,604,0.923624,59.111957,1.958267,53,15,14,14,0,81,2,3,1.72,0.939001,0.299231,0.581669,0.055,0.372939,1.0,0.756334,1.4,0.0,1.32,64,24
20260526-194927-sentence-script-a-cell-sphere-is-filled-38e823,158,1779842971.69624,3.30171,3.511111,1,0,1,CURIOUS,3.511111,11.46348,0,0.0,0.0,-2.896072,-0.090875,1.2672,0.889614,0.456712,0.0,-2.896072,0.326837,64,64,621,0.943339,60.373712,1.99375,53,16,15,15,0,81,2,3,1.737593,0.938662,0.301475,0.581103,0.055,0.374716,1.0,0.756221,1.4,0.0,1.32,64,24
20260526-194927-sentence-script-a-cell-sphere-is-filled-38e823,164,1779842971.853733,3.465231,3.644444,1,0,1,CURIOUS,3.644444,11.46348,0,0.0,0.0,-2.871181,-0.077477,1.2672,0.873926,0.486058,0.0,-2.871181,0.354502,64,64,642,0.963674,61.675132,2.022706,52,16,15,15,0,81,2,3,1.754871,0.938329,0.303666,0.580548,0.055,0.376472,1.0,0.75611,1.4,0.0,1.32,64,24
20260526-194927-sentence-script-a-cell-sphere-is-filled-38e823,166,1779842971.9158,3.527503,3.688889,1,0,1,CURIOUS,3.688889,11.46348,0,0.0,0.0,-2.862983,-0.072829,1.2672,0.868597,0.495519,0.0,-2.862983,0.363703,64,64,646,0.966281,61.841954,2.020227,52,16,15,15,0,80,2,3,1.760562,0.938219,0.304384,0.580365,0.055,0.377053,1.0,0.756073,1.4,0.0,1.32,64,24
20260526-194927-sentence-script-a-cell-sphere-is-filled-38e823,170,1779842972.000083,3.611696,3.777778,1,0,1,CURIOUS,3.777778,11.46348,0,0.0,0.0,-2.84674,-0.063273,1.2672,0.857834,0.513928,0.0,-2.84674,0.382072,64,64,657,0.97445,62.364799,2.015374,51,16,15,14,1,82,2,3,1.771841,0.938001,0.305804,0.580002,0.055,0.378207,1.0,0.756,1.4,0.0,1.32,64,24
20260526-194927-sentence-script-a-cell-sphere-is-filled-38e823,176,1779842972.175961,3.787044,3.911111,1,0,1,CURIOUS,3.911111,11.46348,0,0.0,0.0,-2.821429,-0.047473,1.2672,0.841537,0.540199,0.0,-2.821429,0.411077,64,64,680,1.001508,64.096502,2.008749,52,16,16,15,1,81,2,3,1.788508,0.937679,0.307892,0.579466,0.055,0.379921,1.0,0.755893,1.4,0.0,1.32,64,24
20260526-194927-sentence-script-a-cell-sphere-is-filled-38e823,177,1779842972.201243,3.812805,3.933333,1,0,1,CURIOUS,3.933333,11.46348,0,0.0,0.0,-2.817213,-0.044737,1.2672,0.838816,0.544415,0.0,-2.817213,0.415953,64,64,681,1.00272,64.17405,2.007733,52,16,16,15,1,81,2,3,1.791257,0.937626,0.308235,0.579377,0.055,0.380205,1.0,0.755875,1.4,0.0,1.32,64,24
20260526-194927-sentence-script-a-cell-sphere-is-filled-38e823,181,1779842972.354557,3.966177,4.022222,1,0,1,CURIOUS,4.022222,11.46348,0,0.0,0.0,-2.800488,-0.033586,1.2672,0.827953,0.560798,0.0,-2.800488,0.005025,64,64,686,1.004732,64.302839,2.003714,50,16,16,15,1,81,2,3,1.802169,0.937416,0.309594,0.579026,0.055,0.381334,1.0,0.755805,1.4,0.0,1.32,64,24
20260526-194927-sentence-script-a-cell-sphere-is-filled-38e823,184,1779842972.438352,4.050014,4.088889,1,0,1,CURIOUS,4.088889,11.46348,0,0.0,0.0,-2.788087,-0.025013,1.2672,0.819855,0.572571,0.0,-2.788087,0.020101,64,64,684,0.99854,63.906535,1.961602,50,16,17,16,1,81,2,3,1.810268,0.93726,0.310598,0.578766,0.055,0.382175,1.0,0.755753,1.4,0.0,1.32,64,24
20260526-194927-sentence-script-a-cell-sphere-is-filled-38e823,186,1779842972.503966,4.115647,4.133333,1,0,1,CURIOUS,4.133333,11.46348,0,0.0,0.0,-2.779887,-0.019201,1.2672,0.814496,0.580169,0.0,-2.779887,0.030151,64,64,692,1.006537,64.418397,1.957366,50,16,17,16,1,80,2,3,1.815627,0.937156,0.311262,0.578594,0.055,0.382733,1.0,0.755719,1.4,0.0,1.32,64,24
20260526-194927-sentence-script-a-cell-sphere-is-filled-38e823,190,1779842972.5928,4.204479,4.222222,1,0,1,CURIOUS,4.222222,11.46348,0,0.0,0.0,-2.763542,-0.007276,1.2672,0.803905,0.594758,0.0,-2.763542,0.050381,64,64,701,1.014312,64.915953,1.949197,49,17,17,16,1,81,2,3,1.826248,0.936951,0.312572,0.578252,0.055,0.383842,1.0,0.75565,1.4,0.0,1.32,64,24
20260526-194927-sentence-script-a-cell-sphere-is-filled-38e823,194,1779842972.702504,4.314235,4.311111,1,0,1,CURIOUS,4.311111,11.46348,0,0.0,0.0,-2.747373,0.00496,1.2672,0.793537,0.608522,0.0,-2.747373,0.070651,64,64,710,1.021092,65.349914,2.008165,48,17,17,16,1,81,2,3,1.836743,0.936749,0.313862,0.577915,0.055,0.384942,1.0,0.755583,1.4,0.0,1.32,64,24
20260526-194927-sentence-script-a-cell-sphere-is-filled-38e823,200,1779842972.825117,4.436696,4.444444,1,0,1,CURIOUS,4.444444,11.46348,0,0.0,0.0,-2.723505,0.023811,1.2672,0.778538,0.627598,0.0,-2.723505,0.101046,64,64,725,1.034095,66.182084,2.026536,47,17,17,16,1,80,2,4,1.85225,0.93645,0.315758,0.577416,0.055,0.386576,1.0,0.755483,1.4,0.0,1.32,64,24
20260526-194927-sentence-script-a-cell-sphere-is-filled-38e823,203,1779842972.903206,4.514889,4.511111,1,0,1,CURIOUS,4.511111,11.46348,0,0.0,0.0,-2.711636,0.03353,1.2672,0.771341,0.636422,0.0,-2.711636,0.116371,64,64,733,1.042395,66.713288,2.022179,48,19,17,16,1,80,2,4,1.859899,0.936302,0.316689,0.57717,0.055,0.387386,1.0,0.755434,1.4,0.0,1.32,64,24
20260526-194927-sentence-script-a-cell-sphere-is-filled-38e823,208,1779842973.007621,4.619324,4.622222,1,0,1,CURIOUS,4.622222,11.46348,0,0.0,0.0,-2.691992,0.050097,1.2672,0.75988,0.650064,0.0,-2.691992,0.142035,64,64,734,1.037835,66.421468,2.015386,46,19,17,16,1,81,2,4,1.872496,0.936059,0.318217,0.576765,0.055,0.388724,1.0,0.755353,1.4,0.0,1.32,64,24
20260526-194927-sentence-script-a-cell-sphere-is-filled-38e823,212,1779842973.113961,4.725594,4.711111,1,0,1,CURIOUS,4.711111,11.46348,0,0.0,0.0,-2.676562,0.063521,1.2672,0.751251,0.660016,0.0,-2.676562,0.162454,64,64,745,1.048321,67.092524,2.010441,46,18,17,16,1,78,2,4,1.882438,0.935867,0.319417,0.576445,0.055,0.389786,1.0,0.755289,1.4,0.0,1.32,64,24
20260526-194927-sentence-script-a-cell-sphere-is-filled-38e823,216,1779842973.212345,4.824026,4.8,1,0,1,CURIOUS,4.8,11.46348,0,0.0,0.0,-2.661171,0.077255,1.2672,0.743159,0.669114,0.0,-2.661171,0.183042,64,64,750,1.051586,67.30148,2.093102,46,19,17,14,3,82,2,4,1.892262,0.935677,0.320598,0.576129,0.055,0.390838,1.0,0.755226,1.4,0.0,1.32,64,24
20260526-194927-sentence-script-a-cell-sphere-is-filled-38e823,220,1779842973.293555,4.905208,4.888889,1,0,1,CURIOUS,4.888889,11.46348,0,0.0,0.0,-2.645743,0.091343,1.2672,0.735652,0.67736,0.0,-2.645743,0.203888,64,64,756,1.056236,67.599123,2.136856,44,21,17,14,3,82,2,4,1.901968,0.93549,0.32176,0.575817,0.055,0.391883,1.0,0.755163,1.4,0.0,1.32,64,24
20260526-194927-sentence-script-a-cell-sphere-is-filled-38e823,224,1779842973.396031,5.00768,4.977778,1,0,1,CURIOUS,4.977778,11.46348,0,0.0,0.0,-2.630368,0.105683,1.2672,0.728774,0.684754,0.0,-2.630368,0.224861,64,64,756,1.051457,67.293243,2.134292,43,21,17,14,3,81,2,4,1.911558,0.935305,0.322903,0.575509,0.055,0.392919,1.0,0.755102,1.4,0.0,1.32,64,24
20260526-194927-sentence-script-a-cell-sphere-is-filled-38e823,229,1779842973.514406,5.12606,5.088889,1,0,1,CURIOUS,5.088889,11.46348,0,0.0,0.0,-2.611379,0.12377,1.2672,0.721123,0.692807,0.0,-2.611379,0.251016,64,64,774,1.069083,68.4213,2.132157,44,21,17,13,4,81,2,4,1.923384,0.935077,0.324307,0.575128,0.055,0.394202,1.0,0.755026,1.4,0.0,1.32,64,24
20260526-194927-sentence-script-a-cell-sphere-is-filled-38e823,233,1779842973.613115,5.224693,5.177778,1,0,1,CURIOUS,5.177778,11.46348,0,0.0,0.0,-2.596791,0.137921,1.2672,0.715803,0.698303,0.0,-2.596791,0.271282,64,64,780,1.073005,68.672295,2.129333,45,21,17,13,4,81,2,4,1.932718,0.934897,0.32541,0.574828,0.055,0.39522,1.0,0.754966,1.4,0.0,1.32,64,24
20260526-194927-sentence-script-a-cell-sphere-is-filled-38e823,236,1779842973.694381,5.305978,5.244444,1,0,1,CURIOUS,5.244444,11.46348,0,0.0,0.0,-2.586267,0.148257,1.2672,0.712301,0.701874,0.0,-2.586267,0.28599,64,64,786,1.076717,68.909903,2.127469,46,21,17,12,5,80,3,4,1.939646,0.934763,0.326226,0.574605,0.055,0.395978,1.0,0.754921,1.4,0.0,1.32,64,24
20260526-194927-sentence-script-a-cell-sphere-is-filled-38e823,240,1779842973.805228,5.416818,5.333333,1,0,1,CURIOUS,5.333333,11.46348,0,0.0,0.0,-2.573859,0.160573,1.2672,0.708305,0.705906,0.0,-2.573859,0.30342,64,64,797,1.087628,69.608218,2.125597,46,21,17,12,5,81,3,4,1.948786,0.934587,0.327299,0.574311,0.055,0.396981,1.0,0.754862,1.4,0.0,1.32,64,24
20260526-194927-sentence-script-a-cell-sphere-is-filled-38e823,243,1779842973.946207,5.557831,5.4,1,0,1,CURIOUS,5.4,11.46348,0,0.0,0.0,-2.564568,0.169876,1.2672,0.705826,0.708385,0.0,-2.564568,0.316529,64,64,804,1.095705,70.1251,2.207605,45,22,17,12,5,81,3,4,1.955569,0.934456,0.328092,0.574093,0.055,0.397728,1.0,0.754819,1.4,0.0,1.32,64,24
20260526-194927-sentence-script-a-cell-sphere-is-filled-38e823,245,1779842973.992141,5.603689,5.444444,1,0,1,CURIOUS,5.444444,11.46348,0,0.0,0.0,-2.558744,0.175739,1.2672,0.704424,0.709779,0.0,-2.558744,0.324767,64,64,813,1.104539,70.690527,2.283892,44,22,17,12,5,81,3,4,1.960057,0.934369,0.328616,0.573949,0.055,0.398224,1.0,0.75479,1.4,0.0,1.32,64,24
20260526-194927-sentence-script-a-cell-sphere-is-filled-38e823,249,1779842974.095466,5.707071,5.533333,1,0,1,CURIOUS,5.533333,11.46348,0,0.0,0.0,-2.547788,0.186823,1.2672,0.702233,0.711947,0.0,-2.547788,0.340306,64,64,823,1.117283,71.506095,2.283548,44,24,16,12,4,80,3,4,1.968953,0.934198,0.32965,0.573663,0.055,0.399209,1.0,0.754733,1.4,0.0,1.32,64,24
20260526-194927-sentence-script-a-cell-sphere-is-filled-38e823,253,1779842974.205871,5.81729,5.622222,1,0,1,CURIOUS,5.622222,11.46348,0,0.0,0.0,-2.53679,0.198002,1.2672,0.700868,0.713291,0.0,-2.53679,0.355942,64,64,827,1.11615,71.433624,2.283528,44,26,16,12,4,82,3,4,1.977743,0.934028,0.330668,0.57338,0.055,0.400187,1.0,0.754676,1.4,0.0,1.32,64,24
20260526-194927-sentence-script-a-cell-sphere-is-filled-38e823,255,1779842974.290453,5.902011,5.666667,1,0,1,CURIOUS,5.666667,11.46348,0,0.0,0.0,-2.531297,0.203597,1.2672,0.700497,0.713655,0.0,-2.531297,0.363761,64,64,829,1.11881,71.603851,2.283528,44,26,16,12,4,82,3,4,1.982098,0.933944,0.331171,0.57324,0.055,0.400673,1.0,0.754648,1.4,0.0,1.32,64,24
20260526-194927-sentence-script-a-cell-sphere-is-filled-38e823,260,1779842974.427877,6.039481,5.777778,1,0,1,CURIOUS,5.777778,11.46348,0,0.0,0.0,-2.517568,0.217588,1.2672,0.700487,0.713665,0.0,-2.517568,0.383311,64,64,840,1.128622,72.231811,2.137952,43,26,16,12,4,82,3,4,1.992873,0.933736,0.332411,0.572893,0.055,0.401879,1.0,0.754579,1.4,0.0,1.32,64,24
20260526-194927-sentence-script-a-cell-sphere-is-filled-38e823,263,1779842974.496358,6.107991,5.844444,1,0,1,CURIOUS,5.844444,11.46348,0,0.0,0.0,-2.509325,0.225977,1.2672,0.701108,0.713055,0.0,-2.509325,0.395044,64,64,844,1.133289,72.530505,2.137952,44,26,16,12,4,80,3,5,1.999261,0.933613,0.333143,0.572688,0.055,0.402597,1.0,0.754538,1.4,0.0,1.32,64,24
20260526-194927-sentence-script-a-cell-sphere-is-filled-38e823,267,1779842974.608406,6.22003,5.933333,1,0,1,CURIOUS,5.933333,11.46348,0,0.0,0.0,-2.498317,0.237144,1.2672,0.702665,0.711521,0.0,-2.498317,0.410692,64,64,851,1.137861,72.823106,2.19282,44,26,16,12,4,81,3,5,2.007689,0.93345,0.334106,0.572417,0.055,0.403548,1.0,0.754483,1.4,0.0,1.32,64,24
20260526-194927-sentence-script-a-cell-sphere-is-filled-38e823,270,1779842974.695919,6.307493,6.0,1,0,1,CURIOUS,6.0,11.46348,0,0.0,0.0,-2.49004,0.245499,1.2672,0.704373,0.70983,0.0,-2.49004,0.422431,64,64,853,1.138057,72.835627,2.19282,44,26,16,12,4,82,3,5,2.013943,0.93333,0.334818,0.572216,0.055,0.404256,1.0,0.754443,1.4,0.0,1.32,64,24
20260526-194927-sentence-script-a-cell-sphere-is-filled-38e823,274,1779842974.799275,6.410824,6.088889,1,0,1,CURIOUS,6.088889,11.46348,0,0.0,0.0,-2.479759,0.255809,1.2672,0.707362,0.706851,0.0,-2.479759,0.01456,64,64,863,1.148683,73.515708,2.197209,44,26,16,12,4,81,3,5,2.022196,0.93317,0.335754,0.57195,0.055,0.405193,1.0,0.75439,1.4,0.0,1.32,64,24
20260526-194927-sentence-script-a-cell-sphere-is-filled-38e823,278,1779842974.909113,6.520729,6.177778,1,0,1,CURIOUS,6.177778,11.46348,0,0.0,0.0,-2.470221,0.265278,1.2672,0.711147,0.703044,0.0,-2.470221,0.028001,64,64,873,1.155131,73.928364,2.197209,45,26,16,12,4,81,3,5,2.030349,0.933013,0.336675,0.571688,0.055,0.406123,1.0,0.754338,1.4,0.0,1.32,64,24
20260526-194927-sentence-script-a-cell-sphere-is-filled-38e823,281,1779842975.003494,6.615077,6.244444,1,0,1,CURIOUS,6.244444,11.46348,0,0.0,0.0,-2.46303,0.272343,1.2672,0.714495,0.699641,0.0,-2.46303,0.03808,64,64,880,1.159721,74.222134,2.197209,45,26,16,11,5,80,3,5,2.036401,0.932896,0.337356,0.571494,0.055,0.406815,1.0,0.754299,1.4,0.0,1.32,64,24
20260526-194927-sentence-script-a-cell-sphere-is-filled-38e823,285,1779842975.109312,6.720842,6.333333,1,0,1,CURIOUS,6.333333,11.46348,0,0.0,0.0,-2.454592,0.280533,1.2672,0.719616,0.694372,0.0,-2.454592,0.04984,64,64,890,1.16686,74.679067,2.197209,46,26,16,11,5,81,3,5,2.044385,0.932742,0.338252,0.571237,0.055,0.407732,1.0,0.754247,1.4,0.0,1.32,64,24
20260526-194927-sentence-script-a-cell-sphere-is-filled-38e823,288,1779842975.20161,6.813168,6.4,1,0,1,CURIOUS,6.4,11.46348,0,0.0,0.0,-2.447713,0.287115,1.2672,0.723934,0.689869,0.0,-2.447713,0.059359,64,64,899,1.176939,75.324108,2.197209,46,26,17,12,5,78,3,5,2.05031,0.932628,0.338914,0.571046,0.055,0.408415,1.0,0.754209,1.4,0.0,1.32,64,24
20260526-194927-sentence-script-a-cell-sphere-is-filled-38e823,292,1779842975.299926,6.911422,6.488889,1,0,1,CURIOUS,6.488889,11.46348,0,0.0,0.0,-2.437931,0.29633,1.2672,0.7303,0.683127,0.0,-2.437931,0.072796,64,64,909,1.186384,75.928581,2.305153,46,25,15,12,3,80,3,5,2.058128,0.932477,0.339785,0.570795,0.055,0.40932,1.0,0.754159,1.4,0.0,1.32,64,24
20260526-194927-sentence-script-a-cell-sphere-is-filled-38e823,295,1779842975.393135,7.004674,6.555556,1,0,1,CURIOUS,6.555556,11.46348,0,0.0,0.0,-2.430535,0.303179,1.2672,0.73551,0.677513,0.0,-2.430535,0.082872,64,64,916,1.192394,76.313211,2.305153,46,25,15,12,3,81,3,5,2.06393,0.932365,0.340429,0.570608,0.055,0.409993,1.0,0.754122,1.4,0.0,1.32,64,24
20260526-194927-sentence-script-a-cell-sphere-is-filled-38e823,299,1779842975.496078,7.107618,6.644444,1,0,1,CURIOUS,6.644444,11.46348,0,0.0,0.0,-2.420588,0.312216,1.2672,0.743006,0.669285,0.0,-2.420588,0.096305,64,64,929,1.204457,77.085248,2.305153,47,24,15,11,4,79,3,5,2.071585,0.932217,0.341275,0.570362,0.055,0.410885,1.0,0.754072,1.4,0.0,1.32,64,24
20260526-194927-sentence-script-a-cell-sphere-is-filled-38e823,304,1779842975.598272,7.209835,6.755556,1,0,1,CURIOUS,6.755556,11.46348,0,0.0,0.0,-2.406743,0.324454,1.2672,0.753193,0.6578,0.0,-2.406743,0.114771,64,64,943,1.215849,77.814314,2.305153,48,25,16,12,4,81,3,5,2.081026,0.932035,0.342315,0.570058,0.055,0.411989,1.0,0.754012,1.4,0.0,1.32,64,24
20260526-194927-sentence-script-a-cell-sphere-is-filled-38e823,308,1779842975.709458,7.321016,6.844444,1,0,1,CURIOUS,6.844444,11.46348,0,0.0,0.0,-2.394971,0.334565,1.2672,0.761938,0.64765,0.0,-2.394971,0.130273,64,64,952,1.219077,78.020951,2.305153,49,22,15,12,3,81,3,5,2.088477,0.931891,0.343132,0.569819,0.055,0.412865,1.0,0.753964,1.4,0.0,1.32,64,24
20260526-194927-sentence-script-a-cell-sphere-is-filled-38e823,312,1779842975.819853,7.431275,6.933333,1,0,1,CURIOUS,6.933333,11.46348,0,0.0,0.0,-2.383132,0.344448,1.2672,0.771155,0.636647,0.0,-2.383132,0.145672,64,64,967,1.232922,78.907007,2.305153,50,22,15,12,3,82,3,5,2.095839,0.931749,0.343935,0.569582,0.055,0.413733,1.0,0.753916,1.4,0.0,1.32,64,24
20260526-194927-sentence-script-a-cell-sphere-is-filled-38e823,316,1779842975.914194,7.525673,7.022222,1,0,1,CURIOUS,7.022222,11.46348,0,0.0,0.0,-2.372881,0.352749,1.2672,0.780791,0.624793,0.0,-2.372881,0.158837,64,64,978,1.244333,79.637328,2.305153,50,21,14,12,2,80,3,5,2.103113,0.931609,0.344726,0.569348,0.055,0.414595,1.0,0.75387,1.4,0.0,1.32,64,24
20260526-194927-sentence-script-a-cell-sphere-is-filled-38e823,319,1779842976.001529,7.613015,7.088889,1,0,1,CURIOUS,7.088889,11.46348,0,0.0,0.0,-2.365177,0.358814,1.2672,0.788257,0.615346,0.0,-2.365177,0.168615,64,64,991,1.25633,80.405091,2.305153,50,20,14,12,2,82,3,5,2.108511,0.931505,0.345311,0.569175,0.055,0.415237,1.0,0.753835,1.4,0.0,1.32,64,24
20260526-194927-sentence-script-a-cell-sphere-is-filled-38e823,323,1779842976.124791,7.736274,7.177778,1,0,1,CURIOUS,7.177778,11.46348,0,0.0,0.0,-2.354782,0.366755,1.2672,0.798485,0.602015,0.0,-2.354782,0.181653,64,64,1002,1.264895,80.953254,2.305153,50,21,14,12,2,81,3,5,2.115634,0.931367,0.34608,0.568946,0.055,0.416087,1.0,0.753789,1.4,0.0,1.32,64,24
20260526-194927-sentence-script-a-cell-sphere-is-filled-38e823,326,1779842976.192018,7.803457,7.244444,1,0,1,CURIOUS,7.244444,11.46348,0,0.0,0.0,-2.346881,0.372604,1.2672,0.806326,0.591471,0.0,-2.346881,0.191443,64,64,1010,1.273967,81.533914,2.305153,50,21,14,12,2,79,3,5,2.12092,0.931265,0.346649,0.568776,0.055,0.41672,1.0,0.753755,1.4,0.0,1.32,64,24
20260526-194927-sentence-script-a-cell-sphere-is-filled-38e823,330,1779842976.290355,7.901772,7.333333,1,0,1,CURIOUS,7.333333,11.46348,0,0.0,0.0,-2.336225,0.380237,1.2672,0.81696,0.576694,0.0,-2.336225,0.204484,64,64,1029,1.294581,82.853175,2.305153,51,21,14,12,2,80,3,5,2.127894,0.931131,0.347397,0.568551,0.055,0.417558,1.0,0.75371,1.4,0.0,1.32,64,24
20260526-194927-sentence-script-a-cell-sphere-is-filled-38e823,334,1779842976.41251,8.023973,7.422222,1,0,1,CURIOUS,7.422222,11.46348,0,0.0,0.0,-2.325427,0.38767,1.2672,0.82774,0.561113,0.0,-2.325427,0.217509,64,64,1032,1.294725,82.862413,2.305153,51,21,14,12,2,81,3,5,2.134785,0.930998,0.348133,0.56833,0.055,0.418389,1.0,0.753666,1.4,0.0,1.32,64,24
20260526-194927-sentence-script-a-cell-sphere-is-filled-38e823,337,1779842976.495106,8.106542,7.488889,1,0,1,CURIOUS,7.488889,11.46348,0,0.0,0.0,-2.317237,0.393107,1.2672,0.835882,0.548909,0.0,-2.317237,0.227265,64,64,1040,1.302372,83.35181,2.305153,51,21,14,12,2,81,3,5,2.1399,0.930899,0.348677,0.568165,0.055,0.419008,1.0,0.753633,1.4,0.0,1.32,64,24
20260526-194927-sentence-script-a-cell-sphere-is-filled-38e823,341,1779842976.592257,8.203716,7.577778,1,0,1,CURIOUS,7.577778,11.46348,0,0.0,0.0,-2.306284,0.400105,1.2672,0.846765,0.531967,0.0,-2.306284,0.240145,64,64,1046,1.307613,83.687249,2.305153,51,19,14,12,2,79,3,5,2.146647,0.930769,0.349392,0.567948,0.055,0.419828,1.0,0.75359,1.4,0.0,1.32,64,24
20260526-194927-sentence-script-a-cell-sphere-is-filled-38e823,346,1779842976.719515,8.330979,7.688889,1,0,1,CURIOUS,7.688889,11.46348,0,0.0,0.0,-2.292511,0.408462,1.2672,0.860323,0.50975,0.0,-2.292511,0.256075,64,64,1051,1.306689,83.628085,2.239066,51,19,14,11,3,81,3,5,2.154969,0.930608,0.350271,0.567681,0.055,0.420843,1.0,0.753536,1.4,0.0,1.32,64,24
20260526-194927-sentence-script-a-cell-sphere-is-filled-38e823,349,1779842976.790453,8.401897,7.755556,1,0,1,CURIOUS,7.755556,11.46348,0,0.0,0.0,-2.284215,0.413258,1.2672,0.868387,0.495888,0.0,-2.284215,0.265532,64,64,1064,1.32076,84.528646,2.239066,53,18,14,11,3,81,3,5,2.159902,0.930513,0.35079,0.567522,0.055,0.421447,1.0,0.753504,1.4,0.0,1.32,64,24
20260526-194927-sentence-script-a-cell-sphere-is-filled-38e823,354,1779842976.903454,8.514963,7.866667,1,0,1,CURIOUS,7.866667,11.46348,0,0.0,0.0,-2.270434,0.420832,1.2672,0.881627,0.471947,0.0,-2.270434,0.281014,64,64,1082,1.337121,85.575728,2.239066,54,16,14,11,3,79,3,5,2.168025,0.930356,0.35164,0.567261,0.055,0.422447,1.0,0.753452,1.4,0.0,1.32,64,24
20260526-194927-sentence-script-a-cell-sphere-is-filled-38e823,358,1779842977.008063,8.619536,7.955556,1,0,1,CURIOUS,7.955556,11.46348,0,0.0,0.0,-2.259379,0.426553,1.2672,0.891975,0.452085,0.0,-2.259379,0.293233,64,64,1088,1.337012,85.568748,2.152737,54,15,13,10,3,81,3,5,2.174437,0.930233,0.352309,0.567054,0.055,0.423239,1.0,0.753411,1.4,0.0,1.32,64,24
20260526-194927-sentence-script-a-cell-sphere-is-filled-38e823,362,1779842977.101461,8.712867,8.044444,1,0,1,CURIOUS,8.044444,11.46348,0,0.0,0.0,-2.246884,0.43266,1.2672,0.902046,0.43164,0.0,-2.246884,0.007165,64,64,1095,1.342905,85.945916,2.152737,54,13,14,9,5,81,3,5,2.180772,0.93011,0.352966,0.566851,0.055,0.424025,1.0,0.75337,1.4,0.0,1.32,64,24
20260526-194927-sentence-script-a-cell-sphere-is-filled-38e823,366,1779842977.190054,8.801417,8.133333,1,0,1,CURIOUS,8.133333,11.46348,0,0.0,0.0,-2.231944,0.439546,1.2672,0.911788,0.410662,0.0,-2.231944,0.023615,64,64,1109,1.354431,86.683571,2.152737,55,14,15,9,6,81,3,5,2.187031,0.92999,0.353614,0.566649,0.055,0.424805,1.0,0.75333,1.4,0.0,1.32,64,24
20260526-194927-sentence-script-a-cell-sphere-is-filled-38e823,372,1779842977.306166,8.917445,8.266667,1,0,1,CURIOUS,8.266667,11.46348,0,0.0,0.0,-2.210756,0.448587,1.2672,0.92568,0.378307,0.0,-2.210756,0.046645,64,64,1128,1.368613,87.591259,2.152737,55,13,15,9,6,81,3,5,2.196281,0.929811,0.354565,0.566352,0.055,0.425963,1.0,0.75327,1.4,0.0,1.32,64,24
20260526-194927-sentence-script-a-cell-sphere-is-filled-38e823,375,1779842977.406435,9.017814,8.333333,1,0,1,CURIOUS,8.333333,11.46348,0,0.0,0.0,-2.200923,0.45247,1.2672,0.932262,0.361783,0.0,-2.200923,0.057207,64,64,1131,1.36507,87.364494,2.152737,55,11,14,8,6,81,3,5,2.200843,0.929723,0.355033,0.566205,0.055,0.426536,1.0,0.753241,1.4,0.0,1.32,64,24
20260526-194927-sentence-script-a-cell-sphere-is-filled-38e823,379,1779842977.546024,9.157434,8.422222,1,0,1,CURIOUS,8.422222,11.46348,0,0.0,0.0,-2.187819,0.457332,1.2672,0.940625,0.339447,0.0,-2.187819,0.071167,64,64,1140,1.364819,87.348411,2.152737,55,10,14,8,6,81,3,5,2.206863,0.929607,0.355647,0.566012,0.055,0.427296,1.0,0.753202,1.4,0.0,1.32,64,24
20260526-194927-sentence-script-a-cell-sphere-is-filled-38e823,382,1779842977.618844,9.230154,8.488889,1,0,1,CURIOUS,8.488889,11.46348,0,0.0,0.0,-2.178045,0.460728,1.2672,0.946569,0.322502,0.0,-2.178045,0.081493,64,64,1148,1.370153,87.689765,2.226498,56,9,14,8,6,81,3,5,2.21133,0.929521,0.356102,0.565868,0.055,0.427862,1.0,0.753174,1.4,0.0,1.32,64,24
20260526-194927-sentence-script-a-cell-sphere-is-filled-38e823,385,1779842977.693285,9.304618,8.555556,1,0,1,CURIOUS,8.555556,11.46348,0,0.0,0.0,-2.168242,0.463937,1.2672,0.952217,0.305421,0.0,-2.168242,0.091782,64,64,1154,1.372863,87.863205,2.226498,56,9,14,8,6,79,3,5,2.215758,0.929435,0.356551,0.565726,0.055,0.428424,1.0,0.753145,1.4,0.0,1.32,64,24
20260526-194927-sentence-script-a-cell-sphere-is-filled-38e823,389,1779842977.798177,9.409618,8.644444,1,0,1,CURIOUS,8.644444,11.46348,0,0.0,0.0,-2.155177,0.467913,1.2672,0.959271,0.282486,0.0,-2.155177,0.105392,64,64,1159,1.371871,87.799726,2.226498,57,8,14,8,6,81,3,5,2.221599,0.929323,0.357141,0.565538,0.055,0.429169,1.0,0.753108,1.4,0.0,1.32,64,24
20260526-194927-sentence-script-a-cell-sphere-is-filled-38e823,393,1779842977.913493,9.516406,8.733333,1,0,1,CURIOUS,8.733333,11.46348,0,0.0,0.0,-2.142051,0.471566,1.2672,0.965762,0.259429,0.0,-2.142051,0.118955,64,64,1166,1.37722,88.142108,2.226498,58,8,14,8,6,79,3,5,2.227371,0.929211,0.357722,0.565352,0.055,0.429907,1.0,0.75307,1.4,0.0,1.32,64,24
20260526-194927-sentence-script-a-cell-sphere-is-filled-38e823,397,1779842978.008489,9.619903,8.822222,1,0,1,CURIOUS,8.822222,11.46348,0,0.0,0.0,-2.128842,0.474903,1.2672,0.971675,0.236319,0.0,-2.128842,0.132501,64,64,1178,1.387432,88.79562,2.226498,58,8,14,8,6,81,4,5,2.233073,0.929101,0.358294,0.565169,0.055,0.43064,1.0,0.753034,1.4,0.0,1.32,64,24
20260526-194927-sentence-script-a-cell-sphere-is-filled-38e823,400,1779842978.096724,9.708011,8.888889,1,0,1,CURIOUS,8.888889,11.46348,0,0.0,0.0,-2.118884,0.4772,1.2672,0.975726,0.218995,0.0,-2.118884,0.142648,64,64,1185,1.396552,89.37932,2.226498,58,8,14,8,6,81,4,5,2.237306,0.92902,0.358716,0.565033,0.055,0.431186,1.0,0.753007,1.4,0.0,1.32,64,24
20260526-194927-sentence-script-a-cell-sphere-is-filled-38e823,404,1779842978.20463,9.815932,8.977778,1,0,1,CURIOUS,8.977778,11.46348,0,0.0,0.0,-2.105548,0.479988,1.2672,0.980611,0.195964,0.0,-2.105548,0.15616,64,64,1201,1.405937,89.979955,2.226498,58,8,14,8,6,81,4,5,2.24289,0.928912,0.359272,0.564853,0.055,0.431908,1.0,0.752971,1.4,0.0,1.32,64,24
20260526-194927-sentence-script-a-cell-sphere-is-filled-38e823,408,1779842978.292213,9.903614,9.066667,1,0,1,CURIOUS,9.066667,11.46348,0,0.0,0.0,-2.09215,0.482463,1.2672,0.984908,0.173076,0.0,-2.09215,0.169651,64,64,1206,1.405395,89.945249,2.226498,59,8,14,8,6,81,4,5,2.248407,0.928805,0.359819,0.564676,0.055,0.432625,1.0,0.752935,1.4,0.0,1.32,64,24
20260526-194927-sentence-script-a-cell-sphere-is-filled-38e823,412,1779842978.391849,10.003192,9.155556,1,0,1,CURIOUS,9.155556,11.46348,0,0.0,0.0,-2.078699,0.484628,1.2672,0.988625,0.150402,0.0,-2.078699,0.183119,64,64,1215,1.407021,90.049361,2.226498,60,8,14,8,6,81,4,5,2.253858,0.9287,0.360357,0.5645,0.055,0.433336,1.0,0.7529,1.4,0.0,1.32,64,24
20260526-194927-sentence-script-a-cell-sphere-is-filled-38e823,415,1779842978.498618,10.109959,9.222222,1,0,1,CURIOUS,9.222222,11.46348,0,0.0,0.0,-2.06858,0.48605,1.2672,0.991038,0.133578,0.0,-2.06858,0.193205,64,64,1217,1.40553,89.953943,2.226498,60,8,14,8,6,81,4,5,2.257904,0.928622,0.360756,0.56437,0.055,0.433866,1.0,0.752874,1.4,0.0,1.32,64,24
20260526-194927-sentence-script-a-cell-sphere-is-filled-38e823,418,1779842978.596983,10.208302,9.288889,1,0,1,CURIOUS,9.288889,11.46348,0,0.0,0.0,-2.058438,0.487301,1.2672,0.993139,0.116943,0.0,-2.058438,0.203276,64,64,1223,1.409402,90.201747,2.226498,60,8,14,8,6,80,4,5,2.261914,0.928545,0.361149,0.564241,0.055,0.434392,1.0,0.752848,1.4,0.0,1.32,64,24
20260526-194927-sentence-script-a-cell-sphere-is-filled-38e823,422,1779842978.72333,10.33461,9.377778,1,0,1,CURIOUS,9.377778,11.46348,0,0.0,0.0,-2.045014,0.488695,1.2672,0.995467,0.095104,0.0,-2.045014,0.216558,64,64,1228,1.405096,89.926115,2.226498,60,7,13,8,5,81,4,5,2.267204,0.928443,0.361666,0.564071,0.055,0.435089,1.0,0.752814,1.4,0.0,1.32,64,24
20260526-194927-sentence-script-a-cell-sphere-is-filled-38e823,425,1779842978.819781,10.431061,9.444444,1,0,1,CURIOUS,9.444444,11.46348,0,0.0,0.0,-2.034928,0.489549,1.2672,0.996873,0.079019,0.0,-2.034928,0.226502,64,64,1237,1.407238,90.063249,2.226498,60,7,13,8,5,80,4,5,2.27113,0.928367,0.362049,0.563945,0.055,0.435608,1.0,0.752789,1.4,0.0,1.32,64,24
20260526-194927-sentence-script-a-cell-sphere-is-filled-38e823,428,1779842978.910444,10.521699,9.511111,1,0,1,CURIOUS,9.511111,11.46348,0,0.0,0.0,-2.024829,0.490242,1.2672,0.998,0.063214,0.0,-2.024829,0.236432,64,64,1243,1.406284,90.002174,2.226498,60,7,13,8,5,81,4,5,2.275021,0.928292,0.362427,0.56382,0.055,0.436124,1.0,0.752764,1.4,0.0,1.32,64,24
20260526-194927-sentence-script-a-cell-sphere-is-filled-38e823,431,1779842978.992877,10.604197,9.577778,1,0,1,CURIOUS,9.577778,11.46348,0,0.0,0.0,-2.013277,0.490853,1.2672,0.998861,0.047717,0.0,-2.013277,0.247765,64,64,1249,1.410424,90.267114,2.226498,60,7,14,9,5,81,4,5,2.278876,0.928217,0.3628,0.563696,0.055,0.436637,1.0,0.752739,1.4,0.0,1.32,64,24
20260526-194927-sentence-script-a-cell-sphere-is-filled-38e823,434,1779842979.093591,10.704919,9.644444,1,0,1,CURIOUS,9.644444,11.46348,0,0.0,0.0,-2.001717,0.491288,1.2672,0.99947,0.032553,0.0,-2.001717,0.259085,64,64,1246,1.399785,89.586226,2.093624,60,7,14,9,5,81,4,5,2.282698,0.928144,0.363169,0.563573,0.055,0.437147,1.0,0.752715,1.4,0.0,1.32,64,24
20260526-194927-sentence-script-a-cell-sphere-is-filled-38e823,437,1779842979.196286,10.807513,9.711111,1,0,1,CURIOUS,9.711111,11.46348,0,0.0,0.0,-1.990152,0.49155,1.2672,0.999843,0.017746,0.0,-1.990152,0.270391,64,64,1259,1.410305,90.259522,2.093019,60,7,11,9,2,81,4,5,2.286485,0.928071,0.363533,0.563451,0.055,0.437654,1.0,0.75269,1.4,0.0,1.32,64,24
20260526-194927-sentence-script-a-cell-sphere-is-filled-38e823,440,1779842979.296634,10.907904,9.777778,1,0,1,CURIOUS,9.777778,11.46348,0,0.0,0.0,-1.978584,0.491644,1.2672,0.999994,0.00332,0.0,-1.978584,0.281684,64,64,1261,1.409457,90.205222,2.048559,60,7,11,9,2,81,4,5,2.290238,0.927998,0.363893,0.56333,0.055,0.438158,1.0,0.752666,1.4,0.0,1.32,64,24
20260526-194927-sentence-script-a-cell-sphere-is-filled-38e823,443,1779842979.417053,11.026759,9.844444,1,0,1,CURIOUS,9.844444,11.46348,0,0.0,0.0,-1.967016,0.491574,1.2672,0.999943,-0.010702,0.0,-1.967016,0.292963,64,64,1262,1.407339,90.069685,2.048559,60,7,10,9,1,81,4,5,2.293957,0.927926,0.364249,0.563211,0.055,0.438658,1.0,0.752642,1.4,0.0,1.32,64,24
20260526-194927-sentence-script-a-cell-sphere-is-filled-38e823,445,1779842979.50127,11.112536,9.888889,1,0,1,CURIOUS,9.888889,11.46348,0,0.0,0.0,-1.958864,0.49143,1.2672,0.999804,-0.019816,0.0,-1.958864,0.300906,64,64,1269,1.410206,90.253181,1.994433,60,6,11,10,1,78,4,5,2.296418,0.927879,0.364484,0.563132,0.055,0.43899,1.0,0.752626,1.4,0.0,1.32,64,24
20260526-194927-sentence-script-a-cell-sphere-is-filled-38e823,447,1779842979.614616,11.225466,9.933333,1,0,1,CURIOUS,9.933333,11.46348,0,0.0,0.0,-1.95075,0.491215,1.2672,0.999587,-0.028734,0.0,-1.95075,0.308808,64,64,1272,1.411622,90.343835,1.994433,60,6,11,10,1,80,4,5,2.298864,0.927832,0.364717,0.563053,0.055,0.439321,1.0,0.752611,1.4,0.0,1.32,64,24
20260526-194927-sentence-script-a-cell-sphere-is-filled-38e823,449,1779842979.695758,11.307009,9.977778,1,0,1,CURIOUS,9.977778,11.46348,0,0.0,0.0,-1.943116,0.490946,1.2672,0.999298,-0.037451,0.0,-1.943116,0.316239,64,64,1276,1.413841,90.48582,1.994433,60,6,11,10,1,81,4,5,2.301296,0.927785,0.364948,0.562975,0.055,0.439651,1.0,0.752595,1.4,0.0,1.32,64,24
20260526-194927-sentence-script-a-cell-sphere-is-filled-38e823,452,1779842979.811699,11.423002,10.044444,1,0,1,CURIOUS,10.044444,11.46348,0,0.0,0.0,-1.93167,0.490419,1.2672,0.998742,-0.050138,0.0,-1.93167,0.007639,64,64,1281,1.416168,90.63476,1.994433,60,6,10,10,0,81,4,5,2.304916,0.927715,0.365292,0.562858,0.055,0.440142,1.0,0.752572,1.4,0.0,1.32,64,24
20260526-194927-sentence-script-a-cell-sphere-is-filled-38e823,455,1779842979.928989,11.540282,10.111111,1,0,1,CURIOUS,10.111111,11.46348,0,0.0,0.0,-1.920231,0.489751,1.2672,0.998055,-0.062342,0.0,-1.920231,0.019097,64,64,1290,1.420596,90.918133,1.994433,61,6,10,10,0,81,4,5,2.308504,0.927646,0.365631,0.562743,0.055,0.440631,1.0,0.752549,1.4,0.0,1.32,64,24
20260526-194927-sentence-script-a-cell-sphere-is-filled-38e823,457,1779842979.990536,11.601803,10.155556,1,0,1,CURIOUS,10.155556,11.46348,0,0.0,0.0,-1.91261,0.48923,1.2672,0.997533,-0.0702,0.0,-1.91261,0.026736,64,64,1291,1.414019,90.497198,2.054529,61,6,10,10,0,80,4,5,2.310878,0.9276,0.365855,0.562667,0.055,0.440956,1.0,0.752533,1.4,0.0,1.32,64,24
20260526-194927-sentence-script-a-cell-sphere-is-filled-38e823,460,1779842980.094728,11.706018,10.222222,1,0,1,CURIOUS,10.222222,11.46348,0,0.0,0.0,-1.900234,0.488262,1.2672,0.996668,-0.081561,0.0,-1.900234,0.039147,64,64,1290,1.407035,90.050262,2.054529,61,6,11,11,0,81,4,5,2.314412,0.927532,0.366187,0.562553,0.055,0.44144,1.0,0.752511,1.4,0.0,1.32,64,24
20260526-194927-sentence-script-a-cell-sphere-is-filled-38e823,463,1779842980.193132,11.804337,10.288889,1,0,1,CURIOUS,10.288889,11.46348,0,0.0,0.0,-1.887394,0.487117,1.2672,0.995723,-0.092394,0.0,-1.887394,0.052035,64,64,1298,1.414381,90.520403,2.054529,61,6,11,11,0,81,4,5,2.317914,0.927464,0.366515,0.56244,0.055,0.441921,1.0,0.752488,1.4,0.0,1.32,64,24
20260526-194927-sentence-script-a-cell-sphere-is-filled-38e823,466,1779842980.289763,11.901023,10.355556,1,0,1,CURIOUS,10.355556,11.46348,0,0.0,0.0,-1.875517,0.485934,1.2672,0.994714,-0.102687,0.0,-1.875517,0.063967,64,64,1304,1.4163,90.643194,2.113117,61,6,11,11,0,81,4,5,2.321385,0.927397,0.36684,0.562329,0.055,0.442399,1.0,0.752466,1.4,0.0,1.32,64,24
20260526-194927-sentence-script-a-cell-sphere-is-filled-38e823,469,1779842980.390129,12.00135,10.422222,1,0,1,CURIOUS,10.422222,11.46348,0,0.0,0.0,-1.864128,0.484682,1.2672,0.99366,-0.112424,0.0,-1.864128,0.07542,64,64,1307,1.415887,90.616759,1.973478,61,6,11,11,0,81,4,5,2.324825,0.927331,0.367161,0.562218,0.055,0.442874,1.0,0.752444,1.4,0.0,1.32,64,24
20260526-194927-sentence-script-a-cell-sphere-is-filled-38e823,472,1779842980.497615,12.108841,10.488889,1,0,1,CURIOUS,10.488889,11.46348,0,0.0,0.0,-1.85275,0.483323,1.2672,0.99258,-0.121595,0.0,-1.85275,0.086871,64,64,1306,1.410856,90.294811,2.035729,61,6,11,11,0,80,4,5,2.328234,0.927265,0.367477,0.562108,0.055,0.443347,1.0,0.752422,1.4,0.0,1.32,64,24
20260526-194927-sentence-script-a-cell-sphere-is-filled-38e823,475,1779842980.597026,12.208239,10.555556,1,0,1,CURIOUS,10.555556,11.46348,0,0.0,0.0,-1.841385,0.481864,1.2672,0.991489,-0.130189,0.0,-1.841385,0.09832,64,64,1312,1.414067,90.500313,1.968637,61,6,11,11,0,82,4,5,2.331612,0.9272,0.36779,0.562,0.055,0.443816,1.0,0.7524,1.4,0.0,1.32,64,24
20260526-194927-sentence-script-a-cell-sphere-is-filled-38e823,479,1779842980.711081,12.32239,10.644444,1,0,1,CURIOUS,10.644444,11.46348,0,0.0,0.0,-1.826251,0.479773,1.2672,0.990048,-0.140729,0.0,-1.826251,0.113584,64,64,1316,1.416358,90.646884,1.968637,61,6,11,11,0,80,4,5,2.33607,0.927114,0.368202,0.561856,0.055,0.444438,1.0,0.752371,1.4,0.0,1.32,64,24
20260526-194927-sentence-script-a-cell-sphere-is-filled-38e823,482,1779842980.810123,12.421399,10.711111,1,0,1,CURIOUS,10.711111,11.46348,0,0.0,0.0,-1.815859,0.478245,1.2672,0.988997,-0.147935,0.0,-1.815859,0.124076,64,64,1318,1.418907,90.810072,2.002622,61,6,11,11,0,81,4,5,2.339378,0.92705,0.368506,0.56175,0.055,0.444901,1.0,0.75235,1.4,0.0,1.32,64,24
20260526-194927-sentence-script-a-cell-sphere-is-filled-38e823,485,1779842980.899632,12.510879,10.777778,1,0,1,CURIOUS,10.777778,11.46348,0,0.0,0.0,-1.805951,0.476717,1.2672,0.987988,-0.154532,0.0,-1.805951,0.134089,64,64,1329,1.429032,91.45806,2.002622,61,6,11,11,0,80,4,5,2.342656,0.926987,0.368807,0.561645,0.055,0.445362,1.0,0.752329,1.4,0.0,1.32,64,24
20260526-194927-sentence-script-a-cell-sphere-is-filled-38e823,489,1779842980.996299,12.607602,10.866667,1,0,1,CURIOUS,10.866667,11.46348,0,0.0,0.0,-1.790869,0.47428,1.2672,0.98673,-0.162368,0.0,-1.790869,0.149346,64,64,1339,1.432187,91.659993,2.002622,61,6,12,12,0,81,4,5,2.346982,0.926903,0.369202,0.561505,0.055,0.445971,1.0,0.752301,1.4,0.0,1.32,64,24
20260526-194927-sentence-script-a-cell-sphere-is-filled-38e823,493,1779842981.130825,12.742086,10.955556,1,0,1,CURIOUS,10.955556,11.46348,0,0.0,0.0,-1.776746,0.471895,1.2672,0.9856,-0.169094,0.0,-1.776746,0.163648,64,64,1343,1.431419,91.61082,2.002622,61,6,12,12,0,81,4,5,2.351256,0.926821,0.369591,0.561368,0.055,0.446576,1.0,0.752274,1.4,0.0,1.32,64,24
20260526-194927-sentence-script-a-cell-sphere-is-filled-38e823,496,1779842981.228146,12.839326,11.022222,1,0,1,CURIOUS,11.022222,11.46348,0,0.0,0.0,-1.766869,0.47017,1.2672,0.984851,-0.173403,0.0,-1.766869,0.173659,64,64,1345,1.433957,91.773231,2.002622,61,6,12,12,0,80,4,5,2.354428,0.92676,0.369879,0.561266,0.055,0.447026,1.0,0.752253,1.4,0.0,1.32,64,24
20260526-194927-sentence-script-a-cell-sphere-is-filled-38e823,499,1779842981.332372,12.943559,11.088889,1,0,1,CURIOUS,11.088889,11.46348,0,0.0,0.0,-1.757,0.468407,1.2672,0.984197,-0.177075,0.0,-1.757,0.183669,64,64,1351,1.440774,92.209553,2.002622,61,6,12,12,0,81,4,5,2.357571,0.926699,0.370164,0.561165,0.055,0.447474,1.0,0.752233,1.4,0.0,1.32,64,24
20260526-194927-sentence-script-a-cell-sphere-is-filled-38e823,501,1779842981.391071,13.002305,11.133333,1,0,1,CURIOUS,11.133333,11.46348,0,0.0,0.0,-1.750423,0.467213,1.2672,0.983819,-0.179168,0.0,-1.750423,0.190342,64,64,1353,1.440691,92.204227,2.002622,61,6,12,12,0,81,4,5,2.359651,0.926659,0.370351,0.561098,0.055,0.44777,1.0,0.75222,1.4,0.0,1.32,64,24
20260526-194927-sentence-script-a-cell-sphere-is-filled-38e823,504,1779842981.507838,13.119046,11.2,1,0,1,CURIOUS,11.2,11.46348,0,0.0,0.0,-1.740563,0.465398,1.2672,0.983341,-0.181772,0.0,-1.740563,0.200352,64,64,1353,1.438988,92.095237,2.002622,61,6,12,12,0,81,4,5,2.362747,0.926599,0.37063,0.560998,0.055,0.448214,1.0,0.7522,1.4,0.0,1.32,64,24
20260526-194927-sentence-script-a-cell-sphere-is-filled-38e823,507,1779842981.60167,13.212912,11.266667,1,0,1,CURIOUS,11.266667,11.46348,0,0.0,0.0,-1.730707,0.463562,1.2672,0.982976,-0.183731,0.0,-1.730707,0.210362,64,64,1356,1.43959,92.133787,2.002622,61,6,12,12,0,80,4,5,2.365816,0.92654,0.370905,0.5609,0.055,0.448654,1.0,0.75218,1.4,0.0,1.32,64,24
20260526-194927-sentence-script-a-cell-sphere-is-filled-38e823,511,1779842981.715769,13.318,11.355556,1,0,1,CURIOUS,11.355556,11.46348,0,0.0,0.0,-1.717569,0.461092,1.2672,0.982675,-0.185338,0.0,-1.717569,0.22371,64,64,1364,1.445501,92.512068,2.032728,61,6,12,12,0,80,4,5,2.369865,0.926462,0.371267,0.56077,0.055,0.449237,1.0,0.752154,1.4,0.0,1.32,64,24
20260526-194927-sentence-script-a-cell-sphere-is-filled-38e823,515,1779842981.837801,13.44907,11.444444,1,0,1,CURIOUS,11.444444,11.46348,0,0.0,0.0,-1.704434,0.458609,1.2672,0.982589,-0.185793,0.0,-1.704434,0.23706,64,64,1374,1.456981,93.246781,2.167243,61,6,12,11,1,81,4,5,2.373865,0.926385,0.371623,0.560641,0.055,0.449816,1.0,0.752128,1.4,0.0,1.32,64,24
20260526-194927-sentence-script-a-cell-sphere-is-filled-38e823,518,1779842981.922541,13.533754,11.511111,1,0,1,CHAOTIC,0.044444,7.685933,0,0.0,0.0,-1.695481,0.456978,1.274294,0.989624,-0.14368,0.0,-1.695481,0.246151,64,64,1374,1.454431,93.083569,2.167243,61,7,12,11,1,81,4,5,2.380247,0.964528,0.379938,0.560545,0.055,0.485439,1.0,0.755237,1.4,0.007094,1.32,64,24
20260526-194927-sentence-script-a-cell-sphere-is-filled-38e823,521,1779842981.997737,13.608967,11.577778,1,0,1,CHAOTIC,0.111111,7.685933,0,0.0,0.0,-1.686905,0.455849,1.267812,0.99487,-0.101162,0.0,-1.686905,0.254801,64,64,1381,1.465305,93.779507,2.167243,61,7,12,11,1,81,4,5,2.394591,0.982837,0.393525,0.560451,0.055,0.520849,1.0,0.7574,1.4,0.000612,1.32,64,24
20260526-194927-sentence-script-a-cell-sphere-is-filled-38e823,525,1779842982.102001,13.704973,11.666667,1,0,1,CHAOTIC,0.2,7.685933,0,0.0,0.0,-1.675452,0.454612,1.258736,0.991239,-0.132082,0.0,-1.675452,0.266316,64,64,1389,1.470596,94.118113,2.092289,61,6,12,11,1,81,4,5,2.402086,1.007001,0.411688,0.560326,0.055,0.567732,1.0,0.766301,1.4,-0.008464,1.32,64,24
20260526-194927-sentence-script-a-cell-sphere-is-filled-38e823,529,1779842982.211732,13.822906,11.755556,1,0,1,CHAOTIC,0.288889,7.685933,0,0.0,0.0,-1.664234,0.452509,1.256454,0.974692,-0.223554,0.0,-1.664234,0.277716,64,64,1394,1.472212,94.221571,2.053344,62,5,12,11,1,80,4,5,2.400505,1.027135,0.42198,0.560203,0.055,0.614242,1.0,0.775298,1.4,-0.010746,1.32,64,24
20260526-194927-sentence-script-a-cell-sphere-is-filled-38e823,532,1779842982.290153,13.901346,11.822222,1,0,1,CHAOTIC,0.355556,7.685933,0,0.0,0.0,-1.656567,0.450234,1.261744,0.948391,-0.317103,0.0,-1.656567,0.285626,64,64,1394,1.449977,92.798542,2.101147,62,4,12,11,1,81,4,5,2.40792,1.046926,0.430625,0.560111,0.055,0.64888,1.0,0.780478,1.4,-0.005456,1.32,64,24
20260526-194927-sentence-script-a-cell-sphere-is-filled-38e823,535,1779842982.394669,14.005817,11.888889,1,0,1,CHAOTIC,0.422222,7.685933,0,0.0,0.0,-1.649946,0.447929,1.268365,0.949942,-0.312425,0.0,-1.649946,0.292511,64,64,1396,1.442988,92.351241,2.016651,62,4,12,11,1,81,4,5,2.420967,1.06754,0.444836,0.56002,0.055,0.683311,1.0,0.784223,1.4,0.001165,1.32,64,24
20260526-194927-sentence-script-a-cell-sphere-is-filled-38e823,538,1779842982.499375,14.1106,11.955556,1,0,1,CHAOTIC,0.488889,7.685933,0,0.0,0.0,-1.643227,0.445688,1.275046,0.948851,-0.315724,0.0,-1.643227,0.299488,64,64,1402,1.452757,92.976464,2.06743,62,5,12,11,1,81,4,5,2.430756,1.080039,0.453003,0.55993,0.055,0.717536,1.0,0.78471,1.4,0.007846,1.32,64,24
20260526-194927-sentence-script-a-cell-sphere-is-filled-38e823,541,1779842982.593574,14.204736,12.022222,1,0,1,CHAOTIC,0.555556,7.685933,0,0.0,0.0,-1.635009,0.44341,1.271014,0.963659,-0.267134,0.0,-1.635009,0.002842,64,64,1402,1.447629,92.648283,2.06743,62,5,12,11,1,81,4,5,2.441743,1.103262,0.466361,0.559841,0.055,0.751556,1.0,0.779573,1.4,0.003814,1.32,64,24
20260526-194927-sentence-script-a-cell-sphere-is-filled-38e823,545,1779842982.714774,14.325968,12.111111,1,0,1,CHAOTIC,0.644444,7.685933,0,0.0,0.0,-1.624537,0.440605,1.25857,0.970656,-0.240472,0.0,-1.624537,0.013684,64,64,1405,1.45008,92.805123,2.06743,62,4,12,10,2,81,4,5,2.459822,1.125936,0.475597,0.559724,0.055,0.7966,1.0,0.784813,1.4,-0.00863,1.32,64,24
20260526-194927-sentence-script-a-cell-sphere-is-filled-38e823,548,1779842982.814715,14.425956,12.177778,1,0,1,CHAOTIC,0.711111,7.685933,0,0.0,0.0,-1.617259,0.438767,1.260476,0.965612,-0.259987,0.0,-1.617259,0.021189,64,64,1411,1.456311,93.203905,2.06743,62,4,12,10,2,80,4,5,2.463825,1.146024,0.48238,0.559636,0.055,0.830146,1.0,0.789923,1.4,-0.006724,1.32,64,24
20260526-194927-sentence-script-a-cell-sphere-is-filled-38e823,550,1779842982.894514,14.505728,12.222222,1,0,1,CHAOTIC,0.755556,7.685933,0,0.0,0.0,-1.612257,0.4375,1.258472,0.972951,-0.23101,0.0,-1.612257,0.026349,64,64,1411,1.456884,93.240547,2.06743,62,4,12,10,2,81,4,5,2.468272,1.167125,0.487099,0.559579,0.055,0.852399,1.0,0.790169,1.4,-0.008728,1.32,64,24
20260526-194927-sentence-script-a-cell-sphere-is-filled-38e823,555,1779842983.028835,14.640062,12.333333,1,0,1,CHAOTIC,0.866667,7.685933,0,0.0,0.0,-1.599133,0.434228,1.270125,0.965993,-0.258569,0.0,-1.599133,0.039874,64,64,1417,1.462802,93.619317,2.06743,62,3,13,11,2,81,4,5,2.48145,1.177968,0.501501,0.559436,0.055,0.907642,1.0,0.794028,1.4,0.002925,1.32,64,24
20260526-194927-sentence-script-a-cell-sphere-is-filled-38e823,557,1779842983.091999,14.703259,12.377778,1,0,1,CHAOTIC,0.911111,7.685933,0,0.0,0.0,-1.593685,0.432923,1.272352,0.975409,-0.220403,0.0,-1.593685,0.045475,64,64,1417,1.463275,93.649582,2.06743,62,4,13,11,2,81,4,5,2.48732,1.197856,0.507534,0.559379,0.055,0.929585,1.0,0.792604,1.4,0.005152,1.32,64,24
20260526-194927-sentence-script-a-cell-sphere-is-filled-38e823,561,1779842983.209066,14.82025,12.466667,1,0,1,CHAOTIC,1.0,7.685933,0,0.0,0.0,-1.582235,0.43037,1.273029,0.98291,-0.184085,0.0,-1.582235,0.057202,64,64,1426,1.46809,93.957771,2.06743,62,5,13,10,3,81,4,5,2.497231,1.221139,0.51921,0.559267,0.055,0.973209,1.0,0.789522,1.4,0.005829,1.32,64,24
20260526-194927-sentence-script-a-cell-sphere-is-filled-38e823,564,1779842983.29301,14.904158,12.533333,1,0,1,CHAOTIC,1.066667,7.685933,0,0.0,0.0,-1.573493,0.428627,1.280017,0.981657,-0.190655,0.0,-1.573493,0.066108,64,64,1430,1.470064,94.084085,2.023536,62,3,13,10,3,78,4,5,2.50843,1.244769,0.534018,0.559184,0.055,1.005698,1.0,0.790091,1.4,0.012817,1.32,64,24
20260526-194927-sentence-script-a-cell-sphere-is-filled-38e823,567,1779842983.393515,15.0046,12.6,1,0,1,CHAOTIC,1.133333,7.685933,0,0.0,0.0,-1.565275,0.427096,1.281143,0.984292,-0.176549,0.0,-1.565275,0.074457,64,64,1433,1.473022,94.273385,2.023536,62,3,13,10,3,81,4,5,2.517007,1.262889,0.5458,0.559102,0.055,1.037992,1.0,0.790382,1.4,0.013943,1.32,64,24
20260526-194927-sentence-script-a-cell-sphere-is-filled-38e823,570,1779842983.492687,15.103827,12.666667,1,0,1,CHAOTIC,1.2,7.685933,0,0.0,0.0,-1.557168,0.425174,1.276725,0.974418,-0.224742,0.0,-1.557168,0.082789,64,64,1433,1.471015,94.144965,2.023536,62,3,13,9,4,81,4,5,2.524192,1.28176,0.555546,0.55902,0.055,1.070093,1.0,0.801838,1.4,0.009525,1.32,64,24
20260526-194927-sentence-script-a-cell-sphere-is-filled-38e823,573,1779842983.594214,15.205414,12.733333,1,0,1,CHAOTIC,1.266667,7.685933,0,0.0,0.0,-1.550029,0.423278,1.279745,0.965386,-0.260824,0.0,-1.550029,0.090173,64,64,1432,1.469595,94.054086,2.023536,62,2,13,9,4,81,5,5,2.544116,1.311252,0.562142,0.558939,0.055,1.102002,1.0,0.814635,1.4,0.012545,1.32,64,24
20260526-194927-sentence-script-a-cell-sphere-is-filled-38e823,577,1779842983.704068,15.315308,12.822222,1,0,1,CHAOTIC,1.355556,7.685933,0,0.0,0.0,-1.540629,0.420837,1.28452,0.96123,-0.275748,0.0,-1.540629,0.099882,64,64,1436,1.472499,94.239957,2.123338,62,2,13,9,4,81,5,5,2.549274,1.343213,0.568455,0.558832,0.055,1.14425,1.0,0.81838,1.4,0.01732,1.32,64,24
20260526-194927-sentence-script-a-cell-sphere-is-filled-38e823,579,1779842983.807651,15.418809,12.866667,1,0,1,CHAOTIC,1.4,7.685933,0,0.0,0.0,-1.536229,0.419498,1.292575,0.960669,-0.277696,0.0,-1.536229,0.104474,64,64,1431,1.464002,93.696159,1.984631,62,2,13,9,4,80,5,5,2.561844,1.34683,0.57818,0.558779,0.055,1.165248,1.0,0.821555,1.4,0.025375,1.32,64,24
20260526-194927-sentence-script-a-cell-sphere-is-filled-38e823,581,1779842983.904695,15.515825,12.911111,1,0,1,CHAOTIC,1.444444,7.685933,0,0.0,0.0,-1.531414,0.417944,1.297794,0.949655,-0.313296,0.0,-1.531414,0.10952,64,64,1439,1.473689,94.316118,1.97917,62,2,14,10,4,81,5,5,2.56381,1.358525,0.582364,0.558727,0.055,1.186161,1.0,0.821118,1.4,0.030594,1.32,64,24
20260526-194927-sentence-script-a-cell-sphere-is-filled-38e823,584,1779842984.032297,15.643395,12.977778,1,0,1,CHAOTIC,1.511111,7.685933,0,0.0,0.0,-1.523563,0.415313,1.301987,0.944224,-0.329303,0.0,-1.523563,0.117775,64,64,1439,1.469679,94.059445,1.97917,62,2,14,10,4,80,5,5,2.568453,1.366907,0.585126,0.558649,0.055,1.2,1.0,0.827922,1.4,0.034787,1.32,64,24
20260526-194927-sentence-script-a-cell-sphere-is-filled-38e823,587,1779842984.142942,15.754133,13.044444,1,0,1,CHAOTIC,1.577778,7.685933,0,0.0,0.0,-1.515792,0.41245,1.304368,0.937706,-0.34743,0.0,-1.515792,0.126013,64,64,1438,1.464955,93.757117,1.97917,62,2,14,10,4,81,5,5,2.58477,1.393897,0.589886,0.558571,0.055,1.2,1.0,0.832733,1.4,0.037168,1.32,64,24
20260526-194927-sentence-script-a-cell-sphere-is-filled-38e823,589,1779842984.191148,15.802342,13.088889,1,0,1,CHAOTIC,1.622222,7.685933,0,0.0,0.0,-1.510728,0.410255,1.31291,0.90895,-0.416905,0.0,-1.510728,0.13147,64,64,1435,1.449889,92.792876,1.956072,62,2,14,10,4,81,5,5,2.582779,1.411115,0.598664,0.55852,0.055,1.2,1.0,0.833395,1.4,0.04571,1.32,64,24
20260526-194927-sentence-script-a-cell-sphere-is-filled-38e823,592,1779842984.32066,15.931873,13.155556,1,0,1,CHAOTIC,1.688889,7.685933,0,0.0,0.0,-1.503163,0.406879,1.317803,0.916852,-0.399228,0.0,-1.503163,0.139656,64,64,1434,1.448407,92.698028,1.956072,62,2,13,10,3,80,5,5,2.595839,1.431544,0.608423,0.558443,0.055,1.2,1.0,0.842539,1.4,0.050603,1.32,64,24
20260526-194927-sentence-script-a-cell-sphere-is-filled-38e823,595,1779842984.414826,16.025993,13.222222,1,0,1,CHAOTIC,1.755556,7.685933,0,0.0,0.0,-1.495434,0.403903,1.315888,0.937435,-0.348161,0.0,-1.495434,0.147901,64,64,1442,1.458465,93.34173,1.956072,62,2,13,10,3,81,5,5,2.587771,1.444659,0.611078,0.558367,0.055,1.2,1.0,0.843312,1.4,0.048688,1.32,64,24
20260526-194927-sentence-script-a-cell-sphere-is-filled-38e823,598,1779842984.52121,16.13244,13.288889,1,0,1,CHAOTIC,1.822222,7.685933,0,0.0,0.0,-1.487635,0.401106,1.321418,0.944617,-0.328175,0.0,-1.487635,0.156168,64,64,1443,1.457275,93.265595,1.956072,62,2,13,10,3,81,5,5,2.592371,1.466719,0.621335,0.558292,0.055,1.2,1.0,0.847583,1.4,0.054218,1.32,64,24
20260526-194927-sentence-script-a-cell-sphere-is-filled-38e823,601,1779842984.628864,16.240062,13.355556,1,0,1,CHAOTIC,1.888889,7.685933,0,0.0,0.0,-1.479828,0.39834,1.322523,0.952189,-0.30551,0.0,-1.479828,0.164436,64,64,1443,1.458859,93.366971,1.956072,62,2,13,10,3,81,5,5,2.606403,1.489771,0.628783,0.558218,0.055,1.2,1.0,0.844787,1.4,0.055323,1.32,64,24
20260526-194927-sentence-script-a-cell-sphere-is-filled-38e823,604,1779842984.723276,16.334401,13.422222,1,0,1,CHAOTIC,1.955556,7.685933,0,0.0,0.0,-1.471414,0.395748,1.318449,0.947177,-0.32071,0.0,-1.471414,0.173239,65,65,1451,1.450104,94.256763,1.956072,63,2,14,11,3,81,5,5,2.615198,1.509132,0.634024,0.558144,0.055,1.2,1.0,0.845446,1.4,0.051249,1.32,64,24
20260526-194927-sentence-script-a-cell-sphere-is-filled-38e823,607,1779842984.802767,16.413819,13.488889,1,0,1,CHAOTIC,2.022222,7.685933,0,0.0,0.0,-1.462458,0.392116,1.321608,0.914712,-0.404106,0.0,-1.462458,0.182856,65,65,1452,1.446119,93.997716,1.902258,63,2,14,11,3,79,5,5,2.610472,1.538356,0.639245,0.558071,0.055,1.2,1.0,0.857005,1.4,0.054408,1.32,64,24
20260526-194927-sentence-script-a-cell-sphere-is-filled-38e823,610,1779842984.903196,16.514358,13.555556,1,0,1,CHAOTIC,2.088889,7.685933,0,0.0,0.0,-1.453625,0.388185,1.322358,0.911617,-0.411041,0.0,-1.453625,0.192447,65,65,1459,1.456269,94.657464,1.902258,63,2,14,11,3,81,5,5,2.613044,1.557236,0.643777,0.557999,0.055,1.2,1.0,0.857669,1.4,0.055158,1.32,64,24
20260526-194927-sentence-script-a-cell-sphere-is-filled-38e823,613,1779842985.002929,16.614089,13.622222,1,0,1,CHAOTIC,2.155556,7.685933,0,0.0,0.0,-1.444896,0.384031,1.31857,0.909661,-0.415351,0.0,-1.444896,0.202012,65,65,1464,1.454917,94.569617,1.943025,63,2,14,11,3,80,5,5,2.62083,1.582837,0.650152,0.557927,0.055,1.2,1.0,0.856788,1.4,0.05137,1.32,64,24
20260526-194927-sentence-script-a-cell-sphere-is-filled-38e823,616,1779842985.105952,16.717003,13.688889,1,0,1,CHAOTIC,2.222222,7.685933,0,0.0,0.0,-1.436222,0.379762,1.311873,0.898279,-0.439426,0.0,-1.436222,0.211569,65,65,1469,1.461786,95.016082,1.951626,63,2,14,11,3,81,5,5,2.6243,1.599506,0.658067,0.557856,0.055,1.2,1.0,0.857008,1.4,0.044673,1.32,64,24
20260526-194927-sentence-script-a-cell-sphere-is-filled-38e823,619,1779842985.19622,16.807301,13.755556,1,0,1,CHAOTIC,2.288889,7.685933,0,0.0,0.0,-1.42751,0.375566,1.305592,0.903005,-0.429629,0.0,-1.42751,0.221148,65,65,1472,1.461321,94.985855,1.943025,63,2,14,11,3,81,6,6,2.640761,1.606364,0.662633,0.557785,0.055,1.2,1.0,0.866647,1.4,0.038392,1.32,64,24
20260526-194927-sentence-script-a-cell-sphere-is-filled-38e823,622,1779842985.304069,16.915153,13.822222,1,0,1,CHAOTIC,2.355556,7.685933,0,0.0,0.0,-1.417846,0.371233,1.309322,0.90666,-0.421862,0.0,-1.417846,0.231682,65,65,1473,1.458982,94.833862,1.930619,63,2,14,12,2,81,6,6,2.643123,1.616188,0.667131,0.557715,0.055,1.2,1.0,0.870903,1.4,0.042122,1.32,64,24
20260526-194927-sentence-script-a-cell-sphere-is-filled-38e823,625,1779842985.394598,17.005682,13.888889,1,0,1,CHAOTIC,2.422222,7.685933,0,0.0,0.0,-1.408024,0.366171,1.31368,0.873446,-0.486921,0.0,-1.408024,0.242605,65,65,1471,1.443129,93.803364,1.930619,63,2,14,12,2,81,6,6,2.642716,1.627229,0.672541,0.557646,0.055,1.2,1.0,0.86966,1.4,0.04648,1.32,64,24
20260526-194927-sentence-script-a-cell-sphere-is-filled-38e823,629,1779842985.5307,17.141869,13.977778,1,0,1,CHAOTIC,2.511111,7.685933,0,0.0,0.0,-1.395116,0.359057,1.302026,0.862543,-0.505983,0.0,-1.395116,0.257128,65,65,1471,1.439333,93.556669,1.930619,63,2,14,12,2,81,6,6,2.641171,1.640532,0.681068,0.557555,0.055,1.2,1.0,0.881539,1.4,0.034826,1.32,64,24
20260526-194927-sentence-script-a-cell-sphere-is-filled-38e823,631,1779842985.59862,17.209837,14.022222,1,0,1,CHAOTIC,2.555556,7.685933,0,0.0,0.0,-1.388906,0.355087,1.301011,0.83505,-0.550175,0.0,-1.388906,0.003686,65,65,1473,1.423902,92.553604,1.930619,63,2,14,12,2,80,6,6,2.655512,1.647179,0.685927,0.55751,0.055,1.2,1.0,0.882776,1.4,0.033811,1.32,64,24
20260526-194927-sentence-script-a-cell-sphere-is-filled-38e823,634,1779842985.718375,17.329588,14.088889,1,0,1,CHAOTIC,2.622222,7.685933,0,0.0,0.0,-1.379927,0.348631,1.298995,0.820727,-0.57132,0.0,-1.379927,0.014742,65,65,1479,1.411976,91.778426,1.930619,63,2,14,12,2,81,6,6,2.647181,1.662393,0.694944,0.557442,0.055,1.2,1.0,0.891704,1.4,0.031795,1.32,64,24
20260526-194927-sentence-script-a-cell-sphere-is-filled-38e823,637,1779842985.817837,17.429049,14.155556,1,0,1,CHAOTIC,2.688889,7.685933,0,0.0,0.0,-1.370724,0.342501,1.293935,0.818814,-0.574058,0.0,-1.370724,0.025798,65,65,1480,1.416339,92.062056,1.930619,63,2,13,12,1,80,6,6,2.659628,1.683596,0.698176,0.557375,0.055,1.2,1.0,0.893719,1.4,0.026735,1.32,64,24
20260526-194927-sentence-script-a-cell-sphere-is-filled-38e823,640,1779842985.913934,17.525072,14.222222,1,0,1,CHAOTIC,2.755556,7.685933,0,0.0,0.0,-1.361505,0.336388,1.284274,0.833061,-0.553181,0.0,-1.361505,0.036859,65,65,1482,1.417779,92.15565,1.962757,63,2,13,12,1,80,6,6,2.667882,1.698512,0.704327,0.557309,0.055,1.2,1.0,0.901289,1.4,0.017074,1.32,64,24
20260526-194927-sentence-script-a-cell-sphere-is-filled-38e823,643,1779842986.011868,17.623003,14.288889,1,0,1,CHAOTIC,2.822222,7.685933,0,0.0,0.0,-1.35208,0.330593,1.284524,0.858284,-0.513175,0.0,-1.35208,0.047913,65,65,1484,1.425001,92.625088,1.962757,63,2,13,12,1,81,6,6,2.681079,1.722596,0.706126,0.557244,0.055,1.2,1.0,0.910116,1.4,0.017324,1.32,64,24
20260526-194927-sentence-script-a-cell-sphere-is-filled-38e823,646,1779842986.140091,17.751191,14.355556,1,0,1,CHAOTIC,2.888889,7.685933,0,0.0,0.0,-1.34243,0.325176,1.287692,0.872493,-0.488627,0.0,-1.34243,0.058954,65,65,1485,1.427199,92.767951,1.962757,63,2,12,12,0,81,6,6,2.686094,1.742235,0.711123,0.557179,0.055,1.2,1.0,0.915959,1.4,0.020492,1.32,64,24
20260526-194927-sentence-script-a-cell-sphere-is-filled-38e823,648,1779842986.200657,17.811708,14.4,1,0,1,CHAOTIC,2.933333,7.685933,0,0.0,0.0,-1.335922,0.321701,1.295484,0.883423,-0.468576,0.0,-1.335922,0.06631,65,65,1485,1.429011,92.885716,1.962757,63,2,12,10,2,81,6,7,2.680471,1.750374,0.714755,0.557136,0.055,1.2,1.0,0.914796,1.4,0.028284,1.32,64,24
20260526-194927-sentence-script-a-cell-sphere-is-filled-38e823,651,1779842986.303345,17.914515,14.466667,1,0,1,CHAOTIC,3.0,7.685933,0,0.0,0.0,-1.326455,0.315972,1.299585,0.852151,-0.523297,0.0,-1.326455,0.077374,65,65,1481,1.423543,92.530284,1.962757,63,2,12,10,2,82,6,7,2.6822,1.77061,0.719279,0.557072,0.055,1.2,1.0,0.914093,1.4,0.032385,1.32,64,24
20260526-194927-sentence-script-a-cell-sphere-is-filled-38e823,654,1779842986.399799,18.010891,14.533333,1,0,1,CHAOTIC,3.066667,7.685933,0,0.0,0.0,-1.317245,0.309834,1.28984,0.834688,-0.550724,0.0,-1.317245,0.088438,65,65,1483,1.424233,92.575128,1.962757,63,2,12,9,3,81,6,7,2.690271,1.783686,0.729735,0.557008,0.055,1.2,1.0,0.919799,1.4,0.02264,1.32,64,24
20260526-194927-sentence-script-a-cell-sphere-is-filled-38e823,657,1779842986.505197,18.105232,14.6,1,0,1,CHAOTIC,3.133333,7.685933,0,0.0,0.0,-1.308129,0.303558,1.286338,0.833014,-0.553252,0.0,-1.308129,0.099498,65,65,1490,1.429574,92.922288,1.962757,63,2,12,9,3,81,6,7,2.697538,1.80836,0.733086,0.556945,0.055,1.2,1.0,0.923786,1.4,0.019138,1.32,64,24
20260526-194927-sentence-script-a-cell-sphere-is-filled-38e823,660,1779842986.596857,18.207995,14.666667,1,0,1,CHAOTIC,3.2,7.685933,0,0.0,0.0,-1.29908,0.297185,1.289374,0.811369,-0.584534,0.0,-1.29908,0.110556,65,65,1490,1.433353,93.167977,1.954502,63,2,12,9,3,81,6,7,2.694742,1.817312,0.741721,0.556883,0.055,1.2,1.0,0.924666,1.4,0.022174,1.32,64,24
20260526-194927-sentence-script-a-cell-sphere-is-filled-38e823,663,1779842986.689479,18.300648,14.733333,1,0,1,CHAOTIC,3.266667,7.685933,0,0.0,0.0,-1.290428,0.29028,1.291626,0.791704,-0.610904,0.0,-1.290428,0.121575,65,65,1493,1.419571,92.272105,1.954502,63,2,12,9,3,81,6,7,2.698615,1.826806,0.750109,0.556821,0.055,1.2,1.0,0.933217,1.4,0.024426,1.32,64,24
20260526-194927-sentence-script-a-cell-sphere-is-filled-38e823,667,1779842986.80122,18.402922,14.822222,1,0,1,CHAOTIC,3.355556,7.685933,0,0.0,0.0,-1.278793,0.281195,1.28657,0.790687,-0.612221,0.0,-1.278793,0.136294,65,65,1492,1.419385,92.260022,1.954502,63,2,12,8,4,80,6,7,2.714078,1.829286,0.760186,0.55674,0.055,1.2,1.0,0.936476,1.4,0.01937,1.32,64,24
20260526-194927-sentence-script-a-cell-sphere-is-filled-38e823,670,1779842986.901478,18.512644,14.888889,1,0,1,CHAOTIC,3.422222,7.685933,0,0.0,0.0,-1.269535,0.274313,1.291242,0.797437,-0.603402,0.0,-1.269535,0.147816,65,65,1494,1.424681,92.604281,1.960038,63,2,13,9,4,81,6,7,2.721829,1.836763,0.769333,0.556679,0.055,1.2,1.0,0.938018,1.4,0.024042,1.32,64,24
20260526-194927-sentence-script-a-cell-sphere-is-filled-38e823,673,1779842986.992526,18.603676,14.955556,1,0,1,CHAOTIC,3.488889,7.685933,0,0.0,0.0,-1.259501,0.266931,1.285895,0.805626,-0.592425,0.0,-1.259501,0.160265,65,65,1494,1.424137,92.568921,1.978641,63,2,13,9,4,81,6,7,2.715964,1.850187,0.771992,0.556619,0.055,1.2,1.0,0.939782,1.4,0.018695,1.32,64,24
20260526-194927-sentence-script-a-cell-sphere-is-filled-38e823,676,1779842987.136312,18.747538,15.022222,1,0,1,CHAOTIC,3.555556,7.685933,0,0.0,0.0,-1.249349,0.25971,1.279112,0.821311,-0.57048,0.0,-1.249349,0.17272,65,65,1493,1.424254,92.576542,1.978641,63,2,13,9,4,82,6,7,2.72265,1.85661,0.779042,0.55656,0.055,1.2,1.0,0.941518,1.4,0.011912,1.32,64,24
20260526-194927-sentence-script-a-cell-sphere-is-filled-38e823,678,1779842987.213946,18.825005,15.066667,1,0,1,CHAOTIC,3.6,7.685933,0,0.0,0.0,-1.24319,0.254855,1.279004,0.771919,-0.635721,0.0,-1.24319,0.180545,65,65,1494,1.424032,92.562099,1.978641,63,2,13,9,4,79,6,7,2.726506,1.875594,0.782473,0.556521,0.055,1.2,1.0,0.940233,1.4,0.011804,1.32,64,24
20260526-194927-sentence-script-a-cell-sphere-is-filled-38e823,681,1779842987.313651,18.924733,15.133333,1,0,1,CHAOTIC,3.666667,7.685933,0,0.0,0.0,-1.234544,0.247941,1.272016,0.798101,-0.602524,0.0,-1.234544,0.191589,65,65,1497,1.431079,93.020162,1.978641,63,2,13,9,4,81,6,7,2.737153,1.882189,0.786127,0.556462,0.055,1.2,1.0,0.936635,1.4,0.004816,1.32,64,24
20260526-194927-sentence-script-a-cell-sphere-is-filled-38e823,683,1779842987.394071,19.00527,15.177778,1,0,1,CHAOTIC,3.711111,7.685933,0,0.0,0.0,-1.228735,0.243389,1.269585,0.773383,-0.63394,0.0,-1.228735,0.198956,65,65,1499,1.435167,93.285826,1.978641,63,2,13,9,4,81,6,7,2.74019,1.88958,0.790445,0.556423,0.055,1.2,1.0,0.932237,1.4,0.002385,1.32,64,24
20260526-194927-sentence-script-a-cell-sphere-is-filled-38e823,686,1779842987.495065,19.10627,15.244444,1,0,1,CHAOTIC,3.777778,7.685933,0,0.0,0.0,-1.220692,0.235783,1.26463,0.708386,-0.705825,0.0,-1.220692,0.20991,65,65,1499,1.408622,91.560457,1.978641,62,2,13,9,4,81,6,7,2.749909,1.901788,0.800803,0.556366,0.055,1.2,1.0,0.941943,1.4,-0.00257,1.32,64,24
20260526-194927-sentence-script-a-cell-sphere-is-filled-38e823,690,1779842987.626523,19.237666,15.333333,1,0,1,CHAOTIC,3.866667,7.685933,0,0.0,0.0,-1.211172,0.22638,1.2618,0.697389,-0.716693,0.0,-1.211172,0.223124,65,65,1503,1.412346,91.802465,2.039876,62,2,13,9,4,78,6,7,2.752341,1.917924,0.807383,0.55629,0.055,1.2,1.0,0.940514,1.4,-0.0054,1.32,64,24
20260526-194927-sentence-script-a-cell-sphere-is-filled-38e823,693,1779842987.719159,19.330298,15.4,1,0,1,CHAOTIC,3.933333,7.685933,0,0.0,0.0,-1.204178,0.219675,1.269979,0.724218,-0.689571,0.0,-1.204178,0.232724,65,65,1501,1.41492,91.969789,2.039876,63,2,13,9,4,79,6,7,2.753451,1.940897,0.810356,0.556233,0.055,1.2,1.0,0.9339,1.4,0.002779,1.32,64,24
20260526-194927-sentence-script-a-cell-sphere-is-filled-38e823,696,1779842987.806518,19.41765,15.466667,1,0,1,CHAOTIC,4.0,7.685933,0,0.0,0.0,-1.196956,0.213218,1.270389,0.758968,-0.651128,0.0,-1.196956,0.242368,65,65,1500,1.417536,92.139821,2.039876,63,2,13,9,4,82,6,7,2.768186,1.946094,0.815836,0.556177,0.055,1.2,1.0,0.936998,1.4,0.003189,1.32,64,24
20260526-194927-sentence-script-a-cell-sphere-is-filled-38e823,699,1779842987.899596,19.510743,15.533333,1,0,1,CHAOTIC,4.066667,7.685933,0,0.0,0.0,-1.189627,0.206882,1.27373,0.771915,-0.635726,0.0,-1.189627,0.252028,65,65,1505,1.424965,92.622694,2.111097,63,2,13,9,4,82,6,7,2.774193,1.954575,0.818451,0.556122,0.055,1.2,1.0,0.939893,1.4,0.00653,1.32,64,24
20260526-194927-sentence-script-a-cell-sphere-is-filled-38e823,702,1779842988.003283,19.614457,15.6,1,0,1,CHAOTIC,4.133333,7.685933,0,0.0,0.0,-1.181113,0.199807,1.266388,0.789872,-0.613272,0.0,-1.181113,0.263082,65,65,1503,1.42743,92.782963,2.111097,63,2,14,10,4,81,6,7,2.770256,1.977472,0.82186,0.556067,0.055,1.2,1.0,0.940962,1.4,-0.000812,1.32,64,24
20260526-194927-sentence-script-a-cell-sphere-is-filled-38e823,706,1779842988.10365,19.714718,15.688889,1,0,1,CHAOTIC,4.222222,7.685933,0,0.0,0.0,-1.171196,0.191528,1.260166,0.752651,-0.658419,0.0,-1.171196,0.275982,65,65,1505,1.429906,92.943918,2.111097,63,2,14,9,5,80,6,7,2.800027,1.986723,0.836517,0.555994,0.055,1.2,1.0,0.947082,1.4,-0.007034,1.32,64,24
20260526-194927-sentence-script-a-cell-sphere-is-filled-38e823,709,1779842988.206945,19.817807,15.755556,1,0,1,CHAOTIC,4.288889,7.685933,0,0.0,0.0,-1.163962,0.185138,1.266818,0.752902,-0.658133,0.0,-1.163962,0.285604,65,65,1507,1.434736,93.257825,2.111097,63,2,14,9,5,80,6,7,2.802731,1.988242,0.846429,0.555941,0.055,1.2,1.0,0.952614,1.4,-0.000382,1.32,64,24
20260526-194927-sentence-script-a-cell-sphere-is-filled-38e823,713,1779842988.296025,19.907191,15.844444,1,0,1,CHAOTIC,4.377778,7.685933,0,0.0,0.0,-1.154445,0.177091,1.266398,0.758979,-0.651115,0.0,-1.154445,0.298049,65,65,1505,1.434409,93.236572,2.051841,63,2,14,9,5,81,6,7,2.804038,1.994932,0.848807,0.55587,0.055,1.2,1.0,0.956483,1.4,-0.000802,1.32,64,24
20260526-194927-sentence-script-a-cell-sphere-is-filled-38e823,716,1779842988.403398,20.014475,15.911111,1,0,1,CHAOTIC,4.444444,7.685933,0,0.0,0.0,-1.148162,0.171656,1.276471,0.773141,-0.634234,0.0,-1.148162,0.30634,65,65,1506,1.435604,93.314273,2.051841,63,2,14,9,5,80,6,8,2.804982,2.014889,0.857691,0.555817,0.055,1.2,1.0,0.956576,1.4,0.009271,1.32,64,24
20260526-194927-sentence-script-a-cell-sphere-is-filled-38e823,719,1779842988.491929,20.103015,15.977778,1,0,1,CHAOTIC,4.511111,7.685933,0,0.0,0.0,-1.141964,0.166121,1.266198,0.746144,-0.665785,0.0,-1.141964,0.314624,65,65,1507,1.43706,93.408921,1.973572,63,2,14,9,5,80,6,8,2.814672,2.009365,0.858545,0.555765,0.055,1.2,1.0,0.962856,1.4,-0.001002,1.32,64,24
20260526-194927-sentence-script-a-cell-sphere-is-filled-38e823,723,1779842988.60715,20.218253,16.066667,1,0,1,CHAOTIC,4.6,7.685933,0,0.0,0.0,-1.13357,0.158892,1.263735,0.755473,-0.65518,0.0,-1.13357,0.008309,65,65,1507,1.442394,93.755618,1.973572,63,2,14,9,5,81,6,8,2.830835,2.019066,0.868822,0.555696,0.055,1.2,1.0,0.962928,1.4,-0.003465,1.32,64,24
20260526-194927-sentence-script-a-cell-sphere-is-filled-38e823,726,1779842988.693342,20.304481,16.133333,1,0,1,CHAOTIC,4.666667,7.685933,0,0.0,0.0,-1.127389,0.153337,1.258085,0.733062,-0.680162,0.0,-1.127389,0.016619,65,65,1507,1.442281,93.748261,1.973572,63,2,12,9,3,81,6,8,2.837945,2.031784,0.869491,0.555645,0.055,1.2,1.0,0.962237,1.4,-0.009115,1.32,64,24
20260526-194927-sentence-script-a-cell-sphere-is-filled-38e823,730,1779842988.814742,20.41689,16.222222,1,0,1,CHAOTIC,4.755556,7.685933,0,0.0,0.0,-1.118852,0.146275,1.251234,0.770369,-0.637598,0.0,-1.118852,0.027695,65,65,1505,1.443379,93.819638,1.973572,63,2,12,9,3,81,6,8,2.854375,2.046906,0.872853,0.555577,0.055,1.2,1.0,0.963334,1.4,-0.015966,1.32,64,24
20260526-194927-sentence-script-a-cell-sphere-is-filled-38e823,733,1779842988.900112,20.511226,16.288889,1,0,1,CHAOTIC,4.822222,7.685933,0,0.0,0.0,-1.112658,0.140733,1.258185,0.744925,-0.667148,0.0,-1.112658,0.036004,65,65,1506,1.446259,94.006862,1.973572,63,2,11,9,2,81,6,8,2.8713,2.055609,0.876311,0.555527,0.055,1.2,1.0,0.962803,1.4,-0.009015,1.32,64,24
20260526-194927-sentence-script-a-cell-sphere-is-filled-38e823,738,1779842989.026714,20.6379,16.4,1,0,1,CHAOTIC,4.933333,7.685933,0,0.0,0.0,-1.101156,0.130738,1.257148,0.738036,-0.674761,0.0,-1.101156,0.051242,65,65,1506,1.450989,94.314315,1.944344,63,2,12,10,2,81,6,8,2.892673,2.084881,0.879996,0.555445,0.055,1.2,1.0,0.976274,1.4,-0.010052,1.32,64,24
20260526-194927-sentence-script-a-cell-sphere-is-filled-38e823,741,1779842989.119973,20.724412,16.466667,1,0,1,CHAOTIC,5.0,7.685933,0,0.0,0.0,-1.093812,0.12391,1.252668,0.749676,-0.661805,0.0,-1.093812,0.061266,65,65,1508,1.449313,94.205374,2.008457,63,1,13,11,2,79,6,8,2.893466,2.093577,0.881596,0.555396,0.055,1.2,1.0,0.984132,1.4,-0.014532,1.32,64,24
20260526-194927-sentence-script-a-cell-sphere-is-filled-38e823,742,1779842989.199081,20.810226,16.488889,1,0,1,CHAOTIC,5.022222,7.685933,0,0.0,0.0,-1.091036,0.121543,1.257809,0.760966,-0.648791,0.0,-1.091036,0.064914,65,65,1509,1.450298,94.269358,2.008457,63,1,13,11,2,80,6,8,2.901851,2.10397,0.882122,0.55538,0.055,1.2,1.0,0.98843,1.4,-0.009391,1.32,64,24
20260526-194927-sentence-script-a-cell-sphere-is-filled-38e823,745,1779842989.312201,20.923257,16.555556,1,0,1,CHAOTIC,5.088889,7.685933,0,0.0,0.0,-1.083285,0.113827,1.249452,0.677033,-0.735953,0.0,-1.083285,0.075832,65,65,1509,1.442962,93.792558,2.005158,63,1,12,11,1,81,6,8,2.904823,2.110314,0.890825,0.555332,0.055,1.2,1.0,0.9857,1.4,-0.017748,1.32,64,24
20260526-194927-sentence-script-a-cell-sphere-is-filled-38e823,748,1779842989.443223,21.054328,16.622222,1,0,1,CHAOTIC,5.155556,7.685933,0,0.0,0.0,-1.075871,0.105169,1.248662,0.656377,-0.754433,0.0,-1.075871,0.087143,65,65,1505,1.420371,92.324119,1.99632,62,1,13,12,1,81,6,8,2.914968,2.118012,0.899533,0.555284,0.055,1.2,1.0,0.988697,1.4,-0.018538,1.32,64,24
20260526-194927-sentence-script-a-cell-sphere-is-filled-38e823,750,1779842989.524082,21.135191,16.666667,1,0,1,CHAOTIC,5.2,7.685933,0,0.0,0.0,-1.070568,0.098978,1.247127,0.665877,-0.746062,0.0,-1.070568,0.095245,65,65,1503,1.419608,92.274534,1.99632,63,0,13,12,1,81,6,8,2.923124,2.122894,0.903066,0.555252,0.055,1.2,1.0,0.996279,1.4,-0.020073,1.32,64,24
20260526-194927-sentence-script-a-cell-sphere-is-filled-38e823,752,1779842989.590337,21.201405,16.711111,1,0,1,CHAOTIC,5.244444,7.685933,0,0.0,0.0,-1.065257,0.092864,1.252764,0.671951,-0.740596,0.0,-1.065257,0.103307,65,65,1502,1.420994,92.364604,1.99632,63,0,13,12,1,80,6,8,2.923291,2.131292,0.903859,0.555221,0.055,1.2,1.0,1.000245,1.4,-0.014436,1.32,64,24
20260526-194927-sentence-script-a-cell-sphere-is-filled-38e823,755,1779842989.706314,21.317459,16.777778,1,0,1,CHAOTIC,5.311111,7.685933,0,0.0,0.0,-1.057113,0.08385,1.247287,0.650396,-0.759595,0.0,-1.057113,0.115427,65,65,1502,1.424395,92.585691,1.99632,61,0,13,12,1,81,6,8,2.936859,2.13801,0.912147,0.555174,0.055,1.2,1.0,1.004695,1.4,-0.019913,1.32,64,24
20260526-194927-sentence-script-a-cell-sphere-is-filled-38e823,758,1779842989.803162,21.414273,16.844444,1,0,1,CHAOTIC,5.377778,7.685933,0,0.0,0.0,-1.04928,0.074495,1.241393,0.665711,-0.74621,0.0,-1.04928,0.127572,65,65,1502,1.424875,92.616904,1.99632,63,0,13,12,1,80,6,8,2.942732,2.145056,0.911557,0.555127,0.055,1.2,1.0,0.99907,1.4,-0.025807,1.32,64,24
20260526-194927-sentence-script-a-cell-sphere-is-filled-38e823,761,1779842989.910255,21.521352,16.911111,1,0,1,CHAOTIC,5.444444,7.685933,0,0.0,0.0,-1.041596,0.064945,1.24203,0.63394,-0.773382,0.0,-1.041596,0.13976,65,65,1504,1.423118,92.502651,2.098089,61,0,13,12,1,81,6,8,2.955035,2.143621,0.919469,0.555081,0.055,1.2,1.0,0.999547,1.4,-0.02517,1.32,64,24
20260526-194927-sentence-script-a-cell-sphere-is-filled-38e823,764,1779842990.012617,21.623715,16.977778,1,0,1,CHAOTIC,5.511111,7.685933,0,0.0,0.0,-1.033951,0.055293,1.255805,0.623483,-0.781837,0.0,-1.033951,0.152005,65,65,1505,1.426075,92.694856,2.006844,60,1,13,12,1,81,6,8,2.950224,2.144979,0.923178,0.555036,0.055,1.2,1.0,1.002453,1.4,-0.011395,1.32,64,24
20260526-194927-sentence-script-a-cell-sphere-is-filled-38e823,767,1779842990.103324,21.714422,17.044444,1,0,1,CHAOTIC,5.577778,7.685933,0,0.0,0.0,-1.026261,0.045679,1.252917,0.646391,-0.763007,0.0,-1.026261,0.164264,65,65,1507,1.427664,92.798165,2.006844,61,0,13,12,1,80,6,8,2.95449,2.156792,0.923055,0.554991,0.055,1.2,1.0,1.000066,1.4,-0.014283,1.32,64,24
20260526-194927-sentence-script-a-cell-sphere-is-filled-38e823,771,1779842990.200842,21.811977,17.133333,1,0,1,CHAOTIC,5.666667,7.685933,0,0.0,0.0,-1.015046,0.033775,1.25146,0.71395,-0.700197,0.0,-1.015046,0.180618,65,65,1502,1.428686,92.864583,2.006844,63,1,13,12,1,83,6,8,2.964051,2.162773,0.92335,0.554931,0.055,1.2,1.0,1.004486,1.4,-0.01574,1.32,64,24
20260526-194927-sentence-script-a-cell-sphere-is-filled-38e823,774,1779842990.298802,21.909901,17.2,1,0,1,CHAOTIC,5.733333,7.685933,0,0.0,0.0,-1.006359,0.025052,1.254854,0.727936,-0.685645,0.0,-1.006359,0.192927,65,65,1513,1.44727,94.072538,2.006844,63,1,13,12,1,81,6,9,2.982463,2.173487,0.928029,0.554887,0.055,1.2,1.0,1.004054,1.4,-0.012346,1.32,64,24
20260526-194927-sentence-script-a-cell-sphere-is-filled-38e823,778,1779842990.407449,22.018605,17.288889,1,0,1,CHAOTIC,5.822222,7.685933,0,0.0,0.0,-0.994739,0.013452,1.250411,0.705712,-0.708499,0.0,-0.994739,0.209342,65,65,1510,1.448608,94.159508,2.006844,63,1,13,12,1,83,6,9,2.979754,2.172901,0.931179,0.554828,0.055,1.2,1.0,1.010198,1.4,-0.016789,1.32,64,24
20260526-194927-sentence-script-a-cell-sphere-is-filled-38e823,781,1779842990.498664,22.109788,17.355556,1,0,1,CHAOTIC,5.888889,7.685933,0,0.0,0.0,-0.98572,0.005068,1.256152,0.731376,-0.681974,0.0,-0.98572,0.221638,65,65,1505,1.445275,93.942862,2.015569,63,1,12,12,0,82,6,9,2.994796,2.194985,0.936306,0.554785,0.055,1.2,1.0,1.006776,1.4,-0.011048,1.32,64,24
20260526-194927-sentence-script-a-cell-sphere-is-filled-38e823,785,1779842990.616763,22.227855,17.444444,1,0,1,CHAOTIC,5.977778,7.685933,0,0.0,0.0,-0.972477,-0.006661,1.255866,0.750257,-0.661147,0.0,-0.972477,0.239279,65,65,1511,1.452878,94.437064,2.000917,63,2,13,12,1,81,6,9,2.998306,2.216302,0.944686,0.554728,0.055,1.2,1.0,1.011731,1.4,-0.011334,1.32,64,24
20260526-194927-sentence-script-a-cell-sphere-is-filled-38e823,788,1779842990.689247,22.3003,17.511111,1,0,1,CHAOTIC,6.044444,7.685933,0,0.0,0.0,-0.962317,-0.015268,1.262896,0.76014,-0.64976,0.0,-0.962317,0.252539,65,65,1507,1.45251,94.413127,2.000917,63,2,13,12,1,81,6,9,2.99801,2.224518,0.948464,0.554685,0.055,1.2,1.0,1.017851,1.4,-0.004304,1.32,64,24
20260526-194927-sentence-script-a-cell-sphere-is-filled-38e823,792,1779842990.801485,22.412508,17.6,1,0,1,CHAOTIC,6.133333,7.685933,0,0.0,0.0,-0.948773,-0.026748,1.255568,0.743295,-0.668963,0.0,-0.948773,0.270229,65,65,1505,1.448063,94.124126,2.000917,63,2,13,12,1,81,6,9,3.012367,2.230484,0.951461,0.55463,0.055,1.2,1.0,1.027971,1.4,-0.011632,1.32,64,24
20260526-194927-sentence-script-a-cell-sphere-is-filled-38e823,795,1779842990.907391,22.51847,17.666667,1,0,1,CHAOTIC,6.2,7.685933,0,0.0,0.0,-0.939238,-0.035872,1.25869,0.720081,-0.69389,0.0,-0.939238,0.283424,65,65,1508,1.453028,94.446829,2.000917,63,1,13,12,1,81,6,9,3.010417,2.239977,0.955558,0.554588,0.055,1.2,1.0,1.02718,1.4,-0.00851,1.32,64,24
20260526-194927-sentence-script-a-cell-sphere-is-filled-38e823,798,1779842990.989927,22.601025,17.733333,1,0,1,CHAOTIC,6.266667,7.685933,0,0.0,0.0,-0.929513,-0.044884,1.264776,0.74137,-0.671097,0.0,-0.929513,0.296674,65,65,1511,1.45949,94.866836,2.000917,63,2,14,13,1,81,6,9,3.009107,2.24914,0.956352,0.554547,0.055,1.2,1.0,1.02802,1.4,-0.002424,1.32,64,24
20260526-194927-sentence-script-a-cell-sphere-is-filled-38e823,802,1779842991.106229,22.717302,17.822222,1,0,1,CHAOTIC,6.355556,7.685933,0,0.0,0.0,-0.915919,-0.056312,1.251924,0.748221,-0.66345,0.0,-0.915919,0.314374,65,65,1514,1.473021,95.746363,2.000917,63,2,14,13,1,81,6,9,3.010747,2.276868,0.959576,0.554492,0.055,1.2,1.0,1.037327,1.4,-0.015276,1.32,64,24
20260526-194927-sentence-script-a-cell-sphere-is-filled-38e823,806,1779842991.211071,22.822178,17.911111,1,0,1,CHAOTIC,6.444444,7.685933,0,0.0,0.0,-0.902407,-0.067834,1.257059,0.789901,-0.613235,0.0,-0.902407,0.332088,65,65,1511,1.475998,95.939855,2.032974,63,2,14,13,1,81,6,9,3.013312,2.296179,0.961234,0.554439,0.055,1.2,1.0,1.041052,1.4,-0.010141,1.32,64,24
20260526-194927-sentence-script-a-cell-sphere-is-filled-38e823,808,1779842991.291559,22.902674,17.955556,1,0,1,CHAOTIC,6.488889,7.685933,0,0.0,0.0,-0.895371,-0.073254,1.25633,0.802624,-0.596486,0.0,-0.895371,0.34091,65,65,1517,1.484024,96.461544,2.032974,63,2,14,13,1,81,6,9,3.012033,2.304249,0.962663,0.554412,0.055,1.2,1.0,1.041084,1.4,-0.01087,1.32,64,24
20260526-194927-sentence-script-a-cell-sphere-is-filled-38e823,811,1779842991.397255,23.008292,18.022222,1,0,1,CHAOTIC,6.555556,7.685933,0,0.0,0.0,-0.884577,-0.081067,1.268365,0.820042,-0.572303,0.0,-0.884577,0.004442,65,65,1511,1.479161,96.145476,2.032974,63,2,16,15,1,81,6,9,3.016418,2.311284,0.965137,0.554373,0.055,1.2,1.0,1.045765,1.4,0.001165,1.32,64,24
20260526-194927-sentence-script-a-cell-sphere-is-filled-38e823,814,1779842991.49315,23.104254,18.088889,1,0,1,CHAOTIC,6.622222,7.685933,0,0.0,0.0,-0.87343,-0.088478,1.276353,0.828853,-0.559467,0.0,-0.87343,0.017828,65,65,1510,1.4839,96.45347,2.032974,63,2,16,15,1,81,6,9,3.017845,2.315521,0.966342,0.554333,0.055,1.2,1.0,1.053333,1.4,0.009153,1.32,64,24
20260526-194927-sentence-script-a-cell-sphere-is-filled-38e823,817,1779842991.603003,23.214099,18.155556,1,0,1,CHAOTIC,6.688889,7.685933,0,0.0,0.0,-0.862548,-0.096172,1.278589,0.802839,-0.596196,0.0,-0.862548,0.031152,65,65,1507,1.484889,96.517797,2.032974,63,2,16,15,1,80,6,9,3.015033,2.33879,0.970715,0.554295,0.055,1.2,1.0,1.053502,1.4,0.011389,1.32,64,24
20260526-194927-sentence-script-a-cell-sphere-is-filled-38e823,820,1779842991.69745,23.30856,18.222222,1,0,1,CHAOTIC,6.755556,7.685933,0,0.0,0.0,-0.851709,-0.103819,1.28163,0.80823,-0.588867,0.0,-0.851709,0.044417,64,64,1503,1.507997,96.51183,2.032974,63,1,16,15,1,81,6,9,3.000929,2.353547,0.975687,0.554256,0.055,1.2,1.0,1.056361,1.4,0.01443,1.32,64,24
20260526-194927-sentence-script-a-cell-sphere-is-filled-38e823,823,1779842991.793262,23.404366,18.288889,1,0,1,CHAOTIC,6.822222,7.685933,0,0.0,0.0,-0.84085,-0.111227,1.292029,0.816399,-0.577489,0.0,-0.84085,0.057562,64,64,1505,1.511445,96.732509,2.032974,63,1,16,15,1,81,6,9,3.008882,2.361985,0.978954,0.554218,0.055,1.2,1.0,1.061019,1.4,0.024829,1.32,64,24
20260526-194927-sentence-script-a-cell-sphere-is-filled-38e823,826,1779842991.896446,23.507609,18.355556,1,0,1,CHAOTIC,6.888889,7.685933,0,0.0,0.0,-0.829683,-0.118506,1.287243,0.82888,-0.559427,0.0,-0.829683,0.070888,64,64,1515,1.529509,97.888603,2.032974,63,2,16,15,1,80,7,9,3.017912,2.357047,0.979522,0.55418,0.055,1.2,1.0,1.062011,1.4,0.020043,1.32,64,24
20260526-194927-sentence-script-a-cell-sphere-is-filled-38e823,829,1779842991.994635,23.605716,18.422222,1,0,1,CHAOTIC,6.955556,7.685933,0,0.0,0.0,-0.818524,-0.125798,1.286997,0.833378,-0.552703,0.0,-0.818524,0.084216,64,64,1517,1.535098,98.246251,2.032974,63,2,16,15,1,81,7,9,3.020905,2.355324,0.975128,0.554142,0.055,1.2,1.0,1.058733,1.4,0.019797,1.32,64,24
20260526-194927-sentence-script-a-cell-sphere-is-filled-38e823,833,1779842992.124205,23.735282,18.511111,1,0,1,CHAOTIC,7.044444,7.685933,0,0.0,0.0,-0.803205,-0.134805,1.291145,0.855964,-0.517035,0.0,-0.803205,0.101956,64,64,1511,1.53327,98.129312,2.127858,63,2,16,15,1,81,7,9,3.017122,2.365043,0.981968,0.554093,0.055,1.2,1.0,1.059225,1.4,0.023945,1.32,64,24
20260526-194927-sentence-script-a-cell-sphere-is-filled-38e823,836,1779842992.200293,23.811362,18.577778,1,0,1,CHAOTIC,7.111111,7.685933,0,0.0,0.0,-0.791693,-0.141518,1.291216,0.848193,-0.529687,0.0,-0.791693,0.115263,64,64,1515,1.537228,98.382572,1.998933,63,2,16,15,1,81,7,9,3.017649,2.360562,0.988193,0.554056,0.055,1.2,1.0,1.054821,1.4,0.024016,1.32,64,24
20260526-194927-sentence-script-a-cell-sphere-is-filled-38e823,839,1779842992.3226,23.933688,18.644444,1,0,1,CHAOTIC,7.177778,7.685933,0,0.0,0.0,-0.780008,-0.147924,1.294664,0.889031,-0.457847,0.0,-0.780008,0.128554,64,64,1512,1.537632,98.408417,1.996735,63,2,16,15,1,81,7,9,3.017923,2.37392,0.986845,0.55402,0.055,1.2,1.0,1.055147,1.4,0.027464,1.32,64,24
20260526-194927-sentence-script-a-cell-sphere-is-filled-38e823,842,1779842992.420215,24.031281,18.711111,1,0,1,CHAOTIC,7.244444,7.685933,0,0.0,0.0,-0.768197,-0.1541,1.282511,0.89393,-0.448207,0.0,-0.768197,0.141835,64,64,1517,1.541382,98.648466,1.951684,63,2,16,15,1,81,7,9,3.020925,2.374567,0.986131,0.553984,0.055,1.2,1.0,1.057256,1.4,0.015311,1.32,64,24
20260526-194927-sentence-script-a-cell-sphere-is-filled-38e823,844,1779842992.493431,24.103963,18.755556,1,0,1,CHAOTIC,7.288889,7.685933,0,0.0,0.0,-0.760327,-0.158227,1.284276,0.878178,-0.478334,0.0,-0.760327,0.150695,64,64,1512,1.536538,98.338422,1.951684,63,2,16,15,1,81,7,9,3.019993,2.375978,0.98846,0.55396,0.055,1.2,1.0,1.058659,1.4,0.017076,1.32,64,24
20260526-194927-sentence-script-a-cell-sphere-is-filled-38e823,847,1779842992.614028,24.225033,18.822222,1,0,1,CHAOTIC,7.355556,7.685933,0,0.0,0.0,-0.748617,-0.16459,1.287916,0.891999,-0.452037,0.0,-0.748617,0.164001,64,64,1513,1.536982,98.366845,1.951684,63,2,16,15,1,81,7,9,3.024746,2.373771,0.994283,0.553924,0.055,1.2,1.0,1.059758,1.4,0.020716,1.32,64,24
20260526-194927-sentence-script-a-cell-sphere-is-filled-38e823,849,1779842992.695155,24.306189,18.866667,1,0,1,CHAOTIC,7.4,7.685933,0,0.0,0.0,-0.740803,-0.168822,1.279539,0.880082,-0.474822,0.0,-0.740803,0.172874,64,64,1513,1.537059,98.371808,1.910739,63,2,16,15,1,80,7,9,3.028085,2.375541,0.994788,0.553901,0.055,1.2,1.0,1.055929,1.4,0.012339,1.32,64,24
20260526-194927-sentence-script-a-cell-sphere-is-filled-38e823,852,1779842992.814252,24.425299,18.933333,1,0,1,CHAOTIC,7.466667,7.685933,0,0.0,0.0,-0.72871,-0.174426,1.276299,0.918074,-0.396409,0.0,-0.72871,0.186119,64,64,1513,1.540637,98.600792,1.876121,63,2,16,15,1,81,7,9,3.022792,2.386022,0.995168,0.553866,0.055,1.2,1.0,1.056459,1.4,0.009099,1.32,64,24
20260526-194927-sentence-script-a-cell-sphere-is-filled-38e823,854,1779842992.904789,24.515757,18.977778,1,0,1,CHAOTIC,7.511111,7.685933,0,0.0,0.0,-0.720483,-0.177783,1.270358,0.930909,-0.36525,0.0,-0.720483,0.194905,64,64,1518,1.551392,99.289112,1.872153,63,2,16,15,1,80,7,9,3.015153,2.38232,0.992014,0.553843,0.055,1.2,1.0,1.056348,1.4,0.003158,1.32,64,24
20260526-194927-sentence-script-a-cell-sphere-is-filled-38e823,858,1779842993.033756,24.644766,19.066667,1,0,1,CHAOTIC,7.6,7.685933,0,0.0,0.0,-0.703839,-0.184017,1.267058,0.936692,-0.350155,0.0,-0.703839,0.212426,64,64,1515,1.556572,99.620589,1.872153,63,2,16,15,1,81,7,9,3.019641,2.386254,1.003194,0.553797,0.055,1.2,1.0,1.062474,1.4,-0.000142,1.32,64,24
20260526-194927-sentence-script-a-cell-sphere-is-filled-38e823,860,1779842993.093908,24.705042,19.111111,1,0,1,CHAOTIC,7.644444,7.685933,0,0.0,0.0,-0.695662,-0.1875,1.268537,0.91515,-0.403114,0.0,-0.695662,0.221256,64,64,1514,1.556226,99.598471,1.890447,63,2,15,15,0,81,7,9,3.029425,2.381918,1.001785,0.553774,0.055,1.2,1.0,1.067796,1.4,0.001337,1.32,64,24
20260526-194927-sentence-script-a-cell-sphere-is-filled-38e823,864,1779842993.223137,24.834202,19.2,1,0,1,DESTRUCTIVE,0.044444,9.586909,0,0.0,0.0,-0.679577,-0.195085,1.272412,0.904463,-0.426553,0.0,-0.679577,0.238994,64,64,1518,1.565659,100.202171,1.890447,63,2,15,15,0,81,7,9,3.014194,2.430397,0.993382,0.590176,0.055,1.194611,1.0,1.089243,1.4,0.005212,1.32,64,24
20260526-194927-sentence-script-a-cell-sphere-is-filled-38e823,867,1779842993.321055,24.932054,19.266667,1,0,1,DESTRUCTIVE,0.111111,9.586909,0,0.0,0.0,-0.667506,-0.200778,1.272181,0.904463,-0.426553,0.0,-0.667506,0.25231,64,64,1516,1.569223,100.43027,1.907515,63,2,15,14,1,80,7,9,2.996839,2.471184,0.983899,0.626263,0.055,1.189254,1.0,1.109393,1.4,0.004981,1.32,64,24
20260526-194927-sentence-script-a-cell-sphere-is-filled-38e823,869,1779842993.395419,25.006516,19.311111,1,0,1,DESTRUCTIVE,0.155556,9.586909,0,0.0,0.0,-0.659515,-0.204547,1.272032,0.904463,-0.426553,0.0,-0.659515,0.261128,64,64,1514,1.566661,100.266312,1.890447,63,1,15,14,1,81,7,9,2.985355,2.498171,0.977641,0.65014,0.055,1.1857,1.0,1.122725,1.4,0.004832,1.32,64,24
20260526-194927-sentence-script-a-cell-sphere-is-filled-38e823,873,1779842993.497106,25.108198,19.4,1,0,1,DESTRUCTIVE,0.244444,9.586909,0,0.0,0.0,-0.643645,-0.212031,1.271749,0.904463,-0.426553,0.0,-0.643645,0.278641,64,64,1516,1.573324,100.692738,1.895046,63,1,16,15,1,80,7,9,2.962593,2.551662,0.965273,0.697467,0.055,1.178636,1.0,1.149151,1.4,0.004549,1.32,64,24
20260526-194927-sentence-script-a-cell-sphere-is-filled-38e823,877,1779842993.610937,25.22186,19.488889,1,0,1,DESTRUCTIVE,0.333333,9.586909,0,0.0,0.0,-0.62777,-0.219518,1.271482,0.904463,-0.426553,0.0,-0.62777,0.296164,64,64,1519,1.57905,101.059213,1.890447,63,1,17,16,1,80,7,9,2.940104,2.604514,0.953102,0.744229,0.055,1.171628,1.0,1.175261,1.4,0.004282,1.32,64,24
20260526-194927-sentence-script-a-cell-sphere-is-filled-38e823,879,1779842993.695521,25.306554,19.533333,1,0,1,DESTRUCTIVE,0.377778,9.586909,0,0.0,0.0,-0.619831,-0.223262,1.271355,0.904463,-0.426553,0.0,-0.619831,0.304929,64,64,1517,1.576606,100.902784,1.890447,63,1,17,16,1,81,7,9,2.92896,2.630702,0.947089,0.7674,0.055,1.168145,1.0,1.188199,1.4,0.004155,1.32,64,24
20260526-194927-sentence-script-a-cell-sphere-is-filled-38e823,882,1779842993.801582,25.412648,19.6,1,0,1,DESTRUCTIVE,0.444444,9.586909,0,0.0,0.0,-0.607919,-0.22888,1.27117,0.904463,-0.426553,0.0,-0.607919,0.318081,64,64,1518,1.582252,101.264119,1.890447,63,1,17,15,2,80,7,9,2.912369,2.669692,0.93816,0.801896,0.055,1.162947,1.0,1.207461,1.4,0.00397,1.32,64,24
20260526-194927-sentence-script-a-cell-sphere-is-filled-38e823,885,1779842993.901276,25.512334,19.666667,1,0,1,DESTRUCTIVE,0.511111,9.586909,0,0.0,0.0,-0.596004,-0.234499,1.270994,0.904463,-0.426553,0.0,-0.596004,0.331238,64,64,1518,1.582866,101.303412,1.93751,63,1,17,14,3,81,7,9,2.895927,2.708331,0.929337,0.836083,0.055,1.157779,1.0,1.22655,1.4,0.003794,1.32,64,24
20260526-194927-sentence-script-a-cell-sphere-is-filled-38e823,888,1779842994.003947,25.615018,19.733333,1,0,1,DESTRUCTIVE,0.577778,9.586909,0,0.0,0.0,-0.584086,-0.24012,1.270826,0.904463,-0.426553,0.0,-0.584086,0.344399,64,64,1517,1.583722,101.358192,1.890447,63,1,17,14,3,80,7,9,2.879633,2.746623,0.92062,0.869963,0.055,1.152643,1.0,1.245467,1.4,0.003626,1.32,64,24
20260526-194927-sentence-script-a-cell-sphere-is-filled-38e823,892,1779842994.127759,25.7389,19.822222,1,0,1,DESTRUCTIVE,0.666667,9.586909,0,0.0,0.0,-0.56819,-0.247616,1.270613,0.904463,-0.426553,0.0,-0.56819,0.361954,64,64,1517,1.588363,101.655227,1.938162,63,1,17,14,3,80,7,9,2.858134,2.797146,0.909159,0.914664,0.055,1.145842,1.0,1.270427,1.4,0.003413,1.32,64,24
20260526-194927-sentence-script-a-cell-sphere-is-filled-38e823,895,1779842994.229335,25.840286,19.888889,1,0,1,DESTRUCTIVE,0.733333,9.586909,0,0.0,0.0,-0.556266,-0.25324,1.270462,0.904463,-0.426553,0.0,-0.556266,0.375126,64,64,1517,1.59158,101.861116,1.928079,63,1,17,14,3,80,7,9,2.842179,2.834642,0.900683,0.947839,0.055,1.140777,1.0,1.288951,1.4,0.003262,1.32,64,24
20260526-194927-sentence-script-a-cell-sphere-is-filled-38e823,897,1779842994.314762,25.925819,19.933333,1,0,1,DESTRUCTIVE,0.777778,9.586909,0,0.0,0.0,-0.548314,-0.25699,1.270365,0.904463,-0.426553,0.0,-0.548314,0.383909,64,64,1517,1.595374,102.103967,1.928079,63,1,17,14,3,81,7,9,2.831622,2.859452,0.895089,0.96979,0.055,1.137417,1.0,1.301207,1.4,0.003165,1.32,64,24
20260526-194927-sentence-script-a-cell-sphere-is-filled-38e823,900,1779842994.418026,26.029126,20.0,1,0,1,DESTRUCTIVE,0.844444,9.586909,0,0.0,0.0,-0.536384,-0.262616,1.270225,0.904463,-0.426553,0.0,-0.536384,0.397087,64,64,1513,1.591623,101.8639,1.928079,63,1,17,14,3,81,7,9,2.815904,2.896388,0.886781,1.002471,0.055,1.132403,1.0,1.319455,1.4,0.003025,1.32,64,24
20260526-194927-sentence-script-a-cell-sphere-is-filled-38e823,903,1779842994.514445,26.125467,20.066667,1,0,1,DESTRUCTIVE,0.911111,9.586909,0,0.0,0.0,-0.524452,-0.268244,1.270091,0.904463,-0.426553,0.0,-0.524452,0.013193,64,64,1518,1.598913,102.330433,1.928079,63,1,17,14,3,81,7,9,2.800328,2.932994,0.878573,1.034858,0.055,1.127419,1.0,1.337539,1.4,0.002891,1.32,64,24
20260526-194927-sentence-script-a-cell-sphere-is-filled-38e823,906,1779842994.621021,26.232091,20.133333,1,0,1,DESTRUCTIVE,0.977778,9.586909,0,0.0,0.0,-0.512516,-0.273873,1.269963,0.904463,-0.426553,0.0,-0.512516,0.026389,64,64,1516,1.600584,102.437398,1.928079,63,1,17,14,3,80,7,9,2.784892,2.96927,0.870463,1.066954,0.055,1.122464,1.0,1.355461,1.4,0.002763,1.32,64,24
20260526-194927-sentence-script-a-cell-sphere-is-filled-38e823,909,1779842994.721146,26.332222,20.2,1,0,1,DESTRUCTIVE,1.044444,9.586909,0,0.0,0.0,-0.500578,-0.279503,1.26984,0.904463,-0.426553,0.0,-0.500578,0.039588,64,64,1517,1.604907,102.714033,1.931573,63,1,18,15,3,81,8,9,2.769594,3.005221,0.862449,1.098763,0.055,1.117539,1.0,1.373221,1.4,0.00264,1.32,64,24
20260526-194927-sentence-script-a-cell-sphere-is-filled-38e823,911,1779842994.793248,26.4043,20.244444,1,0,1,DESTRUCTIVE,1.088889,9.586909,0,0.0,0.0,-0.492618,-0.283257,1.269761,0.904463,-0.426553,0.0,-0.492618,0.04839,64,64,1519,1.60618,102.795537,1.931573,63,1,18,14,4,79,8,9,2.759471,3.029009,0.85716,1.11981,0.055,1.114272,1.0,1.384973,1.4,0.002561,1.32,64,24
20260526-194927-sentence-script-a-cell-sphere-is-filled-38e823,914,1779842994.900455,26.51145,20.311111,1,0,1,DESTRUCTIVE,1.155556,9.586909,0,0.0,0.0,-0.480675,-0.288889,1.269648,0.904463,-0.426553,0.0,-0.480675,0.061594,64,64,1515,1.599992,102.399499,1.967212,63,1,18,14,4,81,8,9,2.744401,3.064425,0.849306,1.151144,0.055,1.109396,1.0,1.402469,1.4,0.002448,1.32,64,24
20260526-194927-sentence-script-a-cell-sphere-is-filled-38e823,917,1779842995.013336,26.624447,20.377778,1,0,1,DESTRUCTIVE,1.222222,9.586909,0,0.0,0.0,-0.468729,-0.294523,1.269539,0.904463,-0.426553,0.0,-0.468729,0.074802,64,64,1512,1.596302,102.163343,1.928079,63,1,18,14,4,80,8,9,2.729467,3.099522,0.841545,1.182197,0.055,1.10455,1.0,1.419808,1.4,0.002339,1.32,64,24
20260526-194927-sentence-script-a-cell-sphere-is-filled-38e823,920,1779842995.107139,26.718189,20.444444,1,0,1,DESTRUCTIVE,1.288889,9.586909,0,0.0,0.0,-0.456781,-0.300158,1.269436,0.904463,-0.426553,0.0,-0.456781,0.088012,64,64,1511,1.596301,102.163283,1.928079,63,1,18,14,4,81,8,9,2.714666,3.134304,0.833877,1.212971,0.055,1.099732,1.0,1.436992,1.4,0.002236,1.32,64,24
20260526-194927-sentence-script-a-cell-sphere-is-filled-38e823,923,1779842995.218179,26.829182,20.511111,1,0,1,DESTRUCTIVE,1.355556,9.586909,0,0.0,0.0,-0.44483,-0.305794,1.269337,0.904463,-0.426553,0.0,-0.44483,0.101226,64,64,1511,1.593736,101.999098,2.024797,63,1,18,12,6,81,8,9,2.699998,3.168775,0.826301,1.243469,0.055,1.094943,1.0,1.454021,1.4,0.002137,1.32,64,24
20260526-194927-sentence-script-a-cell-sphere-is-filled-38e823,926,1779842995.334296,26.945271,20.577778,1,0,1,DESTRUCTIVE,1.422222,9.586909,0,0.0,0.0,-0.432876,-0.311432,1.269242,0.904463,-0.426553,0.0,-0.432876,0.114442,64,64,1512,1.596742,102.191484,1.968033,63,1,18,12,6,81,8,9,2.685462,3.202936,0.818816,1.273694,0.055,1.090183,1.0,1.470897,1.4,0.002042,1.32,64,24
20260526-194927-sentence-script-a-cell-sphere-is-filled-38e823,928,1779842995.419461,27.03043,20.622222,1,0,1,DESTRUCTIVE,1.466667,9.586909,0,0.0,0.0,-0.424905,-0.315191,1.269181,0.904463,-0.426553,0.0,-0.424905,0.123255,64,64,1518,1.601526,102.497644,1.968033,63,1,18,12,6,81,8,9,2.675843,3.225539,0.813875,1.293693,0.055,1.087025,1.0,1.482064,1.4,0.001981,1.32,64,24
20260526-194927-sentence-script-a-cell-sphere-is-filled-38e823,931,1779842995.531372,27.142457,20.688889,1,0,1,DESTRUCTIVE,1.533333,9.586909,0,0.0,0.0,-0.412947,-0.32083,1.269093,0.904463,-0.426553,0.0,-0.412947,0.136476,64,64,1511,1.598902,102.329735,1.968033,63,1,18,12,6,81,8,9,2.661524,3.259191,0.806538,1.323467,0.055,1.082313,1.0,1.498689,1.4,0.001893,1.32,64,24
20260526-194927-sentence-script-a-cell-sphere-is-filled-38e823,934,1779842995.631573,27.242677,20.755556,1,0,1,DESTRUCTIVE,1.6,9.586909,0,0.0,0.0,-0.400986,-0.326471,1.269009,0.904463,-0.426553,0.0,-0.400986,0.1497,64,64,1515,1.601842,102.517877,1.968033,63,1,18,12,6,82,8,9,2.647333,3.292541,0.799289,1.352974,0.055,1.077628,1.0,1.515164,1.4,0.001809,1.32,64,24
20260526-194927-sentence-script-a-cell-sphere-is-filled-38e823,937,1779842995.735011,27.34595,20.822222,1,0,1,DESTRUCTIVE,1.666667,9.586909,0,0.0,0.0,-0.389023,-0.332113,1.268929,0.904463,-0.426553,0.0,-0.389023,0.162927,64,64,1514,1.600551,102.435273,1.968033,63,1,18,12,6,80,8,9,2.633269,3.325591,0.792126,1.382216,0.055,1.072972,1.0,1.531492,1.4,0.001729,1.32,64,24
20260526-194927-sentence-script-a-cell-sphere-is-filled-38e823,939,1779842995.791686,27.402774,20.866667,1,0,1,DESTRUCTIVE,1.711111,9.586909,0,0.0,0.0,-0.381046,-0.335875,1.268878,0.904463,-0.426553,0.0,-0.381046,0.171747,64,64,1514,1.602094,102.534047,2.102319,63,1,18,12,6,79,8,9,2.623963,3.34746,0.787398,1.401564,0.055,1.069883,1.0,1.542296,1.4,0.001678,1.32,64,24
20260526-194927-sentence-script-a-cell-sphere-is-filled-38e823,942,1779842995.890157,27.50119,20.933333,1,0,1,DESTRUCTIVE,1.777778,9.586909,0,0.0,0.0,-0.369078,-0.341519,1.268803,0.904463,-0.426553,0.0,-0.369078,0.184978,64,64,1511,1.603362,102.615152,1.968033,63,1,17,12,5,82,8,9,2.610109,3.380017,0.780378,1.43037,0.055,1.065273,1.0,1.55838,1.4,0.001603,1.32,64,24
20260526-194927-sentence-script-a-cell-sphere-is-filled-38e823,945,1779842995.996752,27.607807,21.0,1,0,1,DESTRUCTIVE,1.844444,9.586909,0,0.0,0.0,-0.357108,-0.347165,1.268732,0.904463,-0.426553,0.0,-0.357108,0.198213,64,64,1516,1.609517,103.009073,2.038885,63,1,17,12,5,81,8,9,2.59638,3.412283,0.773441,1.458918,0.055,1.06069,1.0,1.57432,1.4,0.001532,1.32,64,24
20260526-194927-sentence-script-a-cell-sphere-is-filled-38e823,948,1779842996.095096,27.706221,21.066667,1,0,1,DESTRUCTIVE,1.911111,9.586909,0,0.0,0.0,-0.345135,-0.352811,1.268664,0.904463,-0.426553,0.0,-0.345135,0.21145,64,64,1508,1.599428,102.363361,1.983651,63,1,17,12,5,80,8,9,2.582773,3.444259,0.766587,1.487209,0.055,1.056135,1.0,1.590117,1.4,0.001464,1.32,64,24
20260526-194927-sentence-script-a-cell-sphere-is-filled-38e823,951,1779842996.227758,27.811209,21.133333,1,0,1,DESTRUCTIVE,1.977778,9.586909,0,0.0,0.0,-0.33316,-0.358459,1.268599,0.904463,-0.426553,0.0,-0.33316,0.22469,64,64,1511,1.603628,102.632209,1.983651,63,1,17,12,5,80,8,9,2.569289,3.475948,0.759815,1.515247,0.055,1.051608,1.0,1.605772,1.4,0.001399,1.32,64,24
20260526-194927-sentence-script-a-cell-sphere-is-filled-38e823,954,1779842996.299946,27.910952,21.2,1,0,1,DESTRUCTIVE,2.044444,9.586909,0,0.0,0.0,-0.321183,-0.364107,1.268537,0.904463,-0.426553,0.0,-0.321183,0.237933,64,64,1510,1.604154,102.665847,1.983651,63,1,17,12,5,81,8,9,2.555925,3.507353,0.753124,1.543033,0.055,1.047107,1.0,1.621287,1.4,0.001337,1.32,64,24
20260526-194927-sentence-script-a-cell-sphere-is-filled-38e823,956,1779842996.390654,28.001695,21.244444,1,0,1,DESTRUCTIVE,2.088889,9.586909,0,0.0,0.0,-0.313196,-0.367874,1.268498,0.904463,-0.426553,0.0,-0.313196,0.246763,64,64,1510,1.605474,102.750326,2.072028,63,1,17,12,5,80,9,9,2.547083,3.528132,0.748708,1.561418,0.055,1.044122,1.0,1.631553,1.4,0.001298,1.32,64,24
20260526-194927-sentence-script-a-cell-sphere-is-filled-38e823,960,1779842996.4984,28.109474,21.333333,1,0,1,DESTRUCTIVE,2.177778,9.586909,0,0.0,0.0,-0.29722,-0.375408,1.268421,0.904463,-0.426553,0.0,-0.29722,0.264427,64,64,1511,1.605024,102.721554,2.017268,63,1,16,12,4,81,9,9,2.529557,3.569319,0.739981,1.597859,0.055,1.038186,1.0,1.6519,1.4,0.001221,1.32,64,24
20260526-194927-sentence-script-a-cell-sphere-is-filled-38e823,962,1779842996.590234,28.201318,21.377778,1,0,1,DESTRUCTIVE,2.222222,9.586909,0,0.0,0.0,-0.28923,-0.379176,1.268385,0.904463,-0.426553,0.0,-0.28923,0.273261,64,64,1504,1.5981,102.278399,2.017268,63,1,16,13,3,81,9,9,2.520873,3.589728,0.73567,1.615916,0.055,1.035237,1.0,1.661983,1.4,0.001185,1.32,64,24
20260526-194927-sentence-script-a-cell-sphere-is-filled-38e823,965,1779842996.698127,28.309214,21.444444,1,0,1,DESTRUCTIVE,2.288889,9.586909,0,0.0,0.0,-0.277244,-0.384829,1.268333,0.904463,-0.426553,0.0,-0.277244,0.286513,64,64,1509,1.60536,102.74307,2.017268,63,1,16,13,3,81,9,9,2.507944,3.59196,0.729268,1.642798,0.055,1.030834,1.0,1.676993,1.4,0.001133,1.32,64,24
20260526-194927-sentence-script-a-cell-sphere-is-filled-38e823,968,1779842996.799456,28.410567,21.511111,1,0,1,DESTRUCTIVE,2.355556,9.586909,0,0.0,0.0,-0.265255,-0.390483,1.268282,0.904463,-0.426553,0.0,-0.265255,0.299768,64,64,1509,1.605752,102.768099,2.017268,63,1,16,13,3,82,9,9,2.495131,3.59196,0.722942,1.66944,0.055,1.026458,1.0,1.691869,1.4,0.001082,1.32,64,24
20260526-194927-sentence-script-a-cell-sphere-is-filled-38e823,971,1779842996.91988,28.530985,21.577778,1,0,1,DESTRUCTIVE,2.422222,9.586909,0,0.0,0.0,-0.253264,-0.396139,1.268234,0.904463,-0.426553,0.0,-0.253264,0.313026,64,64,1505,1.60352,102.625275,2.017268,63,1,16,13,3,81,9,9,2.482433,3.59196,0.716692,1.695842,0.055,1.022108,1.0,1.706611,1.4,0.001034,1.32,64,24
20260526-194927-sentence-script-a-cell-sphere-is-filled-38e823,973,1779842996.995927,28.606983,21.622222,1,0,1,DESTRUCTIVE,2.466667,9.586909,0,0.0,0.0,-0.245268,-0.399909,1.268204,0.904463,-0.426553,0.0,-0.245268,0.321866,64,64,1507,1.605072,102.724617,1.991591,63,1,16,13,3,81,9,9,2.474031,3.59196,0.712566,1.713312,0.055,1.019222,1.0,1.716365,1.4,0.001004,1.32,64,24
20260526-194927-sentence-script-a-cell-sphere-is-filled-38e823,976,1779842997.099327,28.710375,21.688889,1,0,1,DESTRUCTIVE,2.533333,9.586909,0,0.0,0.0,-0.233273,-0.405566,1.268159,0.904463,-0.426553,0.0,-0.233273,0.335128,64,64,1511,1.607523,102.881474,1.991591,63,1,16,13,3,79,9,9,2.461522,3.59196,0.70644,1.73932,0.055,1.014916,1.0,1.730888,1.4,0.000959,1.32,64,24
20260526-194927-sentence-script-a-cell-sphere-is-filled-38e823,979,1779842997.201684,28.812746,21.755556,1,0,1,DESTRUCTIVE,2.6,9.586909,0,0.0,0.0,-0.221276,-0.411224,1.268117,0.904463,-0.426553,0.0,-0.221276,0.348393,64,64,1503,1.601101,102.470494,1.991591,63,1,16,13,3,81,9,9,2.449126,3.59196,0.700387,1.765096,0.055,1.010635,1.0,1.74528,1.4,0.000917,1.32,64,24
20260526-194927-sentence-script-a-cell-sphere-is-filled-38e823,982,1779842997.296378,28.907379,21.822222,1,0,1,DESTRUCTIVE,2.666667,9.586909,0,0.0,0.0,-0.209276,-0.416883,1.268076,0.904463,-0.426553,0.0,-0.209276,0.36166,64,64,1509,1.605221,102.734167,1.991591,63,1,16,13,3,81,9,9,2.436841,3.59196,0.694407,1.79064,0.055,1.006379,1.0,1.759543,1.4,0.000876,1.32,64,24
20260526-194927-sentence-script-a-cell-sphere-is-filled-38e823,985,1779842997.394774,29.00574,21.888889,1,0,1,DESTRUCTIVE,2.733333,9.586909,0,0.0,0.0,-0.197275,-0.422544,1.268037,0.904463,-0.426553,0.0,-0.197275,0.37493,64,64,1506,1.599611,102.37511,1.984757,63,1,16,13,3,81,9,9,2.424666,3.59196,0.688497,1.815955,0.055,1.00215,1.0,1.773678,1.4,0.000837,1.32,64,24
20260526-194927-sentence-script-a-cell-sphere-is-filled-38e823,988,1779842997.496079,29.107023,21.955556,1,0,1,DESTRUCTIVE,2.8,9.586909,0,0.0,0.0,-0.185771,-0.427969,1.268,0.904463,-0.426553,0.0,-0.185771,0.387649,64,64,1505,1.597377,102.232119,1.97665,63,1,15,13,2,81,9,9,2.4126,3.59196,0.682659,1.841042,0.055,0.997945,1.0,1.787686,1.4,0.0008,1.32,64,24
20260526-194927-sentence-script-a-cell-sphere-is-filled-38e823,991,1779842997.601529,29.21252,22.022222,1,0,1,DESTRUCTIVE,2.866667,9.586909,0,0.0,0.0,-0.174515,-0.433277,1.267965,0.904463,-0.426553,0.0,-0.174515,0.004149,64,64,1508,1.599401,102.361678,1.977077,63,1,15,13,2,81,9,9,2.400642,3.59196,0.67689,1.865905,0.055,0.993766,1.0,1.801568,1.4,0.000765,1.32,64,24
20260526-194927-sentence-script-a-cell-sphere-is-filled-38e823,995,1779842997.719905,29.330883,22.111111,1,0,1,DESTRUCTIVE,2.955556,9.586909,0,0.0,0.0,-0.160338,-0.439963,1.26792,0.904463,-0.426553,0.0,-0.160338,0.019823,64,64,1510,1.598482,102.302818,1.97665,63,1,15,13,2,80,9,9,2.384866,3.59196,0.669306,1.898708,0.055,0.988232,1.0,1.819885,1.4,0.00072,1.32,64,24
20260526-194927-sentence-script-a-cell-sphere-is-filled-38e823,998,1779842997.823988,29.434999,22.177778,1,0,1,DESTRUCTIVE,3.022222,9.586909,0,0.0,0.0,-0.150328,-0.444684,1.267888,0.904463,-0.426553,0.0,-0.150328,0.03089,64,64,1507,1.592583,101.925316,1.97665,63,1,15,13,2,81,9,9,2.373157,3.59196,0.663696,1.923053,0.055,0.984111,1.0,1.833478,1.4,0.000688,1.32,64,24
20260526-194927-sentence-script-a-cell-sphere-is-filled-38e823,1001,1779842997.918414,29.529442,22.244444,1,0,1,DESTRUCTIVE,3.088889,9.586909,0,0.0,0.0,-0.140317,-0.449405,1.267857,0.904463,-0.426553,0.0,-0.140317,0.041958,64,64,1507,1.593809,102.003782,1.986745,63,1,13,13,0,81,9,9,2.361554,3.59196,0.658154,1.94718,0.055,0.980015,1.0,1.84695,1.4,0.000657,1.32,64,24
20260526-194927-sentence-script-a-cell-sphere-is-filled-38e823,1004,1779842998.07647,29.687272,22.311111,1,0,1,DESTRUCTIVE,3.155556,9.586909,0,0.0,0.0,-0.130304,-0.454127,1.267828,0.904463,-0.426553,0.0,-0.130304,0.053029,64,64,1503,1.586466,101.533849,2.016091,63,1,13,13,0,81,9,9,2.350054,3.59196,0.652678,1.97109,0.055,0.975943,1.0,1.8603,1.4,0.000628,1.32,64,24
20260526-194927-sentence-script-a-cell-sphere-is-filled-38e823,1005,1779842998.089903,29.700926,22.333333,1,0,1,DESTRUCTIVE,3.177778,9.586909,0,0.0,0.0,-0.126966,-0.455702,1.267819,0.904463,-0.426553,0.0,-0.126966,0.05672,64,64,1507,1.591235,101.83906,2.016091,63,1,13,13,0,80,9,9,2.346244,3.59196,0.650868,1.979012,0.055,0.974591,1.0,1.864724,1.4,0.000619,1.32,64,24
20260526-194927-sentence-script-a-cell-sphere-is-filled-38e823,1008,1779842998.201406,29.812462,22.4,1,0,1,DESTRUCTIVE,3.244444,9.586909,0,0.0,0.0,-0.116951,-0.460425,1.267791,0.904463,-0.426553,0.0,-0.116951,0.067793,64,64,1503,1.587925,101.627223,2.016091,63,1,13,13,0,81,9,9,2.334882,3.59196,0.645479,2.002637,0.055,0.970551,1.0,1.877915,1.4,0.000591,1.32,64,24
20260526-194927-sentence-script-a-cell-sphere-is-filled-38e823,1010,1779842998.29212,29.903059,22.444444,1,0,1,DESTRUCTIVE,3.288889,9.586909,0,0.0,0.0,-0.110273,-0.463574,1.267774,0.904463,-0.426553,0.0,-0.110273,0.075176,64,64,1504,1.58849,101.663362,2.016091,63,1,13,13,0,80,9,9,2.327364,3.59196,0.641922,2.018269,0.055,0.967872,1.0,1.886643,1.4,0.000574,1.32,64,24
20260526-194927-sentence-script-a-cell-sphere-is-filled-38e823,1013,1779842998.399474,30.010489,22.511111,1,0,1,DESTRUCTIVE,3.355556,9.586909,0,0.0,0.0,-0.10109,-0.467905,1.267748,0.904463,-0.426553,0.0,-0.10109,0.08533,64,64,1506,1.590494,101.791631,2.016091,63,1,13,13,0,81,9,9,2.316171,3.59196,0.63664,2.041541,0.055,0.963873,1.0,1.899638,1.4,0.000548,1.32,64,24
20260526-194927-sentence-script-a-cell-sphere-is-filled-38e823,1016,1779842998.517055,30.128048,22.577778,1,0,1,DESTRUCTIVE,3.422222,9.586909,0,0.0,0.0,-0.092322,-0.47204,1.267724,0.904463,-0.426553,0.0,-0.092322,0.095023,64,64,1502,1.584104,101.382627,2.016091,63,1,13,8,5,80,9,9,2.305079,3.59196,0.631421,2.064604,0.055,0.959897,1.0,1.912516,1.4,0.000524,1.32,64,24
20260526-194927-sentence-script-a-cell-sphere-is-filled-38e823,1019,1779842998.630209,30.241273,22.644444,1,0,1,DESTRUCTIVE,3.488889,9.586909,0,0.0,0.0,-0.083553,-0.476176,1.267701,0.904463,-0.426553,0.0,-0.083553,0.104718,64,64,1498,1.579367,101.079464,2.016091,63,1,13,8,5,81,9,9,2.294087,3.59196,0.626265,2.087461,0.055,0.955946,1.0,1.925278,1.4,0.000501,1.32,64,24
20260526-194927-sentence-script-a-cell-sphere-is-filled-38e823,1021,1779842998.696973,30.308029,22.688889,1,0,1,DESTRUCTIVE,3.533333,9.586909,0,0.0,0.0,-0.077707,-0.478933,1.267686,0.904463,-0.426553,0.0,-0.077707,0.111182,64,64,1504,1.586686,101.547875,2.016091,63,1,13,8,5,80,9,9,2.286813,3.59196,0.622862,2.102585,0.055,0.953325,1.0,1.933723,1.4,0.000486,1.32,64,24
20260526-194927-sentence-script-a-cell-sphere-is-filled-38e823,1023,1779842998.795224,30.406242,22.733333,1,0,1,DESTRUCTIVE,3.577778,9.586909,0,0.0,0.0,-0.071859,-0.481691,1.267671,0.904463,-0.426553,0.0,-0.071859,0.117648,64,64,1506,1.586824,101.556731,2.016091,63,1,13,8,5,81,9,9,2.279583,3.59196,0.619486,2.117618,0.055,0.950714,1.0,1.942116,1.4,0.000471,1.32,64,24
20260526-194927-sentence-script-a-cell-sphere-is-filled-38e823,1026,1779842998.904764,30.515778,22.8,1,0,1,DESTRUCTIVE,3.644444,9.586909,0,0.0,0.0,-0.063087,-0.485828,1.26765,0.904463,-0.426553,0.0,-0.063087,0.127346,64,64,1506,1.583667,101.354711,2.016091,63,1,13,8,5,79,9,9,2.268819,3.59196,0.614472,2.139998,0.055,0.946818,1.0,1.954613,1.4,0.00045,1.32,64,24
20260526-194927-sentence-script-a-cell-sphere-is-filled-38e823,1029,1779842998.990087,30.601146,22.866667,1,0,1,DESTRUCTIVE,3.711111,9.586909,0,0.0,0.0,-0.054313,-0.489965,1.26763,0.904463,-0.426553,0.0,-0.054313,0.137047,64,64,1505,1.578599,101.030316,2.016091,63,1,13,8,5,81,9,9,2.258152,3.59196,0.609518,2.162178,0.055,0.942944,1.0,1.966998,1.4,0.00043,1.32,64,24
20260526-194927-sentence-script-a-cell-sphere-is-filled-38e823,1032,1779842999.103612,30.714708,22.933333,1,0,1,DESTRUCTIVE,3.777778,9.586909,0,0.0,0.0,-0.045538,-0.494104,1.267611,0.904463,-0.426553,0.0,-0.045538,0.146749,64,64,1502,1.574454,100.765077,2.022332,63,1,13,8,5,82,9,9,2.24758,3.59196,0.604624,2.184159,0.055,0.939094,1.0,1.979271,1.4,0.000411,1.32,64,24
20260526-194927-sentence-script-a-cell-sphere-is-filled-38e823,1034,1779842999.204861,30.815988,22.977778,1,0,1,DESTRUCTIVE,3.822222,9.586909,0,0.0,0.0,-0.03984,-0.496791,1.267599,0.904463,-0.426553,0.0,-0.03984,0.153049,64,64,1507,1.583627,101.352145,2.022332,64,0,13,8,5,81,9,9,2.240585,3.59196,0.601393,2.198704,0.055,0.936541,1.0,1.987392,1.4,0.000399,1.32,64,24
20260526-194927-sentence-script-a-cell-sphere-is-filled-38e823,1037,1779842999.305184,30.916275,23.044444,1,0,1,DESTRUCTIVE,3.888889,9.586909,0,0.0,0.0,-0.032107,-0.500438,1.267581,0.904463,-0.426553,0.0,-0.032107,0.161599,64,64,1513,1.58957,101.732484,2.115953,64,0,13,8,5,81,9,9,2.230171,3.59196,0.596596,2.220357,0.055,0.932729,1.0,1.99625,1.4,0.000381,1.32,64,24
20260526-194927-sentence-script-a-cell-sphere-is-filled-38e823,1040,1779842999.406096,31.017145,23.111111,1,0,1,DESTRUCTIVE,3.955556,9.586909,0,0.0,0.0,-0.025188,-0.503701,1.267565,0.904463,-0.426553,0.0,-0.025188,0.169249,64,64,1509,1.580021,101.121328,2.033957,64,0,13,8,5,80,9,9,2.219851,3.59196,0.591855,2.241816,0.055,0.92894,1.0,1.99625,1.4,0.000365,1.32,64,24
20260526-194927-sentence-script-a-cell-sphere-is-filled-38e823,1043,1779842999.510807,31.12181,23.177778,1,0,1,DESTRUCTIVE,4.022222,9.586909,0,0.0,0.0,-0.019083,-0.506581,1.267548,0.904463,-0.426553,0.0,-0.019083,0.175999,64,64,1503,1.571858,100.598935,2.022332,64,0,13,8,5,82,9,9,2.209623,3.59196,0.587172,2.263082,0.055,0.925174,1.0,1.99625,1.4,0.000348,1.32,64,24
20260526-194927-sentence-script-a-cell-sphere-is-filled-38e823,1046,1779842999.604846,31.215876,23.244444,1,0,1,DESTRUCTIVE,4.088889,9.586909,0,0.0,0.0,-0.012978,-0.50946,1.267533,0.904463,-0.426553,0.0,-0.012978,0.182749,64,64,1504,1.574072,100.740595,2.022332,64,0,13,8,5,81,9,9,2.199487,3.59196,0.582544,2.284158,0.055,0.921431,1.0,1.99625,1.4,0.000333,1.32,64,24
20260526-194927-sentence-script-a-cell-sphere-is-filled-38e823,1050,1779842999.719169,31.330178,23.333333,1,0,1,DESTRUCTIVE,4.177778,9.586909,0,0.0,0.0,-0.004837,-0.513299,1.267513,0.904463,-0.426553,0.0,-0.004837,0.191749,64,64,1506,1.572911,100.666273,2.022332,64,0,13,8,5,81,10,9,2.186113,3.59196,0.57646,2.311965,0.055,0.916474,1.0,1.99625,1.4,0.000313,1.32,64,24
20260526-194927-sentence-script-a-cell-sphere-is-filled-38e823,1053,1779842999.801634,31.41252,23.4,1,0,1,DESTRUCTIVE,4.244444,9.586909,0,0.0,0.0,0.001268,-0.516178,1.2675,0.904463,-0.426553,0.0,0.001268,0.198499,64,64,1510,1.576336,100.885524,2.022332,64,0,13,8,5,81,10,9,2.176188,3.59196,0.571961,2.332602,0.055,0.912783,1.0,1.99625,1.4,0.0003,1.32,64,24
20260526-194927-sentence-script-a-cell-sphere-is-filled-38e823,1056,1779842999.900192,31.51119,23.466667,1,0,1,DESTRUCTIVE,4.311111,9.586909,0,0.0,0.0,0.007373,-0.519057,1.267486,0.904463,-0.426553,0.0,0.007373,0.205249,64,64,1510,1.576019,100.865197,2.038563,64,0,13,8,5,81,10,9,2.166352,3.59196,0.567515,2.353054,0.055,0.909113,1.0,1.99625,1.4,0.000286,1.32,64,24
20260526-194927-sentence-script-a-cell-sphere-is-filled-38e823,1060,1779843000.03137,31.642276,23.555556,1,0,1,DESTRUCTIVE,4.4,9.586909,0,0.0,0.0,0.015513,-0.522896,1.267469,0.904463,-0.426553,0.0,0.015513,0.214249,64,64,1510,1.571137,100.552758,2.038563,64,0,13,8,5,80,10,9,2.153374,3.59196,0.56167,2.380037,0.055,0.904255,1.0,1.99625,1.4,0.000269,1.32,64,24
20260526-194927-sentence-script-a-cell-sphere-is-filled-38e823,1062,1779843000.096293,31.707285,23.6,1,0,1,DESTRUCTIVE,4.444444,9.586909,0,0.0,0.0,0.019583,-0.524816,1.267461,0.904463,-0.426553,0.0,0.019583,0.218749,64,64,1508,1.569389,100.440873,2.038563,64,0,13,8,5,81,10,9,2.146944,3.59196,0.558783,2.393408,0.055,0.90184,1.0,1.99625,1.4,0.000261,1.32,64,24
20260526-194927-sentence-script-a-cell-sphere-is-filled-38e823,1066,1779843000.192915,31.803942,23.688889,1,0,1,DESTRUCTIVE,4.533333,9.586909,0,0.0,0.0,0.027723,-0.528655,1.267446,0.904463,-0.426553,0.0,0.027723,0.227749,64,64,1515,1.573075,100.676783,2.022332,64,0,13,8,5,80,10,9,2.134198,3.59196,0.553076,2.39445,0.055,0.89704,1.0,1.99625,1.4,0.000246,1.32,64,24
20260526-194927-sentence-script-a-cell-sphere-is-filled-38e823,1069,1779843000.298133,31.909177,23.755556,1,0,1,DESTRUCTIVE,4.6,9.586909,0,0.0,0.0,0.033828,-0.531534,1.267435,0.904463,-0.426553,0.0,0.033828,0.234499,64,64,1511,1.56765,100.329591,2.022332,64,0,13,8,5,81,10,9,2.124738,3.59196,0.548856,2.39445,0.055,0.893465,1.0,1.99625,1.4,0.000235,1.32,64,24
20260526-194927-sentence-script-a-cell-sphere-is-filled-38e823,1073,1779843000.410861,32.021859,23.844444,1,0,1,DESTRUCTIVE,4.688889,9.586909,0,0.0,0.0,0.041969,-0.535373,1.267421,0.904463,-0.426553,0.0,0.041969,0.243499,64,64,1512,1.562226,99.982451,2.109378,64,0,13,8,5,81,10,9,2.112258,3.59196,0.543308,2.39445,0.055,0.888731,1.0,1.99625,1.4,0.000221,1.32,64,24
20260526-194927-sentence-script-a-cell-sphere-is-filled-38e823,1076,1779843000.512894,32.123843,23.911111,1,0,1,DESTRUCTIVE,4.755556,9.586909,0,0.0,0.0,0.048074,-0.538252,1.267412,0.904463,-0.426553,0.0,0.048074,0.250249,64,64,1512,1.560072,99.844584,2.007474,64,0,13,8,5,81,10,9,2.102995,3.59196,0.539205,2.39445,0.055,0.885206,1.0,1.99625,1.4,0.000212,1.32,64,24
20260526-194927-sentence-script-a-cell-sphere-is-filled-38e823,1079,1779843000.607216,32.204364,23.977778,1,0,1,DESTRUCTIVE,4.822222,9.586909,0,0.0,0.0,0.053772,-0.540939,1.267402,0.904463,-0.426553,0.0,0.053772,0.256549,64,64,1512,1.558364,99.735271,2.007474,64,0,13,8,5,81,10,9,2.093816,3.59196,0.535151,2.39445,0.055,0.881702,1.0,1.99625,1.4,0.000202,1.32,64,24
20260526-194927-sentence-script-a-cell-sphere-is-filled-38e823,1082,1779843000.704349,32.315307,24.044444,1,0,1,DESTRUCTIVE,4.888889,9.586909,0,0.0,0.0,0.058656,-0.543243,1.267393,0.904463,-0.426553,0.0,0.058656,0.0036,64,64,1514,1.554811,99.507881,2.007474,64,0,13,4,9,81,10,9,2.084719,3.59196,0.531145,2.39445,0.055,0.878219,1.0,1.99625,1.4,0.000193,1.32,64,24
20260526-194927-sentence-script-a-cell-sphere-is-filled-38e823,1086,1779843000.83369,32.444749,24.133333,1,0,1,DESTRUCTIVE,4.977778,9.586909,0,0.0,0.0,0.065575,-0.546506,1.267382,0.904463,-0.426553,0.0,0.065575,0.01125,64,64,1510,1.544054,98.819467,2.007474,64,0,14,5,9,80,10,9,2.072717,3.59196,0.525878,2.39445,0.055,0.873607,1.0,1.99625,1.4,0.000182,1.32,64,24
20260526-194927-sentence-script-a-cell-sphere-is-filled-38e823,1089,1779843000.928572,32.539521,24.2,1,0,1,DESTRUCTIVE,5.044444,9.586909,0,0.0,0.0,0.070459,-0.548809,1.267374,0.904463,-0.426553,0.0,0.070459,0.01665,64,64,1509,1.538837,98.485541,2.007474,64,0,14,5,9,80,10,9,2.063809,3.59196,0.521983,2.39445,0.055,0.870172,1.0,1.99625,1.4,0.000174,1.32,64,24
20260526-194927-sentence-script-a-cell-sphere-is-filled-38e823,1092,1779843001.025163,32.636101,24.266667,1,0,1,DESTRUCTIVE,5.111111,9.586909,0,0.0,0.0,0.075343,-0.551113,1.267366,0.904463,-0.426553,0.0,0.075343,0.02205,64,64,1509,1.535412,98.266348,2.007474,64,0,13,5,8,81,10,9,2.054981,3.59196,0.518135,2.39445,0.055,0.866758,1.0,1.99625,1.4,0.000166,1.32,64,24
20260526-194927-sentence-script-a-cell-sphere-is-filled-38e823,1095,1779843001.112234,32.723034,24.333333,1,0,1,DESTRUCTIVE,5.177778,9.586909,0,0.0,0.0,0.080227,-0.553416,1.267359,0.904463,-0.426553,0.0,0.080227,0.02745,64,64,1509,1.531454,98.013049,2.095549,64,0,9,5,4,81,10,9,2.046233,3.59196,0.514333,2.39445,0.055,0.863364,1.0,1.99625,1.4,0.000159,1.32,64,24
20260526-194927-sentence-script-a-cell-sphere-is-filled-38e823,1098,1779843001.214288,32.825131,24.4,1,0,1,DESTRUCTIVE,5.244444,9.586909,0,0.0,0.0,0.085111,-0.555719,1.267352,0.904463,-0.426553,0.0,0.085111,0.03285,64,64,1502,1.520713,97.325652,2.03706,64,0,9,5,4,80,10,9,2.037563,3.59196,0.510576,2.39445,0.055,0.859991,1.0,1.99625,1.4,0.000152,1.32,64,24
20260526-194927-sentence-script-a-cell-sphere-is-filled-38e823,1101,1779843001.295417,32.90646,24.466667,1,0,1,DESTRUCTIVE,5.311111,9.586909,0,0.0,0.0,0.089996,-0.558023,1.267345,0.904463,-0.426553,0.0,0.089996,0.03825,64,64,1496,1.510985,96.703013,2.007474,64,0,9,5,4,81,10,9,2.02897,3.59196,0.506864,2.39445,0.055,0.856637,1.0,1.99625,1.4,0.000145,1.32,64,24
20260526-194927-sentence-script-a-cell-sphere-is-filled-38e823,1105,1779843001.440983,33.052071,24.555556,1,0,1,DESTRUCTIVE,5.4,9.586909,0,0.0,0.0,0.096508,-0.561094,1.267336,0.904463,-0.426553,0.0,0.096508,0.04545,64,64,1500,1.514203,96.908985,2.007474,64,0,9,5,4,81,10,9,2.017634,3.59196,0.501983,2.39445,0.055,0.852198,1.0,1.99625,1.4,0.000136,1.32,64,24
20260526-194927-sentence-script-a-cell-sphere-is-filled-38e823,1107,1779843001.495512,33.106557,24.6,1,0,1,DESTRUCTIVE,5.444444,9.586909,0,0.0,0.0,0.099764,-0.56263,1.267332,0.904463,-0.426553,0.0,0.099764,0.04905,64,64,1505,1.516719,97.070004,2.007474,64,0,9,5,4,81,10,9,2.012016,3.59196,0.499572,2.39445,0.055,0.849991,1.0,1.99625,1.4,0.000132,1.32,64,24
20260526-194927-sentence-script-a-cell-sphere-is-filled-38e823,1111,1779843001.614288,33.225336,24.688889,1,0,1,DESTRUCTIVE,5.533333,9.586909,0,0.0,0.0,0.107904,-0.566469,1.267325,0.904463,-0.426553,0.0,0.107904,0.05805,64,64,1499,1.506186,96.395925,2.007474,64,0,10,6,4,81,10,9,2.000883,3.59196,0.494808,2.39445,0.055,0.845604,1.0,1.99625,1.4,0.000125,1.32,64,24
20260526-194927-sentence-script-a-cell-sphere-is-filled-38e823,1113,1779843001.691562,33.302565,24.733333,1,0,1,DESTRUCTIVE,5.577778,9.586909,0,0.0,0.0,0.111974,-0.568388,1.267321,0.904463,-0.426553,0.0,0.111974,0.06255,64,64,1497,1.501753,96.11222,2.007474,64,0,10,6,4,79,10,9,1.995366,3.59196,0.492454,2.39445,0.055,0.843424,1.0,1.99625,1.4,0.000121,1.32,64,24
20260526-194927-sentence-script-a-cell-sphere-is-filled-38e823,1118,1779843001.827139,33.438045,24.844444,1,0,1,DESTRUCTIVE,5.688889,9.586909,0,0.0,0.0,0.122149,-0.573187,1.267312,0.904463,-0.426553,0.0,0.122149,0.0738,64,64,1495,1.49368,95.595543,2.000228,64,0,10,6,4,80,10,9,1.981717,3.59196,0.486652,2.39445,0.055,0.838012,1.0,1.99625,1.4,0.000112,1.32,64,24
20260526-194927-sentence-script-a-cell-sphere-is-filled-38e823,1121,1779843001.911281,33.522351,24.911111,1,0,1,DESTRUCTIVE,5.755556,9.586909,0,0.0,0.0,0.128254,-0.576066,1.267307,0.904463,-0.426553,0.0,0.128254,0.08055,64,64,1499,1.494357,95.638875,2.000228,64,0,10,6,4,81,10,9,1.973626,3.59196,0.483225,2.39445,0.055,0.83479,1.0,1.99625,1.4,0.000107,1.32,64,24
20260526-194927-sentence-script-a-cell-sphere-is-filled-38e823,1124,1779843002.021999,33.63302,24.977778,1,0,1,DESTRUCTIVE,5.822222,9.586909,0,0.0,0.0,0.134359,-0.578945,1.267302,0.904463,-0.426553,0.0,0.134359,0.0873,64,64,1499,1.491219,95.438037,2.000228,64,0,10,6,4,82,10,9,1.965607,3.59196,0.47984,2.39445,0.055,0.831588,1.0,1.99625,1.4,0.000102,1.32,64,24
20260526-194927-sentence-script-a-cell-sphere-is-filled-38e823,1128,1779843002.13335,33.744374,25.066667,1,0,1,DESTRUCTIVE,5.911111,9.586909,0,0.0,0.0,0.1425,-0.582784,1.267296,0.904463,-0.426553,0.0,0.1425,0.0963,64,64,1508,1.498353,95.89457,2.103149,64,0,10,6,4,80,10,9,1.955028,3.59196,0.47539,2.39445,0.055,0.827348,1.0,1.99625,1.4,9.6e-05,1.32,64,24
20260526-194927-sentence-script-a-cell-sphere-is-filled-38e823,1130,1779843002.194887,33.805751,25.111111,1,0,1,DESTRUCTIVE,5.955556,9.586909,0,0.0,0.0,0.14657,-0.584704,1.267294,0.904463,-0.426553,0.0,0.14657,0.1008,64,64,1507,1.494868,95.671538,2.040478,64,0,10,6,4,81,10,9,1.949786,3.59196,0.473191,2.39445,0.055,0.82524,1.0,1.99625,1.4,9.4e-05,1.32,64,24
20260526-194927-sentence-script-a-cell-sphere-is-filled-38e823,1134,1779843002.30592,33.916998,25.2,1,0,1,DESTRUCTIVE,6.044444,9.586909,0,0.0,0.0,0.15471,-0.588543,1.267288,0.904463,-0.426553,0.0,0.15471,0.1098,64,64,1501,1.484784,95.026188,1.98805,64,0,10,6,4,80,10,9,1.939395,3.59196,0.468846,2.39445,0.055,0.821051,1.0,1.99625,1.4,8.8e-05,1.32,64,24
20260526-194927-sentence-script-a-cell-sphere-is-filled-38e823,1137,1779843002.415271,34.026165,25.266667,1,0,1,DESTRUCTIVE,6.111111,9.586909,0,0.0,0.0,0.160815,-0.591422,1.267284,0.904463,-0.426553,0.0,0.160815,0.11655,64,64,1509,1.491056,95.427572,1.98805,64,0,10,6,4,79,10,9,1.931684,3.59196,0.465633,2.39445,0.055,0.817931,1.0,1.99625,1.4,8.4e-05,1.32,64,24
20260526-194927-sentence-script-a-cell-sphere-is-filled-38e823,1140,1779843002.505247,34.11626,25.333333,1,0,1,DESTRUCTIVE,6.177778,9.586909,0,0.0,0.0,0.166106,-0.593917,1.26728,0.904463,-0.426553,0.0,0.166106,0.1224,64,64,1504,1.484891,95.032997,1.98805,64,0,10,6,4,81,10,9,1.924042,3.59196,0.462458,2.39445,0.055,0.81483,1.0,1.99625,1.4,8e-05,1.32,64,24
20260526-194927-sentence-script-a-cell-sphere-is-filled-38e823,1144,1779843002.621189,34.232199,25.422222,1,0,1,DESTRUCTIVE,6.266667,9.586909,0,0.0,0.0,0.172618,-0.596988,1.267276,0.904463,-0.426553,0.0,0.172618,0.1296,64,64,1506,1.478565,94.628142,1.950366,64,0,10,6,4,80,10,9,1.913959,3.59196,0.458284,2.39445,0.055,0.810723,1.0,1.99625,1.4,7.6e-05,1.32,64,24
20260526-194927-sentence-script-a-cell-sphere-is-filled-38e823,1146,1779843002.696027,34.307044,25.466667,1,0,1,DESTRUCTIVE,6.311111,9.586909,0,0.0,0.0,0.175874,-0.598524,1.267273,0.904463,-0.426553,0.0,0.175874,0.1332,64,64,1511,1.481743,94.831531,1.950366,64,0,10,6,4,81,10,9,1.908962,3.59196,0.456222,2.39445,0.055,0.808682,1.0,1.99625,1.4,7.3e-05,1.32,64,24
20260526-194927-sentence-script-a-cell-sphere-is-filled-38e823,1150,1779843002.795724,34.406716,25.555556,1,0,1,DESTRUCTIVE,6.4,9.586909,0,0.0,0.0,0.182386,-0.601595,1.267269,0.904463,-0.426553,0.0,0.182386,0.1404,64,64,1508,1.475997,94.463834,1.950366,64,0,10,6,4,81,10,9,1.899059,3.59196,0.452147,2.39445,0.055,0.804625,1.0,1.99625,1.4,6.9e-05,1.32,64,24
20260526-194927-sentence-script-a-cell-sphere-is-filled-38e823,1154,1779843002.906269,34.511003,25.644444,1,0,1,DESTRUCTIVE,6.488889,9.586909,0,0.0,0.0,0.189306,-0.604858,1.267265,0.904463,-0.426553,0.0,0.189306,0.14805,64,64,1506,1.470496,94.111733,1.950366,64,0,11,7,4,82,10,9,1.889275,3.59196,0.448136,2.39445,0.055,0.8006,1.0,1.99625,1.4,6.5e-05,1.32,64,24
20260526-194927-sentence-script-a-cell-sphere-is-filled-38e823,1156,1779843002.996956,34.60793,25.688889,1,0,1,DESTRUCTIVE,6.533333,9.586909,0,0.0,0.0,0.193376,-0.606778,1.267263,0.904463,-0.426553,0.0,0.193376,0.15255,64,64,1505,1.469057,94.019659,1.950366,64,0,11,7,4,80,10,9,1.884426,3.59196,0.446155,2.39445,0.055,0.7986,1.0,1.99625,1.4,6.3e-05,1.32,64,24
20260526-194927-sentence-script-a-cell-sphere-is-filled-38e823,1160,1779843003.097096,34.708153,25.777778,1,0,1,DESTRUCTIVE,6.622222,9.586909,0,0.0,0.0,0.201516,-0.610617,1.267259,0.904463,-0.426553,0.0,0.201516,0.16155,64,64,1504,1.466087,93.829584,1.950366,64,0,7,7,0,80,10,9,1.874817,3.59196,0.44224,2.39445,0.055,0.794623,1.0,1.99625,1.4,5.9e-05,1.32,64,24
20260526-194927-sentence-script-a-cell-sphere-is-filled-38e823,1163,1779843003.20449,34.815442,25.844444,1,0,1,DESTRUCTIVE,6.688889,9.586909,0,0.0,0.0,0.207621,-0.613496,1.267257,0.904463,-0.426553,0.0,0.207621,0.1683,64,64,1513,1.47427,94.353255,1.950366,64,0,7,7,0,81,10,9,1.867685,3.59196,0.439345,2.39445,0.055,0.791661,1.0,1.99625,1.4,5.7e-05,1.32,64,24
20260526-194927-sentence-script-a-cell-sphere-is-filled-38e823,1164,1779843003.301305,34.912037,25.866667,1,0,1,DESTRUCTIVE,6.711111,9.586909,0,0.0,0.0,0.209656,-0.614456,1.267256,0.904463,-0.426553,0.0,0.209656,0.17055,64,64,1513,1.473173,94.283087,1.950366,64,0,7,7,0,79,10,9,1.865322,3.59196,0.438388,2.39445,0.055,0.790678,1.0,1.99625,1.4,5.6e-05,1.32,64,24
20260526-194927-sentence-script-a-cell-sphere-is-filled-38e823,1166,1779843003.410489,35.021541,25.911111,1,0,1,DESTRUCTIVE,6.755556,9.586909,0,0.0,0.0,0.213726,-0.616375,1.267254,0.904463,-0.426553,0.0,0.213726,0.17505,64,64,1507,1.463775,93.6816,1.950366,64,0,7,7,0,80,10,9,1.860617,3.59196,0.436484,2.39445,0.055,0.788717,1.0,1.99625,1.4,5.4e-05,1.32,64,24
20260526-194927-sentence-script-a-cell-sphere-is-filled-38e823,1168,1779843003.503849,35.114851,25.955556,1,0,1,DESTRUCTIVE,6.8,9.586909,0,0.0,0.0,0.217796,-0.618295,1.267253,0.904463,-0.426553,0.0,0.217796,0.17955,64,64,1506,1.459659,93.418205,1.950366,64,0,7,7,0,80,10,10,1.85594,3.59196,0.434596,2.39445,0.055,0.786764,1.0,1.99625,1.4,5.3e-05,1.32,64,24
20260526-194927-sentence-script-a-cell-sphere-is-filled-38e823,1171,1779843003.62522,35.236113,26.022222,1,0,1,DESTRUCTIVE,6.866667,9.586909,0,0.0,0.0,0.223901,-0.621174,1.26725,0.904463,-0.426553,0.0,0.223901,0.00225,64,64,1506,1.456957,93.245255,1.950366,64,0,7,7,0,81,10,10,1.848978,3.59196,0.431792,2.39445,0.055,0.78385,1.0,1.99625,1.4,5e-05,1.32,64,24
20260526-194927-sentence-script-a-cell-sphere-is-filled-38e823,1173,1779843003.705673,35.316685,26.066667,1,0,1,DESTRUCTIVE,6.911111,9.586909,0,0.0,0.0,0.227971,-0.623094,1.267249,0.904463,-0.426553,0.0,0.227971,0.00675,64,64,1505,1.454764,93.104878,1.950366,64,0,7,7,0,81,10,10,1.844371,3.59196,0.429942,2.39445,0.055,0.781916,1.0,1.99625,1.4,4.9e-05,1.32,64,24
20260526-194927-sentence-script-a-cell-sphere-is-filled-38e823,1175,1779843003.805714,35.4167,26.111111,1,0,1,DESTRUCTIVE,6.955556,9.586909,0,0.0,0.0,0.232041,-0.625013,1.267247,0.904463,-0.426553,0.0,0.232041,0.01125,64,64,1504,1.45072,92.846104,1.950366,64,0,7,7,0,81,10,10,1.839791,3.59196,0.428106,2.39445,0.055,0.77999,1.0,1.99625,1.4,4.7e-05,1.32,64,24
20260526-194927-sentence-script-a-cell-sphere-is-filled-38e823,1178,1779843003.926392,35.537399,26.177778,1,0,1,DESTRUCTIVE,7.022222,9.586909,0,0.0,0.0,0.238147,-0.627892,1.267245,0.904463,-0.426553,0.0,0.238147,0.018,64,64,1509,1.454527,93.08974,1.976834,64,0,7,7,0,81,10,10,1.832974,3.59196,0.42538,2.39445,0.055,0.777116,1.0,1.99625,1.4,4.5e-05,1.32,64,24
20260526-194927-sentence-script-a-cell-sphere-is-filled-38e823,1180,1779843004.007349,35.618051,26.222222,1,0,1,DESTRUCTIVE,7.066667,9.586909,0,0.0,0.0,0.242217,-0.629812,1.267244,0.904463,-0.426553,0.0,0.242217,0.0225,64,64,1507,1.450372,92.823829,1.976834,64,0,7,7,0,81,10,10,1.828463,3.59196,0.42358,2.39445,0.055,0.77521,1.0,1.99625,1.4,4.4e-05,1.32,64,24
20260526-194927-sentence-script-a-cell-sphere-is-filled-38e823,1183,1779843004.117581,35.728354,26.288889,1,0,1,DESTRUCTIVE,7.133333,9.586909,0,0.0,0.0,0.248322,-0.632691,1.267242,0.904463,-0.426553,0.0,0.248322,0.02925,64,64,1508,1.449764,92.784909,1.927806,64,0,7,7,0,81,10,10,1.821747,3.59196,0.420908,2.39445,0.055,0.772364,1.0,1.99625,1.4,4.2e-05,1.32,64,24
20260526-194927-sentence-script-a-cell-sphere-is-filled-38e823,1185,1779843004.215224,35.826259,26.333333,1,0,1,DESTRUCTIVE,7.177778,9.586909,0,0.0,0.0,0.252392,-0.63461,1.267241,0.904463,-0.426553,0.0,0.252392,0.03375,64,64,1507,1.447763,92.656826,1.927806,64,0,7,7,0,81,10,10,1.817303,3.59196,0.419144,2.39445,0.055,0.770476,1.0,1.99625,1.4,4.1e-05,1.32,64,24
20260526-194927-sentence-script-a-cell-sphere-is-filled-38e823,1188,1779843004.305089,35.916112,26.4,1,0,1,DESTRUCTIVE,7.244444,9.586909,0,0.0,0.0,0.258497,-0.63749,1.267239,0.904463,-0.426553,0.0,0.258497,0.0405,64,64,1513,1.453178,93.003416,1.927806,64,0,7,7,0,81,10,10,1.810687,3.59196,0.416525,2.39445,0.055,0.767659,1.0,1.99625,1.4,3.9e-05,1.32,64,24
20260526-194927-sentence-script-a-cell-sphere-is-filled-38e823,1191,1779843004.411658,36.008262,26.466667,1,0,1,DESTRUCTIVE,7.311111,9.586909,0,0.0,0.0,0.265009,-0.640561,1.267237,0.904463,-0.426553,0.0,0.265009,0.0477,64,64,1508,1.449805,92.787524,1.927806,64,0,8,8,0,79,10,10,1.804131,3.59196,0.413937,2.39445,0.055,0.764859,1.0,1.99625,1.4,3.7e-05,1.32,64,24
20260526-194927-sentence-script-a-cell-sphere-is-filled-38e823,1194,1779843004.518336,36.115603,26.533333,1,0,1,DESTRUCTIVE,7.377778,9.586909,0,0.0,0.0,0.272335,-0.644016,1.267236,0.904463,-0.426553,0.0,0.272335,0.0558,64,64,1507,1.447318,92.62837,1.927806,64,0,8,8,0,79,10,10,1.797633,3.59196,0.41138,2.39445,0.055,0.762075,1.0,1.99625,1.4,3.6e-05,1.32,64,24
20260526-194927-sentence-script-a-cell-sphere-is-filled-38e823,1197,1779843004.612081,36.223099,26.6,1,0,1,DESTRUCTIVE,7.444444,9.586909,0,0.0,0.0,0.280068,-0.647663,1.267234,0.904463,-0.426553,0.0,0.280068,0.06435,64,64,1507,1.445262,92.49676,1.927806,64,0,9,9,0,81,10,10,1.791194,3.59196,0.408854,2.39445,0.055,0.759308,1.0,1.99625,1.4,3.4e-05,1.32,64,24
20260526-194927-sentence-script-a-cell-sphere-is-filled-38e823,1200,1779843004.719527,36.330506,26.666667,1,0,1,DESTRUCTIVE,7.511111,9.586909,0,0.0,0.0,0.288616,-0.651694,1.267232,0.904463,-0.426553,0.0,0.288616,0.0738,64,64,1512,1.449218,92.749953,1.927806,64,0,9,9,0,81,10,10,1.784812,3.59196,0.406357,2.39445,0.055,0.756558,1.0,1.99625,1.4,3.2e-05,1.32,64,24
20260526-194927-sentence-script-a-cell-sphere-is-filled-38e823,1203,1779843004.807238,36.418255,26.733333,1,0,1,DESTRUCTIVE,7.577778,9.586909,0,0.0,0.0,0.297163,-0.655725,1.267231,0.904463,-0.426553,0.0,0.297163,0.08325,64,64,1504,1.440581,92.197209,1.927806,64,0,9,8,1,81,10,10,1.778488,3.59196,0.403891,2.39445,0.055,0.753824,1.0,1.99625,1.4,3.1e-05,1.32,64,24
20260526-194927-sentence-script-a-cell-sphere-is-filled-38e823,1207,1779843004.927366,36.538278,26.822222,1,0,1,DESTRUCTIVE,7.666667,9.586909,0,0.0,0.0,0.308559,-0.661099,1.267229,0.904463,-0.426553,0.0,0.308559,0.09585,64,64,1504,1.437647,92.009416,1.927806,64,0,9,8,1,80,10,10,1.770144,3.59196,0.400648,2.39445,0.055,0.750204,1.0,1.99625,1.4,2.9e-05,1.32,64,24
20260526-194927-sentence-script-a-cell-sphere-is-filled-38e823,1209,1779843004.989425,36.600386,26.866667,1,0,1,DESTRUCTIVE,7.711111,9.586909,0,0.0,0.0,0.314257,-0.663787,1.267228,0.904463,-0.426553,0.0,0.314257,0.10215,64,64,1503,1.432978,91.710592,1.927806,64,0,9,8,1,80,10,10,1.766009,3.59196,0.399046,2.39445,0.055,0.748405,1.0,1.99625,1.4,2.8e-05,1.32,64,24
20260526-194927-sentence-script-a-cell-sphere-is-filled-38e823,1212,1779843005.103917,36.714877,26.933333,1,0,1,DESTRUCTIVE,7.777778,9.586909,0,0.0,0.0,0.322804,-0.667818,1.267227,0.904463,-0.426553,0.0,0.322804,0.1116,64,64,1499,1.427128,91.336193,1.927806,64,0,9,8,1,80,10,10,1.759853,3.59196,0.396667,2.39445,0.055,0.74572,1.0,1.99625,1.4,2.7e-05,1.32,64,24
20260526-194927-sentence-script-a-cell-sphere-is-filled-38e823,1214,1779843005.240322,36.8513,26.977778,1,0,1,DESTRUCTIVE,7.822222,9.586909,0,0.0,0.0,0.328502,-0.670505,1.267226,0.904463,-0.426553,0.0,0.328502,0.1179,64,64,1499,1.423604,91.110629,1.927806,64,0,9,8,1,81,10,10,1.75578,3.59196,0.395097,2.39445,0.055,0.743939,1.0,1.99625,1.4,2.6e-05,1.32,64,24
20260526-194927-sentence-script-a-cell-sphere-is-filled-38e823,1216,1779843005.332374,36.943349,27.022222,1,0,1,DESTRUCTIVE,7.866667,9.586909,0,0.0,0.0,0.3342,-0.673192,1.267225,0.904463,-0.426553,0.0,0.3342,0.1242,64,64,1496,1.420324,90.900748,1.927806,64,0,9,8,1,80,10,10,1.751732,3.59196,0.393539,2.39445,0.055,0.742165,1.0,1.99625,1.4,2.5e-05,1.32,64,24
20260526-194927-sentence-script-a-cell-sphere-is-filled-38e823,1218,1779843005.431016,37.041999,27.066667,1,0,1,DESTRUCTIVE,7.911111,9.586909,0,0.0,0.0,0.339899,-0.675879,1.267225,0.904463,-0.426553,0.0,0.339899,0.1305,64,64,1494,1.417607,90.726838,1.927806,64,0,9,8,1,83,10,10,1.747707,3.59196,0.391994,2.39445,0.055,0.740398,1.0,1.99625,1.4,2.5e-05,1.32,64,24
20260526-194927-sentence-script-a-cell-sphere-is-filled-38e823,1220,1779843005.540571,37.151527,27.111111,1,0,1,DESTRUCTIVE,7.955556,9.586909,0,0.0,0.0,0.34519,-0.678375,1.267224,0.904463,-0.426553,0.0,0.34519,0.13635,64,64,1496,1.418486,90.783103,1.927806,64,0,9,7,2,83,10,10,1.743707,3.59196,0.390461,2.39445,0.055,0.738639,1.0,1.99625,1.4,2.4e-05,1.32,64,24
20260526-194927-sentence-script-a-cell-sphere-is-filled-38e823,1222,1779843005.632699,37.243729,27.155556,1,0,1,DESTRUCTIVE,8.0,9.586909,0,0.0,0.0,0.350074,-0.680678,1.267223,0.904463,-0.426553,0.0,0.350074,0.14175,64,64,1495,1.417088,90.693613,1.927806,64,0,9,7,2,83,10,10,1.739731,3.59196,0.388941,2.39445,0.055,0.736886,1.0,1.99625,1.4,2.3e-05,1.32,64,24
20260526-194927-sentence-script-a-cell-sphere-is-filled-38e823,1224,1779843005.707766,37.318654,27.2,1,0,1,DESTRUCTIVE,8.044444,9.586909,0,0.0,0.0,0.354958,-0.682982,1.267223,0.904463,-0.426553,0.0,0.354958,0.14715,64,64,1498,1.418416,90.778635,1.927806,64,0,9,7,2,82,10,10,1.735778,3.59196,0.387432,2.39445,0.055,0.73514,1.0,1.99625,1.4,2.3e-05,1.32,64,24
20260526-194927-sentence-script-a-cell-sphere-is-filled-38e823,1227,1779843005.849958,37.461002,27.266667,1,0,1,DESTRUCTIVE,8.111111,9.586909,0,0.0,0.0,0.362284,-0.686437,1.267222,0.904463,-0.426553,0.0,0.362284,0.15525,64,64,1499,1.41792,90.746873,1.927806,64,0,9,7,2,80,10,10,1.729894,3.59196,0.385192,2.39445,0.055,0.732534,1.0,1.99625,1.4,2.2e-05,1.32,64,24
20260526-194927-sentence-script-a-cell-sphere-is-filled-38e823,1228,1779843005.892137,37.503085,27.288889,1,0,1,DESTRUCTIVE,8.133333,9.586909,0,0.0,0.0,0.364726,-0.687588,1.267221,0.904463,-0.426553,0.0,0.364726,0.15795,64,64,1498,1.415695,90.604466,1.927806,64,0,9,7,2,79,10,10,1.727944,3.59196,0.384451,2.39445,0.055,0.731669,1.0,1.99625,1.4,2.1e-05,1.32,64,24
20260526-194927-sentence-script-a-cell-sphere-is-filled-38e823,1231,1779843005.990686,37.60159,27.355556,1,0,1,DESTRUCTIVE,8.2,9.586909,0,0.0,0.0,0.372052,-0.691043,1.26722,0.904463,-0.426553,0.0,0.372052,0.16605,64,64,1501,1.414491,90.527398,1.927806,64,0,9,7,2,81,11,10,1.72213,3.59196,0.382247,2.39445,0.055,0.729084,1.0,1.99625,1.4,2e-05,1.32,64,24
20260526-194927-sentence-script-a-cell-sphere-is-filled-38e823,1235,1779843006.127015,37.737978,27.444444,1,0,1,DESTRUCTIVE,8.288889,9.586909,0,0.0,0.0,0.38182,-0.69565,1.267219,0.904463,-0.426553,0.0,0.38182,0.17685,64,64,1509,1.42084,90.933769,1.904292,64,0,9,7,2,81,11,10,1.714459,3.59196,0.379348,2.39445,0.055,0.725662,1.0,1.99625,1.4,1.9e-05,1.32,64,24
20260526-194927-sentence-script-a-cell-sphere-is-filled-38e823,1238,1779843006.201578,37.812463,27.511111,1,0,1,DESTRUCTIVE,8.355556,9.586909,0,0.0,0.0,0.389147,-0.699105,1.267218,0.904463,-0.426553,0.0,0.389147,0.18495,64,64,1507,1.414049,90.499147,1.869481,64,0,9,7,2,81,11,10,1.708766,3.59196,0.377205,2.39445,0.055,0.723113,1.0,1.99625,1.4,1.8e-05,1.32,64,24
20260526-194927-sentence-script-a-cell-sphere-is-filled-38e823,1242,1779843006.345204,37.956214,27.6,1,0,1,DESTRUCTIVE,8.444444,9.586909,0,0.0,0.0,0.398915,-0.703712,1.267217,0.904463,-0.426553,0.0,0.398915,0.19575,64,64,1507,1.412301,90.387281,1.869481,64,0,9,6,3,80,11,10,1.701255,3.59196,0.374386,2.39445,0.055,0.719738,1.0,1.99625,1.4,1.7e-05,1.32,64,24
20260526-194927-sentence-script-a-cell-sphere-is-filled-38e823,1244,1779843006.400501,38.011437,27.644444,1,0,1,DESTRUCTIVE,8.488889,9.586909,0,0.0,0.0,0.403799,-0.706015,1.267217,0.904463,-0.426553,0.0,0.403799,0.20115,64,64,1508,1.41014,90.248976,1.869481,64,0,9,6,3,81,11,10,1.697533,3.59196,0.372994,2.39445,0.055,0.718061,1.0,1.99625,1.4,1.7e-05,1.32,64,24
20260526-194927-sentence-script-a-cell-sphere-is-filled-38e823,1247,1779843006.500756,38.111701,27.711111,1,0,1,DESTRUCTIVE,8.555556,9.586909,0,0.0,0.0,0.411532,-0.709662,1.267216,0.904463,-0.426553,0.0,0.411532,0.2097,64,64,1511,1.411268,90.321169,1.869481,64,0,10,7,3,81,11,10,1.691992,3.59196,0.370926,2.39445,0.055,0.715558,1.0,1.99625,1.4,1.6e-05,1.32,64,24
20260526-194927-sentence-script-a-cell-sphere-is-filled-38e823,1250,1779843006.59636,38.201093,27.777778,1,0,1,DESTRUCTIVE,8.622222,9.586909,0,0.0,0.0,0.420079,-0.713693,1.267215,0.904463,-0.426553,0.0,0.420079,0.21915,64,64,1507,1.402764,89.776893,1.869481,64,0,10,7,3,81,11,10,1.686501,3.59196,0.368883,2.39445,0.055,0.713069,1.0,1.99625,1.4,1.5e-05,1.32,64,24
20260526-194927-sentence-script-a-cell-sphere-is-filled-38e823,1253,1779843006.696766,38.307822,27.844444,1,0,1,DESTRUCTIVE,8.688889,9.586909,0,0.0,0.0,0.428626,-0.717724,1.267215,0.904463,-0.426553,0.0,0.428626,0.2286,64,64,1509,1.40423,89.870704,1.869481,64,0,10,7,3,81,12,10,1.681058,3.59196,0.366865,2.39445,0.055,0.710596,1.0,1.99625,1.4,1.5e-05,1.32,64,24
20260526-194927-sentence-script-a-cell-sphere-is-filled-38e823,1256,1779843006.796984,38.408005,27.911111,1,0,1,DESTRUCTIVE,8.755556,9.586909,0,0.0,0.0,0.437174,-0.721755,1.267214,0.904463,-0.426553,0.0,0.437174,0.23805,64,64,1510,1.401751,89.712068,1.869481,64,0,10,7,3,80,12,10,1.675665,3.59196,0.364871,2.39445,0.055,0.708137,1.0,1.99625,1.4,1.4e-05,1.32,64,24
20260526-194927-sentence-script-a-cell-sphere-is-filled-38e823,1260,1779843006.909844,38.520819,28.0,1,0,1,DESTRUCTIVE,8.844444,9.586909,0,0.0,0.0,0.44857,-0.72713,1.267213,0.904463,-0.426553,0.0,0.44857,0.25065,64,64,1508,1.39554,89.314554,1.814723,64,0,10,7,3,81,12,10,1.668549,3.59196,0.362248,2.39445,0.055,0.704882,1.0,1.99625,1.4,1.3e-05,1.32,64,24
20260526-194927-sentence-script-a-cell-sphere-is-filled-38e823,1264,1779843007.034205,38.644956,28.088889,1,0,1,DESTRUCTIVE,8.933333,9.586909,0,0.0,0.0,0.459966,-0.732504,1.267212,0.904463,-0.426553,0.0,0.459966,0.0126,64,64,1505,1.388282,88.850046,1.814723,64,0,10,7,3,81,12,10,1.661518,3.59196,0.359668,2.39445,0.055,0.701653,1.0,1.99625,1.4,1.2e-05,1.32,64,24
20260526-194927-sentence-script-a-cell-sphere-is-filled-38e823,1267,1779843007.159821,38.770581,28.155556,1,0,1,DESTRUCTIVE,9.0,9.586909,0,0.0,0.0,0.468513,-0.736535,1.267212,0.904463,-0.426553,0.0,0.468513,0.02205,64,64,1504,1.387205,88.781121,1.814723,64,0,10,7,3,81,12,10,1.6563,3.59196,0.35776,2.39445,0.055,0.699248,1.0,1.99625,1.4,1.2e-05,1.32,64,24
20260526-194927-sentence-script-a-cell-sphere-is-filled-38e823,1268,1779843007.345758,38.956578,28.177778,1,0,1,DESTRUCTIVE,9.022222,9.586909,0,0.0,0.0,0.471362,-0.737879,1.267212,0.904463,-0.426553,0.0,0.471362,0.0252,64,64,1503,1.385223,88.65427,1.814723,64,0,10,7,3,81,12,10,1.654572,3.59196,0.357129,2.39445,0.055,0.698449,1.0,1.99625,1.4,1.2e-05,1.32,64,24
20260526-194927-sentence-script-a-cell-sphere-is-filled-38e823,1269,1779843007.408542,39.01951,28.2,1,0,1,DESTRUCTIVE,9.044444,9.586909,0,0.0,0.0,0.474211,-0.739223,1.267211,0.904463,-0.426553,0.0,0.474211,0.02835,64,64,1503,1.384557,88.611631,1.814723,64,0,10,7,3,80,12,10,1.652848,3.59196,0.3565,2.39445,0.055,0.697652,1.0,1.99625,1.4,1.1e-05,1.32,64,24
20260526-194927-sentence-script-a-cell-sphere-is-filled-38e823,1270,1779843007.509629,39.120517,28.222222,1,0,1,DESTRUCTIVE,9.066667,9.586909,0,0.0,0.0,0.47706,-0.740566,1.267211,0.904463,-0.426553,0.0,0.47706,0.0315,64,64,1501,1.380274,88.337551,1.814723,64,0,10,7,3,81,12,10,1.651129,3.59196,0.355874,2.39445,0.055,0.696857,1.0,1.99625,1.4,1.1e-05,1.32,64,24
20260526-194927-sentence-script-a-cell-sphere-is-filled-38e823,1271,1779843007.572652,39.183478,28.244444,1,0,1,DESTRUCTIVE,9.088889,9.586909,0,0.0,0.0,0.479909,-0.74191,1.267211,0.904463,-0.426553,0.0,0.479909,0.03465,64,64,1500,1.379084,88.26137,1.804973,64,0,10,7,3,81,12,10,1.649416,3.59196,0.355251,2.39445,0.055,0.696063,1.0,1.99625,1.4,1.1e-05,1.32,64,24
20260526-194927-sentence-script-a-cell-sphere-is-filled-38e823,1272,1779843007.663711,39.274561,28.266667,1,0,1,DESTRUCTIVE,9.111111,9.586909,0,0.0,0.0,0.482758,-0.743253,1.267211,0.904463,-0.426553,0.0,0.482758,0.0378,64,64,1503,1.380965,88.38177,1.804973,64,0,10,7,3,81,12,10,1.647708,3.59196,0.35463,2.39445,0.055,0.695271,1.0,1.99625,1.4,1.1e-05,1.32,64,24
20260526-194927-sentence-script-a-cell-sphere-is-filled-38e823,1274,1779843007.814551,39.425427,28.311111,1,0,1,DESTRUCTIVE,9.155556,9.586909,0,0.0,0.0,0.488457,-0.745941,1.267211,0.904463,-0.426553,0.0,0.488457,0.0441,64,64,1500,1.375226,88.014456,1.804973,64,0,10,7,3,80,12,10,1.644306,3.59196,0.353395,2.39445,0.055,0.693692,1.0,1.99625,1.4,1.1e-05,1.32,64,24
20260526-194927-sentence-script-a-cell-sphere-is-filled-38e823,1275,1779843007.863633,39.474648,28.333333,1,0,1,DESTRUCTIVE,9.177778,9.586909,0,0.0,0.0,0.491306,-0.747284,1.26721,0.904463,-0.426553,0.0,0.491306,0.04725,64,64,1502,1.377334,88.149366,1.866056,64,0,10,7,3,83,12,10,1.642614,3.59196,0.352781,2.39445,0.055,0.692904,1.0,1.99625,1.4,1e-05,1.32,64,24
20260526-194927-sentence-script-a-cell-sphere-is-filled-38e823,1276,1779843007.952991,39.563871,28.355556,1,0,1,DESTRUCTIVE,9.2,9.586909,0,0.0,0.0,0.494155,-0.748628,1.26721,0.904463,-0.426553,0.0,0.494155,0.0504,64,64,1502,1.376001,88.064094,1.866056,64,0,10,7,3,83,12,10,1.640926,3.59196,0.35217,2.39445,0.055,0.692118,1.0,1.99625,1.4,1e-05,1.32,64,24
20260526-194927-sentence-script-a-cell-sphere-is-filled-38e823,1277,1779843007.996922,39.607847,28.377778,1,0,1,DESTRUCTIVE,9.222222,9.586909,0,0.0,0.0,0.497004,-0.749972,1.26721,0.904463,-0.426553,0.0,0.497004,0.05355,64,64,1502,1.375686,88.043935,1.866056,64,0,10,7,3,83,12,10,1.639243,3.59196,0.351562,2.39445,0.055,0.691334,1.0,1.99625,1.4,1e-05,1.32,64,24
20260526-194927-sentence-script-a-cell-sphere-is-filled-38e823,1279,1779843008.121362,39.732345,28.422222,1,0,1,DESTRUCTIVE,9.266667,9.586909,0,0.0,0.0,0.502702,-0.752659,1.26721,0.904463,-0.426553,0.0,0.502702,0.05985,64,64,1501,1.374397,87.961377,1.866056,64,0,9,7,2,83,12,10,1.635893,3.59196,0.350352,2.39445,0.055,0.68977,1.0,1.99625,1.4,1e-05,1.32,64,24
20260526-194927-sentence-script-a-cell-sphere-is-filled-38e823,1281,1779843008.213119,39.810731,28.466667,1,0,1,DESTRUCTIVE,9.311111,9.586909,0,0.0,0.0,0.5084,-0.755346,1.26721,0.904463,-0.426553,0.0,0.5084,0.06615,64,64,1503,1.37645,88.092788,1.8105,64,0,9,7,2,83,12,10,1.632562,3.59196,0.349151,2.39445,0.055,0.688213,1.0,1.99625,1.4,1e-05,1.32,64,24
20260526-194927-sentence-script-a-cell-sphere-is-filled-38e823,1284,1779843008.322608,39.933498,28.533333,1,0,1,DESTRUCTIVE,9.377778,9.586909,0,0.0,0.0,0.516947,-0.759377,1.267209,0.904463,-0.426553,0.0,0.516947,0.0756,64,64,1503,1.375274,88.017527,1.8105,64,0,9,7,2,80,12,10,1.627604,3.59196,0.347368,2.39445,0.055,0.685888,1.0,1.99625,1.4,9e-06,1.32,64,24
20260526-194927-sentence-script-a-cell-sphere-is-filled-38e823,1287,1779843008.418495,40.029474,28.6,1,0,1,DESTRUCTIVE,9.444444,9.586909,0,0.0,0.0,0.525494,-0.763408,1.267209,0.904463,-0.426553,0.0,0.525494,0.08505,64,64,1503,1.375805,88.051498,1.8105,64,0,9,7,2,83,12,10,1.62269,3.59196,0.345607,2.39445,0.055,0.683577,1.0,1.99625,1.4,9e-06,1.32,64,24
20260526-194927-sentence-script-a-cell-sphere-is-filled-38e823,1290,1779843008.489216,40.100181,28.666667,1,0,1,DESTRUCTIVE,9.511111,9.586909,0,0.0,0.0,0.533227,-0.767055,1.267208,0.904463,-0.426553,0.0,0.533227,0.0936,64,64,1501,1.373511,87.904734,1.8105,64,0,9,7,2,78,12,10,1.617821,3.59196,0.343867,2.39445,0.055,0.681281,1.0,1.99625,1.4,8e-06,1.32,64,24
20260526-194927-sentence-script-a-cell-sphere-is-filled-38e823,1293,1779843008.609403,40.220372,28.733333,1,0,1,DESTRUCTIVE,9.577778,9.586909,0,0.0,0.0,0.540554,-0.77051,1.267208,0.904463,-0.426553,0.0,0.540554,0.1017,64,64,1495,1.367471,87.518148,1.8105,64,0,9,7,2,81,12,10,1.612995,3.59196,0.342147,2.39445,0.055,0.678998,1.0,1.99625,1.4,8e-06,1.32,64,24
20260526-194927-sentence-script-a-cell-sphere-is-filled-38e823,1295,1779843008.697586,40.308545,28.777778,1,0,1,CAREFUL,0.022222,13.286717,0,0.0,0.0,0.545463,-0.772759,1.267208,0.910666,-0.413143,0.0,0.545463,0.1071,64,64,1489,1.252502,80.160149,1.715053,64,0,9,7,2,81,12,10,1.614226,3.578607,0.338803,2.3834,0.055,0.673938,1.0,1.988784,1.4,8e-06,1.32,64,24
20260526-194927-sentence-script-a-cell-sphere-is-filled-38e823,1297,1779843008.79601,40.406978,28.822222,1,0,1,CAREFUL,0.066667,13.286717,0,0.0,0.0,0.550404,-0.774937,1.267207,0.916519,-0.399992,0.0,0.550404,0.112498,64,64,1492,1.200957,76.861274,1.660105,64,0,8,7,1,80,12,10,1.61545,3.565334,0.335486,2.372416,0.055,0.668899,1.0,1.981362,1.4,7e-06,1.32,64,24
20260526-194927-sentence-script-a-cell-sphere-is-filled-38e823,1300,1779843008.927157,40.538122,28.888889,1,0,1,CAREFUL,0.133333,13.286717,0,0.0,0.0,0.558289,-0.778244,1.267207,0.924675,-0.380758,0.0,0.558289,0.121041,64,64,1498,1.162149,74.377518,1.606893,64,0,9,8,1,79,12,10,1.617272,3.545573,0.33056,2.356063,0.055,0.661378,1.0,1.970313,1.4,7e-06,1.32,64,24
20260526-194927-sentence-script-a-cell-sphere-is-filled-38e823,1302,1779843009.019938,40.630878,28.933333,1,0,1,CAREFUL,0.177778,13.286717,0,0.0,0.0,0.564138,-0.780584,1.267207,0.929721,-0.368266,0.0,0.564138,0.127332,64,64,1499,1.140454,72.989056,1.583346,64,0,9,8,1,81,12,10,1.618478,3.532498,0.327309,2.345243,0.055,0.656389,1.0,1.963002,1.4,7e-06,1.32,64,24
20260526-194927-sentence-script-a-cell-sphere-is-filled-38e823,1304,1779843009.12307,40.734027,28.977778,1,0,1,CAREFUL,0.222222,13.286717,0,0.0,0.0,0.570018,-0.782846,1.267207,0.934471,-0.356039,0.0,0.570018,0.133619,64,64,1504,1.124608,71.974942,1.565372,64,0,9,8,1,80,12,10,1.619676,3.519501,0.324084,2.334488,0.055,0.65142,1.0,1.955735,1.4,7e-06,1.32,64,24
20260526-194927-sentence-script-a-cell-sphere-is-filled-38e823,1306,1779843009.191836,40.802722,29.022222,1,0,1,CAREFUL,0.266667,13.286717,0,0.0,0.0,0.575926,-0.785032,1.267207,0.938941,-0.344079,0.0,0.575926,0.139901,64,64,1502,1.103366,70.615416,1.491326,64,0,9,8,1,81,12,10,1.620868,3.506582,0.320884,2.323797,0.055,0.646471,1.0,1.948512,1.4,7e-06,1.32,64,24
20260526-194927-sentence-script-a-cell-sphere-is-filled-38e823,1309,1779843009.33663,40.947618,29.088889,1,0,1,CAREFUL,0.333333,13.286717,0,0.0,0.0,0.584839,-0.788173,1.267206,0.94515,-0.326635,0.0,0.584839,0.149317,64,64,1501,1.077659,68.970169,1.489814,64,0,9,8,1,83,12,10,1.622641,3.487349,0.316132,2.307881,0.055,0.639084,1.0,1.937757,1.4,6e-06,1.32,64,24
20260526-194927-sentence-script-a-cell-sphere-is-filled-38e823,1310,1779843009.39511,41.006032,29.111111,1,0,1,CAREFUL,0.355556,13.286717,0,0.0,0.0,0.587822,-0.789184,1.267206,0.947095,-0.320953,0.0,0.587822,0.152453,64,64,1503,1.072152,68.617723,1.49004,64,0,9,8,1,83,12,10,1.623229,3.480976,0.314561,2.302607,0.055,0.636632,1.0,1.934194,1.4,6e-06,1.32,64,24
20260526-194927-sentence-script-a-cell-sphere-is-filled-38e823,1313,1779843009.513889,41.124898,29.177778,1,0,1,CAREFUL,0.422222,13.286717,0,0.0,0.0,0.596807,-0.792112,1.267206,0.952576,-0.304301,0.0,0.596807,0.161855,64,64,1502,1.048429,67.099425,1.473855,64,0,9,8,1,82,12,10,1.624981,3.461973,0.309885,2.286881,0.055,0.629304,1.0,1.923568,1.4,6e-06,1.32,64,24
20260526-194927-sentence-script-a-cell-sphere-is-filled-38e823,1315,1779843009.61589,41.226897,29.222222,1,0,1,CAREFUL,0.466667,13.286717,0,0.0,0.0,0.602824,-0.793978,1.267206,0.955951,-0.293525,0.0,0.602824,0.168117,64,64,1501,1.03244,66.076179,1.416223,64,0,9,8,1,79,12,10,1.626141,3.449398,0.306799,2.276475,0.055,0.624443,1.0,1.916537,1.4,6e-06,1.32,64,24
20260526-194927-sentence-script-a-cell-sphere-is-filled-38e823,1317,1779843009.7136,41.324556,29.266667,1,0,1,CAREFUL,0.511111,13.286717,0,0.0,0.0,0.608862,-0.795778,1.267206,0.959117,-0.283008,0.0,0.608862,0.174373,64,64,1503,1.020455,65.309105,1.42654,64,0,8,8,0,82,12,10,1.627293,3.436899,0.303737,2.266132,0.055,0.619602,1.0,1.909549,1.4,6e-06,1.32,64,24
20260526-194927-sentence-script-a-cell-sphere-is-filled-38e823,1319,1779843009.809399,41.420348,29.311111,1,0,1,CAREFUL,0.555556,13.286717,0,0.0,0.0,0.614918,-0.797512,1.267205,0.962086,-0.272747,0.0,0.614918,0.180625,64,64,1504,1.00797,64.510109,1.419051,64,0,8,8,0,79,12,10,1.628439,3.424475,0.3007,2.255851,0.055,0.61478,1.0,1.902602,1.4,5e-06,1.32,64,24
20260526-194927-sentence-script-a-cell-sphere-is-filled-38e823,1322,1779843009.936575,41.547487,29.377778,1,0,1,CAREFUL,0.622222,13.286717,0,0.0,0.0,0.624036,-0.799995,1.267205,0.966191,-0.257827,0.0,0.624036,0.189994,64,64,1501,0.984567,63.012297,1.397383,64,0,8,8,0,78,12,11,1.630144,3.405979,0.29619,2.240544,0.055,0.607583,1.0,1.892259,1.4,5e-06,1.32,64,24
20260526-194927-sentence-script-a-cell-sphere-is-filled-38e823,1324,1779843010.015235,41.62622,29.422222,1,0,1,CAREFUL,0.666667,13.286717,0,0.0,0.0,0.630135,-0.801574,1.267205,0.968711,-0.248191,0.0,0.630135,0.196234,64,64,1506,0.975154,62.409859,1.424526,64,0,8,8,0,83,12,11,1.631273,3.39374,0.293213,2.230416,0.055,0.602809,1.0,1.885416,1.4,5e-06,1.32,64,24
20260526-194927-sentence-script-a-cell-sphere-is-filled-38e823,1325,1779843010.089882,41.700818,29.444444,1,0,1,CAREFUL,0.688889,13.286717,0,0.0,0.0,0.633191,-0.802341,1.267205,0.96991,-0.243465,0.0,0.633191,0.199353,64,64,1507,0.969444,62.044446,1.418206,64,0,8,8,0,81,12,11,1.631835,3.387648,0.291734,2.225375,0.055,0.600429,1.0,1.88201,1.4,5e-06,1.32,64,24
20260526-194927-sentence-script-a-cell-sphere-is-filled-38e823,1328,1779843010.201155,41.812096,29.511111,1,0,1,CAREFUL,0.755556,13.286717,0,0.0,0.0,0.642378,-0.804554,1.267205,0.973274,-0.229647,0.0,0.642378,0.208701,64,64,1502,0.943422,60.378979,1.394415,64,0,8,8,0,81,12,11,1.63351,3.369482,0.28733,2.210342,0.055,0.593318,1.0,1.871852,1.4,5e-06,1.32,64,24
20260526-194927-sentence-script-a-cell-sphere-is-filled-38e823,1330,1779843010.294211,41.90514,29.555556,1,0,1,CAREFUL,0.8,13.286717,0,0.0,0.0,0.648519,-0.805958,1.267205,0.975334,-0.220732,0.0,0.648519,0.214927,64,64,1503,0.932043,59.650735,1.379813,64,0,8,8,0,81,12,11,1.634618,3.357462,0.284424,2.200394,0.055,0.588601,1.0,1.865131,1.4,5e-06,1.32,64,24
20260526-194927-sentence-script-a-cell-sphere-is-filled-38e823,1333,1779843010.410952,42.021854,29.622222,1,0,1,CAREFUL,0.866667,13.286717,0,0.0,0.0,0.657754,-0.807963,1.267204,0.978173,-0.207793,0.0,0.657754,0.224259,64,64,1502,0.910644,58.281188,1.36733,64,0,8,8,0,81,12,11,1.636268,3.339566,0.280109,2.185585,0.055,0.581561,1.0,1.855125,1.4,4e-06,1.32,64,24
20260526-194927-sentence-script-a-cell-sphere-is-filled-38e823,1335,1779843010.49259,42.103465,29.666667,1,0,1,CAREFUL,0.911111,13.286717,0,0.0,0.0,0.663925,-0.809232,1.267204,0.979908,-0.19945,0.0,0.663925,0.230475,64,64,1501,0.896598,57.382259,1.361325,64,0,8,8,0,83,12,11,1.63736,3.327725,0.27726,2.175787,0.055,0.576891,1.0,1.848504,1.4,4e-06,1.32,64,24
20260526-194927-sentence-script-a-cell-sphere-is-filled-38e823,1338,1779843010.60578,42.216779,29.733333,1,0,1,CAREFUL,0.977778,13.286717,0,0.0,0.0,0.6732,-0.81104,1.267204,0.982293,-0.187351,0.0,0.6732,0.239791,64,64,1506,0.880039,56.322505,1.35171,64,0,8,8,0,83,12,11,1.638986,3.310097,0.27303,2.161198,0.055,0.569921,1.0,1.838648,1.4,4e-06,1.32,64,24
20260526-194927-sentence-script-a-cell-sphere-is-filled-38e823,1341,1779843010.72232,42.333288,29.8,1,0,1,CAREFUL,1.044444,13.286717,0,0.0,0.0,0.682496,-0.812737,1.267204,0.984438,-0.175734,0.0,0.682496,0.249099,64,64,1506,0.860183,55.051728,1.342576,64,0,8,8,0,81,12,11,1.640597,3.292626,0.26885,2.146741,0.055,0.562992,1.0,1.828879,1.4,4e-06,1.32,64,24
20260526-194927-sentence-script-a-cell-sphere-is-filled-38e823,1343,1779843010.792945,42.403727,29.844444,1,0,1,CAREFUL,1.088889,13.286717,0,0.0,0.0,0.688705,-0.813809,1.267204,0.985744,-0.168252,0.0,0.688705,0.2553,64,64,1511,0.852487,54.55918,1.337315,64,0,8,8,0,81,12,11,1.641663,3.281067,0.266092,2.137175,0.055,0.558397,1.0,1.822416,1.4,4e-06,1.32,64,24
20260526-194927-sentence-script-a-cell-sphere-is-filled-38e823,1345,1779843010.889257,42.500121,29.888889,1,0,1,CAREFUL,1.133333,13.286717,0,0.0,0.0,0.694921,-0.814834,1.267204,0.986959,-0.160973,0.0,0.694921,0.261497,64,64,1505,0.830744,53.167624,1.332325,64,0,8,8,0,81,12,11,1.642722,3.269576,0.263355,2.127666,0.055,0.553819,1.0,1.815991,1.4,4e-06,1.32,64,24
20260526-194927-sentence-script-a-cell-sphere-is-filled-38e823,1348,1779843011.033652,42.644594,29.955556,1,0,1,CAREFUL,1.2,13.286717,0,0.0,0.0,0.704258,-0.816289,1.267203,0.988621,-0.150426,0.0,0.704258,0.270787,64,64,1505,0.811846,51.958171,1.326729,64,0,8,8,0,81,12,11,1.6443,3.252469,0.259291,2.11351,0.055,0.546987,1.0,1.806426,1.4,3e-06,1.32,64,24
20260526-194927-sentence-script-a-cell-sphere-is-filled-38e823,1350,1779843011.100726,42.711555,30.0,1,0,1,CAREFUL,1.244444,13.286717,0,0.0,0.0,0.710491,-0.817204,1.267203,0.98963,-0.143637,0.0,0.710491,0.276977,64,64,1504,0.797038,51.010444,1.325232,64,0,8,8,0,79,12,11,1.645343,3.24115,0.256609,2.104143,0.055,0.542455,1.0,1.800096,1.4,3e-06,1.32,64,24
20260526-194927-sentence-script-a-cell-sphere-is-filled-38e823,1352,1779843011.219102,42.830019,30.044444,1,0,1,CAREFUL,1.288889,13.286717,0,0.0,0.0,0.71673,-0.818078,1.267203,0.990566,-0.137036,0.0,0.71673,0.0063,64,64,1504,0.784273,50.193444,1.262103,64,0,8,8,0,80,12,11,1.646381,3.229899,0.253948,2.094832,0.055,0.537942,1.0,1.793805,1.4,3e-06,1.32,64,24
20260526-194927-sentence-script-a-cell-sphere-is-filled-38e823,1355,1779843011.335243,42.946205,30.111111,1,0,1,CAREFUL,1.355556,13.286717,0,0.0,0.0,0.726099,-0.819313,1.267203,0.991841,-0.127478,0.0,0.726099,0.01575,64,64,1507,0.766595,49.062088,1.248175,64,0,8,8,0,81,12,11,1.647925,3.213148,0.249996,2.08097,0.055,0.531205,1.0,1.784439,1.4,3e-06,1.32,64,24
20260526-194927-sentence-script-a-cell-sphere-is-filled-38e823,1357,1779843011.413878,43.024842,30.155556,1,0,1,CAREFUL,1.4,13.286717,0,0.0,0.0,0.732351,-0.820087,1.267203,0.992612,-0.121328,0.0,0.732351,0.02205,64,64,1506,0.753654,48.233845,1.247833,64,0,8,8,0,80,12,11,1.648947,3.202065,0.247388,2.071798,0.055,0.526736,1.0,1.778242,1.4,3e-06,1.32,64,24
20260526-194927-sentence-script-a-cell-sphere-is-filled-38e823,1359,1779843011.515371,43.126339,30.2,1,0,1,CAREFUL,1.444444,13.286717,0,0.0,0.0,0.738608,-0.820823,1.267203,0.993325,-0.115351,0.0,0.738608,0.028349,64,64,1509,0.744997,47.679787,1.249555,64,0,8,8,0,80,12,11,1.649963,3.191047,0.244801,2.062681,0.055,0.522285,1.0,1.772082,1.4,3e-06,1.32,64,24
20260526-194927-sentence-script-a-cell-sphere-is-filled-38e823,1361,1779843011.603099,43.214109,30.244444,1,0,1,CAREFUL,1.488889,13.286717,0,0.0,0.0,0.745317,-0.821571,1.267203,0.993982,-0.109542,0.0,0.745317,0.035098,64,64,1512,0.735636,47.080726,1.25175,64,0,9,9,0,78,12,11,1.650973,3.180096,0.242235,2.053618,0.055,0.517852,1.0,1.765958,1.4,3e-06,1.32,64,24
20260526-194927-sentence-script-a-cell-sphere-is-filled-38e823,1364,1779843011.736485,43.347399,30.311111,1,0,1,CAREFUL,1.555556,13.286717,0,0.0,0.0,0.756058,-0.822693,1.267203,0.994873,-0.101136,0.0,0.756058,0.045896,64,64,1515,0.718559,45.987745,1.255664,64,0,9,9,0,81,12,11,1.652476,3.163792,0.238423,2.040126,0.055,0.511235,1.0,1.756842,1.4,3e-06,1.32,64,24
20260526-194927-sentence-script-a-cell-sphere-is-filled-38e823,1366,1779843011.814748,43.425762,30.355556,1,0,1,CAREFUL,1.6,13.286717,0,0.0,0.0,0.763224,-0.823392,1.267203,0.995407,-0.09573,0.0,0.763224,0.053095,64,64,1515,0.705848,45.174291,1.281709,64,0,9,9,0,80,12,11,1.653471,3.153005,0.235907,2.031199,0.055,0.506846,1.0,1.75081,1.4,3e-06,1.32,64,24
20260526-194927-sentence-script-a-cell-sphere-is-filled-38e823,1368,1779843011.922963,43.520161,30.4,1,0,1,CAREFUL,1.644444,13.286717,0,0.0,0.0,0.770394,-0.824053,1.267203,0.995898,-0.090478,0.0,0.770394,0.060293,64,64,1515,0.694021,44.417363,1.28396,64,0,9,9,0,80,12,11,1.65446,3.142281,0.233412,2.022325,0.055,0.502475,1.0,1.744814,1.4,3e-06,1.32,64,24
20260526-194927-sentence-script-a-cell-sphere-is-filled-38e823,1370,1779843012.054414,43.66533,30.444444,1,0,1,CAREFUL,1.688889,13.286717,0,0.0,0.0,0.777567,-0.824677,1.267202,0.996349,-0.085375,0.0,0.777567,0.067491,64,64,1516,0.680096,43.526159,1.2867,64,0,9,9,0,81,12,11,1.655443,3.131622,0.230936,2.013505,0.055,0.498121,1.0,1.738854,1.4,2e-06,1.32,64,24
20260526-194927-sentence-script-a-cell-sphere-is-filled-38e823,1372,1779843012.14223,43.753251,30.488889,1,0,1,CAREFUL,1.733333,13.286717,0,0.0,0.0,0.784743,-0.825265,1.267202,0.996761,-0.080419,0.0,0.784743,0.074688,64,64,1515,0.665192,42.572292,1.289538,64,0,9,9,0,81,12,11,1.65642,3.121027,0.22848,2.004737,0.055,0.493784,1.0,1.73293,1.4,2e-06,1.32,64,24
20260526-194927-sentence-script-a-cell-sphere-is-filled-38e823,1373,1779843012.198463,43.809367,30.511111,1,0,1,CAREFUL,1.755556,13.286717,0,0.0,0.0,0.788332,-0.825546,1.267202,0.996954,-0.077994,0.0,0.788332,0.078286,64,64,1515,0.658403,42.137802,1.290964,64,0,9,9,0,81,12,11,1.656906,3.115753,0.22726,2.000372,0.055,0.491623,1.0,1.729981,1.4,2e-06,1.32,64,24
20260526-194927-sentence-script-a-cell-sphere-is-filled-38e823,1376,1779843012.335782,43.946743,30.577778,1,0,1,CAREFUL,1.822222,13.286717,0,0.0,0.0,0.800449,-0.826436,1.267202,0.997481,-0.070928,0.0,0.800449,0.09043,64,64,1514,0.640208,40.973308,1.295238,64,0,10,10,0,80,12,11,1.658356,3.100027,0.223627,1.987358,0.055,0.485163,1.0,1.721188,1.4,2e-06,1.32,64,24
20260526-194927-sentence-script-a-cell-sphere-is-filled-38e823,1378,1779843012.417618,44.028488,30.622222,1,0,1,CAREFUL,1.866667,13.286717,0,0.0,0.0,0.80853,-0.826983,1.267202,0.997794,-0.066386,0.0,0.80853,0.098526,64,64,1515,0.628966,40.25382,1.24811,64,0,10,10,0,80,12,11,1.659316,3.089621,0.221229,1.978747,0.055,0.480878,1.0,1.71537,1.4,2e-06,1.32,64,24
20260526-194927-sentence-script-a-cell-sphere-is-filled-38e823,1380,1779843012.518413,44.129327,30.666667,1,0,1,CAREFUL,1.911111,13.286717,0,0.0,0.0,0.816614,-0.827493,1.267202,0.998078,-0.061975,0.0,0.816614,0.106621,64,64,1514,0.615853,39.414593,1.213703,64,0,10,10,0,79,12,11,1.66027,3.079278,0.218851,1.970187,0.055,0.476611,1.0,1.709586,1.4,2e-06,1.32,64,24
20260526-194927-sentence-script-a-cell-sphere-is-filled-38e823,1382,1779843012.606385,44.217286,30.711111,1,0,1,CAREFUL,1.955556,13.286717,0,0.0,0.0,0.8247,-0.827969,1.267202,0.998334,-0.057692,0.0,0.8247,0.114716,64,64,1514,0.602466,38.557832,1.214508,64,0,10,10,0,81,12,11,1.661218,3.068996,0.216492,1.961679,0.055,0.47236,1.0,1.703837,1.4,2e-06,1.32,64,24
20260526-194927-sentence-script-a-cell-sphere-is-filled-38e823,1385,1779843012.743809,44.354759,30.777778,1,0,1,CAREFUL,2.022222,13.286717,0,0.0,0.0,0.837103,-0.828634,1.267202,0.998673,-0.051498,0.0,0.837103,0.127126,64,64,1516,0.586314,37.524117,1.21735,64,0,11,11,0,81,12,11,1.662629,3.053689,0.212988,1.949012,0.055,0.466016,1.0,1.695278,1.4,2e-06,1.32,64,24
20260526-194927-sentence-script-a-cell-sphere-is-filled-38e823,1386,1779843012.78969,44.400564,30.8,1,0,1,CAREFUL,2.044444,13.286717,0,0.0,0.0,0.841417,-0.828848,1.267202,0.998774,-0.049494,0.0,0.841417,0.131443,64,64,1516,0.580682,37.163652,1.218524,64,0,11,11,0,81,12,11,1.663097,3.048617,0.211829,1.944815,0.055,0.46391,1.0,1.692443,1.4,2e-06,1.32,64,24
20260526-194927-sentence-script-a-cell-sphere-is-filled-38e823,1389,1779843012.919486,44.530431,30.866667,1,0,1,CAREFUL,2.111111,13.286717,0,0.0,0.0,0.854364,-0.829438,1.267202,0.999047,-0.043654,0.0,0.854364,0.144392,64,64,1516,0.56473,36.142715,1.222313,64,0,11,11,0,80,12,11,1.664491,3.033493,0.208381,1.932299,0.055,0.457616,1.0,1.683986,1.4,2e-06,1.32,64,24
20260526-194927-sentence-script-a-cell-sphere-is-filled-38e823,1391,1779843013.000819,44.611665,30.911111,1,0,1,CAREFUL,2.155556,13.286717,0,0.0,0.0,0.862997,-0.829791,1.267202,0.999204,-0.039902,0.0,0.862997,0.153024,64,64,1518,0.559025,35.777629,1.224924,64,0,11,11,0,82,12,11,1.665414,3.023486,0.206105,1.924018,0.055,0.453441,1.0,1.67839,1.4,2e-06,1.32,64,24
20260526-194927-sentence-script-a-cell-sphere-is-filled-38e823,1393,1779843013.098487,44.709432,30.955556,1,0,1,CAREFUL,2.2,13.286717,0,0.0,0.0,0.871631,-0.830112,1.267202,0.999342,-0.03626,0.0,0.871631,0.161656,64,64,1518,0.550943,35.260321,1.227544,64,0,11,11,0,82,12,11,1.666332,3.013539,0.203848,1.915786,0.055,0.449283,1.0,1.672829,1.4,2e-06,1.32,64,24
20260526-194927-sentence-script-a-cell-sphere-is-filled-38e823,1395,1779843013.193965,44.804933,31.0,1,0,1,CAREFUL,2.244444,13.286717,0,0.0,0.0,0.880266,-0.830403,1.267202,0.999464,-0.032724,0.0,0.880266,0.170287,64,64,1515,0.538581,34.469209,1.230161,64,0,11,11,0,81,12,11,1.667243,3.003651,0.201608,1.907604,0.055,0.445142,1.0,1.6673,1.4,2e-06,1.32,64,24
20260526-194927-sentence-script-a-cell-sphere-is-filled-38e823,1397,1779843013.314571,44.910548,31.044444,1,0,1,CAREFUL,2.288889,13.286717,0,0.0,0.0,0.888362,-0.830647,1.267202,0.999571,-0.029291,0.0,0.888362,0.178378,64,64,1511,0.525379,33.624276,1.232723,64,0,11,10,1,80,12,11,1.66815,2.993822,0.199386,1.89947,0.055,0.441017,1.0,1.661804,1.4,2e-06,1.32,64,24
20260526-194927-sentence-script-a-cell-sphere-is-filled-38e823,1399,1779843013.402709,45.013649,31.088889,1,0,1,CAREFUL,2.333333,13.286717,0,0.0,0.0,0.896459,-0.830864,1.267202,0.999663,-0.025959,0.0,0.896459,0.186469,64,64,1515,0.519876,33.272095,1.235043,64,0,11,10,1,80,12,11,1.66905,2.984053,0.197182,1.891386,0.055,0.436909,1.0,1.656342,1.4,2e-06,1.32,64,24
20260526-194927-sentence-script-a-cell-sphere-is-filled-38e823,1402,1779843013.526696,45.137626,31.155556,1,0,1,CAREFUL,2.4,13.286717,0,0.0,0.0,0.907256,-0.831109,1.267202,0.999776,-0.021143,0.0,0.907256,0.197256,64,64,1516,0.504757,32.304468,1.238105,64,0,11,10,1,81,12,11,1.670392,2.969508,0.193909,1.879349,0.055,0.430777,1.0,1.648209,1.4,2e-06,1.32,64,24
20260526-194927-sentence-script-a-cell-sphere-is-filled-38e823,1404,1779843013.596343,45.207276,31.2,1,0,1,CAREFUL,2.444444,13.286717,0,0.0,0.0,0.914455,-0.831245,1.267201,0.999837,-0.01805,0.0,0.914455,0.204447,64,64,1519,0.497964,31.869702,1.239905,64,0,11,10,1,80,12,11,1.671279,2.959884,0.191749,1.871385,0.055,0.426709,1.0,1.642828,1.4,1e-06,1.32,64,24
20260526-194927-sentence-script-a-cell-sphere-is-filled-38e823,1406,1779843013.693917,45.304825,31.244444,1,0,1,CAREFUL,2.488889,13.286717,0,0.0,0.0,0.921654,-0.831358,1.267201,0.999887,-0.015048,0.0,0.921654,0.211637,64,64,1517,0.484533,31.010105,1.206084,64,0,11,10,1,81,12,11,1.672161,2.950318,0.189606,1.863469,0.055,0.422658,1.0,1.637479,1.4,1e-06,1.32,64,24
20260526-194927-sentence-script-a-cell-sphere-is-filled-38e823,1409,1779843013.824546,45.435485,31.311111,1,0,1,CAREFUL,2.555556,13.286717,0,0.0,0.0,0.932453,-0.83149,1.267201,0.999943,-0.010711,0.0,0.932453,0.222421,64,64,1517,0.468471,29.98216,1.199768,64,0,11,10,1,81,12,11,1.673474,2.936076,0.186423,1.851683,0.055,0.416612,1.0,1.629516,1.4,1e-06,1.32,64,24
20260526-194927-sentence-script-a-cell-sphere-is-filled-38e823,1411,1779843013.893176,45.504123,31.355556,1,0,1,CAREFUL,2.6,13.286717,0,0.0,0.0,0.939653,-0.831552,1.267201,0.999969,-0.007926,0.0,0.939653,0.229611,64,64,1516,0.458664,29.354481,1.197802,64,0,11,10,1,81,12,11,1.674343,2.926652,0.184323,1.843885,0.055,0.412601,1.0,1.624246,1.4,1e-06,1.32,64,24
20260526-194927-sentence-script-a-cell-sphere-is-filled-38e823,1414,1779843014.029284,45.640257,31.422222,1,0,1,CAREFUL,2.666667,13.286717,0,0.0,0.0,0.950453,-0.831608,1.267201,0.999992,-0.003902,0.0,0.950453,0.240394,64,64,1517,0.449886,28.792724,1.197325,64,0,11,10,1,81,12,11,1.675637,2.912623,0.181203,1.832275,0.055,0.406614,1.0,1.616402,1.4,1e-06,1.32,64,24
20260526-194927-sentence-script-a-cell-sphere-is-filled-38e823,1416,1779843014.098501,45.709453,31.466667,1,0,1,CAREFUL,2.711111,13.286717,0,0.0,0.0,0.957653,-0.831622,1.267201,0.999999,-0.001318,0.0,0.957653,0.247582,64,64,1520,0.445466,28.509794,1.198143,64,0,11,10,1,81,12,11,1.676493,2.903339,0.179145,1.824593,0.055,0.402644,1.0,1.611211,1.4,1e-06,1.32,64,24
20260526-194927-sentence-script-a-cell-sphere-is-filled-38e823,1419,1779843014.225731,45.836673,31.533333,1,0,1,CAREFUL,2.777778,13.286717,0,0.0,0.0,0.968453,-0.831609,1.267201,0.999997,0.002414,0.0,0.968453,0.258364,64,64,1521,0.432929,27.707432,1.200345,64,0,11,10,1,81,12,11,1.677767,2.889519,0.176087,1.813156,0.055,0.396717,1.0,1.603483,1.4,1e-06,1.32,64,24
20260526-194927-sentence-script-a-cell-sphere-is-filled-38e823,1421,1779843014.294997,45.905923,31.577778,1,0,1,CAREFUL,2.822222,13.286717,0,0.0,0.0,0.975653,-0.831579,1.267201,0.999988,0.00481,0.0,0.975653,0.265551,64,64,1520,0.423751,27.120048,1.202017,64,0,11,10,1,80,12,11,1.678611,2.880374,0.174069,1.805588,0.055,0.392785,1.0,1.59837,1.4,1e-06,1.32,64,24
20260526-194927-sentence-script-a-cell-sphere-is-filled-38e823,1423,1779843014.404358,46.015285,31.622222,1,0,1,CAREFUL,2.866667,13.286717,0,0.0,0.0,0.982853,-0.831532,1.267201,0.999975,0.007135,0.0,0.982853,0.272738,64,64,1523,0.419301,26.835266,1.234367,64,0,11,10,1,81,12,11,1.679449,2.871284,0.172067,1.798066,0.055,0.38887,1.0,1.593288,1.4,1e-06,1.32,64,24
20260526-194927-sentence-script-a-cell-sphere-is-filled-38e823,1425,1779843014.508111,46.118802,31.666667,1,0,1,CAREFUL,2.911111,13.286717,0,0.0,0.0,0.990052,-0.831468,1.267201,0.999956,0.009391,0.0,0.990052,0.279925,64,64,1522,0.41407,26.500491,1.220734,64,0,11,10,1,81,12,11,1.680282,2.862249,0.170081,1.790589,0.055,0.38497,1.0,1.588236,1.4,1e-06,1.32,64,24
20260526-194927-sentence-script-a-cell-sphere-is-filled-38e823,1427,1779843014.605775,46.215538,31.711111,1,0,1,CAREFUL,2.955556,13.286717,0,0.0,0.0,0.997252,-0.831389,1.267201,0.999933,0.011579,0.0,0.997252,0.287111,64,64,1518,0.405239,25.935287,1.206241,64,0,11,10,1,80,12,11,1.68111,2.853267,0.168111,1.783156,0.055,0.381085,1.0,1.583214,1.4,1e-06,1.32,64,24
20260526-194927-sentence-script-a-cell-sphere-is-filled-38e823,1429,1779843014.719149,46.32997,31.755556,1,0,1,CAREFUL,3.0,13.286717,0,0.0,0.0,1.004451,-0.831294,1.267201,0.999906,0.013702,0.0,1.004451,0.294298,64,64,1518,0.399627,25.576137,1.207466,64,0,11,10,1,81,12,11,1.681933,2.84434,0.166157,1.775768,0.055,0.377216,1.0,1.578222,1.4,1e-06,1.32,64,24
20260526-194927-sentence-script-a-cell-sphere-is-filled-38e823,1431,1779843014.832109,46.442858,31.8,1,0,1,CAREFUL,3.044444,13.286717,0,0.0,0.0,1.01165,-0.831184,1.267201,0.999876,0.015762,0.0,1.01165,0.301484,64,64,1520,0.396061,25.347926,1.208631,64,0,11,10,1,81,12,11,1.682752,2.835466,0.164218,1.768425,0.055,0.373363,1.0,1.57326,1.4,1e-06,1.32,64,24
20260526-194927-sentence-script-a-cell-sphere-is-filled-38e823,1433,1779843014.928241,46.539042,31.844444,1,0,1,CAREFUL,3.088889,13.286717,0,0.0,0.0,1.018849,-0.83106,1.267201,0.999842,0.01776,0.0,1.018849,0.308669,64,64,1517,0.388523,24.865453,1.209748,64,0,11,10,1,80,12,11,1.683565,2.826645,0.162295,1.761125,0.055,0.369525,1.0,1.568328,1.4,1e-06,1.32,64,24
20260526-194927-sentence-script-a-cell-sphere-is-filled-38e823,1435,1779843015.012074,46.623041,31.888889,1,0,1,CAREFUL,3.133333,13.286717,0,0.0,0.0,1.026048,-0.830921,1.267201,0.999806,0.019698,0.0,1.026048,0.315855,64,64,1517,0.382139,24.45687,1.210827,64,0,11,10,1,81,12,11,1.684374,2.817877,0.160387,1.753869,0.055,0.365702,1.0,1.563425,1.4,1e-06,1.32,64,24
20260526-194927-sentence-script-a-cell-sphere-is-filled-38e823,1437,1779843015.09642,46.707343,31.933333,1,0,1,CAREFUL,3.177778,13.286717,0,0.0,0.0,1.033246,-0.830769,1.267201,0.999767,0.021578,0.0,1.033246,0.32304,64,64,1515,0.378844,24.246036,1.211875,64,0,11,10,1,81,12,11,1.685177,2.809161,0.158495,1.746657,0.055,0.361895,1.0,1.558552,1.4,1e-06,1.32,64,24
20260526-194927-sentence-script-a-cell-sphere-is-filled-38e823,1440,1779843015.213221,46.824125,32.0,1,0,1,CAREFUL,3.244444,13.286717,0,0.0,0.0,1.044044,-0.830517,1.267201,0.999705,0.024293,0.0,1.044044,0.333818,64,64,1516,0.367523,23.521482,1.248044,64,0,11,10,1,80,12,11,1.686374,2.796186,0.155684,1.735919,0.055,0.356212,1.0,1.551297,1.4,1e-06,1.32,64,24
20260526-194927-sentence-script-a-cell-sphere-is-filled-38e823,1442,1779843015.3003,46.911187,32.044444,1,0,1,CAREFUL,3.288889,13.286717,0,0.0,0.0,1.051241,-0.830332,1.267201,0.999661,0.026036,0.0,1.051241,0.0072,64,64,1514,0.358978,22.974569,1.242327,64,0,11,10,1,80,12,11,1.687165,2.7876,0.153829,1.728815,0.055,0.352443,1.0,1.546496,1.4,1e-06,1.32,64,24
20260526-194927-sentence-script-a-cell-sphere-is-filled-38e823,1445,1779843015.418162,47.02897,32.111111,1,0,1,CAREFUL,3.355556,13.286717,0,0.0,0.0,1.062037,-0.830033,1.267201,0.999592,0.028551,0.0,1.062037,0.018,64,64,1509,0.346326,22.164837,1.218074,64,0,11,10,1,82,12,11,1.688344,2.774819,0.151074,1.718237,0.055,0.346817,1.0,1.539349,1.4,1e-06,1.32,64,24
20260526-194927-sentence-script-a-cell-sphere-is-filled-38e823,1447,1779843015.495549,47.106452,32.155556,1,0,1,CAREFUL,3.4,13.286717,0,0.0,0.0,1.069234,-0.829819,1.267201,0.999545,0.030165,0.0,1.069234,0.0252,64,64,1510,0.338785,21.682221,1.212998,64,0,11,10,1,82,12,11,1.689124,2.766361,0.149256,1.711238,0.055,0.343085,1.0,1.53462,1.4,1e-06,1.32,64,24
20260526-194927-sentence-script-a-cell-sphere-is-filled-38e823,1450,1779843015.607795,47.21875,32.222222,1,0,1,CAREFUL,3.466667,13.286717,0,0.0,0.0,1.080028,-0.829476,1.267201,0.999472,0.032495,0.0,1.080028,0.036,64,64,1505,0.324858,20.79092,1.161215,64,0,11,10,1,82,12,11,1.690285,2.75377,0.146555,1.700818,0.055,0.337515,1.0,1.52758,1.4,1e-06,1.32,64,24
20260526-194927-sentence-script-a-cell-sphere-is-filled-38e823,1452,1779843015.709042,47.320016,32.266667,1,0,1,CAREFUL,3.511111,13.286717,0,0.0,0.0,1.087224,-0.829234,1.267201,0.999422,0.03399,0.0,1.087224,0.0432,64,64,1505,0.323289,20.690495,1.158859,64,0,11,10,1,81,12,11,1.691053,2.745438,0.144773,1.693924,0.055,0.33382,1.0,1.522921,1.4,1e-06,1.32,64,24
20260526-194927-sentence-script-a-cell-sphere-is-filled-38e823,1455,1779843015.831736,47.442704,32.333333,1,0,1,CAREFUL,3.577778,13.286717,0,0.0,0.0,1.098018,-0.828851,1.267201,0.999346,0.036148,0.0,1.098018,0.054,64,64,1506,0.315918,20.218782,1.156866,64,0,11,10,1,80,12,11,1.692197,2.733034,0.142127,1.683659,0.055,0.328305,1.0,1.515986,1.4,1e-06,1.32,64,24
20260526-194927-sentence-script-a-cell-sphere-is-filled-38e823,1457,1779843015.90472,47.515537,32.377778,1,0,1,CAREFUL,3.622222,13.286717,0,0.0,0.0,1.105213,-0.828584,1.267201,0.999295,0.037532,0.0,1.105213,0.0612,64,64,1508,0.313018,20.033171,1.206737,64,0,11,10,1,77,12,11,1.692954,2.724827,0.14038,1.676867,0.055,0.324647,1.0,1.511397,1.4,1e-06,1.32,64,24
20260526-194927-sentence-script-a-cell-sphere-is-filled-38e823,1459,1779843016.009739,47.620658,32.422222,1,0,1,CAREFUL,3.666667,13.286717,0,0.0,0.0,1.112407,-0.828306,1.267201,0.999244,0.038874,0.0,1.112407,0.068399,64,64,1509,0.30969,19.820141,1.150282,64,0,11,10,1,81,12,11,1.693706,2.716669,0.138647,1.670116,0.055,0.321004,1.0,1.506835,1.4,1e-06,1.32,64,24
20260526-194927-sentence-script-a-cell-sphere-is-filled-38e823,1461,1779843016.116178,47.72709,32.466667,1,0,1,CAREFUL,3.711111,13.286717,0,0.0,0.0,1.119601,-0.828019,1.267201,0.999193,0.040175,0.0,1.119601,0.075599,64,64,1507,0.302831,19.381212,1.142909,64,0,11,10,1,81,12,11,1.694454,2.70856,0.136928,1.663406,0.055,0.317375,1.0,1.502301,1.4,1e-06,1.32,64,24
20260526-194927-sentence-script-a-cell-sphere-is-filled-38e823,1464,1779843016.235919,47.846752,32.533333,1,0,1,CAREFUL,3.777778,13.286717,0,0.0,0.0,1.129493,-0.827609,1.267201,0.999115,0.042053,0.0,1.129493,0.085499,64,64,1507,0.29848,19.102724,1.134415,64,0,11,10,1,81,12,11,1.695567,2.696487,0.134375,1.653415,0.055,0.311959,1.0,1.495551,1.4,1e-06,1.32,64,24
20260526-194927-sentence-script-a-cell-sphere-is-filled-38e823,1466,1779843016.320318,47.931246,32.577778,1,0,1,CAREFUL,3.822222,13.286717,0,0.0,0.0,1.135787,-0.827339,1.267201,0.999064,0.043258,0.0,1.135787,0.091799,64,64,1513,0.299047,19.138983,1.130414,64,0,11,10,1,81,12,11,1.696304,2.688499,0.13269,1.646805,0.055,0.308366,1.0,1.491084,1.4,1e-06,1.32,64,24
20260526-194927-sentence-script-a-cell-sphere-is-filled-38e823,1468,1779843016.401978,48.012795,32.622222,1,0,1,CAREFUL,3.866667,13.286717,0,0.0,0.0,1.142081,-0.82706,1.267201,0.999013,0.044425,0.0,1.142081,0.098098,64,64,1513,0.296552,18.979305,1.12758,64,0,11,9,2,81,12,11,1.697036,2.680559,0.131018,1.640234,0.055,0.304788,1.0,1.486644,1.4,1e-06,1.32,64,24
20260526-194927-sentence-script-a-cell-sphere-is-filled-38e823,1471,1779843016.529431,48.140318,32.688889,1,0,1,CAREFUL,3.933333,13.286717,0,0.0,0.0,1.151521,-0.82663,1.267201,0.998936,0.046111,0.0,1.151521,0.107548,64,64,1515,0.293416,18.778629,1.12508,64,0,11,9,2,80,12,11,1.698126,2.668737,0.128536,1.630451,0.055,0.299447,1.0,1.480034,1.4,1e-06,1.32,64,24
20260526-194927-sentence-script-a-cell-sphere-is-filled-38e823,1473,1779843016.601848,48.212726,32.733333,1,0,1,CAREFUL,3.977778,13.286717,0,0.0,0.0,1.157814,-0.826334,1.267201,0.998886,0.047191,0.0,1.157814,0.113848,64,64,1516,0.290389,18.584908,1.124288,64,0,10,9,1,81,12,11,1.698847,2.660915,0.126898,1.623978,0.055,0.295905,1.0,1.475661,1.4,1e-06,1.32,64,24
20260526-194927-sentence-script-a-cell-sphere-is-filled-38e823,1475,1779843016.703167,48.314092,32.777778,1,0,1,CAREFUL,4.022222,13.286717,0,0.0,0.0,1.164107,-0.826032,1.267201,0.998836,0.048239,0.0,1.164107,0.120147,64,64,1515,0.287136,18.376729,1.123994,64,0,10,9,1,79,12,11,1.699564,2.65314,0.125273,1.617544,0.055,0.292376,1.0,1.471313,1.4,1e-06,1.32,64,24
20260526-194927-sentence-script-a-cell-sphere-is-filled-38e823,1478,1779843016.805749,48.416633,32.844444,1,0,1,CAREFUL,4.088889,13.286717,0,0.0,0.0,1.173546,-0.825567,1.2672,0.998762,0.04975,0.0,1.173546,0.129597,64,64,1510,0.280223,17.934256,1.124205,64,0,10,9,1,81,12,11,1.700631,2.641565,0.122859,1.607965,0.055,0.28711,1.0,1.464841,1.4,0.0,1.32,64,24
20260526-194927-sentence-script-a-cell-sphere-is-filled-38e823,1480,1779843016.895295,48.506211,32.888889,1,0,1,CAREFUL,4.133333,13.286717,0,0.0,0.0,1.179838,-0.825249,1.2672,0.998713,0.050719,0.0,1.179838,0.135896,64,64,1514,0.279745,17.903665,1.172047,64,0,10,9,1,80,12,11,1.701338,2.633905,0.121266,1.601626,0.055,0.283616,1.0,1.460558,1.4,0.0,1.32,64,24
20260526-194927-sentence-script-a-cell-sphere-is-filled-38e823,1483,1779843017.019883,48.63076,32.955556,1,0,1,CAREFUL,4.2,13.286717,0,0.0,0.0,1.189275,-0.82476,1.2672,0.998641,0.052117,0.0,1.189275,0.145345,64,64,1518,0.276284,17.682164,1.156383,64,0,10,9,1,81,12,11,1.702389,2.622502,0.1189,1.59219,0.055,0.278402,1.0,1.454183,1.4,0.0,1.32,64,24
20260526-194927-sentence-script-a-cell-sphere-is-filled-38e823,1484,1779843017.114399,48.725268,32.977778,1,0,1,CAREFUL,4.222222,13.286717,0,0.0,0.0,1.192421,-0.824595,1.2672,0.998617,0.052569,0.0,1.192421,0.148495,64,64,1519,0.274418,17.56275,1.088516,64,0,10,9,1,81,12,11,1.702738,2.618724,0.118118,1.589064,0.055,0.276671,1.0,1.45207,1.4,0.0,1.32,64,24
20260526-194927-sentence-script-a-cell-sphere-is-filled-38e823,1486,1779843017.198439,48.809315,33.022222,1,0,1,CAREFUL,4.266667,13.286717,0,0.0,0.0,1.199161,-0.824235,1.2672,0.99857,0.053451,0.0,1.199161,0.155245,64,64,1516,0.269423,17.243088,1.077902,64,0,11,10,1,80,12,11,1.703431,2.611202,0.116563,1.582839,0.055,0.27322,1.0,1.447864,1.4,0.0,1.32,64,24
20260526-194927-sentence-script-a-cell-sphere-is-filled-38e823,1489,1779843017.316422,48.927382,33.088889,1,0,1,CAREFUL,4.333333,13.286717,0,0.0,0.0,1.209945,-0.823649,1.2672,0.998502,0.054723,0.0,1.209945,0.166044,64,64,1518,0.266813,17.076002,1.063202,64,0,11,10,1,82,12,11,1.704464,2.600003,0.114253,1.573571,0.055,0.268068,1.0,1.441602,1.4,0.0,1.32,64,24
20260526-194927-sentence-script-a-cell-sphere-is-filled-38e823,1491,1779843017.400804,49.011664,33.133333,1,0,1,CAREFUL,4.377778,13.286717,0,0.0,0.0,1.217134,-0.823251,1.2672,0.998457,0.055538,0.0,1.217134,0.173243,64,64,1521,0.267421,17.114931,1.054496,64,0,11,10,1,80,12,11,1.705147,2.592593,0.112729,1.567439,0.055,0.264651,1.0,1.437459,1.4,0.0,1.32,64,24
20260526-194927-sentence-script-a-cell-sphere-is-filled-38e823,1493,1779843017.498393,49.10937,33.177778,1,0,1,CAREFUL,4.422222,13.286717,0,0.0,0.0,1.224323,-0.822846,1.2672,0.998412,0.056328,0.0,1.224323,0.180442,64,64,1520,0.262361,16.791133,1.046878,64,0,11,9,2,79,12,11,1.705826,2.585227,0.111217,1.561343,0.055,0.261247,1.0,1.43334,1.4,0.0,1.32,64,24
20260526-194927-sentence-script-a-cell-sphere-is-filled-38e823,1496,1779843017.622037,49.23276,33.244444,1,0,1,CAREFUL,4.488889,13.286717,0,0.0,0.0,1.235105,-0.82223,1.2672,0.998347,0.057466,0.0,1.235105,0.191241,64,64,1521,0.260056,16.643575,1.037742,64,0,11,9,2,81,12,11,1.706838,2.574261,0.108971,1.552268,0.055,0.256167,1.0,1.427208,1.4,0.0,1.32,64,24
20260526-194927-sentence-script-a-cell-sphere-is-filled-38e823,1498,1779843017.69837,49.309296,33.288889,1,0,1,CAREFUL,4.533333,13.286717,0,0.0,0.0,1.242293,-0.821812,1.2672,0.998305,0.058195,0.0,1.242293,0.19844,64,64,1519,0.259913,16.634432,1.033207,64,0,11,9,2,81,12,11,1.707507,2.567005,0.107489,1.546264,0.055,0.252797,1.0,1.423151,1.4,0.0,1.32,64,24
20260526-194927-sentence-script-a-cell-sphere-is-filled-38e823,1501,1779843017.830773,49.441681,33.355556,1,0,1,CAREFUL,4.6,13.286717,0,0.0,0.0,1.252176,-0.821229,1.2672,0.998243,0.059246,0.0,1.252176,0.208339,64,64,1522,0.259724,16.622368,1.028547,64,0,11,9,2,80,12,11,1.708503,2.556202,0.105288,1.537324,0.055,0.247768,1.0,1.417111,1.4,0.0,1.32,64,24
20260526-194927-sentence-script-a-cell-sphere-is-filled-38e823,1503,1779843017.897293,49.508125,33.4,1,0,1,CAREFUL,4.644444,13.286717,0,0.0,0.0,1.258464,-0.820853,1.2672,0.998203,0.059919,0.0,1.258464,0.214639,64,64,1523,0.259454,16.605049,1.026585,64,0,11,9,2,81,12,11,1.709162,2.549054,0.103835,1.531409,0.055,0.244432,1.0,1.413114,1.4,0.0,1.32,64,24
20260526-194927-sentence-script-a-cell-sphere-is-filled-38e823,1505,1779843017.999403,49.610196,33.444444,1,0,1,CAREFUL,4.688889,13.286717,0,0.0,0.0,1.264753,-0.820472,1.2672,0.998164,0.060571,0.0,1.264753,0.220938,64,64,1525,0.259948,16.636654,1.025226,64,0,11,9,2,79,12,11,1.709817,2.541949,0.102394,1.52553,0.055,0.241109,1.0,1.409142,1.4,0.0,1.32,64,24
20260526-194927-sentence-script-a-cell-sphere-is-filled-38e823,1508,1779843018.153709,49.764551,33.511111,1,0,1,CAREFUL,4.755556,13.286717,0,0.0,0.0,1.274185,-0.819894,1.2672,0.998106,0.06151,0.0,1.274185,0.230387,64,64,1526,0.257228,16.462602,1.02411,64,0,11,9,2,81,12,12,1.710792,2.531372,0.100254,1.516776,0.055,0.23615,1.0,1.403227,1.4,0.0,1.32,64,24
20260526-194927-sentence-script-a-cell-sphere-is-filled-38e823,1509,1779843018.200663,49.806435,33.533333,1,0,1,CAREFUL,4.777778,13.286717,0,0.0,0.0,1.277329,-0.819699,1.2672,0.998088,0.061814,0.0,1.277329,0.233536,64,64,1527,0.258558,16.547739,1.023949,64,0,11,9,2,80,12,12,1.711116,2.527867,0.099546,1.513876,0.055,0.234503,1.0,1.401267,1.4,0.0,1.32,64,24
20260526-194927-sentence-script-a-cell-sphere-is-filled-38e823,1512,1779843018.339543,49.950339,33.6,1,0,1,CAREFUL,4.844444,13.286717,0,0.0,0.0,1.286761,-0.819109,1.2672,0.998033,0.062695,0.0,1.286761,0.242985,64,64,1530,0.257362,16.471159,1.024007,64,0,11,9,2,80,12,12,1.712079,2.517415,0.09744,1.505227,0.055,0.229583,1.0,1.395424,1.4,0.0,1.32,64,24
20260526-194927-sentence-script-a-cell-sphere-is-filled-38e823,1514,1779843018.435435,50.046269,33.644444,1,0,1,CAREFUL,4.888889,13.286717,0,0.0,0.0,1.293048,-0.818712,1.2672,0.997997,0.063259,0.0,1.293048,0.249284,64,64,1526,0.256781,16.433985,1.024397,64,0,11,9,2,81,12,12,1.712717,2.5105,0.09605,1.499504,0.055,0.22632,1.0,1.391557,1.4,0.0,1.32,64,24
20260526-194927-sentence-script-a-cell-sphere-is-filled-38e823,1516,1779843018.523477,50.134347,33.688889,1,0,1,CAREFUL,4.933333,13.286717,0,0.0,0.0,1.298437,-0.818368,1.2672,0.997962,0.063805,0.0,1.298437,0.254684,64,64,1527,0.254479,16.286687,1.024848,64,0,11,9,2,79,12,12,1.713351,2.503626,0.094671,1.493816,0.055,0.223069,1.0,1.387713,1.4,0.0,1.32,64,24
20260526-194927-sentence-script-a-cell-sphere-is-filled-38e823,1518,1779843018.59771,50.208466,33.733333,1,0,1,CAREFUL,4.977778,13.286717,0,0.0,0.0,1.303826,-0.818021,1.2672,0.997928,0.064334,0.0,1.303826,0.260083,64,64,1527,0.252435,16.155862,1.025372,64,0,11,9,2,81,12,12,1.713981,2.496793,0.093303,1.488161,0.055,0.219832,1.0,1.383893,1.4,0.0,1.32,64,24
20260526-194927-sentence-script-a-cell-sphere-is-filled-38e823,1520,1779843018.690545,50.301303,33.777778,1,0,1,CAREFUL,5.022222,13.286717,0,0.0,0.0,1.309215,-0.817672,1.2672,0.997895,0.064846,0.0,1.309215,0.265482,64,64,1530,0.254099,16.262361,1.026022,64,0,11,9,2,80,12,12,1.714607,2.490001,0.091946,1.482541,0.055,0.216607,1.0,1.380095,1.4,0.0,1.32,64,24
20260526-194927-sentence-script-a-cell-sphere-is-filled-38e823,1523,1779843018.828421,50.439284,33.844444,1,0,1,CAREFUL,5.088889,13.286717,0,0.0,0.0,1.317298,-0.817143,1.2672,0.997847,0.065583,0.0,1.317298,0.273581,64,64,1525,0.249991,15.999406,1.02728,64,0,11,9,2,80,12,12,1.71554,2.47989,0.089931,1.474173,0.055,0.211794,1.0,1.374441,1.4,0.0,1.32,64,24
20260526-194927-sentence-script-a-cell-sphere-is-filled-38e823,1525,1779843018.899107,50.51001,33.888889,1,0,1,CAREFUL,5.133333,13.286717,0,0.0,0.044444,1.322686,-0.816786,1.2672,0.997816,0.066056,0.0,1.322686,0.27898,64,64,1525,0.250269,16.017236,1.028083,64,0,11,9,2,80,12,12,1.716157,2.473199,0.088601,1.468636,0.055,0.208602,1.0,1.3707,1.4,0.0,1.32,64,24
20260526-194927-sentence-script-a-cell-sphere-is-filled-38e823,1527,1779843018.98965,50.600446,33.933333,1,0,1,CAREFUL,5.177778,13.286717,0,0.0,0.0,1.328074,-0.816428,1.2672,0.997786,0.066513,0.0,1.328074,0.28438,64,64,1527,0.252331,16.149204,1.0288,64,0,11,9,2,81,12,12,1.71677,2.466548,0.087281,1.463133,0.055,0.205422,1.0,1.366982,1.4,0.0,1.32,64,24
20260526-194927-sentence-script-a-cell-sphere-is-filled-38e823,1530,1779843019.134189,50.744901,34.0,1,0,1,CAREFUL,5.244444,13.286717,0,0.0,0.0,1.334809,-0.815976,1.2672,0.997741,0.067171,0.0,1.334809,0.291129,64,64,1526,0.251324,16.084766,1.029737,64,0,11,8,3,81,12,12,1.717683,2.456647,0.085322,1.454939,0.055,0.200677,1.0,1.361445,1.4,0.0,1.32,64,24
20260526-194927-sentence-script-a-cell-sphere-is-filled-38e823,1532,1779843019.228093,50.839023,34.044444,1,0,1,CAREFUL,5.288889,13.286717,0,0.0,0.0,1.339298,-0.815672,1.2672,0.997713,0.067592,0.0,1.339298,0.0045,64,64,1527,0.253841,16.245852,1.030282,64,0,11,8,3,81,12,12,1.718287,2.450096,0.084029,1.449518,0.055,0.197529,1.0,1.357782,1.4,0.0,1.32,64,24
20260526-194927-sentence-script-a-cell-sphere-is-filled-38e823,1534,1779843019.298182,50.903809,34.088889,1,0,1,CAREFUL,5.333333,13.286717,0,0.0,0.0,1.343788,-0.815367,1.2672,0.997685,0.068,0.0,1.343788,0.009,64,64,1525,0.253114,16.199266,1.030774,64,0,11,8,3,81,12,12,1.718887,2.443584,0.082746,1.444129,0.055,0.194393,1.0,1.354141,1.4,0.0,1.32,64,24
20260526-194927-sentence-script-a-cell-sphere-is-filled-38e823,1537,1779843019.42515,51.036027,34.155556,1,0,1,CAREFUL,5.4,13.286717,0,0.0,0.0,1.350522,-0.814905,1.2672,0.997645,0.068588,0.0,1.350522,0.01575,64,64,1527,0.255386,16.344707,1.031426,64,0,11,8,3,81,12,12,1.719781,2.433889,0.08084,1.436106,0.055,0.189714,1.0,1.34872,1.4,0.0,1.32,64,24
20260526-194927-sentence-script-a-cell-sphere-is-filled-38e823,1539,1779843019.491945,51.102806,34.2,1,0,1,CAREFUL,5.444444,13.286717,0,0.0,0.0,1.355012,-0.814595,1.2672,0.997619,0.068964,0.0,1.355012,0.02025,64,64,1526,0.253907,16.250048,1.03181,64,0,11,8,3,82,12,12,1.720373,2.427474,0.079583,1.430797,0.055,0.186609,1.0,1.345133,1.4,0.0,1.32,64,24
20260526-194927-sentence-script-a-cell-sphere-is-filled-38e823,1542,1779843019.618945,51.229475,34.266667,1,0,1,CAREFUL,5.511111,13.286717,0,0.0,0.0,1.363092,-0.814034,1.2672,0.997582,0.069506,0.0,1.363092,0.02835,64,64,1526,0.254626,16.296043,1.032322,64,0,12,8,4,82,12,12,1.721254,2.417923,0.077715,1.422894,0.055,0.181976,1.0,1.339793,1.4,0.0,1.32,64,24
20260526-194927-sentence-script-a-cell-sphere-is-filled-38e823,1544,1779843019.705224,51.316112,34.311111,1,0,1,CAREFUL,5.555556,13.286717,0,0.0,0.0,1.368479,-0.813657,1.2672,0.997557,0.069852,0.0,1.368479,0.03375,64,64,1525,0.254558,16.291689,1.032624,64,0,12,8,4,82,12,12,1.721836,2.411604,0.076483,1.417664,0.055,0.178903,1.0,1.33626,1.4,0.0,1.32,64,24
20260526-194927-sentence-script-a-cell-sphere-is-filled-38e823,1547,1779843019.833183,51.444073,34.377778,1,0,1,CAREFUL,5.622222,13.286717,0,0.0,0.0,1.376559,-0.813088,1.2672,0.997522,0.07035,0.0,1.376559,0.04185,64,64,1530,0.258661,16.554332,1.033028,64,0,11,8,3,81,12,12,1.722704,2.402196,0.074652,1.409879,0.055,0.174316,1.0,1.330999,1.4,0.0,1.32,64,24
20260526-194927-sentence-script-a-cell-sphere-is-filled-38e823,1549,1779843019.899357,51.510236,34.422222,1,0,1,CAREFUL,5.666667,13.286717,0,0.0,0.0,1.382843,-0.812644,1.2672,0.9975,0.070668,0.0,1.382843,0.04815,64,64,1529,0.257804,16.499474,1.033267,64,0,12,9,3,81,12,12,1.723278,2.39597,0.073444,1.404727,0.055,0.171274,1.0,1.327518,1.4,0.0,1.32,64,24
20260526-194927-sentence-script-a-cell-sphere-is-filled-38e823,1552,1779843020.0259,51.636762,34.488889,1,0,1,CAREFUL,5.733333,13.286717,0,0.0,0.0,1.392269,-0.811973,1.2672,0.997467,0.071125,0.0,1.392269,0.0576,64,64,1534,0.261178,16.715421,0.994852,64,0,12,9,3,81,12,12,1.724132,2.386703,0.07165,1.397057,0.055,0.166732,1.0,1.322336,1.4,0.0,1.32,64,24
20260526-194927-sentence-script-a-cell-sphere-is-filled-38e823,1554,1779843020.090954,51.701868,34.533333,1,0,1,CAREFUL,5.777778,13.286717,0,0.0,0.0,1.398553,-0.811523,1.2672,0.997447,0.071416,0.0,1.398553,0.0639,64,64,1535,0.262277,16.785723,0.992797,64,0,12,9,3,81,12,12,1.724698,2.38057,0.070466,1.391983,0.055,0.16372,1.0,1.318907,1.4,0.0,1.32,64,24
20260526-194927-sentence-script-a-cell-sphere-is-filled-38e823,1557,1779843020.219358,51.830198,34.6,1,0,1,CAREFUL,5.844444,13.286717,0,0.0,0.0,1.407979,-0.810846,1.2672,0.997416,0.071835,0.0,1.407979,0.07335,64,64,1535,0.263943,16.892382,0.992294,64,0,12,9,3,81,12,12,1.72554,2.37144,0.068707,1.384428,0.055,0.159224,1.0,1.313802,1.4,0.0,1.32,64,24
20260526-194927-sentence-script-a-cell-sphere-is-filled-38e823,1560,1779843020.339552,51.950413,34.666667,1,0,1,CAREFUL,5.911111,13.286717,0,0.0,0.0,1.417404,-0.810165,1.2672,0.997388,0.072233,0.0,1.417404,0.0828,64,64,1531,0.263052,16.835356,0.992267,64,0,12,9,3,81,12,12,1.726374,2.362393,0.06697,1.37694,0.055,0.154755,1.0,1.308743,1.4,0.0,1.32,64,24
20260526-194927-sentence-script-a-cell-sphere-is-filled-38e823,1562,1779843020.407119,52.017966,34.711111,1,0,1,CAREFUL,5.955556,13.286717,0,0.0,0.0,1.423688,-0.809708,1.2672,0.997369,0.072486,0.0,1.423688,0.0891,64,64,1530,0.264544,16.930796,0.992276,64,0,12,9,3,81,12,12,1.726926,2.356406,0.065823,1.371986,0.055,0.15179,1.0,1.305396,1.4,0.0,1.32,64,24
20260526-194927-sentence-script-a-cell-sphere-is-filled-38e823,1564,1779843020.52216,52.133008,34.755556,1,0,1,CAREFUL,6.0,13.286717,0,0.0,0.0,1.430869,-0.809185,1.2672,0.997352,0.072731,0.0,1.430869,0.0963,64,64,1526,0.262705,16.813109,0.992286,64,0,13,10,3,81,12,12,1.727475,2.350455,0.064685,1.367062,0.055,0.148838,1.0,1.302069,1.4,0.0,1.32,64,24
20260526-194927-sentence-script-a-cell-sphere-is-filled-38e823,1567,1779843020.638913,52.233947,34.822222,1,0,1,CAREFUL,6.066667,13.286717,0,0.0,0.0,1.44164,-0.808397,1.2672,0.997326,0.073081,0.0,1.44164,0.1071,64,64,1527,0.265318,16.980334,0.992298,64,0,13,10,3,81,12,12,1.728292,2.341596,0.062996,1.35973,0.055,0.144431,1.0,1.297115,1.4,0.0,1.32,64,24
20260526-194927-sentence-script-a-cell-sphere-is-filled-38e823,1569,1779843020.700837,52.31174,34.866667,1,0,1,CAREFUL,6.111111,13.286717,0,0.0,0.0,1.448821,-0.80787,1.2672,0.99731,0.073304,0.0,1.448821,0.1143,64,64,1527,0.265817,17.012318,0.992303,64,0,12,10,2,80,12,12,1.728832,2.335734,0.061881,1.354879,0.055,0.141508,1.0,1.293837,1.4,0.0,1.32,64,24
20260526-194927-sentence-script-a-cell-sphere-is-filled-38e823,1571,1779843020.804987,52.415845,34.911111,1,0,1,CAREFUL,6.155556,13.286717,0,0.0,0.0,1.456001,-0.807341,1.2672,0.997294,0.073518,0.0,1.456001,0.1215,64,64,1526,0.266141,17.033026,0.937035,64,0,12,10,2,81,12,12,1.72937,2.329907,0.060775,1.350057,0.055,0.138596,1.0,1.290579,1.4,0.0,1.32,64,24
20260526-194927-sentence-script-a-cell-sphere-is-filled-38e823,1574,1779843020.905614,52.516452,34.977778,1,0,1,CAREFUL,6.222222,13.286717,0,0.0,0.0,1.466772,-0.806544,1.2672,0.997271,0.073826,0.0,1.466772,0.1323,64,64,1527,0.266948,17.084669,0.934645,64,0,12,10,2,80,12,12,1.73017,2.321232,0.059132,1.342878,0.055,0.134251,1.0,1.285728,1.4,0.0,1.32,64,24
20260526-194927-sentence-script-a-cell-sphere-is-filled-38e823,1576,1779843021.00846,52.619314,35.022222,1,0,1,CAREFUL,6.266667,13.286717,0,0.0,0.0,1.473952,-0.806012,1.2672,0.997257,0.074021,0.0,1.473952,0.1395,64,64,1530,0.270398,17.30545,0.934464,64,0,12,10,2,79,12,12,1.730699,2.315491,0.058048,1.338128,0.055,0.131368,1.0,1.282519,1.4,0.0,1.32,64,24
20260526-194927-sentence-script-a-cell-sphere-is-filled-38e823,1579,1779843021.127651,52.738485,35.088889,1,0,1,CAREFUL,6.333333,13.286717,0,0.0,0.0,1.484722,-0.80521,1.2672,0.997236,0.0743,0.0,1.484722,0.1503,64,64,1531,0.274511,17.568735,0.934415,64,0,12,9,3,81,12,12,1.731487,2.306946,0.056438,1.331056,0.055,0.127066,1.0,1.277741,1.4,0.0,1.32,64,24
20260526-194927-sentence-script-a-cell-sphere-is-filled-38e823,1581,1779843021.189449,52.800231,35.133333,1,0,1,CAREFUL,6.377778,13.286717,0,0.0,0.0,1.491902,-0.804675,1.2672,0.997223,0.074477,0.0,1.491902,0.1575,64,64,1532,0.275314,17.620122,0.854415,64,0,12,9,3,83,12,12,1.732008,2.301291,0.055375,1.326377,0.055,0.124212,1.0,1.274579,1.4,0.0,1.32,64,24
20260526-194927-sentence-script-a-cell-sphere-is-filled-38e823,1583,1779843021.296688,52.907489,35.177778,1,0,1,CAREFUL,6.422222,13.286717,0,0.0,0.0,1.499082,-0.804137,1.2672,0.99721,0.074647,0.0,1.499082,0.1647,64,64,1528,0.277253,17.744189,0.854428,64,0,12,9,3,81,12,12,1.732527,2.295671,0.054321,1.321725,0.055,0.121369,1.0,1.271436,1.4,0.0,1.32,64,24
20260526-194927-sentence-script-a-cell-sphere-is-filled-38e823,1586,1779843021.40168,53.012444,35.244444,1,0,1,CAREFUL,6.488889,13.286717,0,0.0,0.0,1.509852,-0.803329,1.2672,0.997192,0.07489,0.0,1.509852,0.1755,64,64,1524,0.274892,17.593064,0.854449,64,0,12,9,3,81,12,12,1.733298,2.287303,0.052755,1.314801,0.055,0.117127,1.0,1.266757,1.4,0.0,1.32,64,24
20260526-194927-sentence-script-a-cell-sphere-is-filled-38e823,1588,1779843021.506263,53.117107,35.288889,1,0,1,CAREFUL,6.533333,13.286717,0,0.0,0.0,1.517032,-0.802789,1.2672,0.99718,0.075044,0.0,1.517032,0.1827,64,64,1523,0.276833,17.717302,0.854461,64,0,12,9,3,81,12,12,1.733809,2.281766,0.051722,1.310219,0.055,0.114313,1.0,1.263661,1.4,0.0,1.32,64,24
20260526-194927-sentence-script-a-cell-sphere-is-filled-38e823,1590,1779843021.654549,53.265367,35.333333,1,0,1,CAREFUL,6.577778,13.286717,0,0.0,0.0,1.524211,-0.802248,1.2672,0.997169,0.075192,0.0,1.524211,0.1899,64,64,1525,0.278459,17.821374,0.854471,64,0,12,9,3,81,12,12,1.734316,2.276262,0.050697,1.305664,0.055,0.11151,1.0,1.260584,1.4,0.0,1.32,64,24
20260526-194927-sentence-script-a-cell-sphere-is-filled-38e823,1592,1779843021.696495,53.307374,35.377778,1,0,1,CAREFUL,6.622222,13.286717,0,0.0,0.0,1.531391,-0.801706,1.2672,0.997158,0.075334,0.0,1.531391,0.1971,64,64,1527,0.283267,18.129063,0.854481,64,0,12,9,3,81,12,12,1.734821,2.270792,0.04968,1.301137,0.055,0.108718,1.0,1.257525,1.4,0.0,1.32,64,24
20260526-194927-sentence-script-a-cell-sphere-is-filled-38e823,1594,1779843021.803063,53.413981,35.422222,1,0,1,CAREFUL,6.666667,13.286717,0,0.0,0.0,1.53857,-0.801163,1.2672,0.997148,0.07547,0.0,1.53857,0.204299,64,64,1525,0.282103,18.054604,0.854489,64,0,12,9,3,81,12,13,1.735322,2.265354,0.048671,1.296637,0.055,0.105938,1.0,1.254484,1.4,0.0,1.32,64,24
20260526-194927-sentence-script-a-cell-sphere-is-filled-38e823,1596,1779843021.896582,53.50743,35.466667,1,0,1,CAREFUL,6.711111,13.286717,0,0.0,0.0,1.54575,-0.800619,1.2672,0.997138,0.0756,0.0,1.54575,0.211499,64,64,1525,0.281565,18.020156,0.854496,64,0,12,9,3,81,12,13,1.735821,2.259948,0.04767,1.292164,0.055,0.103168,1.0,1.251462,1.4,0.0,1.32,64,24
20260526-194927-sentence-script-a-cell-sphere-is-filled-38e823,1599,1779843022.025309,53.636121,35.533333,1,0,1,CAREFUL,6.777778,13.286717,0,0.0,0.0,1.556519,-0.799801,1.2672,0.997124,0.075785,0.0,1.556519,0.222299,64,64,1522,0.279703,17.900988,0.88606,64,0,12,9,3,80,12,13,1.736563,2.251901,0.046184,1.285504,0.055,0.099035,1.0,1.246962,1.4,0.0,1.32,64,24
20260526-194927-sentence-script-a-cell-sphere-is-filled-38e823,1601,1779843022.094756,53.705567,35.577778,1,0,1,CAREFUL,6.822222,13.286717,0,0.0,0.0,1.563698,-0.799255,1.2672,0.997115,0.075902,0.0,1.563698,0.229499,64,64,1523,0.28498,18.238701,0.885244,64,0,12,9,3,81,12,13,1.737054,2.246576,0.045203,1.281098,0.055,0.096293,1.0,1.243985,1.4,0.0,1.32,64,24
20260526-194927-sentence-script-a-cell-sphere-is-filled-38e823,1604,1779843022.218436,53.829253,35.644444,1,0,1,CAREFUL,6.888889,13.286717,0,0.0,0.0,1.574467,-0.798434,1.2672,0.997103,0.076068,0.0,1.574467,0.240299,64,64,1525,0.289637,18.536769,0.884991,64,0,12,9,3,83,12,13,1.737785,2.238649,0.043747,1.274538,0.055,0.092201,1.0,1.239553,1.4,0.0,1.32,64,24
20260526-194927-sentence-script-a-cell-sphere-is-filled-38e823,1606,1779843022.31412,53.924958,35.688889,1,0,1,CAREFUL,6.933333,13.286717,0,0.0,0.0,1.581646,-0.797886,1.2672,0.997095,0.076173,0.0,1.581646,0.247499,64,64,1527,0.292747,18.735798,0.884943,64,0,11,9,2,82,12,13,1.738268,2.233403,0.042786,1.270197,0.055,0.089486,1.0,1.23662,1.4,0.0,1.32,64,24
20260526-194927-sentence-script-a-cell-sphere-is-filled-38e823,1609,1779843022.42822,54.039031,35.755556,1,0,1,CAREFUL,7.0,13.286717,0,0.0,0.0,1.592414,-0.797062,1.2672,0.997083,0.076321,0.0,1.592414,0.258299,64,64,1529,0.295961,18.941496,0.884922,64,0,11,9,2,83,12,13,1.738988,2.225594,0.041358,1.263735,0.055,0.085435,1.0,1.232253,1.4,0.0,1.32,64,24
20260526-194927-sentence-script-a-cell-sphere-is-filled-38e823,1611,1779843022.528236,54.13909,35.8,1,0,1,CAREFUL,7.044444,13.286717,0,0.0,0.0,1.599593,-0.796512,1.2672,0.997076,0.076414,0.0,1.599593,0.265499,64,64,1526,0.293411,18.778305,0.884919,64,0,11,8,3,82,12,13,1.739465,2.220427,0.040415,1.259459,0.055,0.082747,1.0,1.229364,1.4,0.0,1.32,64,24
20260526-194927-sentence-script-a-cell-sphere-is-filled-38e823,1613,1779843022.597701,54.208609,35.844444,1,0,1,CAREFUL,7.088889,13.286717,0,0.0,0.0,1.606772,-0.795961,1.2672,0.997069,0.076502,0.0,1.606772,0.272699,64,64,1526,0.292793,18.738779,0.884919,64,0,11,8,3,81,12,13,1.739938,2.215291,0.039481,1.255209,0.055,0.080071,1.0,1.226492,1.4,0.0,1.32,64,24
20260526-194927-sentence-script-a-cell-sphere-is-filled-38e823,1616,1779843022.715625,54.326552,35.911111,1,0,1,CAREFUL,7.155556,13.286717,0,0.0,0.0,1.617541,-0.795134,1.2672,0.99706,0.076627,0.0,1.617541,0.283499,64,64,1526,0.294635,18.856619,0.884919,64,0,11,8,3,81,12,13,1.740644,2.207644,0.038093,1.248881,0.055,0.076076,1.0,1.222217,1.4,0.0,1.32,64,24
20260526-194927-sentence-script-a-cell-sphere-is-filled-38e823,1618,1779843022.811126,54.422003,35.955556,1,0,1,CAREFUL,7.2,13.286717,0,0.0,0.0,1.625617,-0.794513,1.2672,0.997054,0.076705,0.0,1.625617,0.291599,64,64,1527,0.295823,18.932649,0.88492,64,0,12,9,3,81,12,13,1.74111,2.202585,0.037176,1.244694,0.055,0.073425,1.0,1.219388,1.4,0.0,1.32,64,24
20260526-194927-sentence-script-a-cell-sphere-is-filled-38e823,1621,1779843022.916926,54.527777,36.022222,1,0,1,CAREFUL,7.266667,13.286717,0,0.0,0.0,1.637731,-0.79358,1.2672,0.997045,0.076814,0.0,1.637731,0.00405,64,64,1527,0.298231,19.086811,0.88492,64,0,11,9,2,81,12,13,1.741805,2.195052,0.035816,1.23846,0.055,0.06947,1.0,1.215176,1.4,0.0,1.32,64,24
20260526-194927-sentence-script-a-cell-sphere-is-filled-38e823,1623,1779843023.001124,54.611869,36.066667,1,0,1,CAREFUL,7.311111,13.286717,0,0.0,0.0,1.645807,-0.792957,1.2672,0.99704,0.076882,0.0,1.645807,0.01215,64,64,1526,0.297047,19.011026,0.88492,64,0,11,9,2,81,12,13,1.742264,2.190068,0.034918,1.234336,0.055,0.066846,1.0,1.212389,1.4,0.0,1.32,64,24
20260526-194927-sentence-script-a-cell-sphere-is-filled-38e823,1626,1779843023.114721,54.725613,36.133333,1,0,1,CAREFUL,7.377778,13.286717,0,0.0,0.0,1.657921,-0.792023,1.2672,0.997033,0.076977,0.0,1.657921,0.0243,64,64,1525,0.297172,19.019033,0.884921,64,0,11,9,2,79,13,13,1.742949,2.182648,0.033584,1.228195,0.055,0.062931,1.0,1.20824,1.4,0.0,1.32,64,24
20260526-194927-sentence-script-a-cell-sphere-is-filled-38e823,1628,1779843023.201095,54.811947,36.177778,1,0,1,CAREFUL,7.422222,13.286717,0,0.0,0.0,1.665997,-0.791399,1.2672,0.997028,0.077035,0.0,1.665997,0.0324,64,64,1523,0.298297,19.091031,0.884921,64,0,11,9,2,80,13,13,1.743401,2.177738,0.032704,1.224132,0.055,0.060333,1.0,1.205495,1.4,0.0,1.32,64,24
20260526-194927-sentence-script-a-cell-sphere-is-filled-38e823,1630,1779843023.292461,54.90325,36.222222,1,0,1,CAREFUL,7.466667,13.286717,0,0.0,0.0,1.674073,-0.790774,1.2672,0.997024,0.07709,0.0,1.674073,0.0405,64,64,1524,0.300519,19.233225,0.884921,64,0,11,9,2,81,13,13,1.743851,2.172857,0.03183,1.220093,0.055,0.057746,1.0,1.202766,1.4,0.0,1.32,64,24
20260526-194927-sentence-script-a-cell-sphere-is-filled-38e823,1632,1779843023.389386,55.000237,36.266667,1,0,1,CAREFUL,7.511111,13.286717,0,0.0,0.0,1.682149,-0.79015,1.2672,0.99702,0.077141,0.0,1.682149,0.0486,64,64,1525,0.300177,19.211314,0.852508,64,0,11,9,2,81,13,13,1.744299,2.168006,0.030964,1.216079,0.055,0.055169,1.0,1.200053,1.4,0.0,1.32,64,24
20260526-194927-sentence-script-a-cell-sphere-is-filled-38e823,1635,1779843023.518122,55.128948,36.333333,1,0,1,CAREFUL,7.577778,13.286717,0,0.0,0.0,1.694262,-0.789212,1.2672,0.997015,0.077212,0.0,1.694262,0.06075,64,64,1525,0.300237,19.215166,0.852371,64,0,11,9,2,81,13,13,1.744965,2.160784,0.029678,1.210102,0.055,0.051323,1.0,1.196015,1.4,0.0,1.32,64,24
20260526-194927-sentence-script-a-cell-sphere-is-filled-38e823,1638,1779843023.603787,55.214714,36.4,1,0,1,CAREFUL,7.644444,13.286717,0,0.0,0.0,1.706376,-0.788273,1.2672,0.99701,0.077276,0.0,1.706376,0.0729,64,64,1525,0.300752,19.248111,0.852338,64,0,11,9,2,80,13,13,1.745625,2.153626,0.028407,1.204179,0.055,0.0475,1.0,1.192013,1.4,0.0,1.32,64,24
20260526-194927-sentence-script-a-cell-sphere-is-filled-38e823,1640,1779843023.707719,55.318483,36.444444,1,0,1,CAREFUL,7.688889,13.286717,0,0.0,0.0,1.714452,-0.787647,1.2672,0.997007,0.077314,0.0,1.714452,0.081,64,64,1525,0.30086,19.255068,0.852332,64,0,11,9,2,79,13,14,1.746061,2.14889,0.027568,1.20026,0.055,0.044964,1.0,1.189365,1.4,0.0,1.32,64,24
20260526-194927-sentence-script-a-cell-sphere-is-filled-38e823,1643,1779843023.805818,55.416675,36.511111,1,0,1,CAREFUL,7.755556,13.286717,0,0.0,0.0,1.726117,-0.786742,1.2672,0.997003,0.077366,0.0,1.726117,0.0927,64,64,1530,0.306266,19.601008,0.85233,64,0,11,9,2,81,13,14,1.746711,2.14184,0.026322,1.194425,0.055,0.041179,1.0,1.185422,1.4,0.0,1.32,64,24
20260526-194927-sentence-script-a-cell-sphere-is-filled-38e823,1645,1779843023.908187,55.518996,36.555556,1,0,1,CAREFUL,7.8,13.286717,0,0.0,0.0,1.733744,-0.78615,1.2672,0.997,0.077398,0.0,1.733744,0.10035,64,64,1528,0.308285,19.730246,0.85233,64,0,12,10,2,80,13,14,1.747142,2.137174,0.0255,1.190564,0.055,0.04,1.0,1.182814,1.4,0.0,1.32,64,24
20260526-194927-sentence-script-a-cell-sphere-is-filled-38e823,1648,1779843024.026271,55.63708,36.622222,1,0,1,CAREFUL,7.866667,13.286717,0,0.0,0.0,1.745857,-0.785209,1.2672,0.996997,0.077439,0.0,1.745857,0.1125,64,64,1529,0.311611,19.943086,0.85233,64,0,12,10,2,79,14,14,1.747782,2.130228,0.024279,1.184816,0.055,0.04,1.0,1.17893,1.4,0.0,1.32,64,24
20260526-194927-sentence-script-a-cell-sphere-is-filled-38e823,1650,1779843024.112029,55.722894,36.666667,1,0,1,CAREFUL,7.911111,13.286717,0,0.0,0.0,1.753933,-0.784582,1.2672,0.996995,0.077464,0.0,1.753933,0.1206,64,64,1526,0.314168,20.106721,0.85233,64,0,12,10,2,81,14,14,1.748206,2.125633,0.023473,1.181013,0.055,0.04,1.0,1.17636,1.4,0.0,1.32,64,24
20260526-194927-sentence-script-a-cell-sphere-is-filled-38e823,1652,1779843024.19052,55.801336,36.711111,1,0,1,CAREFUL,7.955556,13.286717,0,0.0,0.0,1.762009,-0.783954,1.2672,0.996993,0.077486,0.0,1.762009,0.1287,64,64,1526,0.312768,20.017158,0.85233,64,0,12,9,3,81,14,14,1.748627,2.121064,0.022673,1.177233,0.055,0.04,1.0,1.173806,1.4,0.0,1.32,64,24
20260526-194927-sentence-script-a-cell-sphere-is-filled-38e823,1655,1779843024.326515,55.937222,36.777778,1,0,1,CAREFUL,8.022222,13.286717,0,0.0,0.0,1.774122,-0.783012,1.2672,0.996991,0.077514,0.0,1.774122,0.14085,64,64,1523,0.316558,20.259684,0.85233,64,0,12,9,3,80,14,14,1.749254,2.114263,0.021486,1.171605,0.055,0.04,1.0,1.170003,1.4,0.0,1.32,64,24
20260526-194927-sentence-script-a-cell-sphere-is-filled-38e823,1657,1779843024.394219,56.005007,36.822222,1,0,1,CAREFUL,8.066667,13.286717,0,0.0,0.0,1.782198,-0.782385,1.2672,0.99699,0.07753,0.0,1.782198,0.14895,64,64,1524,0.318278,20.369793,0.85233,64,0,11,9,2,81,14,14,1.749669,2.109763,0.020702,1.167881,0.055,0.04,1.0,1.167487,1.4,0.0,1.32,64,24
20260526-194927-sentence-script-a-cell-sphere-is-filled-38e823,1659,1779843024.506469,56.117379,36.866667,1,0,1,CAREFUL,8.111111,13.286717,0,0.0,0.0,1.790273,-0.781756,1.2672,0.996989,0.077544,0.0,1.790273,0.15705,64,64,1526,0.320644,20.521221,0.85233,64,0,11,9,2,80,14,14,1.750082,2.10529,0.02,1.164179,0.055,0.04,1.0,1.164986,1.4,0.0,1.32,64,24
20260526-194927-sentence-script-a-cell-sphere-is-filled-38e823,1661,1779843024.589281,56.200059,36.911111,1,0,1,CAREFUL,8.155556,13.286717,0,0.0,0.0,1.798349,-0.781128,1.2672,0.996988,0.077555,0.0,1.798349,0.16515,64,64,1527,0.323725,20.718394,0.852329,64,0,11,9,2,81,14,14,1.750492,2.100844,0.02,1.160499,0.055,0.04,1.0,1.1625,1.4,0.0,1.32,64,24
20260526-194927-sentence-script-a-cell-sphere-is-filled-38e823,1664,1779843024.705022,56.315892,36.977778,1,0,1,CAREFUL,8.222222,13.286717,0,0.0,0.0,1.810462,-0.780186,1.2672,0.996987,0.077568,0.0,1.810462,0.1773,64,64,1523,0.325806,20.851595,0.852329,64,0,11,9,2,81,14,14,1.751102,2.094224,0.02,1.155021,0.055,0.04,1.0,1.158798,1.4,0.0,1.32,64,24
20260526-194927-sentence-script-a-cell-sphere-is-filled-38e823,1667,1779843024.821245,56.432172,37.044444,1,0,1,CAREFUL,8.288889,13.286717,0,0.0,0.0,1.822576,-0.779243,1.2672,0.996986,0.077576,0.0,1.822576,0.18945,64,64,1529,0.329155,21.06589,0.885554,64,0,11,9,2,83,14,14,1.751707,2.087664,0.02,1.149592,0.055,0.04,1.0,1.15513,1.4,0.0,1.32,64,24
20260526-194927-sentence-script-a-cell-sphere-is-filled-38e823,1669,1779843024.901824,56.512531,37.088889,1,0,1,CAREFUL,8.333333,13.286717,0,0.0,0.0,1.830651,-0.778615,1.2672,0.996986,0.077579,0.0,1.830651,0.19755,64,64,1526,0.331791,21.234634,0.86393,64,0,11,9,2,82,14,14,1.752107,2.083323,0.02,1.146,0.055,0.04,1.0,1.152703,1.4,0.0,1.32,64,24
20260526-194927-sentence-script-a-cell-sphere-is-filled-38e823,1672,1779843025.01242,56.62331,37.155556,1,0,1,CAREFUL,8.4,13.286717,0,0.0,0.0,1.841867,-0.777742,1.2672,0.996986,0.07758,0.0,1.841867,0.2088,64,64,1526,0.331774,21.233527,0.908945,64,0,11,8,3,81,14,14,1.752703,2.07686,0.02,1.140652,0.055,0.04,1.0,1.149089,1.4,0.0,1.32,64,24
20260526-194927-sentence-script-a-cell-sphere-is-filled-38e823,1674,1779843025.108735,56.71954,37.2,1,0,1,CAREFUL,8.444444,13.286717,0,0.0,0.0,1.849046,-0.777184,1.2672,0.996986,0.077578,0.0,1.849046,0.216,64,64,1527,0.335638,21.480861,0.90046,64,0,11,8,3,81,14,14,1.753098,2.072584,0.02,1.137114,0.055,0.04,1.0,1.146698,1.4,0.0,1.32,64,24
20260526-194927-sentence-script-a-cell-sphere-is-filled-38e823,1677,1779843025.223763,56.834596,37.266667,1,0,1,CAREFUL,8.511111,13.286717,0,0.0,0.0,1.859365,-0.776381,1.2672,0.996987,0.077573,0.0,1.859365,0.22635,64,64,1524,0.338396,21.657373,0.888023,64,0,11,7,4,81,14,14,1.753685,2.066218,0.02,1.131845,0.055,0.04,1.0,1.143139,1.4,0.0,1.32,64,24
20260526-194927-sentence-script-a-cell-sphere-is-filled-38e823,1679,1779843025.292077,56.90286,37.311111,1,0,1,CAREFUL,8.555556,13.286717,0,0.0,0.0,1.865646,-0.775892,1.2672,0.996987,0.077567,0.0,1.865646,0.23265,64,64,1524,0.339267,21.713118,0.87991,64,0,11,7,4,81,14,14,1.754073,2.062006,0.02,1.12836,0.055,0.04,1.0,1.140784,1.4,0.0,1.32,64,24
20260526-194927-sentence-script-a-cell-sphere-is-filled-38e823,1682,1779843025.425677,57.036411,37.377778,1,0,1,CAREFUL,8.622222,13.286717,0,0.0,0.0,1.875067,-0.775159,1.2672,0.996988,0.077557,0.0,1.875067,0.2421,64,64,1527,0.339585,21.733413,0.868021,64,0,11,7,4,81,14,14,1.754651,2.055735,0.02,1.12317,0.055,0.04,1.0,1.137277,1.4,0.0,1.32,64,24
20260526-194927-sentence-script-a-cell-sphere-is-filled-38e823,1684,1779843025.490972,57.101859,37.422222,1,0,1,CAREFUL,8.666667,13.286717,0,0.0,0.0,1.881348,-0.774671,1.2672,0.996989,0.077548,0.0,1.881348,0.2484,64,64,1526,0.341365,21.84736,0.860287,64,0,11,7,4,81,14,14,1.755034,2.051585,0.02,1.119736,0.055,0.04,1.0,1.134957,1.4,0.0,1.32,64,24
20260526-194927-sentence-script-a-cell-sphere-is-filled-38e823,1687,1779843025.604819,57.215735,37.488889,1,0,1,CAREFUL,8.733333,13.286717,0,0.0,0.0,1.89077,-0.773938,1.2672,0.99699,0.077533,0.0,1.89077,0.25785,64,64,1527,0.342611,21.927072,0.899304,64,0,11,7,4,81,14,14,1.755604,2.045407,0.02,1.114624,0.055,0.04,1.0,1.131503,1.4,0.0,1.32,64,24
20260526-194927-sentence-script-a-cell-sphere-is-filled-38e823,1689,1779843025.735756,57.346609,37.533333,1,0,1,CAREFUL,8.777778,13.286717,0,0.0,0.0,1.897051,-0.773449,1.2672,0.996991,0.077522,0.0,1.897051,0.26415,64,64,1529,0.345475,22.110398,0.891018,64,0,10,7,3,81,14,14,1.75598,2.04132,0.02,1.111241,0.055,0.04,1.0,1.129217,1.4,0.0,1.32,64,24
20260526-194927-sentence-script-a-cell-sphere-is-filled-38e823,1691,1779843025.824357,57.435252,37.577778,1,0,1,CAREFUL,8.822222,13.286717,0,0.0,0.0,1.903332,-0.772961,1.2672,0.996992,0.07751,0.0,1.903332,0.27045,64,64,1528,0.34754,22.242568,0.883124,64,0,10,7,3,80,14,14,1.756355,2.037257,0.02,1.107879,0.055,0.04,1.0,1.126945,1.4,0.0,1.32,64,24
20260526-194927-sentence-script-a-cell-sphere-is-filled-38e823,1693,1779843025.925193,57.536016,37.622222,1,0,1,CAREFUL,8.866667,13.286717,0,0.0,0.0,1.909613,-0.772473,1.2672,0.996993,0.077496,0.0,1.909613,0.27675,64,64,1529,0.348405,22.297914,0.87536,64,0,10,7,3,80,14,14,1.756728,2.033218,0.02,1.104537,0.055,0.04,1.0,1.124687,1.4,0.0,1.32,64,24
20260526-194927-sentence-script-a-cell-sphere-is-filled-38e823,1695,1779843026.013506,57.624259,37.666667,1,0,1,CAREFUL,8.911111,13.286717,0,0.0,0.0,1.915894,-0.771985,1.2672,0.996994,0.077481,0.0,1.915894,0.28305,64,64,1528,0.347782,22.25803,0.867731,64,0,10,7,3,81,14,14,1.757098,2.029203,0.02,1.101214,0.055,0.04,1.0,1.122442,1.4,0.0,1.32,64,24
20260526-194927-sentence-script-a-cell-sphere-is-filled-38e823,1697,1779843026.101089,57.711869,37.711111,1,0,1,CAREFUL,8.955556,13.286717,0,0.0,0.0,1.922175,-0.771497,1.2672,0.996995,0.077466,0.0,1.922175,0.28935,64,64,1525,0.347925,22.267219,0.860225,64,0,10,7,3,81,14,14,1.757466,2.025213,0.02,1.097912,0.055,0.04,1.0,1.120211,1.4,0.0,1.32,64,24
20260526-194927-sentence-script-a-cell-sphere-is-filled-38e823,1700,1779843026.214611,57.825458,37.777778,1,0,1,CAREFUL,9.022222,13.286717,0,0.0,0.0,1.931597,-0.770765,1.2672,0.996997,0.077441,0.0,1.931597,0.2988,64,64,1527,0.355836,22.773473,0.852328,64,0,10,7,3,80,14,14,1.758014,2.019272,0.02,1.092996,0.055,0.04,1.0,1.116889,1.4,0.0,1.32,64,24
20260526-194927-sentence-script-a-cell-sphere-is-filled-38e823,1702,1779843026.295863,57.90042,37.822222,1,0,1,CAREFUL,9.066667,13.286717,0,0.0,0.0,1.937878,-0.770277,1.2672,0.996998,0.077423,0.0,1.937878,0.3051,64,64,1527,0.359214,22.989726,0.861543,64,0,10,7,3,83,14,14,1.758376,2.015341,0.02,1.089743,0.055,0.04,1.0,1.114691,1.4,0.0,1.32,64,24
20260526-194927-sentence-script-a-cell-sphere-is-filled-38e823,1704,1779843026.400703,58.011533,37.866667,1,0,1,CAREFUL,9.111111,13.286717,0,0.0,0.0,1.944159,-0.769789,1.2672,0.997,0.077404,0.0,1.944159,0.3114,64,64,1527,0.361722,23.150188,0.853533,64,0,10,7,3,82,14,14,1.758736,2.011433,0.02,1.086509,0.055,0.04,1.0,1.112506,1.4,0.0,1.32,64,24
20260526-194927-sentence-script-a-cell-sphere-is-filled-38e823,1707,1779843026.51881,58.129721,37.933333,1,0,1,CAREFUL,9.177778,13.286717,0,0.0,0.0,1.95358,-0.769058,1.2672,0.997002,0.077374,0.0,1.95358,0.32085,64,64,1528,0.364781,23.346013,0.852328,64,0,10,7,3,82,14,14,1.759273,2.005616,0.02,1.081695,0.055,0.04,1.0,1.109253,1.4,0.0,1.32,64,24
20260526-194927-sentence-script-a-cell-sphere-is-filled-38e823,1709,1779843026.61363,58.224479,37.977778,1,0,1,CAREFUL,9.222222,13.286717,0,0.0,0.0,1.959862,-0.768571,1.2672,0.997004,0.077353,0.0,1.959862,0.32715,64,64,1526,0.36443,23.323498,0.852328,64,0,10,7,3,81,14,14,1.759628,2.001766,0.02,1.078509,0.055,0.04,1.0,1.107101,1.4,0.0,1.32,64,24
20260526-194927-sentence-script-a-cell-sphere-is-filled-38e823,1711,1779843026.70195,58.312689,38.022222,1,0,1,CAREFUL,9.266667,13.286717,0,0.0,0.0,1.966143,-0.768083,1.2672,0.997005,0.077331,0.0,1.966143,0.00315,64,64,1527,0.365441,23.388204,0.852328,64,0,10,7,3,79,14,14,1.759981,1.99794,0.02,1.075343,0.055,0.04,1.0,1.104962,1.4,0.0,1.32,64,24
20260526-194927-sentence-script-a-cell-sphere-is-filled-38e823,1713,1779843026.804659,58.415528,38.066667,1,0,1,CAREFUL,9.311111,13.286717,0,0.0,0.0,1.972424,-0.767596,1.2672,0.997007,0.077308,0.0,1.972424,0.00945,64,64,1526,0.365968,23.421925,0.852328,64,0,10,7,3,81,14,14,1.760331,1.994137,0.02,1.072196,0.055,0.04,1.0,1.102835,1.4,0.0,1.32,64,24
20260526-194927-sentence-script-a-cell-sphere-is-filled-38e823,1716,1779843026.889523,58.500415,38.133333,1,0,1,CAREFUL,9.377778,13.286717,0,0.0,0.0,1.981846,-0.766866,1.2672,0.99701,0.077273,0.0,1.981846,0.0189,64,64,1524,0.368319,23.572437,0.852328,64,0,10,7,3,81,14,15,1.760853,1.988475,0.02,1.06751,0.055,0.04,1.0,1.099669,1.4,0.0,1.32,64,24
20260526-194927-sentence-script-a-cell-sphere-is-filled-38e823,1718,1779843026.992287,58.603198,38.177778,1,0,1,CAREFUL,9.422222,13.286717,0,0.0,0.0,1.988127,-0.766379,1.2672,0.997012,0.077248,0.0,1.988127,0.0252,64,64,1528,0.374243,23.951554,0.852328,64,0,10,7,3,79,14,15,1.761199,1.984728,0.02,1.06441,0.055,0.04,1.0,1.097574,1.4,0.0,1.32,64,24
20260526-194927-sentence-script-a-cell-sphere-is-filled-38e823,1721,1779843027.093567,58.704406,38.244444,1,0,1,CAREFUL,9.488889,13.286717,0,0.0,0.0,1.997549,-0.76565,1.2672,0.997015,0.07721,0.0,1.997549,0.03465,64,64,1530,0.379563,24.292051,0.852328,64,0,10,7,3,80,14,15,1.761713,1.97915,0.02,1.059794,0.055,0.04,1.0,1.094455,1.4,0.0,1.32,64,24
20260526-194927-sentence-script-a-cell-sphere-is-filled-38e823,1723,1779843027.198206,58.809041,38.288889,1,0,1,CAREFUL,9.533333,13.286717,0,0.0,0.0,2.004278,-0.765128,1.2672,0.997017,0.077184,0.0,2.004278,0.0414,64,64,1528,0.380625,24.359973,0.852328,64,0,11,8,3,81,14,15,1.762053,1.97546,0.02,1.05674,0.055,0.04,1.0,1.092392,1.4,0.0,1.32,64,24
20260526-194927-sentence-script-a-cell-sphere-is-filled-38e823,1726,1779843027.321265,58.932094,38.355556,1,0,1,CAREFUL,9.6,13.286717,0,0.0,0.0,2.015046,-0.764295,1.2672,0.99702,0.077143,0.0,2.015046,0.0522,64,64,1522,0.379689,24.300113,0.852328,64,0,11,8,3,82,14,15,1.76256,1.969965,0.02,1.052193,0.055,0.04,1.0,1.089319,1.4,0.0,1.32,64,24
20260526-194927-sentence-script-a-cell-sphere-is-filled-38e823,1728,1779843027.395962,59.006742,38.4,1,0,1,CAREFUL,9.644444,13.286717,0,0.0,0.0,2.022225,-0.76374,1.2672,0.997022,0.077115,0.0,2.022225,0.0594,64,64,1524,0.382714,24.493693,0.852328,64,0,10,8,2,82,14,15,1.762895,1.966329,0.02,1.049184,0.055,0.04,1.0,1.087287,1.4,0.0,1.32,64,24
20260526-194927-sentence-script-a-cell-sphere-is-filled-38e823,1731,1779843027.522438,59.133195,38.466667,1,0,1,CAREFUL,9.711111,13.286717,0,0.0,0.0,2.032993,-0.762907,1.2672,0.997026,0.077071,0.0,2.032993,0.0702,64,64,1527,0.384504,24.608252,0.852328,64,0,10,8,2,81,14,15,1.763394,1.960917,0.02,1.044705,0.055,0.04,1.0,1.08426,1.4,0.0,1.32,64,24
20260526-194927-sentence-script-a-cell-sphere-is-filled-38e823,1733,1779843027.59139,59.202235,38.511111,1,0,1,CAREFUL,9.755556,13.286717,0,0.0,0.0,2.040171,-0.762353,1.2672,0.997028,0.077041,0.0,2.040171,0.0774,64,64,1528,0.385896,24.697341,0.852328,64,0,10,8,2,81,14,15,1.763725,1.957335,0.02,1.041741,0.055,0.04,1.0,1.082258,1.4,0.0,1.32,64,24
20260526-194927-sentence-script-a-cell-sphere-is-filled-38e823,1736,1779843027.720189,59.330992,38.577778,1,0,1,CAREFUL,9.822222,13.286717,0,0.0,0.0,2.050939,-0.761521,1.2672,0.997032,0.076994,0.0,2.050939,0.0882,64,64,1528,0.388535,24.866211,0.852328,64,0,10,8,2,80,14,15,1.764216,1.952003,0.02,1.037329,0.055,0.04,1.0,1.079276,1.4,0.0,1.32,64,24
20260526-194927-sentence-script-a-cell-sphere-is-filled-38e823,1738,1779843027.809023,59.419852,38.622222,1,0,1,CAREFUL,9.866667,13.286717,0,0.0,0.0,2.058118,-0.760967,1.2672,0.997034,0.076962,0.0,2.058118,0.0954,64,64,1524,0.387921,24.826937,0.852328,64,0,10,8,2,81,14,15,1.764542,1.948475,0.02,1.034409,0.055,0.04,1.0,1.077303,1.4,0.0,1.32,64,24
20260526-194927-sentence-script-a-cell-sphere-is-filled-38e823,1740,1779843027.915704,59.525985,38.666667,1,0,1,CAREFUL,9.911111,13.286717,0,0.0,0.0,2.065296,-0.760413,1.2672,0.997037,0.076929,0.0,2.065296,0.1026,64,64,1522,0.387789,24.818466,0.852328,64,0,10,8,2,81,14,15,1.764865,1.944968,0.02,1.031507,0.055,0.04,1.0,1.075343,1.4,0.0,1.32,64,24
20260526-194927-sentence-script-a-cell-sphere-is-filled-38e823,1742,1779843027.996052,59.606802,38.711111,1,0,1,CAREFUL,9.955556,13.286717,0,0.0,0.0,2.072475,-0.759859,1.2672,0.997039,0.076896,0.0,2.072475,0.1098,64,64,1522,0.389868,24.951535,0.852328,64,0,10,8,2,80,14,15,1.765187,1.941482,0.02,1.028622,0.055,0.04,1.0,1.073393,1.4,0.0,1.32,64,24
20260526-194927-sentence-script-a-cell-sphere-is-filled-38e823,1744,1779843028.137071,59.747861,38.755556,1,0,1,CAREFUL,10.0,13.286717,0,0.0,0.0,2.079654,-0.759306,1.2672,0.997042,0.076862,0.0,2.079654,0.117,64,64,1526,0.397933,25.467738,0.852328,64,0,10,8,2,82,14,15,1.765506,1.938017,0.02,1.025755,0.055,0.04,1.0,1.071456,1.4,0.0,1.32,64,24
20260526-194927-sentence-script-a-cell-sphere-is-filled-38e823,1746,1779843028.212238,59.823025,38.8,1,0,1,CAREFUL,10.044444,13.286717,0,0.0,0.0,2.086833,-0.758752,1.2672,0.997044,0.076827,0.0,2.086833,0.1242,64,64,1525,0.398619,25.511624,0.852328,64,0,10,8,2,82,14,15,1.765824,1.934573,0.02,1.022905,0.055,0.04,1.0,1.06953,1.4,0.0,1.32,64,24
20260526-194927-sentence-script-a-cell-sphere-is-filled-38e823,1748,1779843028.298622,59.909496,38.844444,1,0,1,CAREFUL,10.088889,13.286717,0,0.0,0.0,2.093563,-0.758234,1.2672,0.997047,0.076792,0.0,2.093563,0.13095,64,64,1524,0.398443,25.500359,0.852328,64,0,9,8,1,81,14,15,1.766139,1.931149,0.02,1.020071,0.055,0.04,1.0,1.067616,1.4,0.0,1.32,64,24
20260526-194927-sentence-script-a-cell-sphere-is-filled-38e823,1751,1779843028.418341,60.029074,38.911111,1,0,1,CAREFUL,10.155556,13.286717,0,0.0,0.0,2.102985,-0.757509,1.2672,0.997051,0.076738,0.0,2.102985,0.1404,64,64,1523,0.39852,25.505273,0.852328,64,0,9,8,1,81,14,15,1.766609,1.926052,0.02,1.015854,0.055,0.04,1.0,1.064766,1.4,0.0,1.32,64,24
