run_id,sample_index,wall_time_iso,sim_time,round,paused,ai_enabled,ai_mode,ai_mode_timer,ai_stable_time,selected_index,human_override_active,vesicle_count,attached_count,cargo_count,avg_vesicle_speed,max_vesicle_speed,vesicle_centroid_x,vesicle_centroid_y,vesicle_centroid_z,selected_x,selected_y,selected_z,selected_speed,selected_attached,selected_cargo,mark_count,marked_organelle_count,nucleus_marks,mitochondrion_marks,spill_count,wrap_count,marker_count,flow_particle_count,ribosome_count,completion
20260526-202723-sentence-script-a-semi-transparent-cell-6760fd,0,2026-05-27T01:27:23.861468+00:00,0.0,1,False,True,PLAYFUL_FLOW,0.0,0.0,0,False,16,4,0,0.504045,0.646717,0.115061,-0.097185,-0.700754,0.341093,1.293505,1.567458,0.425392,False,False,2,2,1,1,0,1,2,55,90,False
20260526-202723-sentence-script-a-semi-transparent-cell-6760fd,1,2026-05-27T01:27:23.942114+00:00,0.116667,1,False,True,PLAYFUL_FLOW,0.116667,0.0,0,False,16,4,0,0.610664,1.602597,0.504087,-0.49552,-0.582739,0.351733,1.271953,1.608463,0.394772,False,False,2,2,1,1,0,1,2,55,90,False
20260526-202723-sentence-script-a-semi-transparent-cell-6760fd,2,2026-05-27T01:27:24.026325+00:00,0.233333,1,False,True,PLAYFUL_FLOW,0.233333,0.0,0,False,16,4,0,0.602528,1.607103,0.505882,-0.49598,-0.570278,0.357942,1.252953,1.64799,0.369123,False,False,2,2,1,1,0,1,2,55,90,False
20260526-202723-sentence-script-a-semi-transparent-cell-6760fd,3,2026-05-27T01:27:24.096601+00:00,0.333333,1,False,True,PLAYFUL_FLOW,0.333333,0.0,0,False,16,4,0,0.600139,1.598742,0.508059,-0.496706,-0.557536,0.359651,1.23875,1.680843,0.35145,False,False,2,2,1,1,0,1,2,55,90,False
20260526-202723-sentence-script-a-semi-transparent-cell-6760fd,4,2026-05-27T01:27:24.177111+00:00,0.45,1,False,True,PLAYFUL_FLOW,0.45,0.0,0,False,16,4,0,0.602448,1.586341,0.511396,-0.497799,-0.540668,0.357412,1.224587,1.71815,0.337116,False,False,2,2,1,1,0,1,2,55,90,False
20260526-202723-sentence-script-a-semi-transparent-cell-6760fd,5,2026-05-27T01:27:24.248249+00:00,0.55,1,False,True,PLAYFUL_FLOW,0.55,0.0,0,False,16,4,0,0.608681,1.573769,0.514946,-0.498818,-0.524815,0.351816,1.214515,1.749391,0.331242,False,False,2,2,1,1,0,1,2,55,90,False
20260526-202723-sentence-script-a-semi-transparent-cell-6760fd,6,2026-05-27T01:27:24.319655+00:00,0.65,1,False,True,PLAYFUL_FLOW,0.65,0.0,0,False,16,4,0,0.618273,1.559804,0.519131,-0.499815,-0.50799,0.342783,1.206273,1.780071,0.330877,False,False,2,2,1,1,0,1,2,55,90,False
20260526-202723-sentence-script-a-semi-transparent-cell-6760fd,7,2026-05-27T01:27:24.388407+00:00,0.75,1,False,True,PLAYFUL_FLOW,0.75,0.0,0,False,16,4,0,0.630781,1.544923,0.523934,-0.500719,-0.490478,0.330295,1.199814,1.81034,0.336979,False,False,2,2,1,1,0,1,2,55,90,False
20260526-202723-sentence-script-a-semi-transparent-cell-6760fd,8,2026-05-27T01:27:24.458174+00:00,0.85,1,False,True,PLAYFUL_FLOW,0.85,0.0,0,False,16,4,0,0.645694,1.52969,0.529307,-0.501487,-0.472554,0.314279,1.195014,1.840235,0.347533,False,False,2,2,1,1,0,1,2,55,90,False
20260526-202723-sentence-script-a-semi-transparent-cell-6760fd,9,2026-05-27T01:27:24.527497+00:00,0.95,1,False,True,PLAYFUL_FLOW,0.95,0.0,0,False,16,4,0,0.662315,1.514744,0.535212,-0.502086,-0.454458,0.294787,1.191836,1.869806,0.362218,False,False,2,2,1,1,0,1,2,55,90,False
20260526-202723-sentence-script-a-semi-transparent-cell-6760fd,10,2026-05-27T01:27:24.625524+00:00,1.066667,1,False,True,PLAYFUL_FLOW,1.066667,0.0,0,False,16,4,0,0.683443,1.498579,0.542694,-0.502574,-0.433438,0.267633,1.190006,1.903903,0.383642,False,False,2,2,1,1,0,1,2,55,90,False
20260526-202723-sentence-script-a-semi-transparent-cell-6760fd,11,2026-05-27T01:27:24.744467+00:00,1.183333,1,False,True,PLAYFUL_FLOW,1.183333,0.0,0,False,16,4,0,0.706081,1.484821,0.550731,-0.502842,-0.412825,0.235701,1.190023,1.937636,0.409602,False,False,2,2,1,1,0,1,2,55,90,False
20260526-202723-sentence-script-a-semi-transparent-cell-6760fd,12,2026-05-27T01:27:24.864283+00:00,1.3,1,False,True,PLAYFUL_FLOW,1.3,0.0,0,False,16,4,0,0.729619,1.474466,0.559226,-0.502913,-0.392887,0.199033,1.191649,1.970979,0.437344,False,False,2,2,1,1,0,1,2,55,90,False
20260526-202723-sentence-script-a-semi-transparent-cell-6760fd,13,2026-05-27T01:27:24.982929+00:00,1.416667,1,False,True,PLAYFUL_FLOW,1.416667,0.0,0,False,16,4,0,0.753659,1.468305,0.568085,-0.502814,-0.373865,0.157654,1.194625,2.003904,0.467119,False,False,2,2,1,1,0,1,2,55,90,False
20260526-202723-sentence-script-a-semi-transparent-cell-6760fd,14,2026-05-27T01:27:25.102192+00:00,1.533333,1,False,True,PLAYFUL_FLOW,1.533333,0.0,0,False,16,4,0,0.777903,1.466825,0.577208,-0.502545,-0.35597,0.111592,1.198739,2.036433,0.497843,False,False,2,2,1,1,0,1,2,55,90,False
20260526-202723-sentence-script-a-semi-transparent-cell-6760fd,15,2026-05-27T01:27:25.221645+00:00,1.65,1,False,True,PLAYFUL_FLOW,1.65,0.0,0,False,16,4,0,0.802049,1.470147,0.586478,-0.502084,-0.339387,0.060982,1.203744,2.06855,0.528778,False,False,2,2,1,1,0,1,2,55,90,False
20260526-202723-sentence-script-a-semi-transparent-cell-6760fd,16,2026-05-27T01:27:25.341043+00:00,1.766667,1,False,True,PLAYFUL_FLOW,1.766667,0.0,0,False,16,4,0,0.825973,1.478004,0.595774,-0.501398,-0.324286,0.005925,1.209438,2.100094,0.558939,False,False,2,2,1,1,0,1,2,55,90,False
20260526-202723-sentence-script-a-semi-transparent-cell-6760fd,17,2026-05-27T01:27:25.462102+00:00,1.883333,1,False,True,PLAYFUL_FLOW,1.883333,0.0,0,False,16,4,0,0.84961,1.48978,0.604931,-0.500434,-0.310833,-0.053452,1.215524,2.130932,0.588478,False,False,2,2,1,1,0,1,2,55,90,False
20260526-202723-sentence-script-a-semi-transparent-cell-6760fd,18,2026-05-27T01:27:25.582516+00:00,2.0,1,False,True,PLAYFUL_FLOW,2.0,0.0,0,False,16,4,0,0.872588,1.504593,0.613761,-0.499124,-0.299189,-0.116978,1.22183,2.160974,0.61694,False,False,2,2,1,1,0,1,2,55,90,False
20260526-202723-sentence-script-a-semi-transparent-cell-6760fd,19,2026-05-27T01:27:25.701537+00:00,2.116667,1,False,True,PLAYFUL_FLOW,2.116667,0.0,0,False,16,4,0,0.894971,1.521398,0.62204,-0.497414,-0.289454,-0.18451,1.228197,2.190069,0.644373,False,False,2,2,1,1,0,1,2,55,90,False
20260526-202723-sentence-script-a-semi-transparent-cell-6760fd,20,2026-05-27T01:27:25.845569+00:00,2.233333,1,False,True,PLAYFUL_FLOW,2.233333,0.0,0,False,16,4,0,0.91669,1.539099,0.629533,-0.495278,-0.281688,-0.255907,1.2344,2.217998,0.670623,False,False,2,2,1,1,0,1,2,55,90,False
20260526-202723-sentence-script-a-semi-transparent-cell-6760fd,21,2026-05-27T01:27:25.963635+00:00,2.35,1,False,True,PLAYFUL_FLOW,2.35,0.0,0,False,16,4,0,0.937563,1.556646,0.635982,-0.492733,-0.275905,-0.331005,1.240206,2.244584,0.695386,False,False,2,2,1,1,0,1,2,55,90,False
20260526-202723-sentence-script-a-semi-transparent-cell-6760fd,22,2026-05-27T01:27:26.097681+00:00,2.466667,1,False,True,PLAYFUL_FLOW,2.466667,0.0,0,False,16,3,0,0.97357,1.573106,0.631261,-0.50585,-0.2923,-0.409628,1.245477,2.269633,0.718542,False,False,2,2,1,1,0,1,2,55,90,False
20260526-202723-sentence-script-a-semi-transparent-cell-6760fd,23,2026-05-27T01:27:26.246585+00:00,2.583333,1,False,True,PLAYFUL_FLOW,2.583333,0.0,0,False,16,3,0,0.966499,1.587703,0.636594,-0.508159,-0.298075,-0.491481,1.249989,2.292855,0.738972,False,False,2,2,1,1,1,1,2,55,90,False
20260526-202723-sentence-script-a-semi-transparent-cell-6760fd,24,2026-05-27T01:27:26.391051+00:00,2.7,1,False,True,PLAYFUL_FLOW,2.7,0.0,0,False,16,3,0,0.986558,1.599835,0.639457,-0.503064,-0.296084,-0.576408,1.253639,2.314015,0.759514,False,False,2,2,1,1,1,1,2,55,90,False
20260526-202723-sentence-script-a-semi-transparent-cell-6760fd,25,2026-05-27T01:27:26.519218+00:00,2.816667,1,False,True,PLAYFUL_FLOW,2.816667,0.0,0,False,16,3,0,1.005616,1.609061,0.641002,-0.497718,-0.295658,-0.664248,1.256386,2.332879,0.778189,False,False,2,2,1,1,1,1,2,55,90,False
20260526-202723-sentence-script-a-semi-transparent-cell-6760fd,26,2026-05-27T01:27:26.656060+00:00,2.933333,1,False,True,PLAYFUL_FLOW,2.933333,0.0,0,False,16,3,0,1.023751,1.615088,0.641202,-0.492447,-0.296431,-0.754632,1.258131,2.349146,0.79429,False,False,2,2,1,1,1,1,2,55,90,False
20260526-202723-sentence-script-a-semi-transparent-cell-6760fd,27,2026-05-27T01:27:26.779719+00:00,3.05,1,False,True,PLAYFUL_FLOW,3.05,1.0,0,False,16,3,0,1.040855,1.617742,0.640105,-0.487638,-0.29796,-0.847362,1.258715,2.36257,0.809847,False,False,2,2,1,1,0,1,2,55,90,False
20260526-202723-sentence-script-a-semi-transparent-cell-6760fd,28,2026-05-27T01:27:26.895634+00:00,3.166667,1,False,True,PLAYFUL_FLOW,3.166667,1.0,0,False,16,3,0,1.057017,1.616952,0.63782,-0.483647,-0.299765,-0.942246,1.258056,2.372976,0.824374,False,False,2,2,1,1,0,1,2,55,90,False
20260526-202723-sentence-script-a-semi-transparent-cell-6760fd,29,2026-05-27T01:27:27.013063+00:00,3.283333,1,False,True,PLAYFUL_FLOW,3.283333,1.0,0,False,16,3,0,1.071402,1.612738,0.634545,-0.480809,-0.301374,-1.039012,1.256062,2.380071,0.837368,False,False,2,2,1,1,0,1,2,55,90,False
20260526-202723-sentence-script-a-semi-transparent-cell-6760fd,30,2026-05-27T01:27:27.131090+00:00,3.4,1,False,True,PLAYFUL_FLOW,3.4,1.0,0,False,16,3,0,1.070868,1.605217,0.627459,-0.478246,-0.303681,-1.137461,1.252665,2.383687,0.850422,False,False,2,2,1,1,0,1,2,55,90,False
20260526-202723-sentence-script-a-semi-transparent-cell-6760fd,31,2026-05-27T01:27:27.249024+00:00,3.516667,1,False,True,PLAYFUL_FLOW,3.516667,1.0,0,False,16,3,0,1.07109,1.594615,0.619361,-0.478249,-0.300611,-1.237422,1.247836,2.383734,0.863365,False,False,2,2,1,1,0,1,2,55,90,False
20260526-202723-sentence-script-a-semi-transparent-cell-6760fd,32,2026-05-27T01:27:27.367085+00:00,3.633333,1,False,True,PLAYFUL_FLOW,3.633333,1.0,0,False,16,3,0,1.085882,1.581289,0.611026,-0.480149,-0.295558,-1.33877,1.24167,2.38002,0.876567,False,False,2,2,1,1,0,1,2,55,90,False
20260526-202723-sentence-script-a-semi-transparent-cell-6760fd,33,2026-05-27T01:27:27.485099+00:00,3.75,1,False,True,PLAYFUL_FLOW,3.75,1.0,0,False,16,3,0,1.099788,1.565753,0.60311,-0.4839,-0.288803,-1.441258,1.234163,2.372367,0.888403,False,False,2,2,1,1,0,1,2,55,90,False
20260526-202723-sentence-script-a-semi-transparent-cell-6760fd,34,2026-05-27T01:27:27.602993+00:00,3.866667,1,False,True,PLAYFUL_FLOW,3.866667,1.0,0,False,16,1,0,1.022043,1.512037,0.600396,-0.490162,-0.278549,-1.544694,1.225263,2.360727,0.900889,False,False,2,2,1,1,0,1,2,55,90,False
20260526-202723-sentence-script-a-semi-transparent-cell-6760fd,35,2026-05-27T01:27:27.721836+00:00,3.983333,1,False,True,PLAYFUL_FLOW,3.983333,1.0,0,False,16,1,0,1.026681,1.542177,0.608188,-0.495363,-0.257726,-1.648971,1.214898,2.345076,0.913737,False,False,2,2,1,1,0,1,2,55,90,False
20260526-202723-sentence-script-a-semi-transparent-cell-6760fd,36,2026-05-27T01:27:27.825006+00:00,4.083333,1,False,True,PLAYFUL_FLOW,4.083333,2.0,0,False,16,1,0,1.041059,1.55,0.614059,-0.498764,-0.239048,-1.738917,1.204962,2.328355,0.924875,False,False,2,2,1,1,0,1,2,55,90,False
20260526-202723-sentence-script-a-semi-transparent-cell-6760fd,37,2026-05-27T01:27:27.939296+00:00,4.2,1,False,True,PLAYFUL_FLOW,4.2,2.0,0,False,16,1,0,1.057844,1.55,0.621439,-0.502435,-0.2172,-1.844351,1.192161,2.305111,0.937191,False,False,2,2,1,1,0,1,2,55,90,False
20260526-202723-sentence-script-a-semi-transparent-cell-6760fd,38,2026-05-27T01:27:28.051948+00:00,4.316667,1,False,True,PLAYFUL_FLOW,4.316667,2.0,0,False,16,1,0,1.075121,1.55,0.629339,-0.505779,-0.195265,-1.950212,1.178077,2.277831,0.95035,False,False,2,2,1,1,0,1,2,55,90,False
20260526-202723-sentence-script-a-semi-transparent-cell-6760fd,39,2026-05-27T01:27:28.164053+00:00,4.433333,1,False,True,PLAYFUL_FLOW,4.433333,2.0,0,False,16,1,0,1.09126,1.55,0.637603,-0.508745,-0.173214,-2.056411,1.162763,2.246552,0.963714,False,False,2,2,1,1,0,1,2,55,90,False
20260526-202723-sentence-script-a-semi-transparent-cell-6760fd,40,2026-05-27T01:27:28.277394+00:00,4.55,1,False,True,PLAYFUL_FLOW,4.55,2.0,0,False,16,1,0,1.107509,1.55,0.646068,-0.511314,-0.150998,-2.162904,1.146332,2.211352,0.977943,False,False,2,2,1,1,0,1,2,55,90,False
20260526-202723-sentence-script-a-semi-transparent-cell-6760fd,41,2026-05-27T01:27:28.386937+00:00,4.666667,1,False,True,PLAYFUL_FLOW,4.666667,2.0,0,False,16,1,0,1.110965,1.55,0.652711,-0.512712,-0.130801,-2.269564,1.12883,2.172224,0.990788,False,False,2,2,1,1,0,1,2,55,90,False
20260526-202723-sentence-script-a-semi-transparent-cell-6760fd,42,2026-05-27T01:27:28.497488+00:00,4.783333,1,False,True,PLAYFUL_FLOW,4.783333,2.0,0,False,16,1,0,1.128745,1.55,0.659933,-0.513859,-0.110485,-2.376263,1.110302,2.129303,1.004269,False,False,2,2,1,1,0,1,2,55,90,False
20260526-202723-sentence-script-a-semi-transparent-cell-6760fd,43,2026-05-27T01:27:28.607726+00:00,4.9,1,False,True,PLAYFUL_FLOW,4.9,2.0,0,False,16,0,0,1.148469,1.55,0.666589,-0.515642,-0.089345,-2.482862,1.090909,2.082676,1.015989,False,False,2,2,1,1,0,1,2,55,90,False
20260526-202723-sentence-script-a-semi-transparent-cell-6760fd,44,2026-05-27T01:27:28.717636+00:00,5.016667,1,False,True,PLAYFUL_FLOW,5.016667,1.3,0,False,16,0,0,1.163501,1.55,0.668395,-0.522745,-0.065654,-2.589206,1.070862,2.032407,1.027927,False,False,2,2,1,1,0,0,2,55,90,False
20260526-202723-sentence-script-a-semi-transparent-cell-6760fd,45,2026-05-27T01:27:28.837069+00:00,5.133333,1,False,True,PLAYFUL_FLOW,5.133333,1.3,0,False,16,0,0,1.17761,1.55,0.669855,-0.529201,-0.041709,-2.695289,1.05022,1.978549,1.039829,False,False,2,2,1,1,0,0,2,55,90,False
20260526-202723-sentence-script-a-semi-transparent-cell-6760fd,46,2026-05-27T01:27:28.953408+00:00,5.25,1,False,True,PLAYFUL_FLOW,5.25,1.3,0,False,16,0,0,1.163838,1.55,0.671771,-0.536414,-0.019256,-2.800888,1.029021,1.921147,1.05068,False,False,2,2,1,1,0,0,2,55,90,False
20260526-202723-sentence-script-a-semi-transparent-cell-6760fd,47,2026-05-27T01:27:29.071285+00:00,5.366667,1,False,True,PLAYFUL_FLOW,5.366667,1.3,0,False,16,0,0,1.181202,1.55,0.673351,-0.543215,0.002686,-2.905924,1.007443,1.860111,1.062612,False,False,2,2,1,1,0,0,2,55,90,False
20260526-202723-sentence-script-a-semi-transparent-cell-6760fd,48,2026-05-27T01:27:29.189378+00:00,5.483333,1,False,True,PLAYFUL_FLOW,5.483333,1.3,0,False,16,0,0,1.185568,1.55,0.673486,-0.548827,0.022932,-3.01032,0.985602,1.795488,1.073691,False,False,2,2,1,1,0,0,2,55,90,False
20260526-202723-sentence-script-a-semi-transparent-cell-6760fd,49,2026-05-27T01:27:29.315127+00:00,5.6,1,False,True,PLAYFUL_FLOW,5.6,1.3,0,False,16,0,0,1.188416,1.474789,0.670832,-0.554495,0.045118,-3.113878,0.963654,1.727186,1.084593,False,False,2,2,1,1,0,0,2,55,90,False
20260526-202723-sentence-script-a-semi-transparent-cell-6760fd,50,2026-05-27T01:27:29.427860+00:00,5.716667,1,False,True,PLAYFUL_FLOW,5.716667,1.3,0,False,16,0,0,1.207804,1.48948,0.666343,-0.559928,0.068173,-3.216402,0.941751,1.6551,1.094985,False,False,2,2,1,1,0,0,2,55,90,False
20260526-202723-sentence-script-a-semi-transparent-cell-6760fd,51,2026-05-27T01:27:29.548306+00:00,5.833333,1,False,True,PLAYFUL_FLOW,5.833333,1.3,0,False,16,0,0,1.226394,1.503059,0.661936,-0.564918,0.091373,-3.317713,0.920057,1.579143,1.105989,False,False,2,2,1,1,0,0,2,55,90,False
20260526-202723-sentence-script-a-semi-transparent-cell-6760fd,52,2026-05-27T01:27:29.668457+00:00,5.95,1,False,True,PLAYFUL_FLOW,5.95,1.3,0,False,16,0,0,1.229569,1.514666,0.655902,-0.570875,0.111617,-3.417635,0.898738,1.499106,1.1176,False,False,2,2,1,1,0,0,2,55,90,False
20260526-202723-sentence-script-a-semi-transparent-cell-6760fd,53,2026-05-27T01:27:29.787968+00:00,6.066667,1,False,True,PLAYFUL_FLOW,6.066667,0.6,0,False,16,0,0,1.247264,1.533106,0.649166,-0.577271,0.12986,-3.515962,0.877933,1.414845,1.129281,False,False,2,2,1,1,0,0,2,55,90,False
20260526-202723-sentence-script-a-semi-transparent-cell-6760fd,54,2026-05-27T01:27:29.906993+00:00,6.183333,1,False,True,PLAYFUL_FLOW,6.183333,0.6,0,False,16,0,0,1.238621,1.55,0.640135,-0.581928,0.147989,-3.612471,0.857798,1.326276,1.141314,False,False,2,2,1,1,0,0,2,55,90,False
20260526-202723-sentence-script-a-semi-transparent-cell-6760fd,55,2026-05-27T01:27:30.023957+00:00,6.3,1,False,True,PLAYFUL_FLOW,6.3,0.6,0,False,16,0,0,1.239776,1.55,0.629795,-0.586426,0.166038,-3.706936,0.838463,1.23321,1.15458,False,False,2,2,1,1,0,0,2,55,90,False
20260526-202723-sentence-script-a-semi-transparent-cell-6760fd,56,2026-05-27T01:27:30.142497+00:00,6.416667,1,False,True,PLAYFUL_FLOW,6.416667,0.6,0,False,16,0,0,1.253745,1.55,0.618655,-0.590852,0.183995,-3.799139,0.820063,1.135481,1.168177,False,False,2,2,1,1,0,0,2,55,90,False
20260526-202723-sentence-script-a-semi-transparent-cell-6760fd,57,2026-05-27T01:27:30.261122+00:00,6.533333,1,False,True,PLAYFUL_FLOW,6.533333,0.6,0,False,16,0,0,1.266999,1.55,0.607917,-0.595165,0.202072,-3.888788,0.802778,1.033041,1.182464,False,False,2,2,1,1,0,0,2,55,90,False
20260526-202723-sentence-script-a-semi-transparent-cell-6760fd,58,2026-05-27T01:27:30.379411+00:00,6.65,1,False,True,PLAYFUL_FLOW,6.65,0.6,0,False,16,0,0,1.265799,1.55,0.599102,-0.599867,0.219181,-3.975666,0.786722,0.925795,1.197844,False,False,2,2,1,1,0,0,2,55,90,False
20260526-202723-sentence-script-a-semi-transparent-cell-6760fd,59,2026-05-27T01:27:30.497930+00:00,6.766667,1,False,True,PLAYFUL_FLOW,6.766667,0.6,0,False,16,0,0,1.279377,1.55,0.592161,-0.60476,0.23607,-4.059503,0.772066,0.81371,1.213048,False,False,2,2,1,1,0,0,2,55,90,False
20260526-202723-sentence-script-a-semi-transparent-cell-6760fd,60,2026-05-27T01:27:30.638643+00:00,6.883333,1,False,True,PLAYFUL_FLOW,6.883333,0.6,0,False,16,0,0,1.265503,1.55,0.584548,-0.609385,0.252535,-4.14004,0.758845,0.696831,1.228903,False,False,2,2,1,1,0,0,2,55,90,False
20260526-202723-sentence-script-a-semi-transparent-cell-6760fd,61,2026-05-27T01:27:30.758907+00:00,7.0,1,False,True,PLAYFUL_FLOW,7.0,0.0,0,False,16,0,0,1.250365,1.55,0.578836,-0.612808,0.272498,-4.217106,0.747257,0.575192,1.245306,False,False,2,2,1,1,0,0,2,55,90,False
20260526-202723-sentence-script-a-semi-transparent-cell-6760fd,62,2026-05-27T01:27:30.882024+00:00,7.116667,1,False,True,PLAYFUL_FLOW,7.116667,0.0,0,False,16,0,0,1.236058,1.540633,0.566489,-0.614175,0.292351,-4.290467,0.73743,0.448901,1.262072,False,False,2,2,1,1,0,0,2,55,90,False
20260526-202723-sentence-script-a-semi-transparent-cell-6760fd,63,2026-05-27T01:27:31.001257+00:00,7.233333,1,False,True,PLAYFUL_FLOW,7.233333,0.0,0,False,16,0,0,1.250489,1.533952,0.552872,-0.615064,0.310991,-4.359938,0.729378,0.318126,1.278303,False,False,2,2,1,1,0,0,2,55,90,False
20260526-202723-sentence-script-a-semi-transparent-cell-6760fd,64,2026-05-27T01:27:31.122659+00:00,7.35,1,False,True,PLAYFUL_FLOW,7.35,0.0,0,False,16,0,0,1.263855,1.526474,0.539625,-0.615506,0.32955,-4.425341,0.723156,0.18314,1.293502,False,False,2,2,1,1,0,0,2,55,90,False
20260526-202723-sentence-script-a-semi-transparent-cell-6760fd,65,2026-05-27T01:27:31.255741+00:00,7.466667,1,False,True,PLAYFUL_FLOW,7.466667,0.0,0,False,16,0,0,1.276272,1.525617,0.526704,-0.615413,0.347978,-4.486537,0.718829,0.044182,1.308381,False,False,2,2,1,1,0,0,2,55,90,False
20260526-202723-sentence-script-a-semi-transparent-cell-6760fd,66,2026-05-27T01:27:31.379032+00:00,7.583333,1,False,True,PLAYFUL_FLOW,7.583333,0.0,0,False,16,0,0,1.274779,1.542153,0.513701,-0.614436,0.365394,-4.543334,0.71646,-0.098509,1.322466,False,False,2,2,1,1,0,0,2,55,90,False
20260526-202723-sentence-script-a-semi-transparent-cell-6760fd,67,2026-05-27T01:27:31.500530+00:00,7.7,1,False,True,PLAYFUL_FLOW,7.7,0.0,0,False,16,0,0,1.226693,1.55,0.498375,-0.613712,0.376808,-4.595706,0.716102,-0.244568,1.335422,False,False,2,2,1,1,0,0,2,55,90,False
20260526-202723-sentence-script-a-semi-transparent-cell-6760fd,68,2026-05-27T01:27:31.622854+00:00,7.816667,1,False,True,PLAYFUL_FLOW,7.816667,0.0,0,False,16,0,0,1.212744,1.424471,0.485896,-0.61364,0.381792,-4.643548,0.71771,-0.393648,1.34707,False,False,2,2,1,1,0,0,2,55,90,False
20260526-202723-sentence-script-a-semi-transparent-cell-6760fd,69,2026-05-27T01:27:31.742218+00:00,7.933333,1,False,True,PLAYFUL_FLOW,7.933333,0.0,0,False,16,0,0,1.227632,1.432684,0.472912,-0.612695,0.385088,-4.686849,0.721318,-0.54545,1.358322,False,False,2,2,1,1,0,0,2,55,90,False
20260526-202723-sentence-script-a-semi-transparent-cell-6760fd,70,2026-05-27T01:27:31.845211+00:00,8.033333,1,False,True,PLAYFUL_FLOW,8.033333,0.0,0,False,16,0,0,1.227012,1.404785,0.458967,-0.611503,0.387863,-4.720344,0.725982,-0.677484,1.365923,False,False,2,2,1,1,0,0,2,55,90,False
20260526-202723-sentence-script-a-semi-transparent-cell-6760fd,71,2026-05-27T01:27:31.946382+00:00,8.133333,1,False,True,PLAYFUL_FLOW,8.133333,0.0,0,False,16,0,0,1.238411,1.42312,0.445848,-0.609643,0.390779,-4.750501,0.732055,-0.810983,1.372598,False,False,2,2,1,1,0,0,2,55,90,False
20260526-202723-sentence-script-a-semi-transparent-cell-6760fd,72,2026-05-27T01:27:32.047015+00:00,8.233333,1,False,True,PLAYFUL_FLOW,8.233333,0.0,0,False,16,0,0,1.24891,1.449285,0.432751,-0.607232,0.394165,-4.777302,0.739569,-0.945674,1.37717,False,False,2,2,1,1,0,0,2,55,90,False
20260526-202723-sentence-script-a-semi-transparent-cell-6760fd,73,2026-05-27T01:27:32.147847+00:00,8.333333,1,False,True,PLAYFUL_FLOW,8.333333,0.0,0,False,16,0,0,1.258562,1.475504,0.419624,-0.604326,0.398028,-4.800811,0.748477,-1.08132,1.381078,False,False,2,2,1,1,0,0,2,55,90,False
20260526-202723-sentence-script-a-semi-transparent-cell-6760fd,74,2026-05-27T01:27:32.248634+00:00,8.433333,1,False,True,PLAYFUL_FLOW,8.433333,0.0,0,False,16,0,0,1.254077,1.495584,0.405508,-0.601098,0.402767,-4.82109,0.758702,-1.217684,1.383314,False,False,2,2,1,1,0,0,2,55,90,False
20260526-202723-sentence-script-a-semi-transparent-cell-6760fd,75,2026-05-27T01:27:32.349813+00:00,8.533333,1,False,True,PLAYFUL_FLOW,8.533333,0.0,0,False,16,0,0,1.237615,1.481814,0.393575,-0.597857,0.405091,-4.838154,0.77019,-1.354532,1.384118,False,False,2,2,1,1,0,0,2,55,90,False
20260526-202723-sentence-script-a-semi-transparent-cell-6760fd,76,2026-05-27T01:27:32.452124+00:00,8.633333,1,False,True,PLAYFUL_FLOW,8.633333,0.0,0,False,16,0,0,1.234211,1.495494,0.379759,-0.593775,0.408552,-4.852097,0.782926,-1.491628,1.38369,False,False,2,2,1,1,0,0,2,55,90,False
20260526-202723-sentence-script-a-semi-transparent-cell-6760fd,77,2026-05-27T01:27:32.552153+00:00,8.733333,1,False,True,PLAYFUL_FLOW,8.733333,0.0,0,False,16,0,0,1.242857,1.50692,0.366054,-0.589807,0.411966,-4.862988,0.796807,-1.628764,1.38196,False,False,2,2,1,1,0,0,2,55,90,False
20260526-202723-sentence-script-a-semi-transparent-cell-6760fd,78,2026-05-27T01:27:32.653458+00:00,8.833333,1,False,True,PLAYFUL_FLOW,8.833333,0.0,0,False,16,0,0,1.239248,1.516434,0.349984,-0.585943,0.415003,-4.870913,0.811772,-1.76578,1.37953,False,False,2,2,1,1,0,0,2,55,90,False
20260526-202723-sentence-script-a-semi-transparent-cell-6760fd,79,2026-05-27T01:27:32.756173+00:00,8.933333,1,False,True,PLAYFUL_FLOW,8.933333,0.0,0,False,16,0,0,1.246515,1.523872,0.334478,-0.581939,0.418451,-4.875991,0.827757,-1.902527,1.376143,False,False,2,2,1,1,0,0,2,55,90,False
20260526-202723-sentence-script-a-semi-transparent-cell-6760fd,80,2026-05-27T01:27:32.859595+00:00,9.033333,1,False,True,PLAYFUL_FLOW,9.033333,0.0,0,False,16,0,0,1.22841,1.454742,0.319205,-0.577734,0.419266,-4.878292,0.844675,-2.038819,1.371658,False,False,2,2,1,1,0,0,2,55,90,False
20260526-202723-sentence-script-a-semi-transparent-cell-6760fd,81,2026-05-27T01:27:32.958776+00:00,9.133333,1,False,True,PLAYFUL_FLOW,9.133333,0.0,0,False,16,0,0,1.198983,1.442279,0.303193,-0.573784,0.421223,-4.877941,0.862369,-2.174493,1.365468,False,False,2,2,1,1,0,0,2,55,90,False
20260526-202723-sentence-script-a-semi-transparent-cell-6760fd,82,2026-05-27T01:27:33.059414+00:00,9.233333,1,False,True,PLAYFUL_FLOW,9.233333,0.0,0,False,16,0,0,1.193994,1.433651,0.287481,-0.569662,0.423723,-4.875021,0.880671,-2.309444,1.359698,False,False,2,2,1,1,0,0,2,55,90,False
20260526-202723-sentence-script-a-semi-transparent-cell-6760fd,83,2026-05-27T01:27:33.160879+00:00,9.333333,1,False,True,PLAYFUL_FLOW,9.333333,0.0,0,False,16,0,0,1.200913,1.445522,0.272302,-0.565969,0.426991,-4.869666,0.899468,-2.443566,1.352164,False,False,2,2,1,1,0,0,2,55,90,False
20260526-202723-sentence-script-a-semi-transparent-cell-6760fd,84,2026-05-27T01:27:33.264001+00:00,9.433333,1,False,True,PLAYFUL_FLOW,9.433333,0.0,0,False,16,0,0,1.207011,1.455367,0.256817,-0.562595,0.430804,-4.861967,0.918606,-2.576715,1.343854,False,False,2,2,1,1,0,0,2,55,90,False
20260526-202723-sentence-script-a-semi-transparent-cell-6760fd,85,2026-05-27T01:27:33.366447+00:00,9.533333,1,False,True,PLAYFUL_FLOW,9.533333,0.0,0,False,16,0,0,1.20099,1.464478,0.239514,-0.558963,0.433793,-4.851938,0.937888,-2.708803,1.334898,False,False,2,2,1,1,0,0,2,55,90,False
20260526-202723-sentence-script-a-semi-transparent-cell-6760fd,86,2026-05-27T01:27:33.468337+00:00,9.633333,1,False,True,PLAYFUL_FLOW,9.633333,0.0,0,False,16,0,0,1.181167,1.471701,0.226693,-0.557461,0.436457,-4.839639,0.957172,-2.839773,1.325833,False,False,2,2,1,1,0,0,2,55,90,False
20260526-202723-sentence-script-a-semi-transparent-cell-6760fd,87,2026-05-27T01:27:33.569699+00:00,9.733333,1,False,True,PLAYFUL_FLOW,9.733333,0.0,0,False,16,0,0,1.174689,1.477106,0.211961,-0.554405,0.442107,-4.825141,0.976306,-2.96964,1.316965,False,False,2,2,1,1,0,0,2,55,90,False
20260526-202723-sentence-script-a-semi-transparent-cell-6760fd,88,2026-05-27T01:27:33.670694+00:00,9.833333,1,False,True,PLAYFUL_FLOW,9.833333,0.0,0,False,16,0,0,1.128615,1.481303,0.196571,-0.552366,0.446145,-4.791389,0.991606,-3.087324,1.071221,False,False,2,2,1,1,0,0,2,55,90,False
20260526-202723-sentence-script-a-semi-transparent-cell-6760fd,89,2026-05-27T01:27:33.773561+00:00,9.933333,1,False,True,PLAYFUL_FLOW,9.933333,0.0,0,False,16,0,0,1.115248,1.482656,0.186179,-0.551806,0.451179,-4.707033,0.993355,-3.153534,1.073513,False,False,2,2,1,1,0,0,2,55,90,False
20260526-202723-sentence-script-a-semi-transparent-cell-6760fd,90,2026-05-27T01:27:33.874271+00:00,10.033333,1,False,True,ORGANIZE_RING,0.033333,0.0,0,False,16,0,0,1.089925,1.437129,0.174774,-0.551099,0.456803,-4.620039,0.99488,-3.218809,1.119054,False,False,2,2,1,1,0,0,2,55,90,False
20260526-202723-sentence-script-a-semi-transparent-cell-6760fd,91,2026-05-27T01:27:33.974501+00:00,10.133333,1,False,True,ORGANIZE_RING,0.133333,0.0,0,False,16,0,0,1.068104,1.488193,0.159294,-0.547723,0.461201,-4.514295,0.995133,-3.271769,1.234172,False,False,2,2,1,1,0,0,2,55,90,False
20260526-202723-sentence-script-a-semi-transparent-cell-6760fd,92,2026-05-27T01:27:34.075993+00:00,10.233333,1,False,True,ORGANIZE_RING,0.233333,0.0,0,False,16,0,0,1.088087,1.55,0.140003,-0.541583,0.464231,-4.389712,0.994042,-3.311893,1.365346,False,False,2,2,1,1,0,0,2,55,90,False
20260526-202723-sentence-script-a-semi-transparent-cell-6760fd,93,2026-05-27T01:27:34.176893+00:00,10.333333,1,False,True,ORGANIZE_RING,0.333333,0.0,0,False,16,0,0,1.133393,1.55,0.118383,-0.532784,0.466024,-4.248086,0.991684,-3.339992,1.501245,False,False,2,2,1,1,0,0,2,55,90,False
20260526-202723-sentence-script-a-semi-transparent-cell-6760fd,94,2026-05-27T01:27:34.276842+00:00,10.433333,1,False,True,ORGANIZE_RING,0.433333,0.0,0,False,16,0,0,1.191814,1.55,0.095413,-0.521603,0.466812,-4.094552,0.988203,-3.356493,1.55,False,False,2,2,1,1,0,0,2,55,90,False
20260526-202723-sentence-script-a-semi-transparent-cell-6760fd,95,2026-05-27T01:27:34.377999+00:00,10.533333,1,False,True,ORGANIZE_RING,0.533333,0.0,0,False,16,0,0,1.247656,1.55,0.071355,-0.508101,0.466917,-3.939731,0.983857,-3.361762,1.55,False,False,2,2,1,1,0,0,2,55,90,False
20260526-202723-sentence-script-a-semi-transparent-cell-6760fd,96,2026-05-27T01:27:34.479294+00:00,10.633333,1,False,True,ORGANIZE_RING,0.633333,0.0,0,False,16,0,0,1.299535,1.55,0.046139,-0.492356,0.467103,-3.784896,0.978801,-3.357402,1.55,False,False,2,2,1,1,0,0,2,55,90,False
20260526-202723-sentence-script-a-semi-transparent-cell-6760fd,97,2026-05-27T01:27:34.581886+00:00,10.733333,1,False,True,ORGANIZE_RING,0.733333,0.0,0,False,16,0,0,1.33684,1.55,0.019464,-0.474745,0.46713,-3.630525,0.973104,-3.344853,1.55,False,False,2,2,1,1,0,0,2,55,90,False
20260526-202723-sentence-script-a-semi-transparent-cell-6760fd,98,2026-05-27T01:27:34.682330+00:00,10.833333,1,False,True,ORGANIZE_RING,0.833333,0.0,0,False,16,0,0,1.364537,1.55,-0.007799,-0.455737,0.466269,-3.476887,0.966973,-3.325377,1.55,False,False,2,2,1,1,0,0,2,55,90,False
20260526-202723-sentence-script-a-semi-transparent-cell-6760fd,99,2026-05-27T01:27:34.784185+00:00,10.933333,1,False,True,ORGANIZE_RING,0.933333,0.0,0,False,16,0,0,1.390701,1.55,-0.035271,-0.435549,0.464506,-3.324116,0.960585,-3.300025,1.55,False,False,2,2,1,1,0,0,2,55,90,False
20260526-202723-sentence-script-a-semi-transparent-cell-6760fd,100,2026-05-27T01:27:34.886643+00:00,11.033333,1,False,True,ORGANIZE_RING,1.033333,0.0,0,False,16,0,0,1.411896,1.55,-0.062811,-0.414383,0.461859,-3.172262,0.954088,-3.269671,1.55,False,False,2,2,1,1,0,0,2,55,90,False
20260526-202723-sentence-script-a-semi-transparent-cell-6760fd,101,2026-05-27T01:27:34.988103+00:00,11.133333,1,False,True,ORGANIZE_RING,1.133333,0.0,0,False,16,0,0,1.42457,1.55,-0.090191,-0.392652,0.457932,-3.021311,0.947677,-3.23508,1.55,False,False,2,2,1,1,0,0,2,55,90,False
20260526-202723-sentence-script-a-semi-transparent-cell-6760fd,102,2026-05-27T01:27:35.088557+00:00,11.233333,1,False,True,ORGANIZE_RING,1.233333,0.0,0,False,16,0,0,1.432746,1.55,-0.116959,-0.370473,0.45293,-2.871222,0.941523,-3.196877,1.55,False,False,2,2,1,1,0,0,2,55,90,False
20260526-202723-sentence-script-a-semi-transparent-cell-6760fd,103,2026-05-27T01:27:35.187799+00:00,11.333333,1,False,True,ORGANIZE_RING,1.333333,0.0,0,False,16,0,0,1.439905,1.55,-0.143012,-0.34793,0.447025,-2.72194,0.935795,-3.15557,1.55,False,False,2,2,1,1,0,0,2,55,90,False
20260526-202723-sentence-script-a-semi-transparent-cell-6760fd,104,2026-05-27T01:27:35.288013+00:00,11.433333,1,False,True,ORGANIZE_RING,1.433333,0.0,0,False,16,0,0,1.443615,1.55,-0.168259,-0.325203,0.44029,-2.5734,0.930601,-3.1116,1.55,False,False,2,2,1,1,0,0,2,55,90,False
20260526-202723-sentence-script-a-semi-transparent-cell-6760fd,105,2026-05-27T01:27:35.390796+00:00,11.533333,1,False,True,ORGANIZE_RING,1.533333,0.0,0,False,16,0,0,1.44656,1.55,-0.192639,-0.302441,0.432822,-2.425526,0.926014,-3.065374,1.55,False,False,2,2,1,1,0,0,2,55,90,False
20260526-202723-sentence-script-a-semi-transparent-cell-6760fd,106,2026-05-27T01:27:35.493205+00:00,11.633333,1,False,True,ORGANIZE_RING,1.633333,0.0,0,False,16,0,0,1.448902,1.55,-0.216194,-0.279689,0.424722,-2.278247,0.922081,-3.017226,1.55,False,False,2,2,1,1,0,0,2,55,90,False
20260526-202723-sentence-script-a-semi-transparent-cell-6760fd,107,2026-05-27T01:27:35.596334+00:00,11.733333,1,False,True,ORGANIZE_RING,1.733333,0.0,0,False,16,0,0,1.450677,1.55,-0.238966,-0.256992,0.416082,-2.131521,0.918835,-2.967371,1.55,False,False,2,2,1,1,0,0,2,55,90,False
20260526-202723-sentence-script-a-semi-transparent-cell-6760fd,108,2026-05-27T01:27:35.696759+00:00,11.833333,1,False,True,ORGANIZE_RING,1.833333,0.0,0,False,16,0,0,1.451865,1.55,-0.261003,-0.234404,0.407009,-1.9853,0.916296,-2.916011,1.55,False,False,2,2,1,1,0,0,2,55,90,False
20260526-202723-sentence-script-a-semi-transparent-cell-6760fd,109,2026-05-27T01:27:35.797825+00:00,11.933333,1,False,True,ORGANIZE_RING,1.933333,0.0,0,False,16,0,0,1.452401,1.55,-0.282363,-0.211996,0.397573,-1.839552,0.914327,-2.8633,1.55,False,False,2,2,1,1,0,0,2,55,90,False
20260526-202723-sentence-script-a-semi-transparent-cell-6760fd,110,2026-05-27T01:27:35.899526+00:00,12.033333,1,False,True,ORGANIZE_RING,2.033333,0.0,0,False,16,0,0,1.452433,1.55,-0.303109,-0.189834,0.387839,-1.694235,0.912783,-2.809398,1.55,False,False,2,2,1,1,0,0,2,55,90,False
20260526-202723-sentence-script-a-semi-transparent-cell-6760fd,111,2026-05-27T01:27:36.001352+00:00,12.133333,1,False,True,ORGANIZE_RING,2.133333,0.0,0,False,16,0,0,1.385731,1.55,-0.334266,-0.163798,0.373676,-1.549312,0.911529,-2.754438,1.55,False,False,2,2,1,1,0,0,2,55,90,False
20260526-202723-sentence-script-a-semi-transparent-cell-6760fd,112,2026-05-27T01:27:36.101017+00:00,12.233333,1,False,True,ORGANIZE_RING,2.233333,0.0,0,False,16,0,0,1.369601,1.55,-0.367618,-0.14551,0.35103,-1.40476,0.910377,-2.698506,1.55,False,False,2,2,1,1,0,0,2,55,90,False
20260526-202723-sentence-script-a-semi-transparent-cell-6760fd,113,2026-05-27T01:27:36.201916+00:00,12.333333,1,False,True,ORGANIZE_RING,2.333333,0.0,0,False,16,0,0,1.335527,1.55,-0.402889,-0.128334,0.329187,-1.260556,0.909114,-2.641687,1.55,False,False,2,2,1,1,0,0,2,55,90,False
20260526-202723-sentence-script-a-semi-transparent-cell-6760fd,114,2026-05-27T01:27:36.302968+00:00,12.433333,1,False,True,ORGANIZE_RING,2.433333,0.0,0,False,16,0,0,1.324366,1.55,-0.443758,-0.113412,0.307637,-1.116684,0.90753,-2.584039,1.55,False,False,2,2,1,1,0,0,2,55,90,False
20260526-202723-sentence-script-a-semi-transparent-cell-6760fd,115,2026-05-27T01:27:36.406727+00:00,12.533333,1,False,True,ORGANIZE_RING,2.533333,0.0,0,False,16,0,0,1.319502,1.55,-0.481864,-0.098513,0.287015,-0.973113,0.905411,-2.525662,1.55,False,False,2,2,1,1,0,0,2,55,90,False
20260526-202723-sentence-script-a-semi-transparent-cell-6760fd,116,2026-05-27T01:27:36.507100+00:00,12.633333,1,False,True,ORGANIZE_RING,2.633333,0.0,0,False,16,0,0,1.297818,1.55,-0.517463,-0.0837,0.267325,-0.829844,0.902483,-2.466584,1.55,False,False,2,2,1,1,0,0,2,55,90,False
20260526-202723-sentence-script-a-semi-transparent-cell-6760fd,117,2026-05-27T01:27:36.608407+00:00,12.733333,1,False,True,ORGANIZE_RING,2.733333,0.0,0,False,16,0,0,1.294632,1.55,-0.546916,-0.069696,0.249102,-0.686867,0.898484,-2.406864,1.55,False,False,2,2,1,1,0,0,2,55,90,False
20260526-202723-sentence-script-a-semi-transparent-cell-6760fd,118,2026-05-27T01:27:36.709935+00:00,12.833333,1,False,True,ORGANIZE_RING,2.833333,0.0,0,False,16,0,0,1.281803,1.55,-0.57175,-0.051055,0.239355,-0.544188,0.893222,-2.346533,1.55,False,False,2,2,1,1,0,0,2,55,90,False
20260526-202723-sentence-script-a-semi-transparent-cell-6760fd,119,2026-05-27T01:27:36.811427+00:00,12.933333,1,False,True,ORGANIZE_RING,2.933333,0.0,0,False,16,0,0,1.290575,1.55,-0.595165,-0.032754,0.230207,-0.401814,0.88653,-2.285626,1.55,False,False,2,2,1,1,0,0,2,55,90,False
20260526-202723-sentence-script-a-semi-transparent-cell-6760fd,120,2026-05-27T01:27:36.914015+00:00,13.033333,1,False,True,ORGANIZE_RING,3.033333,0.0,0,False,16,0,0,1.271092,1.55,-0.620781,-0.014468,0.219888,-0.259755,0.878239,-2.224182,1.55,False,False,2,2,1,1,0,0,2,55,90,False
20260526-202723-sentence-script-a-semi-transparent-cell-6760fd,121,2026-05-27T01:27:37.013968+00:00,13.133333,1,False,True,ORGANIZE_RING,3.133333,0.0,0,False,16,0,0,1.232313,1.55,-0.652769,0.003029,0.203641,-0.118038,0.868265,-2.162203,1.55,False,False,2,2,1,1,0,0,2,55,90,False
20260526-202723-sentence-script-a-semi-transparent-cell-6760fd,122,2026-05-27T01:27:37.114238+00:00,13.233333,1,False,True,ORGANIZE_RING,3.233333,0.0,0,False,16,0,0,1.211239,1.55,-0.684323,0.011405,0.176721,0.023211,0.856534,-2.099695,1.547716,False,False,2,2,1,1,0,0,2,55,90,False
20260526-202723-sentence-script-a-semi-transparent-cell-6760fd,123,2026-05-27T01:27:37.214906+00:00,13.333333,1,False,True,ORGANIZE_RING,3.333333,0.0,0,False,16,0,0,1.203629,1.55,-0.714184,0.01972,0.151673,0.163609,0.843043,-2.036831,1.540754,False,False,2,2,1,1,0,0,2,55,90,False
20260526-202723-sentence-script-a-semi-transparent-cell-6760fd,124,2026-05-27T01:27:37.315582+00:00,13.433333,1,False,True,ORGANIZE_RING,3.433333,0.0,0,False,16,0,0,1.180422,1.55,-0.737616,0.023312,0.124389,0.302621,0.827885,-1.973803,1.528247,False,False,2,2,1,1,0,0,2,55,90,False
20260526-202723-sentence-script-a-semi-transparent-cell-6760fd,125,2026-05-27T01:27:37.416354+00:00,13.533333,1,False,True,ORGANIZE_RING,3.533333,0.0,0,False,16,0,0,1.151012,1.55,-0.756854,0.024677,0.096773,0.439858,0.811187,-1.910829,1.512207,False,False,2,2,1,1,0,0,2,55,90,False
20260526-202723-sentence-script-a-semi-transparent-cell-6760fd,126,2026-05-27T01:27:37.526409+00:00,13.633333,1,False,True,ORGANIZE_RING,3.633333,0.0,0,False,16,0,0,1.140586,1.55,-0.763961,0.025755,0.067819,0.574959,0.793127,-1.848037,1.491946,False,False,2,2,1,1,0,0,2,55,90,False
20260526-202723-sentence-script-a-semi-transparent-cell-6760fd,127,2026-05-27T01:27:37.627804+00:00,13.733333,1,False,True,ORGANIZE_RING,3.733333,0.0,0,False,16,0,0,1.134107,1.55,-0.772623,0.030341,0.04026,0.70756,0.773847,-1.785596,1.468256,False,False,2,2,1,1,0,0,2,55,90,False
20260526-202723-sentence-script-a-semi-transparent-cell-6760fd,128,2026-05-27T01:27:37.729300+00:00,13.833333,1,False,True,ORGANIZE_RING,3.833333,0.0,0,False,16,0,0,1.116681,1.55,-0.786225,0.036252,0.013976,0.837355,0.753505,-1.723612,1.441089,False,False,2,2,1,1,0,0,2,55,90,False
20260526-202723-sentence-script-a-semi-transparent-cell-6760fd,129,2026-05-27T01:27:37.831163+00:00,13.933333,1,False,True,ORGANIZE_RING,3.933333,0.0,0,False,16,0,0,1.090081,1.55,-0.801431,0.042417,-0.010516,0.964086,0.732319,-1.662192,1.411652,False,False,2,2,1,1,0,0,2,55,90,False
20260526-202723-sentence-script-a-semi-transparent-cell-6760fd,130,2026-05-27T01:27:37.933712+00:00,14.033333,1,False,True,ORGANIZE_RING,4.033333,0.0,0,False,16,0,0,1.087073,1.55,-0.816798,0.048483,-0.033049,1.087478,0.710417,-1.601435,1.378657,False,False,2,2,1,1,0,0,2,55,90,False
20260526-202723-sentence-script-a-semi-transparent-cell-6760fd,131,2026-05-27T01:27:38.034218+00:00,14.133333,1,False,True,ORGANIZE_RING,4.133333,0.0,0,False,16,0,0,1.087272,1.55,-0.832262,0.054475,-0.053693,1.207317,0.687981,-1.541452,1.344178,False,False,2,2,1,1,0,0,2,55,90,False
20260526-202723-sentence-script-a-semi-transparent-cell-6760fd,132,2026-05-27T01:27:38.136042+00:00,14.233333,1,False,True,ORGANIZE_RING,4.233333,0.0,0,False,16,0,0,1.088662,1.546889,-0.84776,0.060401,-0.072526,1.323402,0.665059,-1.482321,1.307242,False,False,2,2,1,1,0,0,2,55,90,False
20260526-202723-sentence-script-a-semi-transparent-cell-6760fd,133,2026-05-27T01:27:38.235953+00:00,14.333333,1,False,True,ORGANIZE_RING,4.333333,0.0,0,False,16,0,0,1.088909,1.538069,-0.864406,0.066051,-0.090508,1.435557,0.641744,-1.424092,1.269088,False,False,2,2,1,1,0,0,2,55,90,False
20260526-202723-sentence-script-a-semi-transparent-cell-6760fd,134,2026-05-27T01:27:38.336944+00:00,14.433333,1,False,True,ORGANIZE_RING,4.433333,0.0,0,False,16,0,0,1.067987,1.523211,-0.874798,0.07258,-0.107431,1.543674,0.618074,-1.366799,1.229737,False,False,2,2,1,1,0,0,2,55,90,False
20260526-202723-sentence-script-a-semi-transparent-cell-6760fd,135,2026-05-27T01:27:38.438055+00:00,14.533333,1,False,True,ORGANIZE_RING,4.533333,0.0,0,False,16,0,0,1.063311,1.503236,-0.881558,0.079643,-0.122809,1.647596,0.594027,-1.310507,1.189055,False,False,2,2,1,1,0,0,2,55,90,False
20260526-202723-sentence-script-a-semi-transparent-cell-6760fd,136,2026-05-27T01:27:38.538920+00:00,14.633333,1,False,True,ORGANIZE_RING,4.633333,0.0,0,False,16,0,0,1.03729,1.498617,-0.892189,0.081512,-0.142811,1.747236,0.569511,-1.255295,1.148292,False,False,2,2,1,1,0,0,2,55,90,False
20260526-202723-sentence-script-a-semi-transparent-cell-6760fd,137,2026-05-27T01:27:38.640884+00:00,14.733333,1,False,True,ORGANIZE_RING,4.733333,0.0,0,False,16,0,0,1.028582,1.523706,-0.902851,0.083698,-0.16077,1.842508,0.54451,-1.201183,1.106639,False,False,2,2,1,1,0,0,2,55,90,False
20260526-202723-sentence-script-a-semi-transparent-cell-6760fd,138,2026-05-27T01:27:38.742191+00:00,14.833333,1,False,True,ORGANIZE_RING,4.833333,0.0,0,False,16,0,0,1.018548,1.542285,-0.91253,0.086312,-0.177771,1.933399,0.518935,-1.14823,1.065346,False,False,2,2,1,1,0,0,2,55,90,False
20260526-202723-sentence-script-a-semi-transparent-cell-6760fd,139,2026-05-27T01:27:38.842379+00:00,14.933333,1,False,True,ORGANIZE_RING,4.933333,0.0,0,False,16,0,0,0.963943,1.55,-0.919507,0.0893,-0.194274,2.019856,0.492733,-1.096425,1.024293,False,False,2,2,1,1,0,0,2,55,90,False
20260526-202723-sentence-script-a-semi-transparent-cell-6760fd,140,2026-05-27T01:27:38.944340+00:00,15.033333,1,False,True,ORGANIZE_RING,5.033333,0.0,0,False,16,0,0,0.946397,1.55,-0.917684,0.089873,-0.208062,2.079823,0.429169,-1.050943,0.973933,False,False,2,2,1,1,0,0,2,55,90,False
20260526-202723-sentence-script-a-semi-transparent-cell-6760fd,141,2026-05-27T01:27:39.044526+00:00,15.133333,1,False,True,ORGANIZE_RING,5.133333,0.0,0,False,16,0,0,0.931319,1.549891,-0.916589,0.091009,-0.219949,2.136435,0.366413,-1.006371,0.942141,False,False,2,2,1,1,0,0,2,55,90,False
20260526-202723-sentence-script-a-semi-transparent-cell-6760fd,142,2026-05-27T01:27:39.145001+00:00,15.233333,1,False,True,ORGANIZE_RING,5.233333,0.0,0,False,16,0,0,0.907961,1.546845,-0.918489,0.089114,-0.233137,2.190221,0.305368,-0.96262,0.910907,False,False,2,2,1,1,0,0,2,55,90,False
20260526-202723-sentence-script-a-semi-transparent-cell-6760fd,143,2026-05-27T01:27:39.245179+00:00,15.333333,1,False,True,ORGANIZE_RING,5.333333,0.0,0,False,16,0,0,0.891127,1.53854,-0.917698,0.087022,-0.243879,2.241208,0.245896,-0.919693,0.880833,False,False,2,2,1,1,0,0,2,55,90,False
20260526-202723-sentence-script-a-semi-transparent-cell-6760fd,144,2026-05-27T01:27:39.347501+00:00,15.433333,1,False,True,ORGANIZE_RING,5.433333,0.0,0,False,16,0,0,0.879197,1.525782,-0.917151,0.085828,-0.252678,2.289428,0.187831,-0.877608,0.852047,False,False,2,2,1,1,0,0,2,55,90,False
20260526-202723-sentence-script-a-semi-transparent-cell-6760fd,145,2026-05-27T01:27:39.448691+00:00,15.533333,1,False,True,ORGANIZE_RING,5.533333,0.0,0,False,16,0,0,0.867905,1.508641,-0.917158,0.085515,-0.259719,2.334877,0.131164,-0.836387,0.823446,False,False,2,2,1,1,0,0,2,55,90,False
20260526-202723-sentence-script-a-semi-transparent-cell-6760fd,146,2026-05-27T01:27:39.548473+00:00,15.633333,1,False,True,ORGANIZE_RING,5.633333,0.0,0,False,16,0,0,0.856664,1.497456,-0.917675,0.086034,-0.265094,2.377635,0.07584,-0.795993,0.796101,False,False,2,2,1,1,0,0,2,55,90,False
20260526-202723-sentence-script-a-semi-transparent-cell-6760fd,147,2026-05-27T01:27:39.649920+00:00,15.733333,1,False,True,ORGANIZE_RING,5.733333,0.0,0,False,16,0,0,0.827123,1.63191,-0.918673,0.087337,-0.268904,2.417692,0.021824,-0.756413,0.768908,False,False,2,2,1,1,1,0,2,55,90,False
20260526-202723-sentence-script-a-semi-transparent-cell-6760fd,148,2026-05-27T01:27:39.751049+00:00,15.833333,1,False,True,ORGANIZE_RING,5.833333,0.0,0,False,16,0,0,0.806234,1.502658,-0.919949,0.089043,-0.270983,2.455092,-0.030896,-0.71768,0.742681,False,False,2,2,1,1,1,0,2,55,90,False
20260526-202723-sentence-script-a-semi-transparent-cell-6760fd,149,2026-05-27T01:27:39.852386+00:00,15.933333,1,False,True,ORGANIZE_RING,5.933333,0.0,0,False,16,0,0,0.78993,1.44937,-0.921653,0.091433,-0.271709,2.489869,-0.082339,-0.679778,0.716911,False,False,2,2,1,1,1,0,2,55,90,False
20260526-202723-sentence-script-a-semi-transparent-cell-6760fd,150,2026-05-27T01:27:39.972405+00:00,16.05,1,False,True,ORGANIZE_RING,6.05,1.0,0,False,16,0,0,0.751263,1.390148,-0.922654,0.094595,-0.271038,2.527245,-0.140598,-0.636537,0.686542,False,False,2,2,1,1,2,0,2,55,90,False
20260526-202723-sentence-script-a-semi-transparent-cell-6760fd,151,2026-05-27T01:27:40.089826+00:00,16.166667,1,False,True,ORGANIZE_RING,6.166667,1.0,0,False,16,0,0,0.720474,1.334971,-0.916182,0.096186,-0.269202,2.561217,-0.196842,-0.594319,0.656681,False,False,2,2,1,1,2,0,2,55,90,False
20260526-202723-sentence-script-a-semi-transparent-cell-6760fd,152,2026-05-27T01:27:40.205114+00:00,16.283333,1,False,True,ORGANIZE_RING,6.283333,1.0,0,False,16,0,0,0.693608,1.289454,-0.910974,0.098666,-0.265883,2.591912,-0.250829,-0.553077,0.62602,False,False,2,2,1,1,2,0,2,55,90,False
20260526-202723-sentence-script-a-semi-transparent-cell-6760fd,153,2026-05-27T01:27:40.318837+00:00,16.4,1,False,True,ORGANIZE_RING,6.4,1.0,0,False,16,0,0,0.671875,1.244919,-0.906984,0.101937,-0.261216,2.619432,-0.302366,-0.512784,0.595082,False,False,2,2,1,1,1,0,2,55,90,False
20260526-202723-sentence-script-a-semi-transparent-cell-6760fd,154,2026-05-27T01:27:40.431196+00:00,16.516667,1,False,True,ORGANIZE_RING,6.516667,1.0,0,False,16,0,0,0.655023,1.198017,-0.904164,0.105888,-0.255336,2.643904,-0.351208,-0.473398,0.56367,False,False,2,2,1,1,0,0,2,55,90,False
20260526-202723-sentence-script-a-semi-transparent-cell-6760fd,155,2026-05-27T01:27:40.542663+00:00,16.633333,1,False,True,ORGANIZE_RING,6.633333,1.0,0,False,16,0,0,0.642023,1.148792,-0.902457,0.110433,-0.248379,2.665474,-0.397038,-0.43486,0.531656,False,False,2,2,1,1,0,0,2,55,90,False
20260526-202723-sentence-script-a-semi-transparent-cell-6760fd,156,2026-05-27T01:27:40.654136+00:00,16.75,1,False,True,ORGANIZE_RING,6.75,1.0,0,False,16,0,0,0.631724,1.152751,-0.901802,0.115483,-0.240484,2.684248,-0.439472,-0.397112,0.498874,False,False,2,2,1,1,0,0,2,55,90,False
20260526-202723-sentence-script-a-semi-transparent-cell-6760fd,157,2026-05-27T01:27:40.764671+00:00,16.866667,1,False,True,ORGANIZE_RING,6.866667,1.0,0,False,16,0,0,0.623013,1.155335,-0.90217,0.120941,-0.231791,2.700346,-0.478229,-0.360045,0.465689,False,False,2,2,1,1,0,0,2,55,90,False
20260526-202723-sentence-script-a-semi-transparent-cell-6760fd,158,2026-05-27T01:27:40.874623+00:00,16.983333,1,False,True,ORGANIZE_RING,6.983333,1.0,0,False,16,0,0,0.615372,1.153418,-0.9035,0.126727,-0.222422,2.713858,-0.512986,-0.323586,0.433384,False,False,2,2,1,1,0,0,2,55,90,False
20260526-202723-sentence-script-a-semi-transparent-cell-6760fd,159,2026-05-27T01:27:40.991943+00:00,17.1,1,False,True,ORGANIZE_RING,7.1,2.0,0,False,16,0,0,0.605922,1.145816,-0.904937,0.132821,-0.212466,2.724924,-0.543472,-0.287727,0.400415,False,False,2,2,1,1,0,0,2,55,90,False
20260526-202723-sentence-script-a-semi-transparent-cell-6760fd,160,2026-05-27T01:27:41.108042+00:00,17.216667,1,False,True,ORGANIZE_RING,7.216667,2.0,0,False,16,0,0,0.596308,1.13617,-0.904263,0.139323,-0.201956,2.733629,-0.569386,-0.25245,0.369721,False,False,2,2,1,1,0,0,2,55,90,False
20260526-202723-sentence-script-a-semi-transparent-cell-6760fd,161,2026-05-27T01:27:41.226808+00:00,17.333333,1,False,True,ORGANIZE_RING,7.333333,2.0,0,False,16,0,0,0.578138,1.126065,-0.906339,0.14262,-0.195411,2.740139,-0.590521,-0.21767,0.341514,False,False,2,2,1,1,0,0,2,55,90,False
20260526-202723-sentence-script-a-semi-transparent-cell-6760fd,162,2026-05-27T01:27:41.343249+00:00,17.45,1,False,True,ORGANIZE_RING,7.45,2.0,0,False,16,0,0,0.568186,1.111946,-0.906353,0.146699,-0.188361,2.744589,-0.606695,-0.183373,0.317565,False,False,2,2,1,1,0,0,2,55,90,False
20260526-202723-sentence-script-a-semi-transparent-cell-6760fd,163,2026-05-27T01:27:41.461170+00:00,17.566667,1,False,True,ORGANIZE_RING,7.566667,2.0,0,False,16,0,0,0.560375,1.094411,-0.907533,0.151021,-0.180875,2.746993,-0.617773,-0.149532,0.298874,False,False,2,2,1,1,0,0,2,55,90,False
20260526-202723-sentence-script-a-semi-transparent-cell-6760fd,164,2026-05-27T01:27:41.578976+00:00,17.683333,1,False,True,ORGANIZE_RING,7.683333,2.0,0,False,16,0,0,0.554412,1.073824,-0.909803,0.155539,-0.173072,2.747473,-0.623653,-0.116084,0.287027,False,False,2,2,1,1,0,0,2,55,90,False
20260526-202723-sentence-script-a-semi-transparent-cell-6760fd,165,2026-05-27T01:27:41.696789+00:00,17.8,1,False,True,ORGANIZE_RING,7.8,2.0,0,False,16,0,0,0.550639,1.050794,-0.913123,0.160244,-0.165034,2.746125,-0.624212,-0.082954,0.284025,False,False,2,2,1,1,0,0,2,55,90,False
20260526-202723-sentence-script-a-semi-transparent-cell-6760fd,166,2026-05-27T01:27:41.814401+00:00,17.916667,1,False,True,ORGANIZE_RING,7.916667,2.0,0,False,16,0,0,0.54834,1.025227,-0.917451,0.165106,-0.156832,2.743007,-0.619492,-0.050036,0.289622,False,False,2,2,1,1,0,0,2,55,90,False
20260526-202723-sentence-script-a-semi-transparent-cell-6760fd,167,2026-05-27T01:27:41.933008+00:00,18.033333,1,False,True,ORGANIZE_RING,8.033333,1.3,0,False,16,0,0,0.547416,0.9987,-0.922723,0.170113,-0.148568,2.738262,-0.609551,-0.017268,0.302532,False,False,2,2,1,1,0,0,2,55,90,False
20260526-202723-sentence-script-a-semi-transparent-cell-6760fd,168,2026-05-27T01:27:42.050160+00:00,18.15,1,False,True,ORGANIZE_RING,8.15,1.3,0,False,16,0,0,0.547522,0.970114,-0.928875,0.175261,-0.140307,2.731981,-0.59455,0.015382,0.321694,False,False,2,2,1,1,0,0,2,55,90,False
20260526-202723-sentence-script-a-semi-transparent-cell-6760fd,169,2026-05-27T01:27:42.167744+00:00,18.266667,1,False,True,ORGANIZE_RING,8.266667,1.3,0,False,16,0,0,0.548311,0.940763,-0.935877,0.180521,-0.132107,2.724134,-0.574709,0.04805,0.344785,False,False,2,2,1,1,0,0,2,55,90,False
20260526-202723-sentence-script-a-semi-transparent-cell-6760fd,170,2026-05-27T01:27:42.286711+00:00,18.383333,1,False,True,ORGANIZE_RING,8.383333,1.3,0,False,16,0,0,0.549713,0.91042,-0.94366,0.185889,-0.124043,2.714713,-0.55027,0.080686,0.369684,False,False,2,2,1,1,0,0,2,55,90,False
20260526-202723-sentence-script-a-semi-transparent-cell-6760fd,171,2026-05-27T01:27:42.405402+00:00,18.5,1,False,True,ORGANIZE_RING,8.5,1.3,0,False,16,0,0,0.551253,0.879971,-0.952168,0.19138,-0.11615,2.703847,-0.521463,0.113395,0.396269,False,False,2,2,1,1,0,0,2,55,90,False
20260526-202723-sentence-script-a-semi-transparent-cell-6760fd,172,2026-05-27T01:27:42.524145+00:00,18.616667,1,False,True,ORGANIZE_RING,8.616667,1.3,0,False,16,0,0,0.553116,0.84987,-0.96132,0.196981,-0.108453,2.691597,-0.48863,0.146155,0.422551,False,False,2,2,1,1,0,0,2,55,90,False
20260526-202723-sentence-script-a-semi-transparent-cell-6760fd,173,2026-05-27T01:27:42.648905+00:00,18.733333,1,False,True,ORGANIZE_RING,8.733333,1.3,0,False,16,0,0,0.554769,0.824685,-0.971058,0.202701,-0.100981,2.678004,-0.452094,0.179093,0.44837,False,False,2,2,1,1,0,0,2,55,90,False
20260526-202723-sentence-script-a-semi-transparent-cell-6760fd,174,2026-05-27T01:27:42.773313+00:00,18.85,1,False,True,ORGANIZE_RING,8.85,1.3,0,False,16,0,0,0.556061,0.804045,-0.981315,0.208526,-0.093772,2.663183,-0.412212,0.212227,0.472297,False,False,2,2,1,1,0,0,2,55,90,False
20260526-202723-sentence-script-a-semi-transparent-cell-6760fd,175,2026-05-27T01:27:42.894082+00:00,18.966667,1,False,True,ORGANIZE_RING,8.966667,1.3,0,False,16,0,0,0.556773,0.783775,-0.992008,0.214438,-0.086858,2.647152,-0.369455,0.245561,0.493826,False,False,2,2,1,1,0,0,2,55,90,False
20260526-202723-sentence-script-a-semi-transparent-cell-6760fd,176,2026-05-27T01:27:43.013913+00:00,19.083333,1,False,True,ORGANIZE_RING,9.083333,0.6,0,False,16,0,0,0.557335,0.765872,-1.003053,0.220439,-0.080253,2.629935,-0.324244,0.279164,0.512704,False,False,2,2,1,1,0,0,2,55,90,False
20260526-202723-sentence-script-a-semi-transparent-cell-6760fd,177,2026-05-27T01:27:43.130354+00:00,19.2,1,False,True,ORGANIZE_RING,9.2,0.6,0,False,16,0,0,0.557185,0.747901,-1.014377,0.226512,-0.073983,2.611639,-0.276944,0.313009,0.52979,False,False,2,2,1,1,0,0,2,55,90,False
20260526-202723-sentence-script-a-semi-transparent-cell-6760fd,178,2026-05-27T01:27:43.247086+00:00,19.316667,1,False,True,ORGANIZE_RING,9.316667,0.6,0,False,16,0,0,0.55642,0.731406,-1.02587,0.232624,-0.068031,2.592296,-0.227943,0.347142,0.543839,False,False,2,2,1,1,0,0,2,55,90,False
20260526-202723-sentence-script-a-semi-transparent-cell-6760fd,179,2026-05-27T01:27:43.364330+00:00,19.433333,1,False,True,ORGANIZE_RING,9.433333,0.6,0,False,16,0,0,0.555233,0.716233,-1.03746,0.238757,-0.062411,2.571939,-0.177744,0.381603,0.554616,False,False,2,2,1,1,0,0,2,55,90,False
20260526-202723-sentence-script-a-semi-transparent-cell-6760fd,180,2026-05-27T01:27:43.483642+00:00,19.55,1,False,True,ORGANIZE_RING,9.55,0.6,0,False,16,0,0,0.553705,0.70093,-1.049058,0.244875,-0.057125,2.550711,-0.126709,0.416405,0.5631,False,False,2,2,1,1,0,0,2,55,90,False
20260526-202723-sentence-script-a-semi-transparent-cell-6760fd,181,2026-05-27T01:27:43.600975+00:00,19.666667,1,False,True,ORGANIZE_RING,9.666667,0.6,0,False,16,0,0,0.551783,0.68696,-1.060599,0.250952,-0.052181,2.528703,-0.075249,0.451539,0.568332,False,False,2,2,1,1,0,0,2,55,90,False
20260526-202723-sentence-script-a-semi-transparent-cell-6760fd,182,2026-05-27T01:27:43.720039+00:00,19.783333,1,False,True,ORGANIZE_RING,9.783333,0.6,0,False,16,0,0,0.54722,0.67267,-1.072237,0.255598,-0.047877,2.5061,-0.023795,0.487071,0.5707,False,False,2,2,1,1,0,0,2,55,90,False
20260526-202723-sentence-script-a-semi-transparent-cell-6760fd,183,2026-05-27T01:27:43.839098+00:00,19.9,1,False,True,MARK_ORGANELLES,0.1,0.6,0,False,16,0,0,0.57894,1.317619,-1.087934,0.262177,-0.051207,2.463684,0.021174,0.516013,0.629875,False,False,4,3,1,3,0,0,4,55,90,False
20260526-202723-sentence-script-a-semi-transparent-cell-6760fd,184,2026-05-27T01:27:43.959102+00:00,20.016667,1,False,True,MARK_ORGANELLES,0.216667,0.0,0,False,16,0,0,0.559548,1.013962,-1.1021,0.264086,-0.056126,2.40382,0.056434,0.539232,0.606939,False,False,4,3,1,3,0,0,4,55,90,False
20260526-202723-sentence-script-a-semi-transparent-cell-6760fd,185,2026-05-27T01:27:44.075644+00:00,20.133333,1,False,True,MARK_ORGANELLES,0.333333,0.0,0,False,16,0,0,0.566376,0.80811,-1.103744,0.260144,-0.055948,2.347235,0.083942,0.564428,0.562981,False,False,4,3,1,3,0,0,4,55,90,False
20260526-202723-sentence-script-a-semi-transparent-cell-6760fd,186,2026-05-27T01:27:44.189001+00:00,20.25,1,False,True,MARK_ORGANELLES,0.45,0.0,0,False,16,0,0,0.599138,0.988578,-1.093765,0.250805,-0.051003,2.293888,0.10402,0.591492,0.525837,False,False,4,3,1,3,0,0,4,55,90,False
20260526-202723-sentence-script-a-semi-transparent-cell-6760fd,187,2026-05-27T01:27:44.300143+00:00,20.366667,1,False,True,MARK_ORGANELLES,0.566667,0.0,0,False,16,0,0,0.652639,1.191964,-1.073043,0.236527,-0.041634,2.243713,0.117094,0.620224,0.496469,False,False,4,3,1,3,0,0,4,55,90,False
20260526-202723-sentence-script-a-semi-transparent-cell-6760fd,188,2026-05-27T01:27:44.411124+00:00,20.483333,1,False,True,MARK_ORGANELLES,0.683333,0.0,0,False,16,0,0,0.716921,1.391727,-1.042478,0.21777,-0.028164,2.196603,0.123537,0.650469,0.474673,False,False,4,3,1,3,0,0,4,55,90,False
20260526-202723-sentence-script-a-semi-transparent-cell-6760fd,189,2026-05-27T01:27:44.520681+00:00,20.6,1,False,True,MARK_ORGANELLES,0.8,0.0,0,False,16,0,0,0.782288,1.55,-1.002966,0.194979,-0.010895,2.152484,0.123864,0.682084,0.459722,False,False,4,3,1,3,0,0,4,55,90,False
20260526-202723-sentence-script-a-semi-transparent-cell-6760fd,190,2026-05-27T01:27:44.629066+00:00,20.716667,1,False,True,MARK_ORGANELLES,0.916667,0.0,0,False,16,0,0,0.833921,1.55,-0.956144,0.168719,0.010222,2.111315,0.118543,0.714901,0.450273,False,False,4,3,1,3,0,0,4,55,90,False
20260526-202723-sentence-script-a-semi-transparent-cell-6760fd,191,2026-05-27T01:27:44.736877+00:00,20.833333,1,False,True,MARK_ORGANELLES,1.033333,0.0,0,False,16,0,0,0.874615,1.55,-0.903636,0.139573,0.034435,2.073,0.108039,0.748756,0.446645,False,False,4,3,1,3,0,0,4,55,90,False
20260526-202723-sentence-script-a-semi-transparent-cell-6760fd,192,2026-05-27T01:27:44.846141+00:00,20.95,1,False,True,MARK_ORGANELLES,1.15,0.0,0,False,16,0,0,0.904795,1.55,-0.847102,0.107985,0.061001,2.037339,0.092886,0.783556,0.446923,False,False,4,3,1,3,0,0,4,55,90,False
20260526-202723-sentence-script-a-semi-transparent-cell-6760fd,193,2026-05-27T01:27:44.957639+00:00,21.066667,1,False,True,MARK_ORGANELLES,1.266667,0.0,0,False,16,0,0,0.93294,1.55,-0.787206,0.074316,0.089558,2.004201,0.073643,0.819119,0.449456,False,False,4,3,1,3,0,0,4,55,90,False
20260526-202723-sentence-script-a-semi-transparent-cell-6760fd,194,2026-05-27T01:27:45.074705+00:00,21.183333,1,False,True,MARK_ORGANELLES,1.383333,0.0,0,False,16,0,0,0.958349,1.55,-0.724314,0.038842,0.119873,1.973467,0.050867,0.85528,0.452531,False,False,4,3,1,3,0,0,4,55,90,False
20260526-202723-sentence-script-a-semi-transparent-cell-6760fd,195,2026-05-27T01:27:45.191989+00:00,21.3,1,False,True,MARK_ORGANELLES,1.5,0.0,0,False,16,0,0,0.980685,1.55,-0.658795,0.001815,0.151753,1.94509,0.025068,0.891945,0.45653,False,False,4,3,1,3,0,0,4,55,90,False
20260526-202723-sentence-script-a-semi-transparent-cell-6760fd,196,2026-05-27T01:27:45.309933+00:00,21.416667,1,False,True,MARK_ORGANELLES,1.616667,0.0,0,False,16,0,0,0.95893,1.55,-0.598322,-0.036511,0.177436,1.918877,-0.003199,0.928951,0.459298,False,False,4,3,1,3,0,0,4,55,90,False
20260526-202723-sentence-script-a-semi-transparent-cell-6760fd,197,2026-05-27T01:27:45.442167+00:00,21.533333,1,False,True,MARK_ORGANELLES,1.733333,0.0,0,False,16,0,0,0.973329,1.55,-0.54024,-0.078401,0.210838,1.894734,-0.033351,0.966185,0.460482,False,False,4,3,1,3,0,0,4,55,90,False
20260526-202723-sentence-script-a-semi-transparent-cell-6760fd,198,2026-05-27T01:27:45.551306+00:00,21.65,1,False,True,MARK_ORGANELLES,1.85,0.0,0,False,16,0,0,0.98963,1.55,-0.477927,-0.121495,0.245675,1.872473,-0.064893,1.003529,0.460236,False,False,4,3,1,3,0,0,4,55,90,False
20260526-202723-sentence-script-a-semi-transparent-cell-6760fd,199,2026-05-27T01:27:45.672695+00:00,21.766667,1,False,True,MARK_ORGANELLES,1.966667,0.0,0,False,16,0,0,1.006134,1.55,-0.411956,-0.165597,0.281805,1.851921,-0.097371,1.040838,0.45803,False,False,4,3,1,3,0,0,4,55,90,False
20260526-202723-sentence-script-a-semi-transparent-cell-6760fd,200,2026-05-27T01:27:45.792995+00:00,21.883333,1,False,True,MARK_ORGANELLES,2.083333,0.0,0,False,16,0,0,1.021669,1.55,-0.342874,-0.210529,0.319103,1.832897,-0.130388,1.077946,0.453957,False,False,4,3,1,3,0,0,4,55,90,False
20260526-202723-sentence-script-a-semi-transparent-cell-6760fd,201,2026-05-27T01:27:45.913030+00:00,22.0,1,False,True,MARK_ORGANELLES,2.2,0.0,0,False,16,0,0,0.988287,1.55,-0.276636,-0.25239,0.349414,1.815307,-0.163469,1.114875,0.448361,False,False,7,4,1,6,0,0,7,55,90,False
20260526-202723-sentence-script-a-semi-transparent-cell-6760fd,202,2026-05-27T01:27:46.031384+00:00,22.116667,1,False,True,MARK_ORGANELLES,2.316667,0.0,0,False,16,0,0,0.983797,1.55,-0.216235,-0.292326,0.373771,1.799031,-0.196239,1.151486,0.44027,False,False,7,4,1,6,0,0,7,55,90,False
20260526-202723-sentence-script-a-semi-transparent-cell-6760fd,203,2026-05-27T01:27:46.148284+00:00,22.233333,1,False,True,MARK_ORGANELLES,2.433333,0.0,0,False,16,0,0,0.97747,1.55,-0.153869,-0.332851,0.400107,1.78391,-0.228317,1.187748,0.430428,False,False,7,4,1,6,0,0,7,55,90,False
20260526-202723-sentence-script-a-semi-transparent-cell-6760fd,204,2026-05-27T01:27:46.265647+00:00,22.35,1,False,True,MARK_ORGANELLES,2.55,0.0,0,False,16,0,0,0.913742,1.55,-0.093518,-0.367963,0.427345,1.77158,-0.254069,1.217956,0.301805,False,False,7,4,1,6,0,0,7,55,90,False
20260526-202723-sentence-script-a-semi-transparent-cell-6760fd,205,2026-05-27T01:27:46.385358+00:00,22.466667,1,False,True,MARK_ORGANELLES,2.666667,0.0,0,False,16,0,0,0.887327,1.55,-0.03561,-0.390642,0.455194,1.763143,-0.269717,1.238261,0.179853,False,False,7,4,1,6,0,0,7,55,90,False
20260526-202723-sentence-script-a-semi-transparent-cell-6760fd,206,2026-05-27T01:27:46.501889+00:00,22.583333,1,False,True,MARK_ORGANELLES,2.783333,0.0,0,False,16,0,0,0.867589,1.55,0.026072,-0.406328,0.47846,1.758411,-0.275791,1.249207,0.068948,False,False,7,4,1,6,0,0,7,55,90,False
20260526-202723-sentence-script-a-semi-transparent-cell-6760fd,207,2026-05-27T01:27:46.620206+00:00,22.7,1,False,True,MARK_ORGANELLES,2.9,0.0,0,False,16,0,0,0.859381,1.55,0.090985,-0.415493,0.49755,1.757202,-0.272892,1.251341,0.058051,False,False,7,4,1,6,0,0,7,55,90,False
20260526-202723-sentence-script-a-semi-transparent-cell-6760fd,208,2026-05-27T01:27:46.738477+00:00,22.816667,1,False,True,MARK_ORGANELLES,3.016667,0.0,0,False,16,0,0,0.862645,1.55,0.158662,-0.418571,0.512876,1.759197,-0.261514,1.245323,0.152957,False,False,7,4,1,6,0,0,7,55,90,False
20260526-202723-sentence-script-a-semi-transparent-cell-6760fd,209,2026-05-27T01:27:46.856238+00:00,22.933333,1,False,True,MARK_ORGANELLES,3.133333,0.0,0,False,16,0,0,0.869292,1.542169,0.229013,-0.417805,0.526718,1.764121,-0.242331,1.231817,0.244014,False,False,7,4,1,6,0,0,7,55,90,False
20260526-202723-sentence-script-a-semi-transparent-cell-6760fd,210,2026-05-27T01:27:46.974381+00:00,23.05,1,False,True,MARK_ORGANELLES,3.25,0.0,0,False,16,0,0,0.878087,1.55,0.302291,-0.41441,0.536109,1.771833,-0.215994,1.211491,0.328118,False,False,7,4,1,6,0,0,7,55,90,False
20260526-202723-sentence-script-a-semi-transparent-cell-6760fd,211,2026-05-27T01:27:47.091481+00:00,23.166667,1,False,True,MARK_ORGANELLES,3.366667,0.0,0,False,16,0,0,0.879385,1.55,0.37593,-0.405966,0.541177,1.782053,-0.183169,1.184948,0.404121,False,False,7,4,1,6,0,0,7,55,90,False
20260526-202723-sentence-script-a-semi-transparent-cell-6760fd,212,2026-05-27T01:27:47.209003+00:00,23.283333,1,False,True,MARK_ORGANELLES,3.483333,0.0,0,False,16,0,0,0.882633,1.55,0.446905,-0.392332,0.5414,1.794548,-0.144545,1.152845,0.471723,False,False,7,4,1,6,0,0,7,55,90,False
20260526-202723-sentence-script-a-semi-transparent-cell-6760fd,213,2026-05-27T01:27:47.328720+00:00,23.4,1,False,True,MARK_ORGANELLES,3.6,0.0,0,False,16,0,0,0.886702,1.55,0.519189,-0.374102,0.53952,1.809048,-0.100907,1.115796,0.530646,False,False,7,4,1,6,0,0,7,55,90,False
20260526-202723-sentence-script-a-semi-transparent-cell-6760fd,214,2026-05-27T01:27:47.445525+00:00,23.516667,1,False,True,MARK_ORGANELLES,3.716667,0.0,0,False,16,0,0,0.89116,1.55,0.592438,-0.351684,0.535837,1.82535,-0.052946,1.074468,0.581274,False,False,7,4,1,6,0,0,7,55,90,False
20260526-202723-sentence-script-a-semi-transparent-cell-6760fd,215,2026-05-27T01:27:47.563577+00:00,23.633333,1,False,True,MARK_ORGANELLES,3.833333,0.0,0,False,16,0,0,0.88171,1.55,0.664395,-0.327402,0.535834,1.843102,-0.001373,1.029533,0.622839,False,False,7,4,1,6,0,0,7,55,90,False
20260526-202723-sentence-script-a-semi-transparent-cell-6760fd,216,2026-05-27T01:27:47.681954+00:00,23.75,1,False,True,MARK_ORGANELLES,3.95,0.0,0,False,16,0,0,0.876492,1.55,0.73425,-0.300354,0.537149,1.862007,0.053113,0.981579,0.656597,False,False,7,4,1,6,0,0,7,55,90,False
20260526-202723-sentence-script-a-semi-transparent-cell-6760fd,217,2026-05-27T01:27:47.799887+00:00,23.866667,1,False,True,MARK_ORGANELLES,4.066667,0.0,0,False,16,0,0,0.872046,1.55,0.804554,-0.270152,0.536816,1.881772,0.109778,0.931208,0.681738,False,False,7,4,1,6,0,0,7,55,90,False
20260526-202723-sentence-script-a-semi-transparent-cell-6760fd,218,2026-05-27T01:27:47.919081+00:00,23.983333,1,False,True,MARK_ORGANELLES,4.183333,0.0,0,False,16,0,0,0.858617,1.55,0.875058,-0.237246,0.535069,1.902143,0.167959,0.87898,0.699426,False,False,7,4,1,6,0,0,7,55,90,False
20260526-202723-sentence-script-a-semi-transparent-cell-6760fd,219,2026-05-27T01:27:48.036794+00:00,24.1,1,False,True,MARK_ORGANELLES,4.3,0.0,0,False,16,0,0,0.849074,1.55,0.943463,-0.201464,0.530384,1.922849,0.226985,0.82548,0.708865,False,False,7,4,1,6,0,0,7,55,90,False
20260526-202723-sentence-script-a-semi-transparent-cell-6760fd,220,2026-05-27T01:27:48.154019+00:00,24.216667,1,False,True,MARK_ORGANELLES,4.416667,0.0,0,False,16,0,0,0.827672,1.55,1.011268,-0.166095,0.525682,1.943667,0.286185,0.771254,0.711485,False,False,8,5,1,7,0,0,8,55,90,False
20260526-202723-sentence-script-a-semi-transparent-cell-6760fd,221,2026-05-27T01:27:48.270907+00:00,24.333333,1,False,True,MARK_ORGANELLES,4.533333,0.0,0,False,16,0,0,0.790342,1.493336,1.077659,-0.129776,0.520858,1.965674,0.350119,0.740676,0.714426,False,False,8,5,1,7,0,0,8,55,90,False
20260526-202723-sentence-script-a-semi-transparent-cell-6760fd,222,2026-05-27T01:27:48.387868+00:00,24.45,1,False,True,MARK_ORGANELLES,4.65,0.0,0,False,16,0,0,0.72677,1.316806,1.127386,-0.089431,0.519232,1.971505,0.427834,0.767897,0.720608,False,False,8,5,1,7,0,0,8,55,90,False
20260526-202723-sentence-script-a-semi-transparent-cell-6760fd,223,2026-05-27T01:27:48.506850+00:00,24.566667,1,False,True,MARK_ORGANELLES,4.766667,0.0,0,False,16,0,0,0.703989,1.180171,1.157876,-0.044907,0.520933,1.949668,0.508091,0.797162,0.793583,False,False,8,5,1,7,0,0,8,55,90,False
20260526-202723-sentence-script-a-semi-transparent-cell-6760fd,224,2026-05-27T01:27:48.627596+00:00,24.683333,1,False,True,MARK_ORGANELLES,4.883333,0.0,0,False,16,0,0,0.712776,1.085841,1.17121,0.003293,0.524704,1.902355,0.589936,0.828033,0.902358,False,False,8,5,1,7,0,0,8,55,90,False
20260526-202723-sentence-script-a-semi-transparent-cell-6760fd,225,2026-05-27T01:27:48.746853+00:00,24.8,1,False,True,MARK_ORGANELLES,5.0,0.0,0,False,16,0,0,0.71095,1.128416,1.167948,0.052479,0.530078,1.831773,0.672553,0.860074,1.024702,False,False,8,5,1,7,0,0,8,55,90,False
20260526-202723-sentence-script-a-semi-transparent-cell-6760fd,226,2026-05-27T01:27:48.865530+00:00,24.916667,1,False,True,MARK_ORGANELLES,5.116667,0.0,0,False,16,0,0,0.759633,1.217367,1.148627,0.099933,0.536606,1.74022,0.755248,0.892878,1.146239,False,False,8,5,1,7,0,0,8,55,90,False
20260526-202723-sentence-script-a-semi-transparent-cell-6760fd,227,2026-05-27T01:27:48.985445+00:00,25.033333,1,False,True,MARK_ORGANELLES,5.233333,0.0,0,False,16,0,0,0.799287,1.365147,1.115825,0.149831,0.544486,1.630022,0.837381,0.925981,1.259949,False,False,8,5,1,7,0,0,8,55,90,False
20260526-202723-sentence-script-a-semi-transparent-cell-6760fd,228,2026-05-27T01:27:49.102650+00:00,25.15,1,False,True,MARK_ORGANELLES,5.35,0.0,0,False,16,0,0,0.850722,1.49891,1.070692,0.201645,0.553423,1.503461,0.918382,0.958988,1.361236,False,False,8,5,1,7,0,0,8,55,90,False
20260526-202723-sentence-script-a-semi-transparent-cell-6760fd,229,2026-05-27T01:27:49.218931+00:00,25.266667,1,False,True,MARK_ORGANELLES,5.466667,0.0,0,False,16,0,0,0.897072,1.55,1.01453,0.254791,0.563111,1.362805,0.997742,0.99153,1.448553,False,False,8,5,1,7,0,0,8,55,90,False
20260526-202723-sentence-script-a-semi-transparent-cell-6760fd,230,2026-05-27T01:27:49.336192+00:00,25.383333,1,False,True,MARK_ORGANELLES,5.583333,0.0,0,False,16,0,0,0.935984,1.55,0.948987,0.308541,0.573123,1.210195,1.074975,1.023332,1.521177,False,False,8,5,1,7,0,0,8,55,90,False
20260526-202723-sentence-script-a-semi-transparent-cell-6760fd,231,2026-05-27T01:27:49.454036+00:00,25.5,1,False,True,MARK_ORGANELLES,5.7,0.0,0,False,16,0,0,0.965748,1.55,0.875692,0.362446,0.582893,1.048861,1.149301,1.054025,1.55,False,False,8,5,1,7,0,0,8,55,90,False
20260526-202723-sentence-script-a-semi-transparent-cell-6760fd,232,2026-05-27T01:27:49.572075+00:00,25.616667,1,False,True,MARK_ORGANELLES,5.816667,0.0,0,False,16,0,0,0.992457,1.55,0.795965,0.416083,0.592166,0.884459,1.218929,1.082693,1.55,False,False,8,5,1,7,0,0,8,55,90,False
20260526-202723-sentence-script-a-semi-transparent-cell-6760fd,233,2026-05-27T01:27:49.691727+00:00,25.733333,1,False,True,MARK_ORGANELLES,5.933333,0.0,0,False,16,0,0,0.9979,1.55,0.710987,0.468975,0.600826,0.71794,1.28413,1.109507,1.55,False,False,8,5,1,7,1,0,8,55,90,False
20260526-202723-sentence-script-a-semi-transparent-cell-6760fd,234,2026-05-27T01:27:49.810400+00:00,25.85,1,False,True,MARK_ORGANELLES,6.05,0.0,0,False,16,0,0,0.997058,1.55,0.631317,0.521703,0.612851,0.549678,1.345396,1.134681,1.55,False,False,8,5,1,7,1,0,8,55,90,False
20260526-202723-sentence-script-a-semi-transparent-cell-6760fd,235,2026-05-27T01:27:49.928690+00:00,25.966667,1,False,True,MARK_ORGANELLES,6.166667,0.0,0,False,16,0,0,0.966057,1.55,0.55131,0.574762,0.625002,0.379966,1.403139,1.158407,1.55,False,False,8,5,1,7,1,0,8,55,90,False
20260526-202723-sentence-script-a-semi-transparent-cell-6760fd,236,2026-05-27T01:27:50.047047+00:00,26.083333,1,False,True,MARK_ORGANELLES,6.283333,0.0,0,False,16,0,0,0.950841,1.547451,0.481192,0.629799,0.636265,0.209154,1.457783,1.180864,1.547451,False,False,8,5,1,7,0,0,8,55,90,False
20260526-202723-sentence-script-a-semi-transparent-cell-6760fd,237,2026-05-27T01:27:50.165464+00:00,26.2,1,False,True,MARK_ORGANELLES,6.4,0.0,0,False,16,0,0,0.916933,1.535453,0.420988,0.684452,0.646576,0.038245,1.509483,1.202155,1.535453,False,False,8,5,1,7,0,0,8,55,90,False
20260526-202723-sentence-script-a-semi-transparent-cell-6760fd,238,2026-05-27T01:27:50.283150+00:00,26.316667,1,False,True,MARK_ORGANELLES,6.516667,0.0,0,False,16,0,0,0.882438,1.527188,0.374199,0.740236,0.660491,-0.131452,1.558192,1.222291,1.512334,False,False,8,5,1,7,1,0,8,55,90,False
20260526-202723-sentence-script-a-semi-transparent-cell-6760fd,239,2026-05-27T01:27:50.399830+00:00,26.433333,1,False,True,MARK_ORGANELLES,6.633333,0.0,0,False,16,0,0,0.856544,1.538628,0.321138,0.793921,0.672826,-0.29857,1.603798,1.241241,1.478692,False,False,8,5,1,7,1,0,8,55,90,False
20260526-202723-sentence-script-a-semi-transparent-cell-6760fd,240,2026-05-27T01:27:50.518670+00:00,26.55,1,False,True,MARK_ORGANELLES,6.75,0.0,0,False,16,0,0,0.835628,1.519418,0.262187,0.84578,0.684099,-0.461982,1.646309,1.258935,1.436392,False,False,8,5,1,7,1,0,8,55,90,False
20260526-202723-sentence-script-a-semi-transparent-cell-6760fd,241,2026-05-27T01:27:50.636688+00:00,26.666667,1,False,True,MARK_ORGANELLES,6.866667,0.0,0,False,16,0,0,0.826121,1.496714,0.198105,0.895808,0.694427,-0.620685,1.685679,1.275306,1.386571,False,False,8,5,1,7,4,0,8,55,90,False
20260526-202723-sentence-script-a-semi-transparent-cell-6760fd,242,2026-05-27T01:27:50.754912+00:00,26.783333,1,False,True,MARK_ORGANELLES,6.983333,0.0,0,False,16,0,0,0.821274,1.469365,0.13108,0.94399,0.704631,-0.773795,1.721939,1.290246,1.3299,False,False,8,5,1,7,4,0,8,55,90,False
20260526-202723-sentence-script-a-semi-transparent-cell-6760fd,243,2026-05-27T01:27:50.874344+00:00,26.9,1,False,True,MARK_ORGANELLES,7.1,0.0,0,False,16,0,0,0.796459,1.438157,0.068255,0.989513,0.717386,-0.920501,1.755162,1.303761,1.267299,False,False,8,5,1,7,3,0,8,55,90,False
20260526-202723-sentence-script-a-semi-transparent-cell-6760fd,244,2026-05-27T01:27:50.992810+00:00,27.016667,1,False,True,MARK_ORGANELLES,7.216667,0.0,0,False,16,0,0,0.781497,1.402006,0.004894,1.032496,0.727996,-1.060179,1.785454,1.315764,1.200448,False,False,8,5,1,7,2,0,8,55,90,False
20260526-202723-sentence-script-a-semi-transparent-cell-6760fd,245,2026-05-27T01:27:51.109313+00:00,27.133333,1,False,True,MARK_ORGANELLES,7.333333,0.0,0,False,16,0,0,0.76811,1.376782,-0.061491,1.073822,0.737489,-1.192332,1.812905,1.326183,1.130017,False,False,8,5,1,7,1,0,8,55,90,False
20260526-202723-sentence-script-a-semi-transparent-cell-6760fd,246,2026-05-27T01:27:51.222889+00:00,27.25,1,False,True,MARK_ORGANELLES,7.45,0.0,0,False,16,0,0,0.756987,1.353242,-0.130252,1.113526,0.745857,-1.316568,1.837556,1.334994,1.056691,False,False,8,5,1,7,0,0,8,55,90,False
20260526-202723-sentence-script-a-semi-transparent-cell-6760fd,247,2026-05-27T01:27:51.335155+00:00,27.366667,1,False,True,RESET_LOOP,0.033333,0.0,0,False,16,0,0,0.679934,1.271374,-0.193865,1.15297,0.753355,-1.396326,1.85541,1.345533,0.438594,False,False,9,6,1,8,0,1,9,55,90,True
20260526-202723-sentence-script-a-semi-transparent-cell-6760fd,248,2026-05-27T01:27:51.445948+00:00,27.483333,1,False,True,RESET_LOOP,0.15,0.0,0,False,16,0,0,0.607164,1.125478,-0.2516,1.184268,0.757539,-1.439196,1.861388,1.351822,0.332954,False,False,9,6,1,8,0,1,9,55,90,True
20260526-202723-sentence-script-a-semi-transparent-cell-6760fd,249,2026-05-27T01:27:51.556127+00:00,27.6,1,False,True,RESET_LOOP,0.266667,0.0,0,False,16,0,0,0.522017,0.989679,-0.297396,1.210539,0.766038,-1.472618,1.857635,1.350382,0.264631,False,False,9,6,1,8,0,1,9,55,90,True
20260526-202723-sentence-script-a-semi-transparent-cell-6760fd,250,2026-05-27T01:27:51.671218+00:00,27.716667,1,False,True,RESET_LOOP,0.383333,0.0,0,False,16,0,0,0.470136,0.865342,-0.333466,1.229699,0.772263,-1.46499,1.842022,1.346139,0.248016,False,False,9,6,1,8,0,1,9,55,90,True
20260526-202723-sentence-script-a-semi-transparent-cell-6760fd,251,2026-05-27T01:27:51.784417+00:00,27.833333,1,False,True,RESET_LOOP,0.5,0.0,0,False,16,0,0,0.43758,0.753531,-0.36432,1.241672,0.77523,-1.442292,1.817668,1.336202,0.334723,False,False,9,6,1,8,0,1,9,55,90,True
20260526-202723-sentence-script-a-semi-transparent-cell-6760fd,252,2026-05-27T01:27:51.896685+00:00,27.95,1,False,True,RESET_LOOP,0.616667,0.0,0,False,16,0,0,0.394184,0.656641,-0.389044,1.249122,0.779101,-1.415177,1.786333,1.319784,0.416539,False,False,9,6,1,8,0,1,9,55,90,True
20260526-202723-sentence-script-a-semi-transparent-cell-6760fd,253,2026-05-27T01:27:52.011212+00:00,28.066667,1,False,True,RESET_LOOP,0.733333,0.0,0,False,16,0,0,0.362825,0.586861,-0.405893,1.253038,0.780267,-1.384123,1.748879,1.297484,0.489394,False,False,9,6,1,8,0,1,9,55,90,True
20260526-202723-sentence-script-a-semi-transparent-cell-6760fd,254,2026-05-27T01:27:52.128782+00:00,28.183333,1,False,True,RESET_LOOP,0.85,0.0,0,False,16,0,0,0.324015,0.670518,-0.419186,1.254442,0.779639,-1.367222,1.752413,1.30385,0.465573,False,False,9,6,1,8,0,1,9,55,90,True
20260526-202723-sentence-script-a-semi-transparent-cell-6760fd,255,2026-05-27T01:27:52.246138+00:00,28.3,1,False,True,RESET_LOOP,0.966667,0.0,0,False,16,0,0,0.305463,0.744711,-0.430094,1.253744,0.77931,-1.40345,1.776581,1.317104,0.336072,False,False,9,6,1,8,0,1,9,55,90,True
20260526-202723-sentence-script-a-semi-transparent-cell-6760fd,256,2026-05-27T01:27:52.363720+00:00,28.416667,1,False,True,RESET_LOOP,1.083333,0.0,0,False,16,0,0,0.286346,0.809778,-0.436855,1.248083,0.775285,-1.431042,1.790846,1.322171,0.22457,False,False,9,6,1,8,1,1,9,55,90,True
20260526-202723-sentence-script-a-semi-transparent-cell-6760fd,257,2026-05-27T01:27:52.481990+00:00,28.533333,1,False,True,RESET_LOOP,1.2,0.0,0,False,16,0,0,0.270542,0.865115,-0.439465,1.243747,0.770939,-1.45059,1.79601,1.319605,0.148056,False,False,9,6,1,8,1,1,9,55,90,True
20260526-202723-sentence-script-a-semi-transparent-cell-6760fd,258,2026-05-27T01:27:52.600501+00:00,28.65,1,False,True,RESET_LOOP,1.316667,0.0,0,False,16,0,0,0.230881,0.610651,-0.441484,1.243314,0.763433,-1.462651,1.792918,1.309921,0.143335,False,False,9,6,1,8,2,1,9,55,90,True
20260526-202723-sentence-script-a-semi-transparent-cell-6760fd,259,2026-05-27T01:27:52.718852+00:00,28.766667,1,False,True,RESET_LOOP,1.433333,0.0,0,False,16,0,0,0.225448,0.603054,-0.441499,1.240569,0.754652,-1.469932,1.78528,1.287765,0.317644,False,False,9,6,1,8,1,1,9,55,90,True
20260526-202723-sentence-script-a-semi-transparent-cell-6760fd,260,2026-05-27T01:27:52.838304+00:00,28.883333,1,False,True,RESET_LOOP,1.55,0.0,0,False,16,0,0,0.230287,0.609818,-0.438998,1.235477,0.742581,-1.47449,1.775901,1.249514,0.359965,False,False,9,6,1,8,1,1,9,55,90,True
20260526-202723-sentence-script-a-semi-transparent-cell-6760fd,261,2026-05-27T01:27:52.955507+00:00,29.0,1,False,True,RESET_LOOP,1.666667,1.0,0,False,16,0,0,0.22275,0.43546,-0.433947,1.237943,0.735083,-1.476905,1.779137,1.220737,0.309151,False,False,9,6,1,8,0,1,9,55,90,True
20260526-202723-sentence-script-a-semi-transparent-cell-6760fd,262,2026-05-27T01:27:53.073469+00:00,29.116667,1,False,True,RESET_LOOP,1.783333,1.0,0,False,16,0,0,0.223894,0.453072,-0.426134,1.239993,0.728144,-1.468056,1.806456,1.210866,0.242962,False,False,9,6,1,8,0,1,9,55,90,True
20260526-202723-sentence-script-a-semi-transparent-cell-6760fd,263,2026-05-27T01:27:53.190506+00:00,29.233333,1,False,True,RESET_LOOP,1.9,1.0,0,False,16,0,0,0.226236,0.484136,-0.416285,1.240651,0.720155,-1.454862,1.824372,1.194899,0.23801,False,False,9,6,1,8,0,1,9,55,90,True
20260526-202723-sentence-script-a-semi-transparent-cell-6760fd,264,2026-05-27T01:27:53.307925+00:00,29.35,1,False,True,RESET_LOOP,2.016667,1.0,0,False,16,0,0,0.239148,0.523069,-0.404132,1.238321,0.712485,-1.43692,1.833532,1.173459,0.268483,False,False,9,6,1,8,0,1,9,55,90,True
20260526-202723-sentence-script-a-semi-transparent-cell-6760fd,265,2026-05-27T01:27:53.425758+00:00,29.466667,1,False,True,RESET_LOOP,2.133333,1.0,0,False,16,0,0,0.256159,0.562784,-0.389307,1.233218,0.70335,-1.414766,1.834616,1.14713,0.318215,False,False,9,6,1,8,0,1,9,55,90,True
20260526-202723-sentence-script-a-semi-transparent-cell-6760fd,266,2026-05-27T01:27:53.543713+00:00,29.583333,1,False,True,RESET_LOOP,2.25,1.0,0,False,16,0,0,0.270849,0.602621,-0.368869,1.229503,0.694633,-1.393097,1.855454,1.133239,0.306542,False,False,9,6,1,8,0,1,9,55,90,True
20260526-202723-sentence-script-a-semi-transparent-cell-6760fd,267,2026-05-27T01:27:53.661881+00:00,29.7,1,False,True,RESET_LOOP,2.366667,1.0,0,False,16,0,0,0.279666,0.638928,-0.345635,1.223588,0.685901,-1.369138,1.876287,1.119732,0.294388,False,False,9,6,1,8,0,1,9,55,90,True
20260526-202723-sentence-script-a-semi-transparent-cell-6760fd,268,2026-05-27T01:27:53.779780+00:00,29.816667,1,False,True,RESET_LOOP,2.483333,1.0,0,False,16,0,0,0.274485,0.5833,-0.32287,1.221736,0.67788,-1.341798,1.887815,1.100923,0.311499,False,False,9,6,1,8,0,0,9,55,90,True
20260526-202723-sentence-script-a-semi-transparent-cell-6760fd,269,2026-05-27T01:28:24.107276+00:00,29.933333,2,False,True,MARK_ORGANELLES,7.2,0.0,0,False,16,0,1,0.401543,0.605464,-0.985874,1.854897,0.230482,-1.277311,1.945328,1.053418,0.605464,False,False,7,3,1,6,6,0,7,55,90,False
20260526-202723-sentence-script-a-semi-transparent-cell-6760fd,270,2026-05-27T01:28:24.225064+00:00,30.05,2,False,True,MARK_ORGANELLES,7.316667,0.0,0,False,16,0,1,0.423522,0.747786,-0.992448,1.849458,0.253009,-1.267108,1.942844,1.119931,0.578145,False,False,7,3,1,6,6,0,7,55,90,False
20260526-202723-sentence-script-a-semi-transparent-cell-6760fd,271,2026-05-27T01:28:24.343159+00:00,30.166667,2,False,True,MARK_ORGANELLES,7.433333,0.0,0,False,16,0,1,0.471829,0.947303,-0.988584,1.834101,0.275435,-1.238221,1.92069,1.180411,0.641274,False,False,7,3,1,6,6,0,7,55,90,False
20260526-202723-sentence-script-a-semi-transparent-cell-6760fd,272,2026-05-27T01:28:24.460221+00:00,30.283333,2,False,True,MARK_ORGANELLES,7.55,0.0,0,False,16,0,1,0.538933,1.132196,-0.974842,1.807997,0.299052,-1.192323,1.880309,1.235034,0.75651,False,False,7,3,1,6,6,0,7,55,90,False
20260526-202723-sentence-script-a-semi-transparent-cell-6760fd,273,2026-05-27T01:28:24.577759+00:00,30.4,2,False,True,MARK_ORGANELLES,7.666667,0.0,0,False,16,0,1,0.608452,1.299547,-0.952066,1.771957,0.323743,-1.123442,1.814527,1.273813,1.125126,False,False,7,3,1,6,6,0,7,55,90,False
20260526-202723-sentence-script-a-semi-transparent-cell-6760fd,274,2026-05-27T01:28:24.696239+00:00,30.516667,2,False,True,MARK_ORGANELLES,7.783333,0.0,0,False,16,0,1,0.67359,1.447905,-0.920403,1.730737,0.349569,-1.022402,1.751344,1.31298,1.153688,False,False,7,3,1,6,7,0,7,55,90,False
20260526-202723-sentence-script-a-semi-transparent-cell-6760fd,275,2026-05-27T01:28:24.813885+00:00,30.633333,2,False,True,MARK_ORGANELLES,7.9,0.0,0,False,16,0,1,0.722221,1.344238,-0.881577,1.687972,0.378916,-0.898132,1.717559,1.377739,1.312133,False,False,7,3,1,6,7,0,7,55,90,False
20260526-202723-sentence-script-a-semi-transparent-cell-6760fd,276,2026-05-27T01:28:24.931420+00:00,30.75,2,False,True,MARK_ORGANELLES,8.016667,0.0,0,False,16,0,1,0.780113,1.436248,-0.834099,1.647575,0.41381,-0.75969,1.662414,1.429851,1.384866,False,False,7,3,1,6,7,0,7,55,90,False
20260526-202723-sentence-script-a-semi-transparent-cell-6760fd,277,2026-05-27T01:28:25.049001+00:00,30.866667,2,False,True,MARK_ORGANELLES,8.133333,0.0,0,False,16,0,1,0.830198,1.548862,-0.779622,1.603929,0.447691,-0.616014,1.592461,1.47557,1.454348,False,False,7,3,1,6,6,0,7,55,90,False
20260526-202723-sentence-script-a-semi-transparent-cell-6760fd,278,2026-05-27T01:28:25.166419+00:00,30.983333,2,False,True,MARK_ORGANELLES,8.25,0.0,0,False,16,0,1,0.839723,1.55,-0.722034,1.556601,0.47756,-0.4685,1.509303,1.515148,1.517027,False,False,7,3,1,6,6,0,7,55,90,False
20260526-202723-sentence-script-a-semi-transparent-cell-6760fd,279,2026-05-27T01:28:25.284903+00:00,31.1,2,False,True,MARK_ORGANELLES,8.366667,0.0,0,False,16,0,1,0.829594,1.55,-0.663844,1.514527,0.51047,-0.319058,1.414885,1.548861,1.55,False,False,7,3,1,6,6,0,7,55,90,False
20260526-202723-sentence-script-a-semi-transparent-cell-6760fd,280,2026-05-27T01:28:25.401454+00:00,31.216667,2,False,True,MARK_ORGANELLES,8.483333,0.0,0,False,16,0,1,0.843991,1.55,-0.603963,1.47633,0.546067,-0.181165,1.302471,1.582699,1.55,False,False,7,3,1,6,7,0,7,55,90,False
20260526-202723-sentence-script-a-semi-transparent-cell-6760fd,281,2026-05-27T01:28:25.518129+00:00,31.333333,2,False,True,MARK_ORGANELLES,8.6,0.0,0,False,16,0,1,0.859195,1.55,-0.539504,1.432936,0.580703,-0.080005,1.18982,1.643281,1.404515,False,False,7,3,1,6,7,0,7,55,90,False
20260526-202723-sentence-script-a-semi-transparent-cell-6760fd,282,2026-05-27T01:28:25.635071+00:00,31.45,2,False,True,MARK_ORGANELLES,8.716667,0.0,0,False,16,0,1,0.88455,1.55,-0.471302,1.384291,0.613993,0.021966,1.071027,1.69829,1.434627,False,False,7,3,1,6,7,0,7,55,90,False
20260526-202723-sentence-script-a-semi-transparent-cell-6760fd,283,2026-05-27T01:28:25.752612+00:00,31.566667,2,False,True,MARK_ORGANELLES,8.833333,0.0,0,False,16,0,1,0.906879,1.55,-0.400865,1.331832,0.645065,0.126256,0.947005,1.745681,1.455224,False,False,7,3,1,6,7,0,7,55,90,False
20260526-202723-sentence-script-a-semi-transparent-cell-6760fd,284,2026-05-27T01:28:25.869852+00:00,31.683333,2,False,True,MARK_ORGANELLES,8.95,0.0,0,False,16,0,1,0.931008,1.544402,-0.328768,1.273151,0.676044,0.231861,0.819321,1.785865,1.465314,False,False,7,3,1,6,7,0,7,55,90,False
20260526-202723-sentence-script-a-semi-transparent-cell-6760fd,285,2026-05-27T01:28:25.987588+00:00,31.8,2,False,True,MARK_ORGANELLES,9.066667,0.0,0,False,16,0,1,0.951066,1.55,-0.254493,1.212125,0.706809,0.343811,0.705224,1.808224,1.375558,False,False,7,3,1,6,6,0,7,55,90,False
20260526-202723-sentence-script-a-semi-transparent-cell-6760fd,286,2026-05-27T01:28:26.105323+00:00,31.916667,2,False,True,MARK_ORGANELLES,9.183333,0.0,0,False,16,0,1,0.964213,1.55,-0.179202,1.149381,0.736472,0.455749,0.591294,1.823673,1.373737,False,False,7,3,1,6,6,0,7,55,90,False
20260526-202723-sentence-script-a-semi-transparent-cell-6760fd,287,2026-05-27T01:28:26.223018+00:00,32.033333,2,False,True,MARK_ORGANELLES,9.3,0.0,0,False,16,0,1,0.969662,1.55,-0.102204,1.087791,0.763537,0.566111,0.476568,1.834438,1.36168,False,False,7,3,1,6,5,0,7,55,90,False
20260526-202723-sentence-script-a-semi-transparent-cell-6760fd,288,2026-05-27T01:28:26.341258+00:00,32.15,2,False,True,MARK_ORGANELLES,9.416667,0.0,0,False,16,0,1,0.964682,1.54657,-0.026634,1.024566,0.790384,0.674215,0.362198,1.840984,1.340188,False,False,7,3,1,6,5,0,7,55,90,False
20260526-202723-sentence-script-a-semi-transparent-cell-6760fd,289,2026-05-27T01:28:26.458339+00:00,32.266667,2,False,True,MARK_ORGANELLES,9.533333,0.0,0,False,16,0,1,0.95746,1.530905,0.046239,0.961769,0.816788,0.779428,0.249328,1.8438,1.30884,False,False,7,3,1,6,4,0,7,55,90,False
20260526-202723-sentence-script-a-semi-transparent-cell-6760fd,290,2026-05-27T01:28:26.577408+00:00,32.383333,2,False,True,MARK_ORGANELLES,9.65,0.0,0,False,16,0,1,0.947667,1.503158,0.118672,0.898633,0.84262,0.881275,0.138958,1.84337,1.270175,False,False,7,3,1,6,4,0,7,55,90,False
20260526-202723-sentence-script-a-semi-transparent-cell-6760fd,291,2026-05-27T01:28:26.694090+00:00,32.5,2,False,True,MARK_ORGANELLES,9.766667,0.0,0,False,16,0,1,0.936087,1.465457,0.190218,0.834627,0.868531,0.979316,0.031925,1.840111,1.224295,False,False,7,3,1,6,3,0,7,55,90,False
20260526-202723-sentence-script-a-semi-transparent-cell-6760fd,292,2026-05-27T01:28:26.812028+00:00,32.616667,2,False,True,MARK_ORGANELLES,9.883333,0.0,0,False,16,0,1,0.923719,1.40423,0.260562,0.770032,0.894759,1.07317,-0.071051,1.834452,1.172872,False,False,7,3,1,6,3,0,7,55,90,False
20260526-202723-sentence-script-a-semi-transparent-cell-6760fd,293,2026-05-27T01:28:26.929851+00:00,32.733333,2,False,True,MARK_ORGANELLES,10.0,0.0,0,False,16,0,1,0.905855,1.345386,0.330735,0.706499,0.919748,1.166879,-0.172911,1.829219,1.265658,False,False,7,3,1,6,3,0,7,55,90,False
20260526-202723-sentence-script-a-semi-transparent-cell-6760fd,294,2026-05-27T01:28:27.048551+00:00,32.85,2,False,True,MARK_ORGANELLES,10.116667,0.0,0,False,16,0,1,0.878782,1.2869,0.398144,0.646939,0.941732,1.264784,-0.276852,1.827359,1.192389,False,False,7,3,1,6,3,0,7,55,90,False
20260526-202723-sentence-script-a-semi-transparent-cell-6760fd,295,2026-05-27T01:28:27.164897+00:00,32.966667,2,False,True,MARK_ORGANELLES,10.233333,0.0,0,False,16,0,1,0.852096,1.225391,0.464028,0.590271,0.96393,1.358332,-0.367593,1.819821,1.071874,False,False,7,3,1,6,2,0,7,55,90,False
20260526-202723-sentence-script-a-semi-transparent-cell-6760fd,296,2026-05-27T01:28:27.282467+00:00,33.083333,2,False,True,MARK_ORGANELLES,10.35,0.0,0,False,16,0,1,0.827164,1.162389,0.521346,0.541637,0.989035,1.446539,-0.448704,1.80914,1.000612,False,False,10,4,1,9,11,0,10,55,90,False
20260526-202723-sentence-script-a-semi-transparent-cell-6760fd,297,2026-05-27T01:28:27.400257+00:00,33.2,2,False,True,MARK_ORGANELLES,10.466667,0.0,0,False,16,0,1,0.774434,1.097453,0.576076,0.494649,1.015089,1.528317,-0.524354,1.798087,0.928888,False,False,10,4,1,9,11,0,10,55,90,False
20260526-202723-sentence-script-a-semi-transparent-cell-6760fd,298,2026-05-27T01:28:27.517620+00:00,33.316667,2,False,True,CHAOTIC_MIX,0.0,0.0,0,False,16,0,1,0.746795,1.031493,0.629306,0.448426,1.041645,1.603516,-0.594646,1.786979,0.854487,False,False,10,4,1,9,21,0,10,55,90,False
20260526-202723-sentence-script-a-semi-transparent-cell-6760fd,299,2026-05-27T01:28:27.669557+00:00,33.433333,2,False,True,CHAOTIC_MIX,0.116667,0.0,0,False,16,0,1,0.686051,0.929818,0.677874,0.408877,1.0669,1.673421,-0.66371,1.768282,0.82297,False,False,10,4,1,9,21,0,10,55,90,False
20260526-202723-sentence-script-a-semi-transparent-cell-6760fd,300,2026-05-27T01:28:27.806837+00:00,33.55,2,False,True,CHAOTIC_MIX,0.233333,0.0,0,False,16,0,1,0.637103,0.854038,0.722639,0.374347,1.090534,1.731948,-0.729203,1.749254,0.731393,False,False,10,4,1,9,20,0,10,55,90,False
20260526-202723-sentence-script-a-semi-transparent-cell-6760fd,301,2026-05-27T01:28:27.929443+00:00,33.666667,2,False,True,CHAOTIC_MIX,0.35,0.0,0,False,16,0,1,0.571123,0.855542,0.759195,0.347918,1.118598,1.767293,-0.7673,1.750109,0.467608,False,False,10,4,1,9,20,0,10,55,90,False
20260526-202723-sentence-script-a-semi-transparent-cell-6760fd,302,2026-05-27T01:28:28.053427+00:00,33.783333,2,False,True,CHAOTIC_MIX,0.466667,0.0,0,False,16,0,1,0.51577,0.817439,0.785703,0.334693,1.148537,1.783281,-0.749581,1.765378,0.238565,False,False,10,4,1,9,20,0,10,55,90,False
20260526-202723-sentence-script-a-semi-transparent-cell-6760fd,303,2026-05-27T01:28:28.171714+00:00,33.9,2,False,True,CHAOTIC_MIX,0.583333,0.0,0,False,16,0,1,0.496219,0.781537,0.808501,0.32538,1.177394,1.802289,-0.730643,1.777531,0.267053,False,False,10,4,1,9,20,0,10,55,90,False
20260526-202723-sentence-script-a-semi-transparent-cell-6760fd,304,2026-05-27T01:28:28.293265+00:00,34.016667,2,False,True,CHAOTIC_MIX,0.7,0.0,0,False,16,0,1,0.483331,0.747226,0.828682,0.317902,1.205454,1.820743,-0.708434,1.795031,0.306189,False,False,10,4,1,9,19,0,10,55,90,False
20260526-202723-sentence-script-a-semi-transparent-cell-6760fd,305,2026-05-27T01:28:28.413868+00:00,34.133333,2,False,True,CHAOTIC_MIX,0.816667,0.0,0,False,16,0,1,0.472901,0.716478,0.846263,0.311579,1.232797,1.839829,-0.683874,1.816316,0.332645,False,False,10,4,1,9,19,0,10,55,90,False
20260526-202723-sentence-script-a-semi-transparent-cell-6760fd,306,2026-05-27T01:28:28.528431+00:00,34.25,2,False,True,CHAOTIC_MIX,0.933333,0.0,0,False,16,0,1,0.461833,0.692288,0.861273,0.305755,1.259377,1.859393,-0.658768,1.83876,0.330023,False,False,10,4,1,9,19,0,10,55,90,False
20260526-202723-sentence-script-a-semi-transparent-cell-6760fd,307,2026-05-27T01:28:28.641688+00:00,34.366667,2,False,True,CHAOTIC_MIX,1.05,0.0,0,False,16,0,1,0.449033,0.67613,0.873726,0.299792,1.285095,1.878249,-0.635603,1.85958,0.293543,False,False,10,4,1,9,19,0,10,55,90,False
20260526-202723-sentence-script-a-semi-transparent-cell-6760fd,308,2026-05-27T01:28:28.753424+00:00,34.483333,2,False,True,CHAOTIC_MIX,1.166667,0.0,0,False,16,0,1,0.433917,0.667252,0.88366,0.293145,1.309864,1.894319,-0.617019,1.876565,0.223162,False,False,10,4,1,9,19,0,10,55,90,False
20260526-202723-sentence-script-a-semi-transparent-cell-6760fd,309,2026-05-27T01:28:28.864400+00:00,34.6,2,False,True,CHAOTIC_MIX,1.283333,0.0,0,False,16,0,1,0.421878,0.665331,0.891136,0.285393,1.333661,1.905162,-0.605452,1.888616,0.129016,False,False,10,4,1,9,19,0,10,55,90,False
20260526-202723-sentence-script-a-semi-transparent-cell-6760fd,310,2026-05-27T01:28:28.975483+00:00,34.716667,2,False,True,CHAOTIC_MIX,1.4,0.0,0,False,16,0,1,0.414792,0.669077,0.896264,0.276205,1.356593,1.908557,-0.602618,1.896116,0.051631,False,False,10,4,1,9,19,0,10,55,90,False
20260526-202723-sentence-script-a-semi-transparent-cell-6760fd,311,2026-05-27T01:28:29.086368+00:00,34.833333,2,False,True,CHAOTIC_MIX,1.516667,0.0,0,False,16,0,1,0.421052,0.680348,0.899173,0.265327,1.378876,1.903231,-0.609343,1.900773,0.127175,False,False,10,4,1,9,19,0,10,55,90,False
20260526-202723-sentence-script-a-semi-transparent-cell-6760fd,312,2026-05-27T01:28:29.197435+00:00,34.95,2,False,True,CHAOTIC_MIX,1.633333,0.0,0,False,16,0,1,0.431466,0.698482,0.899973,0.252576,1.400832,1.888831,-0.62532,1.905319,0.233726,False,False,10,4,1,9,19,0,10,55,90,False
20260526-202723-sentence-script-a-semi-transparent-cell-6760fd,313,2026-05-27T01:28:29.307899+00:00,35.066667,2,False,True,CHAOTIC_MIX,1.75,0.0,0,False,16,0,1,0.474849,1.120407,0.895938,0.2348,1.423953,1.866416,-0.649178,1.912701,0.325613,False,False,10,4,1,9,19,0,10,55,90,False
20260526-202723-sentence-script-a-semi-transparent-cell-6760fd,314,2026-05-27T01:28:29.426077+00:00,35.183333,2,False,True,CHAOTIC_MIX,1.866667,0.0,0,False,16,0,1,0.476828,1.127991,0.889715,0.214671,1.447575,1.837997,-0.678752,1.92529,0.39567,False,False,10,4,1,9,19,0,10,55,90,False
20260526-202723-sentence-script-a-semi-transparent-cell-6760fd,315,2026-05-27T01:28:29.544228+00:00,35.3,2,False,True,CHAOTIC_MIX,1.983333,0.0,0,False,16,0,1,0.47686,1.133956,0.881812,0.192701,1.471817,1.806227,-0.711271,1.944337,0.439013,False,False,10,4,1,9,19,0,10,55,90,False
20260526-202723-sentence-script-a-semi-transparent-cell-6760fd,316,2026-05-27T01:28:29.663988+00:00,35.416667,2,False,True,CHAOTIC_MIX,2.1,0.0,0,False,16,0,1,0.476119,1.133651,0.872243,0.168918,1.496816,1.773803,-0.743979,1.969595,0.454801,False,False,10,4,1,9,18,0,10,55,90,False
20260526-202723-sentence-script-a-semi-transparent-cell-6760fd,317,2026-05-27T01:28:29.781223+00:00,35.533333,2,False,True,CHAOTIC_MIX,2.216667,0.0,0,False,16,0,1,0.475398,1.122911,0.860958,0.143407,1.522619,1.742961,-0.774485,1.999407,0.445247,False,False,10,4,1,9,28,0,10,55,90,False
20260526-202723-sentence-script-a-semi-transparent-cell-6760fd,318,2026-05-27T01:28:29.898685+00:00,35.65,2,False,True,CHAOTIC_MIX,2.333333,0.0,0,False,16,0,1,0.49473,1.096048,0.848315,0.116166,1.549482,1.714932,-0.801107,2.031219,0.414789,False,False,10,4,1,9,27,0,10,55,90,False
20260526-202723-sentence-script-a-semi-transparent-cell-6760fd,319,2026-05-27T01:28:30.018154+00:00,35.766667,2,False,True,CHAOTIC_MIX,2.45,0.0,0,False,16,0,1,0.496105,1.052564,0.836351,0.086743,1.578975,1.689762,-0.823021,2.06231,0.372215,False,False,10,4,1,9,25,0,10,55,90,False
20260526-202723-sentence-script-a-semi-transparent-cell-6760fd,320,2026-05-27T01:28:30.135520+00:00,35.883333,2,False,True,CHAOTIC_MIX,2.566667,0.0,0,False,16,0,1,0.504024,0.995509,0.822278,0.056248,1.608706,1.666355,-0.840478,2.090455,0.330619,False,False,10,4,1,9,24,0,10,55,90,False
20260526-202723-sentence-script-a-semi-transparent-cell-6760fd,321,2026-05-27T01:28:30.254027+00:00,36.0,2,False,True,CHAOTIC_MIX,2.683333,0.0,0,False,16,0,1,0.518869,0.933118,0.806041,0.025011,1.63858,1.642593,-0.854566,2.114596,0.306009,False,False,10,4,1,9,24,0,10,55,90,False
20260526-202723-sentence-script-a-semi-transparent-cell-6760fd,322,2026-05-27T01:28:30.373343+00:00,36.116667,2,False,True,CHAOTIC_MIX,2.8,0.0,0,False,16,0,1,0.537859,0.878316,0.787664,-0.006571,1.668593,1.616018,-0.866902,2.135187,0.313024,False,False,10,4,1,9,23,0,10,55,90,False
20260526-202723-sentence-script-a-semi-transparent-cell-6760fd,323,2026-05-27T01:28:30.491350+00:00,36.233333,2,False,True,CHAOTIC_MIX,2.916667,0.0,0,False,16,0,1,0.55606,0.841508,0.767177,-0.038046,1.698838,1.584336,-0.87933,2.154108,0.354058,False,False,10,4,1,9,23,0,10,55,90,False
20260526-202723-sentence-script-a-semi-transparent-cell-6760fd,324,2026-05-27T01:28:30.607398+00:00,36.35,2,False,True,CHAOTIC_MIX,3.033333,0.0,0,False,16,0,1,0.597745,1.113762,0.74182,-0.068132,1.726806,1.545877,-0.893357,2.174048,0.420189,False,False,10,4,1,9,23,0,10,55,90,False
20260526-202723-sentence-script-a-semi-transparent-cell-6760fd,325,2026-05-27T01:28:30.725081+00:00,36.466667,2,False,True,CHAOTIC_MIX,3.15,0.0,0,False,16,0,1,0.602679,1.027633,0.713561,-0.096861,1.754535,1.500193,-0.909963,2.19794,0.498275,False,False,10,4,1,9,21,0,10,55,90,False
20260526-202723-sentence-script-a-semi-transparent-cell-6760fd,326,2026-05-27T01:28:30.843008+00:00,36.583333,2,False,True,CHAOTIC_MIX,3.266667,0.0,0,False,16,0,1,0.600132,0.943705,0.683641,-0.124051,1.783321,1.447961,-0.929157,2.228205,0.575181,False,False,10,4,1,9,21,0,10,55,90,False
20260526-202723-sentence-script-a-semi-transparent-cell-6760fd,327,2026-05-27T01:28:30.960576+00:00,36.7,2,False,True,CHAOTIC_MIX,3.383333,0.0,0,False,16,0,1,0.591748,0.887566,0.652106,-0.149247,1.813252,1.391005,-0.950047,2.265854,0.636782,False,False,10,4,1,9,21,0,10,55,90,False
20260526-202723-sentence-script-a-semi-transparent-cell-6760fd,328,2026-05-27T01:28:31.077853+00:00,36.816667,2,False,True,CHAOTIC_MIX,3.5,0.0,0,False,16,0,1,0.580211,0.912119,0.618986,-0.17204,1.844282,1.331798,-0.97081,2.310484,0.67353,False,False,10,4,1,9,21,0,10,55,90,False
20260526-202723-sentence-script-a-semi-transparent-cell-6760fd,329,2026-05-27T01:28:31.196617+00:00,36.933333,2,False,True,CHAOTIC_MIX,3.616667,0.0,0,False,16,0,1,0.568779,0.925321,0.584246,-0.192115,1.876237,1.272913,-0.989069,2.36024,0.678586,False,False,10,4,1,9,21,0,10,55,90,False
20260526-202723-sentence-script-a-semi-transparent-cell-6760fd,330,2026-05-27T01:28:31.315200+00:00,37.05,2,False,True,CHAOTIC_MIX,3.733333,0.0,0,False,16,0,1,0.560654,0.918656,0.547854,-0.209225,1.908804,1.216662,-1.002303,2.412325,0.655076,False,False,10,4,1,9,21,0,10,55,90,False
20260526-202723-sentence-script-a-semi-transparent-cell-6760fd,331,2026-05-27T01:28:31.434281+00:00,37.166667,2,False,True,CHAOTIC_MIX,3.85,0.0,0,False,16,0,1,0.557106,0.885583,0.509725,-0.223216,1.941607,1.164261,-1.008281,2.463857,0.613602,False,False,10,4,1,9,20,0,10,55,90,False
20260526-202723-sentence-script-a-semi-transparent-cell-6760fd,332,2026-05-27T01:28:31.552632+00:00,37.283333,2,False,True,CHAOTIC_MIX,3.966667,0.0,0,False,16,0,1,0.564557,0.926079,0.469776,-0.234027,1.974279,1.115889,-1.005428,2.512398,0.570821,False,False,10,4,1,9,19,0,10,55,90,False
20260526-202723-sentence-script-a-semi-transparent-cell-6760fd,333,2026-05-27T01:28:31.671084+00:00,37.4,2,False,True,CHAOTIC_MIX,4.083333,0.0,0,False,16,0,1,0.580994,0.95795,0.427907,-0.241671,2.006514,1.070462,-0.993191,2.556821,0.547186,False,False,10,4,1,9,19,0,10,55,90,False
20260526-202723-sentence-script-a-semi-transparent-cell-6760fd,334,2026-05-27T01:28:31.789099+00:00,37.516667,2,False,True,CHAOTIC_MIX,4.2,0.0,0,False,16,0,1,0.582818,0.971845,0.384362,-0.246364,2.037621,1.025841,-0.972063,2.59733,0.552521,False,False,10,4,1,9,19,0,10,55,90,False
20260526-202723-sentence-script-a-semi-transparent-cell-6760fd,335,2026-05-27T01:28:31.906911+00:00,37.633333,2,False,True,CHAOTIC_MIX,4.316667,0.0,0,False,16,0,1,0.607891,0.96081,0.340667,-0.248818,2.06537,0.979559,-0.943595,2.635499,0.585673,False,False,10,4,1,9,19,0,10,55,90,False
20260526-202723-sentence-script-a-semi-transparent-cell-6760fd,336,2026-05-27T01:28:32.024256+00:00,37.75,2,False,True,CHAOTIC_MIX,4.433333,0.0,0,False,16,0,1,0.633766,0.997714,0.2948,-0.24845,2.092504,0.929024,-0.91014,2.673773,0.637698,False,False,10,4,1,9,28,0,10,55,90,False
20260526-202723-sentence-script-a-semi-transparent-cell-6760fd,337,2026-05-27T01:28:32.142137+00:00,37.866667,2,False,True,CHAOTIC_MIX,4.55,0.0,0,False,16,0,1,0.65621,1.049019,0.2468,-0.245443,2.11906,0.872382,-0.874504,2.714741,0.699516,False,False,10,4,1,9,26,0,10,55,90,False
20260526-202723-sentence-script-a-semi-transparent-cell-6760fd,338,2026-05-27T01:28:32.258677+00:00,37.983333,2,False,True,CHAOTIC_MIX,4.666667,0.0,0,False,16,0,1,0.672922,1.086595,0.196724,-0.239992,2.145089,0.808748,-0.83947,2.760456,0.762333,False,False,10,4,1,9,21,0,10,55,90,False
20260526-202723-sentence-script-a-semi-transparent-cell-6760fd,339,2026-05-27T01:28:32.376455+00:00,38.1,2,False,True,CHAOTIC_MIX,4.783333,0.0,0,False,16,0,1,0.683163,1.102119,0.144666,-0.232299,2.17057,0.738555,-0.807311,2.811679,0.816247,False,False,10,4,1,9,20,0,10,55,90,False
20260526-202723-sentence-script-a-semi-transparent-cell-6760fd,340,2026-05-27T01:28:32.492319+00:00,38.216667,2,False,True,CHAOTIC_MIX,4.9,0.0,0,False,16,0,1,0.687808,1.09569,0.090689,-0.222578,2.195363,0.663299,-0.779614,2.867602,0.851594,False,False,10,4,1,9,20,0,10,55,90,False
20260526-202723-sentence-script-a-semi-transparent-cell-6760fd,341,2026-05-27T01:28:32.609609+00:00,38.333333,2,False,True,CHAOTIC_MIX,5.016667,0.0,0,False,16,0,1,0.687191,1.073785,0.035974,-0.2118,2.220295,0.585113,-0.756899,2.926117,0.860987,False,False,10,4,1,9,17,0,10,55,90,False
20260526-202723-sentence-script-a-semi-transparent-cell-6760fd,342,2026-05-27T01:28:32.752474+00:00,38.45,2,False,True,CHAOTIC_MIX,5.133333,0.0,0,False,16,0,1,0.707892,1.408648,-0.021536,-0.199591,2.247223,0.506509,-0.738753,2.984145,0.841021,False,False,10,4,1,9,17,0,10,55,90,False
20260526-202723-sentence-script-a-semi-transparent-cell-6760fd,343,2026-05-27T01:28:32.906489+00:00,38.566667,2,False,True,CHAOTIC_MIX,5.25,0.0,0,False,16,0,1,0.710167,1.367994,-0.081333,-0.186169,2.273546,0.429562,-0.723882,3.038525,0.79731,False,False,10,4,1,9,15,0,10,55,90,False
20260526-202723-sentence-script-a-semi-transparent-cell-6760fd,344,2026-05-27T01:28:33.044051+00:00,38.683333,2,False,True,CHAOTIC_MIX,5.366667,0.0,0,False,16,0,1,0.720326,1.333316,-0.143186,-0.171801,2.297519,0.355542,-0.710443,3.086645,0.741011,False,False,10,4,1,9,15,0,10,55,90,False
20260526-202723-sentence-script-a-semi-transparent-cell-6760fd,345,2026-05-27T01:28:33.166559+00:00,38.8,2,False,True,CHAOTIC_MIX,5.483333,0.0,0,False,16,0,1,0.740804,1.310189,-0.205358,-0.158253,2.320751,0.284511,-0.696575,3.127159,0.690527,False,False,10,4,1,9,15,0,10,55,90,False
20260526-202723-sentence-script-a-semi-transparent-cell-6760fd,346,2026-05-27T01:28:33.287848+00:00,38.916667,2,False,True,CHAOTIC_MIX,5.6,0.0,0,False,16,0,1,0.759029,1.303419,-0.269547,-0.144676,2.341441,0.215323,-0.680776,3.1602,0.660747,False,False,10,4,1,9,14,0,10,55,90,False
20260526-202723-sentence-script-a-semi-transparent-cell-6760fd,347,2026-05-27T01:28:33.407800+00:00,39.033333,2,False,True,CHAOTIC_MIX,5.716667,0.0,0,False,16,0,1,0.781202,1.318373,-0.336064,-0.131226,2.359306,0.145887,-0.662258,3.187469,0.662405,False,False,10,4,1,9,13,0,10,55,90,False
20260526-202723-sentence-script-a-semi-transparent-cell-6760fd,348,2026-05-27T01:28:33.526803+00:00,39.15,2,False,True,CHAOTIC_MIX,5.833333,0.0,0,False,16,0,1,0.804854,1.352813,-0.404907,-0.118292,2.374488,0.073495,-0.640964,3.21144,0.694925,False,False,10,4,1,9,13,0,10,55,90,False
20260526-202723-sentence-script-a-semi-transparent-cell-6760fd,349,2026-05-27T01:28:33.644019+00:00,39.266667,2,False,True,CHAOTIC_MIX,5.95,0.0,0,False,16,0,1,0.840153,1.398334,-0.476155,-0.106653,2.386939,-0.00449,-0.617893,3.234738,0.750549,False,False,10,4,1,9,13,0,10,55,90,False
20260526-202723-sentence-script-a-semi-transparent-cell-6760fd,350,2026-05-27T01:28:33.761600+00:00,39.383333,2,False,True,CHAOTIC_MIX,6.066667,0.0,0,False,16,0,1,0.856873,1.440377,-0.550308,-0.098694,2.395708,-0.090166,-0.594874,3.259499,0.820152,False,False,10,4,1,9,13,0,10,55,90,False
20260526-202723-sentence-script-a-semi-transparent-cell-6760fd,351,2026-05-27T01:28:33.879997+00:00,39.5,2,False,True,CHAOTIC_MIX,6.183333,0.0,0,False,16,0,1,0.867919,1.467729,-0.626448,-0.091967,2.402429,-0.184666,-0.574208,3.286656,0.891621,False,False,10,4,1,9,13,0,10,55,90,False
20260526-202723-sentence-script-a-semi-transparent-cell-6760fd,352,2026-05-27T01:28:33.997437+00:00,39.616667,2,False,True,CHAOTIC_MIX,6.3,0.0,0,False,16,0,1,0.873801,1.471277,-0.704401,-0.08664,2.407125,-0.287773,-0.558333,3.315556,0.953436,False,False,10,4,1,9,11,0,10,55,90,False
20260526-202723-sentence-script-a-semi-transparent-cell-6760fd,353,2026-05-27T01:28:34.115555+00:00,39.733333,2,False,True,CHAOTIC_MIX,6.416667,0.0,0,False,16,0,1,0.878307,1.451303,-0.784038,-0.082824,2.409692,-0.398128,-0.549377,3.344311,0.998457,False,False,10,4,1,9,11,0,10,55,90,False
20260526-202723-sentence-script-a-semi-transparent-cell-6760fd,354,2026-05-27T01:28:34.233043+00:00,39.85,2,False,True,CHAOTIC_MIX,6.533333,0.0,0,False,16,0,1,0.882968,1.413005,-0.863955,-0.081409,2.411864,-0.513538,-0.548742,3.370213,1.023179,False,False,10,4,1,9,11,0,10,55,90,False
20260526-202723-sentence-script-a-semi-transparent-cell-6760fd,355,2026-05-27T01:28:34.351297+00:00,39.966667,2,False,True,CHAOTIC_MIX,6.65,0.0,0,False,16,0,1,0.892241,1.364971,-0.945471,-0.081503,2.411326,-0.631385,-0.556843,3.390455,1.028926,False,False,10,4,1,9,21,0,10,55,90,False
20260526-202723-sentence-script-a-semi-transparent-cell-6760fd,356,2026-05-27T01:28:34.469318+00:00,40.083333,2,False,True,CHAOTIC_MIX,6.766667,0.0,0,False,16,0,1,0.889377,1.343217,-1.024036,-0.080345,2.403231,-0.749245,-0.573082,3.402897,1.021923,False,False,10,4,1,9,21,0,10,55,90,False
20260526-202723-sentence-script-a-semi-transparent-cell-6760fd,357,2026-05-27T01:28:34.587606+00:00,40.2,2,False,True,CHAOTIC_MIX,6.883333,0.0,0,False,16,0,1,0.904851,1.342001,-1.104215,-0.080984,2.392495,-0.865475,-0.595877,3.406724,1.011527,False,False,10,4,1,9,20,0,10,55,90,False
20260526-202723-sentence-script-a-semi-transparent-cell-6760fd,358,2026-05-27T01:28:34.704707+00:00,40.316667,2,False,True,CHAOTIC_MIX,7.0,0.0,0,False,16,0,1,0.914126,1.338119,-1.184726,-0.080958,2.379385,-0.979587,-0.623018,3.402606,1.002932,False,False,10,4,1,9,19,0,10,55,90,False
20260526-202723-sentence-script-a-semi-transparent-cell-6760fd,359,2026-05-27T01:28:34.822850+00:00,40.433333,2,False,True,CHAOTIC_MIX,7.116667,0.0,0,False,16,0,1,0.933016,1.33698,-1.265798,-0.083198,2.362181,-1.092261,-0.651894,3.392517,1.000522,False,False,10,4,1,9,19,0,10,55,90,False
20260526-202723-sentence-script-a-semi-transparent-cell-6760fd,360,2026-05-27T01:28:34.939030+00:00,40.55,2,False,True,CHAOTIC_MIX,7.233333,0.0,0,False,16,0,1,0.953348,1.346164,-1.34851,-0.087409,2.34236,-1.205225,-0.680116,3.379352,1.009002,False,False,10,4,1,9,19,0,10,55,90,False
20260526-202723-sentence-script-a-semi-transparent-cell-6760fd,361,2026-05-27T01:28:35.056532+00:00,40.666667,2,False,True,CHAOTIC_MIX,7.35,0.0,0,False,16,0,1,0.980276,1.397463,-1.430083,-0.090256,2.32185,-1.320752,-0.705775,3.366121,1.032021,False,False,10,4,1,9,19,0,10,55,90,False
20260526-202723-sentence-script-a-semi-transparent-cell-6760fd,362,2026-05-27T01:28:35.173926+00:00,40.783333,2,False,True,CHAOTIC_MIX,7.466667,0.0,0,False,16,0,1,0.999394,1.43876,-1.512423,-0.097009,2.297325,-1.441289,-0.727788,3.355154,1.074222,False,False,10,4,1,9,18,0,10,55,90,False
20260526-202723-sentence-script-a-semi-transparent-cell-6760fd,363,2026-05-27T01:28:35.291160+00:00,40.9,2,False,True,CHAOTIC_MIX,7.583333,0.0,0,False,16,0,1,1.019179,1.469561,-1.596222,-0.105665,2.270947,-1.56877,-0.746164,3.347446,1.131846,False,False,10,4,1,9,18,0,10,55,90,False
20260526-202723-sentence-script-a-semi-transparent-cell-6760fd,364,2026-05-27T01:28:35.408524+00:00,41.016667,2,False,True,CHAOTIC_MIX,7.7,0.0,0,False,16,0,1,1.035501,1.544539,-1.681268,-0.116181,2.242711,-1.704208,-0.761785,3.342497,1.198038,False,False,10,4,1,9,18,0,10,55,90,False
20260526-202723-sentence-script-a-semi-transparent-cell-6760fd,365,2026-05-27T01:28:35.526906+00:00,41.133333,2,False,True,CHAOTIC_MIX,7.816667,0.0,0,False,16,0,1,1.043986,1.55,-1.76706,-0.128395,2.212417,-1.847394,-0.776387,3.338392,1.259917,False,False,10,4,1,9,17,0,10,55,90,False
20260526-202723-sentence-script-a-semi-transparent-cell-6760fd,366,2026-05-27T01:28:35.643843+00:00,41.25,2,False,True,CHAOTIC_MIX,7.933333,0.0,0,False,16,0,1,1.050177,1.55,-1.853119,-0.142122,2.179773,-1.996787,-0.792068,3.332247,1.308059,False,False,10,4,1,9,17,0,10,55,90,False
20260526-202723-sentence-script-a-semi-transparent-cell-6760fd,367,2026-05-27T01:28:35.760745+00:00,41.366667,2,False,True,CHAOTIC_MIX,8.05,0.0,0,False,16,0,1,1.069312,1.55,-1.940172,-0.154831,2.142141,-2.162989,-0.772975,3.283625,1.540456,False,False,10,4,1,9,17,0,10,55,90,False
20260526-202723-sentence-script-a-semi-transparent-cell-6760fd,368,2026-05-27T01:28:35.878618+00:00,41.483333,2,False,True,CHAOTIC_MIX,8.166667,0.0,0,False,16,0,1,1.076189,1.54254,-2.026615,-0.167903,2.098844,-2.331587,-0.754735,3.223389,1.54254,False,False,10,4,1,9,16,0,10,55,90,False
20260526-202723-sentence-script-a-semi-transparent-cell-6760fd,369,2026-05-27T01:28:35.995446+00:00,41.6,2,False,True,CHAOTIC_MIX,8.283333,0.0,0,False,16,0,1,1.085888,1.55,-2.111145,-0.18101,2.046977,-2.49766,-0.744664,3.156362,1.532719,False,False,10,4,1,9,15,0,10,55,90,False
20260526-202723-sentence-script-a-semi-transparent-cell-6760fd,370,2026-05-27T01:28:36.112280+00:00,41.716667,2,False,True,CHAOTIC_MIX,8.4,0.0,0,False,16,0,1,1.094784,1.55,-2.195943,-0.195059,1.992475,-2.659229,-0.742673,3.082527,1.51488,False,False,10,4,1,9,14,0,10,55,90,False
20260526-202723-sentence-script-a-semi-transparent-cell-6760fd,371,2026-05-27T01:28:36.230561+00:00,41.833333,2,False,True,CHAOTIC_MIX,8.516667,0.0,0,False,16,0,1,1.103466,1.55,-2.2809,-0.209809,1.935317,-2.815437,-0.747675,3.003231,1.492549,False,False,10,4,1,9,14,0,10,55,90,False
20260526-202723-sentence-script-a-semi-transparent-cell-6760fd,372,2026-05-27T01:28:36.347548+00:00,41.95,2,False,True,CHAOTIC_MIX,8.633333,0.0,0,False,16,0,1,1.109191,1.55,-2.365868,-0.225023,1.875639,-2.966592,-0.757724,2.920688,1.468869,False,False,10,4,1,9,13,0,10,55,90,False
20260526-202723-sentence-script-a-semi-transparent-cell-6760fd,373,2026-05-27T01:28:36.465593+00:00,42.066667,2,False,True,CHAOTIC_MIX,8.75,0.0,0,False,16,0,1,1.107818,1.55,-2.449439,-0.241489,1.814319,-3.114119,-0.770373,2.837218,1.449088,False,False,10,4,1,9,13,0,10,55,90,False
20260526-202723-sentence-script-a-semi-transparent-cell-6760fd,374,2026-05-27T01:28:36.583768+00:00,42.183333,2,False,True,CHAOTIC_MIX,8.866667,0.0,0,False,16,0,1,1.108618,1.55,-2.531739,-0.258212,1.75378,-3.260181,-0.783026,2.754459,1.440338,False,False,10,4,1,9,21,0,10,55,90,False
20260526-202723-sentence-script-a-semi-transparent-cell-6760fd,375,2026-05-27T01:28:36.699493+00:00,42.3,2,False,True,CHAOTIC_MIX,8.983333,0.0,0,False,16,0,1,1.096532,1.55,-2.609667,-0.274161,1.689868,-3.407082,-0.793513,2.672936,1.4473,False,False,10,4,1,9,20,0,10,55,90,False
20260526-202723-sentence-script-a-semi-transparent-cell-6760fd,376,2026-05-27T01:28:36.816722+00:00,42.416667,2,False,True,CHAOTIC_MIX,9.1,0.0,0,False,16,0,1,1.114271,1.55,-2.683106,-0.289272,1.622793,-3.556701,-0.800301,2.591777,1.47247,False,False,10,4,1,9,19,0,10,55,90,False
20260526-202723-sentence-script-a-semi-transparent-cell-6760fd,377,2026-05-27T01:28:36.934263+00:00,42.533333,2,False,True,CHAOTIC_MIX,9.216667,0.0,0,False,16,0,1,1.142881,1.55,-2.755814,-0.302547,1.554679,-3.710053,-0.802819,2.50887,1.512658,False,False,10,4,1,9,19,0,10,55,90,False
20260526-202723-sentence-script-a-semi-transparent-cell-6760fd,378,2026-05-27T01:28:37.052066+00:00,42.65,2,False,True,CHAOTIC_MIX,9.333333,0.0,0,False,16,0,1,1.154298,1.55,-2.827089,-0.315692,1.48671,-3.866717,-0.801592,2.421463,1.55,False,False,10,4,1,9,19,0,10,55,90,False
20260526-202723-sentence-script-a-semi-transparent-cell-6760fd,379,2026-05-27T01:28:37.169932+00:00,42.766667,2,False,True,CHAOTIC_MIX,9.45,0.0,0,False,16,0,1,1.163332,1.55,-2.897052,-0.328735,1.415885,-4.021882,-0.79809,2.328683,1.55,False,False,10,4,1,9,19,0,10,55,90,False
20260526-202723-sentence-script-a-semi-transparent-cell-6760fd,380,2026-05-27T01:28:37.289246+00:00,42.883333,2,False,True,CHAOTIC_MIX,9.566667,0.0,0,False,16,0,1,1.169309,1.55,-2.965491,-0.341576,1.342265,-4.172657,-0.794365,2.228951,1.55,False,False,10,4,1,9,19,0,10,55,90,False
20260526-202723-sentence-script-a-semi-transparent-cell-6760fd,381,2026-05-27T01:28:37.407108+00:00,43.0,2,False,True,CHAOTIC_MIX,9.683333,0.0,0,False,16,0,1,1.161412,1.55,-3.030081,-0.353453,1.264286,-4.317599,-0.792567,2.120882,1.55,False,False,10,4,1,9,18,0,10,55,90,False
20260526-202723-sentence-script-a-semi-transparent-cell-6760fd,382,2026-05-27T01:28:37.525413+00:00,43.116667,2,False,True,CHAOTIC_MIX,9.8,0.0,0,False,16,0,1,1.152481,1.55,-3.091017,-0.363905,1.184043,-4.455677,-0.794672,2.004192,1.549618,False,False,10,4,1,9,17,0,10,55,90,False
20260526-202723-sentence-script-a-semi-transparent-cell-6760fd,383,2026-05-27T01:28:37.642178+00:00,43.233333,2,False,True,CHAOTIC_MIX,9.916667,0.0,0,False,16,0,1,1.161249,1.540135,-3.14639,-0.371508,1.102419,-4.585976,-0.80217,1.880156,1.536385,False,False,10,4,1,9,17,0,10,55,90,False
20260526-202723-sentence-script-a-semi-transparent-cell-6760fd,384,2026-05-27T01:28:37.758988+00:00,43.35,2,False,True,CHAOTIC_MIX,10.033333,0.0,0,False,16,0,1,1.165536,1.540568,-3.201068,-0.378778,1.017831,-4.707569,-0.815532,1.751719,1.506279,False,False,10,4,1,9,17,0,10,55,90,False
20260526-202723-sentence-script-a-semi-transparent-cell-6760fd,385,2026-05-27T01:28:37.875896+00:00,43.466667,2,False,True,CHAOTIC_MIX,10.15,0.0,0,False,16,0,1,1.165018,1.544277,-3.254918,-0.385587,0.930725,-4.820635,-0.834213,1.622135,1.464259,False,False,10,4,1,9,16,0,10,55,90,False
20260526-202723-sentence-script-a-semi-transparent-cell-6760fd,386,2026-05-27T01:28:37.992903+00:00,43.583333,2,False,True,ARTISTIC_TRAILS,0.0,0.0,0,False,16,0,1,1.122643,1.504603,-3.308534,-0.38931,0.844197,-4.925971,-0.856838,1.494182,1.388615,False,False,10,4,1,9,16,0,10,55,90,False
20260526-202723-sentence-script-a-semi-transparent-cell-6760fd,387,2026-05-27T01:28:38.109950+00:00,43.7,2,False,True,ARTISTIC_TRAILS,0.116667,0.0,0,False,16,0,1,1.040842,1.519461,-3.344403,-0.39031,0.758274,-5.008567,-0.883141,1.377485,1.143355,False,False,10,4,1,9,14,0,10,55,90,False
20260526-202723-sentence-script-a-semi-transparent-cell-6760fd,388,2026-05-27T01:28:38.227455+00:00,43.816667,2,False,True,ARTISTIC_TRAILS,0.233333,0.0,0,False,16,0,1,1.042079,1.55,-3.358401,-0.38938,0.673773,-5.061235,-0.913479,1.27586,0.926708,False,False,10,4,1,9,14,0,10,55,90,False
20260526-202723-sentence-script-a-semi-transparent-cell-6760fd,389,2026-05-27T01:28:38.345348+00:00,43.933333,2,False,True,ARTISTIC_TRAILS,0.35,0.0,0,False,16,0,1,1.077084,1.55,-3.353287,-0.387125,0.592434,-5.084234,-0.947748,1.18902,0.761714,False,False,10,4,1,9,13,0,10,55,90,False
20260526-202723-sentence-script-a-semi-transparent-cell-6760fd,390,2026-05-27T01:28:38.507580+00:00,44.05,2,False,True,ARTISTIC_TRAILS,0.466667,0.0,0,False,16,0,1,1.135197,1.55,-3.330964,-0.384185,0.515693,-5.078001,-0.985576,1.116469,0.680975,False,False,10,4,1,9,13,0,10,55,90,False
20260526-202723-sentence-script-a-semi-transparent-cell-6760fd,391,2026-05-27T01:28:38.635026+00:00,44.166667,2,False,True,ARTISTIC_TRAILS,0.583333,0.0,0,False,16,0,1,1.191672,1.55,-3.293802,-0.380426,0.444285,-5.043174,-1.026349,1.057562,0.706237,False,False,10,4,1,9,13,0,10,55,90,False
20260526-202723-sentence-script-a-semi-transparent-cell-6760fd,392,2026-05-27T01:28:38.752101+00:00,44.283333,2,False,True,ARTISTIC_TRAILS,0.7,0.0,0,False,16,0,1,1.246065,1.55,-3.24496,-0.375194,0.379078,-4.980513,-1.069276,1.011459,0.817534,False,False,10,4,1,9,12,0,10,55,90,False
20260526-202723-sentence-script-a-semi-transparent-cell-6760fd,393,2026-05-27T01:28:38.871237+00:00,44.4,2,False,True,ARTISTIC_TRAILS,0.816667,0.0,0,False,16,0,1,1.279932,1.55,-3.186745,-0.368666,0.320196,-4.8909,-1.113459,0.977284,0.977939,False,False,10,4,1,9,11,0,10,55,90,False
20260526-202723-sentence-script-a-semi-transparent-cell-6760fd,394,2026-05-27T01:28:38.987752+00:00,44.516667,2,False,True,ARTISTIC_TRAILS,0.933333,0.0,0,False,16,0,1,1.310099,1.55,-3.121135,-0.36129,0.266931,-4.775334,-1.15784,0.953979,1.159059,False,False,10,4,1,9,9,0,10,55,90,False
20260526-202723-sentence-script-a-semi-transparent-cell-6760fd,395,2026-05-27T01:28:39.105227+00:00,44.633333,2,False,True,ARTISTIC_TRAILS,1.05,0.0,0,False,16,0,1,1.310639,1.55,-3.048693,-0.352732,0.21903,-4.634925,-1.201308,0.940439,1.345654,False,False,10,4,1,9,8,0,10,55,90,False
20260526-202723-sentence-script-a-semi-transparent-cell-6760fd,396,2026-05-27T01:28:39.222847+00:00,44.75,2,False,True,ARTISTIC_TRAILS,1.166667,0.0,0,False,16,0,1,1.302958,1.55,-2.974056,-0.349431,0.176695,-4.47091,-1.242678,0.93555,1.528848,False,False,10,4,1,9,8,0,10,55,90,False
20260526-202723-sentence-script-a-semi-transparent-cell-6760fd,397,2026-05-27T01:28:39.340493+00:00,44.866667,2,False,True,ARTISTIC_TRAILS,1.283333,0.0,0,False,16,0,1,1.252674,1.55,-2.904999,-0.346153,0.141463,-4.293771,-1.27885,0.937911,1.55,False,False,10,4,1,9,8,0,10,55,90,False
20260526-202723-sentence-script-a-semi-transparent-cell-6760fd,398,2026-05-27T01:28:39.457952+00:00,44.983333,2,False,True,ARTISTIC_TRAILS,1.4,0.0,0,False,16,0,1,1.214568,1.55,-2.838666,-0.333032,0.1139,-4.115352,-1.307151,0.945634,1.55,False,False,10,4,1,9,8,0,10,55,90,False
20260526-202723-sentence-script-a-semi-transparent-cell-6760fd,399,2026-05-27T01:28:39.577501+00:00,45.1,2,False,True,ARTISTIC_TRAILS,1.516667,0.0,0,False,16,0,1,1.213525,1.55,-2.776254,-0.321505,0.083796,-3.936062,-1.327673,0.956993,1.55,False,False,10,4,1,9,8,0,10,55,90,False
20260526-202723-sentence-script-a-semi-transparent-cell-6760fd,400,2026-05-27T01:28:39.692680+00:00,45.216667,2,False,True,ARTISTIC_TRAILS,1.633333,0.0,0,False,16,0,1,1.223912,1.55,-2.707249,-0.308475,0.054802,-3.756194,-1.340507,0.97036,1.55,False,False,10,4,1,9,8,0,10,55,90,False
20260526-202723-sentence-script-a-semi-transparent-cell-6760fd,401,2026-05-27T01:28:39.805633+00:00,45.333333,2,False,True,ARTISTIC_TRAILS,1.75,0.0,0,False,16,0,1,1.243813,1.55,-2.632424,-0.294282,0.026841,-3.575991,-1.345924,0.984287,1.55,False,False,10,4,1,9,8,0,10,55,90,False
20260526-202723-sentence-script-a-semi-transparent-cell-6760fd,402,2026-05-27T01:28:39.917913+00:00,45.45,2,False,True,ARTISTIC_TRAILS,1.866667,0.0,0,False,16,0,1,1.253042,1.55,-2.551404,-0.275299,0.001551,-3.395663,-1.344187,0.99752,1.55,False,False,10,4,1,9,9,0,10,55,90,False
20260526-202723-sentence-script-a-semi-transparent-cell-6760fd,403,2026-05-27T01:28:40.028239+00:00,45.566667,2,False,True,ARTISTIC_TRAILS,1.983333,0.0,0,False,16,0,1,1.276921,1.55,-2.465188,-0.253177,-0.021621,-3.215412,-1.335552,1.008987,1.55,False,False,10,4,1,9,9,0,10,55,90,False
20260526-202723-sentence-script-a-semi-transparent-cell-6760fd,404,2026-05-27T01:28:40.138510+00:00,45.683333,2,False,True,ARTISTIC_TRAILS,2.1,0.0,0,False,16,0,1,1.299486,1.55,-2.375261,-0.231412,-0.043603,-3.035456,-1.320258,1.017843,1.55,False,False,10,4,1,9,8,0,10,55,90,False
20260526-202723-sentence-script-a-semi-transparent-cell-6760fd,405,2026-05-27T01:28:40.248113+00:00,45.8,2,False,True,ARTISTIC_TRAILS,2.216667,0.0,0,False,16,0,1,1.284717,1.55,-2.284235,-0.208714,-0.066248,-2.856018,-1.298593,1.023244,1.55,False,False,10,4,1,9,6,0,10,55,90,False
20260526-202723-sentence-script-a-semi-transparent-cell-6760fd,406,2026-05-27T01:28:40.357302+00:00,45.916667,2,False,True,ARTISTIC_TRAILS,2.333333,0.0,0,False,16,0,1,1.276507,1.55,-2.195505,-0.185831,-0.090511,-2.677345,-1.270835,1.024475,1.55,False,False,10,4,1,9,6,0,10,55,90,False
20260526-202723-sentence-script-a-semi-transparent-cell-6760fd,407,2026-05-27T01:28:40.466111+00:00,46.033333,2,False,True,ARTISTIC_TRAILS,2.45,0.0,0,False,16,0,1,1.247835,1.55,-2.109327,-0.165045,-0.105167,-2.499713,-1.237217,1.020933,1.55,False,False,10,4,1,9,6,0,10,55,90,False
20260526-202723-sentence-script-a-semi-transparent-cell-6760fd,408,2026-05-27T01:28:40.580618+00:00,46.15,2,False,True,ARTISTIC_TRAILS,2.566667,0.0,0,False,16,0,1,1.268356,1.55,-2.022276,-0.145665,-0.115334,-2.323418,-1.197985,1.01218,1.55,False,False,10,4,1,9,5,0,10,55,90,False
20260526-202723-sentence-script-a-semi-transparent-cell-6760fd,409,2026-05-27T01:28:40.697427+00:00,46.266667,2,False,True,ARTISTIC_TRAILS,2.683333,0.0,0,False,16,0,1,1.295361,1.55,-1.931977,-0.127272,-0.125372,-2.148794,-1.15332,0.997809,1.55,False,False,10,4,1,9,5,0,10,55,90,False
20260526-202723-sentence-script-a-semi-transparent-cell-6760fd,410,2026-05-27T01:28:40.814628+00:00,46.383333,2,False,True,ARTISTIC_TRAILS,2.8,0.0,0,False,16,0,1,1.281129,1.55,-1.847423,-0.119968,-0.136236,-2.044816,-1.210503,1.042808,1.217078,False,False,10,4,1,9,3,0,10,55,90,False
20260526-202723-sentence-script-a-semi-transparent-cell-6760fd,411,2026-05-27T01:28:40.932061+00:00,46.5,2,False,True,ARTISTIC_TRAILS,2.916667,0.0,0,False,16,0,1,1.28158,1.55,-1.762576,-0.115049,-0.147766,-1.949996,-1.292413,1.100511,1.170872,False,False,10,4,1,9,3,0,10,55,90,False
20260526-202723-sentence-script-a-semi-transparent-cell-6760fd,412,2026-05-27T01:28:41.049533+00:00,46.616667,2,False,True,ARTISTIC_TRAILS,3.033333,0.0,0,False,16,0,1,1.278855,1.55,-1.685037,-0.110825,-0.155065,-1.834292,-1.352098,1.141591,1.182455,False,False,10,4,1,9,3,0,10,55,90,False
20260526-202723-sentence-script-a-semi-transparent-cell-6760fd,413,2026-05-27T01:28:41.166831+00:00,46.733333,2,False,True,ARTISTIC_TRAILS,3.15,0.0,0,False,16,0,1,1.290416,1.55,-1.608476,-0.105769,-0.16213,-1.700405,-1.390233,1.165618,1.241931,False,False,10,4,1,9,2,0,10,55,90,False
20260526-202723-sentence-script-a-semi-transparent-cell-6760fd,414,2026-05-27T01:28:41.285635+00:00,46.85,2,False,True,ARTISTIC_TRAILS,3.266667,0.0,0,False,16,0,1,1.289322,1.55,-1.53411,-0.097217,-0.167351,-1.551011,-1.407619,1.172438,1.333513,False,False,10,4,1,9,1,0,10,55,90,False
20260526-202723-sentence-script-a-semi-transparent-cell-6760fd,415,2026-05-27T01:28:41.401727+00:00,46.966667,2,False,True,ARTISTIC_TRAILS,3.383333,0.0,0,False,16,0,1,1.292526,1.55,-1.458592,-0.088431,-0.172863,-1.388749,-1.405271,1.162089,1.442959,False,False,10,4,1,9,1,0,10,55,90,False
20260526-202723-sentence-script-a-semi-transparent-cell-6760fd,416,2026-05-27T01:28:41.519471+00:00,47.083333,2,False,True,ARTISTIC_TRAILS,3.5,0.0,0,False,16,0,1,1.293041,1.55,-1.383179,-0.079914,-0.181816,-1.216473,-1.384386,1.134671,1.55,False,False,10,4,1,9,0,0,10,55,90,False
20260526-202723-sentence-script-a-semi-transparent-cell-6760fd,417,2026-05-27T01:28:41.637253+00:00,47.2,2,False,True,ARTISTIC_TRAILS,3.616667,0.0,0,False,16,0,1,1.291404,1.55,-1.30732,-0.073098,-0.189965,-1.042535,-1.384053,1.11366,1.522571,False,False,10,4,1,9,0,0,10,55,90,False
20260526-202723-sentence-script-a-semi-transparent-cell-6760fd,418,2026-05-27T01:28:41.753566+00:00,47.316667,2,False,True,ARTISTIC_TRAILS,3.733333,0.0,0,False,16,0,1,1.263808,1.55,-1.240533,-0.06349,-0.20162,-0.864705,-1.399941,1.095483,1.55,False,False,10,4,1,9,0,0,10,55,90,False
20260526-202723-sentence-script-a-semi-transparent-cell-6760fd,419,2026-05-27T01:28:41.869838+00:00,47.433333,2,False,True,ARTISTIC_TRAILS,3.85,0.0,0,False,16,0,1,1.244621,1.55,-1.177624,-0.050016,-0.21564,-0.687831,-1.396194,1.058771,1.55,False,False,10,4,1,9,0,0,10,55,90,False
20260526-202723-sentence-script-a-semi-transparent-cell-6760fd,420,2026-05-27T01:28:41.985906+00:00,47.55,2,False,True,ARTISTIC_TRAILS,3.966667,0.0,0,False,16,0,1,1.227429,1.55,-1.115219,-0.035161,-0.228905,-0.51651,-1.375404,1.005178,1.55,False,False,10,4,1,9,0,0,10,55,90,False
20260526-202723-sentence-script-a-semi-transparent-cell-6760fd,421,2026-05-27T01:28:42.102551+00:00,47.666667,2,False,True,ARTISTIC_TRAILS,4.083333,0.0,0,False,16,0,1,1.212186,1.55,-1.055941,-0.020948,-0.241171,-0.353115,-1.340384,0.936332,1.55,False,False,10,4,1,9,0,0,10,55,90,False
20260526-202723-sentence-script-a-semi-transparent-cell-6760fd,422,2026-05-27T01:28:42.219267+00:00,47.783333,2,False,True,ARTISTIC_TRAILS,4.2,0.0,0,False,16,0,1,1.216913,1.55,-1.001222,-0.007079,-0.254828,-0.199138,-1.293961,0.853831,1.55,False,False,10,4,1,9,0,0,10,55,90,False
20260526-202723-sentence-script-a-semi-transparent-cell-6760fd,423,2026-05-27T01:28:42.335947+00:00,47.9,2,False,True,ARTISTIC_TRAILS,4.316667,0.0,0,False,16,0,1,1.221833,1.55,-0.948494,0.007895,-0.272498,-0.055496,-1.23874,0.758997,1.55,False,False,10,4,1,9,0,0,10,55,90,False
20260526-202723-sentence-script-a-semi-transparent-cell-6760fd,424,2026-05-27T01:28:42.453085+00:00,48.016667,2,False,True,ARTISTIC_TRAILS,4.433333,0.0,0,False,16,0,1,1.237215,1.55,-0.896656,0.021394,-0.289933,0.077285,-1.177175,0.652895,1.55,False,False,10,4,1,9,0,0,10,55,90,False
20260526-202723-sentence-script-a-semi-transparent-cell-6760fd,425,2026-05-27T01:28:42.570981+00:00,48.133333,2,False,True,ARTISTIC_TRAILS,4.55,0.0,0,False,16,0,1,1.24035,1.55,-0.851516,0.03607,-0.306731,0.198917,-1.111448,0.536416,1.55,False,False,10,4,1,9,0,0,10,55,90,False
20260526-202723-sentence-script-a-semi-transparent-cell-6760fd,426,2026-05-27T01:28:42.688021+00:00,48.25,2,False,True,ARTISTIC_TRAILS,4.666667,0.0,0,False,16,0,1,1.240226,1.55,-0.810896,0.041008,-0.319956,0.309168,-1.043472,0.410295,1.55,False,False,10,4,1,9,0,0,10,55,90,False
20260526-202723-sentence-script-a-semi-transparent-cell-6760fd,427,2026-05-27T01:28:42.805062+00:00,48.366667,2,False,True,ARTISTIC_TRAILS,4.783333,0.0,0,False,16,0,1,1.275886,1.55,-0.773741,0.041541,-0.333093,0.407804,-0.975033,0.275128,1.55,False,False,10,4,1,9,0,0,10,55,90,False
20260526-202723-sentence-script-a-semi-transparent-cell-6760fd,428,2026-05-27T01:28:42.922913+00:00,48.483333,2,False,True,ARTISTIC_TRAILS,4.9,0.0,0,False,16,0,1,1.312215,1.55,-0.73905,0.041828,-0.345358,0.494546,-0.907771,0.13148,1.55,False,False,10,4,1,9,0,0,10,55,90,False
20260526-202723-sentence-script-a-semi-transparent-cell-6760fd,429,2026-05-27T01:28:43.040458+00:00,48.6,2,False,True,ARTISTIC_TRAILS,5.016667,0.0,0,False,16,0,1,1.343097,1.55,-0.708857,0.042401,-0.357814,0.569039,-0.843187,-0.020023,1.549114,False,False,10,4,1,9,0,0,10,55,90,False
20260526-202723-sentence-script-a-semi-transparent-cell-6760fd,430,2026-05-27T01:28:43.158439+00:00,48.716667,2,False,True,ARTISTIC_TRAILS,5.133333,0.0,0,False,16,0,1,1.335717,1.55,-0.686613,0.038834,-0.368719,0.630642,-0.782816,-0.17823,1.540526,False,False,10,4,1,9,0,0,10,55,90,False
20260526-202723-sentence-script-a-semi-transparent-cell-6760fd,431,2026-05-27T01:28:43.276758+00:00,48.833333,2,False,True,ARTISTIC_TRAILS,5.25,0.0,0,False,16,0,1,1.321352,1.55,-0.678925,0.027261,-0.37976,0.678567,-0.728213,-0.341383,1.523445,False,False,10,4,1,9,0,0,10,55,90,False
20260526-202723-sentence-script-a-semi-transparent-cell-6760fd,432,2026-05-27T01:28:43.394845+00:00,48.95,2,False,True,ARTISTIC_TRAILS,5.366667,0.0,0,False,16,0,1,1.305842,1.55,-0.667209,0.020111,-0.393701,0.712241,-0.680768,-0.507707,1.500697,False,False,10,4,1,9,0,0,10,55,90,False
20260526-202723-sentence-script-a-semi-transparent-cell-6760fd,433,2026-05-27T01:28:43.512561+00:00,49.066667,2,False,True,ARTISTIC_TRAILS,5.483333,0.0,0,False,16,0,1,1.291363,1.55,-0.649727,0.015917,-0.409938,0.731289,-0.64156,-0.675416,1.474552,False,False,10,4,1,9,0,0,10,55,90,False
20260526-202723-sentence-script-a-semi-transparent-cell-6760fd,434,2026-05-27T01:28:43.630778+00:00,49.183333,2,False,True,ARTISTIC_TRAILS,5.6,0.0,0,False,16,0,1,1.279026,1.55,-0.635655,0.012743,-0.42363,0.73556,-0.611427,-0.842808,1.447254,False,False,10,4,1,9,0,0,10,55,90,False
20260526-202723-sentence-script-a-semi-transparent-cell-6760fd,435,2026-05-27T01:28:43.748027+00:00,49.3,2,False,True,ARTISTIC_TRAILS,5.716667,0.0,0,False,16,0,1,1.264465,1.55,-0.623556,0.007634,-0.437792,0.701217,-0.591168,-1.009005,1.541446,False,False,10,4,1,9,0,0,10,55,90,False
20260526-202723-sentence-script-a-semi-transparent-cell-6760fd,436,2026-05-27T01:28:43.865505+00:00,49.416667,2,False,True,ARTISTIC_TRAILS,5.833333,0.0,0,False,16,0,1,1.204808,1.55,-0.62966,-0.003648,-0.462749,0.627436,-0.581042,-1.172418,1.53793,False,False,10,4,1,9,0,0,10,55,90,False
20260526-202723-sentence-script-a-semi-transparent-cell-6760fd,437,2026-05-27T01:28:43.983078+00:00,49.533333,2,False,True,ARTISTIC_TRAILS,5.95,0.0,0,False,16,0,1,1.177562,1.55,-0.640936,-0.013699,-0.489669,0.541973,-0.589343,-1.301939,1.066119,False,False,10,4,1,9,0,0,10,55,90,False
20260526-202723-sentence-script-a-semi-transparent-cell-6760fd,438,2026-05-27T01:28:44.100586+00:00,49.65,2,False,True,ARTISTIC_TRAILS,6.066667,0.0,0,False,16,0,1,1.177588,1.55,-0.651247,-0.022871,-0.513618,0.444521,-0.62048,-1.380552,1.135246,False,False,10,4,1,9,1,0,10,55,90,False
20260526-202723-sentence-script-a-semi-transparent-cell-6760fd,439,2026-05-27T01:28:44.217984+00:00,49.766667,2,False,True,ARTISTIC_TRAILS,6.183333,0.0,0,False,16,0,1,1.180327,1.55,-0.669785,-0.030836,-0.543407,0.337537,-0.658951,-1.456519,1.198867,False,False,10,4,1,9,1,0,10,55,90,False
20260526-202723-sentence-script-a-semi-transparent-cell-6760fd,440,2026-05-27T01:28:44.335189+00:00,49.883333,2,False,True,ARTISTIC_TRAILS,6.3,0.0,0,False,16,0,1,1.211937,1.55,-0.686612,-0.039001,-0.569781,0.221587,-0.704041,-1.528315,1.254761,False,False,10,4,1,9,1,0,10,55,90,False
20260526-202723-sentence-script-a-semi-transparent-cell-6760fd,441,2026-05-27T01:28:44.452976+00:00,50.0,2,False,True,ARTISTIC_TRAILS,6.416667,0.0,0,False,16,0,1,1.247534,1.55,-0.703521,-0.048309,-0.589266,0.097343,-0.754846,-1.594453,1.302796,False,False,10,4,1,9,1,0,10,55,90,False
20260526-202723-sentence-script-a-semi-transparent-cell-6760fd,442,2026-05-27T01:28:44.571365+00:00,50.116667,2,False,True,ARTISTIC_TRAILS,6.533333,0.0,0,False,16,0,1,1.24542,1.55,-0.719164,-0.060309,-0.605629,-0.034435,-0.810383,-1.653598,1.343338,False,False,10,4,1,9,1,0,10,55,90,False
20260526-202723-sentence-script-a-semi-transparent-cell-6760fd,443,2026-05-27T01:28:44.688001+00:00,50.233333,2,False,True,ARTISTIC_TRAILS,6.65,0.0,0,False,16,0,1,1.274073,1.55,-0.734772,-0.07549,-0.619999,-0.172949,-0.869615,-1.704343,1.376007,False,False,10,4,1,9,0,0,10,55,90,False
20260526-202723-sentence-script-a-semi-transparent-cell-6760fd,444,2026-05-27T01:28:44.804611+00:00,50.35,2,False,True,ARTISTIC_TRAILS,6.766667,0.0,0,False,16,0,1,1.251204,1.55,-0.752776,-0.095246,-0.640849,-0.31728,-0.931241,-1.745502,1.400693,False,False,10,4,1,9,0,0,10,55,90,False
20260526-202723-sentence-script-a-semi-transparent-cell-6760fd,445,2026-05-27T01:28:44.922451+00:00,50.466667,2,False,True,ARTISTIC_TRAILS,6.883333,0.0,0,False,16,0,1,1.248399,1.55,-0.782508,-0.108015,-0.66671,-0.445603,-1.026982,-1.798424,1.516714,False,False,10,4,1,9,0,0,10,55,90,False
20260526-202723-sentence-script-a-semi-transparent-cell-6760fd,446,2026-05-27T01:28:45.038083+00:00,50.583333,2,False,True,ARTISTIC_TRAILS,7.0,0.0,0,False,16,0,1,1.189772,1.55,-0.811257,-0.126515,-0.697799,-0.565552,-1.141497,-1.852746,1.480764,False,False,10,4,1,9,0,0,10,55,90,False
20260526-202723-sentence-script-a-semi-transparent-cell-6760fd,447,2026-05-27T01:28:45.154892+00:00,50.7,2,False,True,ARTISTIC_TRAILS,7.116667,0.0,0,False,16,0,1,1.163174,1.55,-0.834445,-0.145367,-0.730775,-0.690795,-1.24981,-1.891751,1.441992,False,False,10,4,1,9,0,0,10,55,90,False
20260526-202723-sentence-script-a-semi-transparent-cell-6760fd,448,2026-05-27T01:28:45.274446+00:00,50.816667,2,False,True,ARTISTIC_TRAILS,7.233333,0.0,0,False,16,0,1,1.158945,1.55,-0.854391,-0.161827,-0.757683,-0.820127,-1.350548,-1.914846,1.403121,False,False,10,4,1,9,0,0,10,55,90,False
20260526-202723-sentence-script-a-semi-transparent-cell-6760fd,449,2026-05-27T01:28:45.389079+00:00,50.933333,2,False,True,ARTISTIC_TRAILS,7.35,0.0,0,False,16,0,1,1.120551,1.55,-0.876359,-0.178958,-0.782364,-0.952305,-1.44238,-1.921554,1.365334,False,False,10,4,1,9,0,0,10,55,90,False
20260526-202723-sentence-script-a-semi-transparent-cell-6760fd,450,2026-05-27T01:28:45.555290+00:00,51.05,2,False,True,ARTISTIC_TRAILS,7.466667,0.0,0,False,16,0,1,1.1193,1.55,-0.895933,-0.194504,-0.805852,-1.085928,-1.524013,-1.911697,1.331725,False,False,10,4,1,9,0,0,10,55,90,False
20260526-202723-sentence-script-a-semi-transparent-cell-6760fd,451,2026-05-27T01:28:45.684596+00:00,51.166667,2,False,True,ARTISTIC_TRAILS,7.583333,0.0,0,False,16,0,1,1.074928,1.55,-0.916951,-0.206421,-0.828979,-1.219649,-1.594258,-1.885238,1.304273,False,False,10,4,1,9,0,0,10,55,90,False
20260526-202723-sentence-script-a-semi-transparent-cell-6760fd,452,2026-05-27T01:28:45.790047+00:00,51.283333,2,False,True,ARTISTIC_TRAILS,7.7,0.0,0,False,16,0,1,1.069615,1.55,-0.935721,-0.218501,-0.848577,-1.352064,-1.652036,-1.84219,1.286457,False,False,10,4,1,9,0,0,10,55,90,False
20260526-202723-sentence-script-a-semi-transparent-cell-6760fd,453,2026-05-27T01:28:45.886946+00:00,51.4,2,False,True,ARTISTIC_TRAILS,7.816667,0.0,0,False,16,0,1,1.055763,1.55,-0.953722,-0.228264,-0.870332,-1.481859,-1.696367,-1.782943,1.279957,False,False,10,4,1,9,0,0,10,55,90,False
20260526-202723-sentence-script-a-semi-transparent-cell-6760fd,454,2026-05-27T01:28:45.978102+00:00,51.516667,2,False,True,ARTISTIC_TRAILS,7.933333,0.0,0,False,16,0,1,1.026585,1.55,-0.966861,-0.23829,-0.892526,-1.607655,-1.726424,-1.707966,1.286237,False,False,10,4,1,9,0,0,10,55,90,False
20260526-202723-sentence-script-a-semi-transparent-cell-6760fd,455,2026-05-27T01:28:46.065824+00:00,51.633333,2,False,True,ARTISTIC_TRAILS,8.05,0.0,0,False,16,0,1,1.036289,1.55,-0.977544,-0.242901,-0.91011,-1.728022,-1.741527,-1.617866,1.305987,False,False,10,4,1,9,0,0,10,55,90,False
20260526-202723-sentence-script-a-semi-transparent-cell-6760fd,456,2026-05-27T01:28:46.150463+00:00,51.75,2,False,True,ARTISTIC_TRAILS,8.166667,0.0,0,False,16,0,1,1.045762,1.55,-0.990732,-0.246217,-0.930018,-1.841705,-1.741246,-1.513308,1.341061,False,False,10,4,1,9,0,0,10,55,90,False
20260526-202723-sentence-script-a-semi-transparent-cell-6760fd,457,2026-05-27T01:28:46.234021+00:00,51.866667,2,False,True,ARTISTIC_TRAILS,8.283333,0.0,0,False,16,0,1,1.065098,1.55,-1.001315,-0.246725,-0.944638,-1.947409,-1.725256,-1.395094,1.388316,False,False,10,4,1,9,0,0,10,55,90,False
20260526-202723-sentence-script-a-semi-transparent-cell-6760fd,458,2026-05-27T01:28:46.313725+00:00,51.983333,2,False,True,ARTISTIC_TRAILS,8.4,0.0,0,False,16,0,1,1.074987,1.55,-1.011578,-0.246108,-0.962789,-2.043907,-1.693494,-1.264256,1.446311,False,False,10,4,1,9,0,0,10,55,90,False
20260526-202723-sentence-script-a-semi-transparent-cell-6760fd,459,2026-05-27T01:28:46.400049+00:00,52.1,2,False,True,ARTISTIC_TRAILS,8.516667,0.0,0,False,16,0,1,1.095068,1.55,-1.020194,-0.243575,-0.977074,-2.130054,-1.64609,-1.121832,1.513807,False,False,10,4,1,9,0,0,10,55,90,False
20260526-202723-sentence-script-a-semi-transparent-cell-6760fd,460,2026-05-27T01:28:46.516829+00:00,52.216667,2,False,True,ARTISTIC_TRAILS,8.633333,0.0,0,False,16,0,1,1.119854,1.55,-1.023567,-0.238912,-0.989492,-2.204202,-1.58396,-0.970069,1.55,False,False,10,4,1,9,0,0,10,55,90,False
20260526-202723-sentence-script-a-semi-transparent-cell-6760fd,461,2026-05-27T01:28:46.635199+00:00,52.333333,2,False,True,ARTISTIC_TRAILS,8.75,0.0,0,False,16,0,1,1.138456,1.55,-1.024813,-0.232073,-1.001122,-2.263088,-1.510246,-0.815894,1.55,False,False,10,4,1,9,0,0,10,55,90,False
20260526-202723-sentence-script-a-semi-transparent-cell-6760fd,462,2026-05-27T01:28:46.751684+00:00,52.45,2,False,True,ARTISTIC_TRAILS,8.866667,0.0,0,False,16,0,1,1.154409,1.55,-1.025072,-0.223763,-1.011443,-2.306254,-1.426729,-0.661506,1.55,False,False,10,4,1,9,0,0,10,55,90,False
20260526-202723-sentence-script-a-semi-transparent-cell-6760fd,463,2026-05-27T01:28:46.870830+00:00,52.566667,2,False,True,ARTISTIC_TRAILS,8.983333,0.0,0,False,16,0,1,1.130921,1.55,-1.020854,-0.213579,-1.017365,-2.33394,-1.335031,-0.508203,1.55,False,False,10,4,1,9,0,0,10,55,90,False
20260526-202723-sentence-script-a-semi-transparent-cell-6760fd,464,2026-05-27T01:28:46.987713+00:00,52.683333,2,False,True,ARTISTIC_TRAILS,9.1,0.0,0,False,16,0,1,1.121112,1.55,-1.013776,-0.201132,-1.021761,-2.346534,-1.236737,-0.357011,1.55,False,False,10,4,1,9,0,0,10,55,90,False
20260526-202723-sentence-script-a-semi-transparent-cell-6760fd,465,2026-05-27T01:28:47.106003+00:00,52.8,2,False,True,ARTISTIC_TRAILS,9.216667,0.0,0,False,16,0,1,1.102275,1.55,-1.004268,-0.187051,-1.025042,-2.368967,-1.161775,-0.216227,1.341406,False,False,10,4,1,9,0,0,10,55,90,False
20260526-202723-sentence-script-a-semi-transparent-cell-6760fd,466,2026-05-27T01:28:47.224505+00:00,52.916667,2,False,True,ARTISTIC_TRAILS,9.333333,0.0,0,False,16,0,1,1.060413,1.55,-1.000515,-0.175976,-1.03341,-2.461175,-1.176925,-0.099007,1.252837,False,False,10,4,1,9,0,0,10,55,90,False
20260526-202723-sentence-script-a-semi-transparent-cell-6760fd,467,2026-05-27T01:28:47.342796+00:00,53.033333,2,False,True,ARTISTIC_TRAILS,9.45,0.0,0,False,16,0,1,1.067055,1.55,-0.991495,-0.16392,-1.036085,-2.529763,-1.172888,0.025796,1.207215,False,False,10,4,1,9,0,0,10,55,90,False
20260526-202723-sentence-script-a-semi-transparent-cell-6760fd,468,2026-05-27T01:28:47.461336+00:00,53.15,2,False,True,ARTISTIC_TRAILS,9.566667,0.0,0,False,16,0,1,1.06455,1.55,-0.982019,-0.148907,-1.040268,-2.574703,-1.151721,0.156585,1.202146,False,False,10,4,1,9,0,0,10,55,90,False
20260526-202723-sentence-script-a-semi-transparent-cell-6760fd,469,2026-05-27T01:28:47.578908+00:00,53.266667,2,False,True,ARTISTIC_TRAILS,9.683333,0.0,0,False,16,0,1,1.085552,1.55,-0.967497,-0.131222,-1.039979,-2.596165,-1.115696,0.291789,1.228967,False,False,10,4,1,9,0,0,10,55,90,False
20260526-202723-sentence-script-a-semi-transparent-cell-6760fd,470,2026-05-27T01:28:47.696763+00:00,53.383333,2,False,True,ARTISTIC_TRAILS,9.8,0.0,0,False,16,0,1,1.096488,1.55,-0.951572,-0.110787,-1.041052,-2.594524,-1.067002,0.429778,1.278297,False,False,10,4,1,9,0,0,10,55,90,False
20260526-202723-sentence-script-a-semi-transparent-cell-6760fd,471,2026-05-27T01:28:47.814952+00:00,53.5,2,False,True,ARTISTIC_TRAILS,9.916667,0.0,0,False,16,0,1,1.130484,1.55,-0.931594,-0.089161,-1.041229,-2.570379,-1.007908,0.568974,1.341264,False,False,10,4,1,9,0,0,10,55,90,False
20260526-202723-sentence-script-a-semi-transparent-cell-6760fd,472,2026-05-27T01:28:47.933973+00:00,53.616667,2,False,True,ARTISTIC_TRAILS,10.033333,0.0,0,False,16,0,1,1.144293,1.55,-0.911087,-0.065529,-1.040477,-2.52442,-0.940756,0.707756,1.409146,False,False,10,4,1,9,0,0,10,55,90,False
20260526-202723-sentence-script-a-semi-transparent-cell-6760fd,473,2026-05-27T01:28:48.053161+00:00,53.733333,2,False,True,ARTISTIC_TRAILS,10.15,0.0,0,False,16,0,1,1.153858,1.55,-0.88849,-0.041681,-1.038441,-2.491891,-0.897393,0.860843,1.413833,False,False,10,4,1,9,0,0,10,55,90,False
20260526-202723-sentence-script-a-semi-transparent-cell-6760fd,474,2026-05-27T01:28:48.172262+00:00,53.85,2,False,True,ARTISTIC_TRAILS,10.266667,0.0,0,False,16,0,1,1.164304,1.55,-0.865746,-0.017119,-1.035374,-2.455992,-0.864858,1.01828,1.414838,False,False,10,4,1,9,0,0,10,55,90,False
20260526-202723-sentence-script-a-semi-transparent-cell-6760fd,475,2026-05-27T01:28:48.290885+00:00,53.966667,2,False,True,ARTISTIC_TRAILS,10.383333,0.0,0,False,16,0,1,1.14641,1.55,-0.838795,0.007337,-1.031511,-2.396925,-0.827388,1.168569,1.429178,False,False,10,4,1,9,0,0,10,55,90,False
20260526-202723-sentence-script-a-semi-transparent-cell-6760fd,476,2026-05-27T01:28:48.409232+00:00,54.083333,2,False,True,ARTISTIC_TRAILS,10.5,0.0,0,False,16,0,1,1.124237,1.55,-0.80963,0.032256,-1.025668,-2.315981,-0.787148,1.310327,1.453142,False,False,10,4,1,9,0,0,10,55,90,False
20260526-202723-sentence-script-a-semi-transparent-cell-6760fd,477,2026-05-27T01:28:48.527224+00:00,54.2,2,False,True,ARTISTIC_TRAILS,10.616667,0.0,0,False,16,0,1,1.101344,1.55,-0.77712,0.057651,-1.018994,-2.214485,-0.746174,1.442195,1.483396,False,False,10,4,1,9,0,0,10,55,90,False
20260526-202723-sentence-script-a-semi-transparent-cell-6760fd,478,2026-05-27T01:28:48.643845+00:00,54.316667,2,False,True,ARTISTIC_TRAILS,10.733333,0.0,0,False,16,0,1,1.092249,1.55,-0.742363,0.081478,-1.012252,-2.093985,-0.706406,1.562968,1.517293,False,False,10,4,1,9,0,0,10,55,90,False
20260526-202723-sentence-script-a-semi-transparent-cell-6760fd,479,2026-05-27T01:28:48.760135+00:00,54.433333,2,False,True,ARTISTIC_TRAILS,10.85,0.0,0,False,16,0,1,1.094067,1.55,-0.707736,0.103951,-1.01018,-1.95609,-0.66966,1.67149,1.55,False,False,10,4,1,9,0,0,10,55,90,False
20260526-202723-sentence-script-a-semi-transparent-cell-6760fd,480,2026-05-27T01:28:48.876401+00:00,54.55,2,False,True,ARTISTIC_TRAILS,10.966667,0.0,0,False,16,0,1,1.104891,1.55,-0.67015,0.124403,-1.006808,-1.804799,-0.638067,1.765188,1.55,False,False,10,4,1,9,0,0,10,55,90,False
20260526-202723-sentence-script-a-semi-transparent-cell-6760fd,481,2026-05-27T01:28:48.992337+00:00,54.666667,2,False,True,ARTISTIC_TRAILS,11.083333,0.0,0,False,16,0,1,1.128994,1.55,-0.630254,0.142104,-1.001271,-1.643398,-0.613064,1.8426,1.55,False,False,10,4,1,9,0,0,10,55,90,False
20260526-202723-sentence-script-a-semi-transparent-cell-6760fd,482,2026-05-27T01:28:49.108185+00:00,54.783333,2,False,True,ARTISTIC_TRAILS,11.2,0.0,0,False,16,0,1,1.130736,1.55,-0.588371,0.158128,-0.998661,-1.474092,-0.595525,1.9034,1.55,False,False,10,4,1,9,0,0,10,55,90,False
20260526-202723-sentence-script-a-semi-transparent-cell-6760fd,483,2026-05-27T01:28:49.224025+00:00,54.9,2,False,True,ARTISTIC_TRAILS,11.316667,0.0,0,False,16,0,1,1.11639,1.55,-0.545129,0.172941,-1.002084,-1.299041,-0.585971,1.947403,1.55,False,False,10,4,1,9,0,0,10,55,90,False
20260526-202723-sentence-script-a-semi-transparent-cell-6760fd,484,2026-05-27T01:28:49.339712+00:00,55.016667,2,False,True,ARTISTIC_TRAILS,11.433333,0.0,0,False,16,0,1,1.12108,1.55,-0.501329,0.18476,-1.004495,-1.12036,-0.584611,1.974665,1.55,False,False,10,4,1,9,0,0,10,55,90,False
20260526-202723-sentence-script-a-semi-transparent-cell-6760fd,485,2026-05-27T01:28:49.457007+00:00,55.133333,2,False,True,ARTISTIC_TRAILS,11.55,0.0,0,False,16,0,1,1.104302,1.55,-0.460117,0.190266,-1.009717,-0.940039,-0.591173,1.985414,1.55,False,False,10,4,1,9,0,0,10,55,90,False
20260526-202723-sentence-script-a-semi-transparent-cell-6760fd,486,2026-05-27T01:28:49.573588+00:00,55.25,2,False,True,ARTISTIC_TRAILS,11.666667,0.0,0,False,16,0,1,1.064061,1.55,-0.425741,0.19242,-1.006766,-0.759894,-0.605158,1.980093,1.55,False,False,10,4,1,9,0,0,10,55,90,False
20260526-202723-sentence-script-a-semi-transparent-cell-6760fd,487,2026-05-27T01:28:49.690028+00:00,55.366667,2,False,True,ARTISTIC_TRAILS,11.783333,0.0,0,False,16,0,1,1.06173,1.55,-0.389927,0.194151,-1.000929,-0.581503,-0.625773,1.95935,1.55,False,False,10,4,1,9,0,0,10,55,90,False
20260526-202723-sentence-script-a-semi-transparent-cell-6760fd,488,2026-05-27T01:28:49.806192+00:00,55.483333,2,False,True,ARTISTIC_TRAILS,11.9,0.0,0,False,16,0,1,1.061913,1.55,-0.354491,0.191404,-0.999275,-0.406209,-0.652038,1.923821,1.55,False,False,10,4,1,9,0,0,10,55,90,False
20260526-202723-sentence-script-a-semi-transparent-cell-6760fd,489,2026-05-27T01:28:49.922267+00:00,55.6,2,False,True,ARTISTIC_TRAILS,12.016667,0.0,0,False,16,0,1,1.082027,1.55,-0.319059,0.186287,-0.995349,-0.235135,-0.682868,1.874171,1.55,False,False,10,4,1,9,0,0,10,55,90,False
20260526-202723-sentence-script-a-semi-transparent-cell-6760fd,490,2026-05-27T01:28:50.038491+00:00,55.716667,2,False,True,ARTISTIC_TRAILS,12.133333,0.0,0,False,16,0,1,1.13007,1.55,-0.283522,0.179115,-0.988821,-0.06923,-0.717138,1.811047,1.55,False,False,10,4,1,9,0,0,10,55,90,False
20260526-202723-sentence-script-a-semi-transparent-cell-6760fd,491,2026-05-27T01:28:50.155042+00:00,55.833333,2,False,True,ARTISTIC_TRAILS,12.25,0.0,0,False,16,0,1,1.147633,1.55,-0.249623,0.168403,-0.987201,0.090751,-0.753667,1.735174,1.55,False,False,10,4,1,9,0,0,10,55,90,False
20260526-202723-sentence-script-a-semi-transparent-cell-6760fd,492,2026-05-27T01:28:50.271329+00:00,55.95,2,False,True,ARTISTIC_TRAILS,12.366667,0.0,0,False,16,0,1,1.176189,1.55,-0.217299,0.155144,-0.985867,0.244205,-0.791206,1.647265,1.55,False,False,10,4,1,9,0,0,10,55,90,False
20260526-202723-sentence-script-a-semi-transparent-cell-6760fd,493,2026-05-27T01:28:50.387941+00:00,56.066667,2,False,True,ORBIT_NUCLEUS,0.066667,0.0,0,False,16,1,1,1.094872,1.510428,-0.341705,-0.029973,-1.019719,0.390486,-0.827727,1.552115,1.499303,False,False,10,4,1,9,0,0,10,55,90,False
20260526-202723-sentence-script-a-semi-transparent-cell-6760fd,494,2026-05-27T01:28:50.505636+00:00,56.183333,2,False,True,ORBIT_NUCLEUS,0.183333,0.0,0,False,16,1,1,1.00229,1.45351,-0.317117,-0.033221,-1.037187,0.529338,-0.860775,1.459137,1.431086,False,False,10,4,1,9,0,0,10,55,90,False
20260526-202723-sentence-script-a-semi-transparent-cell-6760fd,495,2026-05-27T01:28:50.622797+00:00,56.3,2,False,True,ORBIT_NUCLEUS,0.3,0.0,0,False,16,1,1,0.937237,1.39655,-0.293749,-0.034599,-1.062477,0.660805,-0.890159,1.368139,1.365376,False,False,10,4,1,9,0,0,10,55,90,False
20260526-202723-sentence-script-a-semi-transparent-cell-6760fd,496,2026-05-27T01:28:50.740634+00:00,56.416667,2,False,True,ORBIT_NUCLEUS,0.416667,0.0,0,False,16,1,1,0.884514,1.340843,-0.276664,-0.036801,-1.090475,0.784848,-0.915931,1.278814,1.301777,False,False,10,4,1,9,0,0,10,55,90,False
20260526-202723-sentence-script-a-semi-transparent-cell-6760fd,497,2026-05-27T01:28:50.859403+00:00,56.533333,2,False,True,ORBIT_NUCLEUS,0.533333,0.0,0,False,16,1,1,0.83526,1.284987,-0.264188,-0.0383,-1.11844,0.901479,-0.938146,1.190854,1.240897,False,False,10,4,1,9,0,0,10,55,90,False
20260526-202723-sentence-script-a-semi-transparent-cell-6760fd,498,2026-05-27T01:28:50.977329+00:00,56.65,2,False,True,ORBIT_NUCLEUS,0.65,0.0,0,False,16,1,1,0.789481,1.230451,-0.256012,-0.03905,-1.146192,1.01073,-0.956971,1.104017,1.181999,False,False,10,4,1,9,0,0,10,55,90,False
20260526-202723-sentence-script-a-semi-transparent-cell-6760fd,499,2026-05-27T01:28:51.095416+00:00,56.766667,2,False,True,ORBIT_NUCLEUS,0.766667,0.0,0,False,16,1,1,0.746875,1.178235,-0.251887,-0.039038,-1.173536,1.112548,-0.972593,1.018163,1.125452,False,False,10,4,1,9,0,0,10,55,90,False
20260526-202723-sentence-script-a-semi-transparent-cell-6760fd,500,2026-05-27T01:28:51.213602+00:00,56.883333,2,False,True,ORBIT_NUCLEUS,0.883333,0.0,0,False,16,2,1,0.722749,1.127455,-0.290009,0.134968,-1.154648,1.207065,-0.985177,0.933148,1.072539,False,False,10,4,1,9,0,0,10,55,90,False
20260526-202723-sentence-script-a-semi-transparent-cell-6760fd,501,2026-05-27T01:28:51.332553+00:00,57.0,2,False,True,ORBIT_NUCLEUS,1.0,0.0,0,False,16,2,1,0.686946,1.078892,-0.288115,0.142362,-1.179607,1.294312,-0.994975,0.848847,1.021517,False,False,10,4,1,9,0,0,10,55,90,False
20260526-202723-sentence-script-a-semi-transparent-cell-6760fd,502,2026-05-27T01:28:51.451338+00:00,57.116667,2,False,True,ORBIT_NUCLEUS,1.116667,0.0,0,False,16,2,1,0.653892,1.033326,-0.289065,0.149551,-1.204225,1.374335,-1.002316,0.765278,0.973115,False,False,10,4,1,9,0,0,10,55,90,False
20260526-202723-sentence-script-a-semi-transparent-cell-6760fd,503,2026-05-27T01:28:51.568309+00:00,57.233333,2,False,True,ORBIT_NUCLEUS,1.233333,0.0,0,False,16,2,1,0.617706,1.005683,-0.290037,0.15893,-1.229739,1.433532,-0.998268,0.674719,0.92386,False,False,10,4,1,9,0,0,10,55,90,False
20260526-202723-sentence-script-a-semi-transparent-cell-6760fd,504,2026-05-27T01:28:51.685149+00:00,57.35,2,False,True,ORBIT_NUCLEUS,1.35,0.0,0,False,16,2,1,0.595238,1.007676,-0.295155,0.168276,-1.25483,1.472673,-0.98349,0.577456,0.895477,False,False,10,4,1,9,0,0,10,55,90,False
20260526-202723-sentence-script-a-semi-transparent-cell-6760fd,505,2026-05-27T01:28:51.802308+00:00,57.466667,2,False,True,ORBIT_NUCLEUS,1.466667,0.0,0,False,16,2,1,0.578622,1.008811,-0.303075,0.177137,-1.278899,1.506996,-0.968251,0.481888,0.86892,False,False,10,4,1,9,0,0,10,55,90,False
20260526-202723-sentence-script-a-semi-transparent-cell-6760fd,506,2026-05-27T01:28:51.920457+00:00,57.583333,2,False,True,ORBIT_NUCLEUS,1.583333,0.0,0,False,16,2,1,0.564055,1.009296,-0.313724,0.185485,-1.301807,1.536652,-0.952825,0.388016,0.84338,False,False,10,4,1,9,0,0,10,55,90,False
20260526-202723-sentence-script-a-semi-transparent-cell-6760fd,507,2026-05-27T01:28:52.039349+00:00,57.7,2,False,True,ORBIT_NUCLEUS,1.7,0.0,0,False,16,2,1,0.551591,1.009246,-0.326992,0.193294,-1.323416,1.561854,-0.937355,0.295825,0.819921,False,False,10,4,1,9,0,0,10,55,90,False
20260526-202723-sentence-script-a-semi-transparent-cell-6760fd,508,2026-05-27T01:28:52.154527+00:00,57.816667,2,False,True,ORBIT_NUCLEUS,1.816667,0.0,0,False,16,2,1,0.541063,1.008646,-0.342791,0.200555,-1.343657,1.582859,-0.921982,0.205288,0.79838,False,False,10,4,1,9,0,0,10,55,90,False
20260526-202723-sentence-script-a-semi-transparent-cell-6760fd,509,2026-05-27T01:28:52.272207+00:00,57.933333,2,False,True,ORBIT_NUCLEUS,1.933333,0.0,0,False,16,2,1,0.532635,1.007362,-0.361025,0.207246,-1.362455,1.599808,-0.906873,0.116383,0.778081,False,False,10,4,1,9,0,0,10,55,90,False
20260526-202723-sentence-script-a-semi-transparent-cell-6760fd,510,2026-05-27T01:28:52.389879+00:00,58.05,2,False,True,ORBIT_NUCLEUS,2.05,0.0,0,False,16,2,1,0.526492,1.005173,-0.381574,0.213354,-1.379786,1.612892,-0.892205,0.029027,0.759991,False,False,10,4,1,9,0,0,10,55,90,False
20260526-202723-sentence-script-a-semi-transparent-cell-6760fd,511,2026-05-27T01:28:52.508517+00:00,58.166667,2,False,True,ORBIT_NUCLEUS,2.166667,0.0,0,False,16,2,1,0.522746,1.001851,-0.40433,0.218892,-1.395627,1.622287,-0.878124,-0.056789,0.74253,False,False,10,4,1,9,0,0,10,55,90,False
20260526-202723-sentence-script-a-semi-transparent-cell-6760fd,512,2026-05-27T01:28:52.622186+00:00,58.283333,2,False,True,ORBIT_NUCLEUS,2.283333,0.0,0,False,16,2,1,0.521327,0.997238,-0.429181,0.223886,-1.409977,1.628188,-0.864616,-0.141078,0.726904,False,False,10,4,1,9,0,0,10,55,90,False
20260526-202723-sentence-script-a-semi-transparent-cell-6760fd,513,2026-05-27T01:28:52.734379+00:00,58.4,2,False,True,ORBIT_NUCLEUS,2.4,0.0,0,False,16,2,1,0.52184,0.991327,-0.456019,0.228335,-1.422812,1.63068,-0.851761,-0.223896,0.712761,False,False,10,4,1,9,0,0,10,55,90,False
20260526-202723-sentence-script-a-semi-transparent-cell-6760fd,514,2026-05-27T01:28:52.845283+00:00,58.516667,2,False,True,ORBIT_NUCLEUS,2.516667,0.0,0,False,16,2,1,0.523751,0.984315,-0.484715,0.232271,-1.434128,1.629972,-0.839586,-0.30524,0.699475,False,False,10,4,1,9,0,0,10,55,90,False
20260526-202723-sentence-script-a-semi-transparent-cell-6760fd,515,2026-05-27T01:28:52.955764+00:00,58.633333,2,False,True,ORBIT_NUCLEUS,2.633333,0.0,0,False,16,2,1,0.526716,0.976624,-0.515154,0.235719,-1.443932,1.626197,-0.828093,-0.38506,0.686648,False,False,10,4,1,9,0,0,10,55,90,False
20260526-202723-sentence-script-a-semi-transparent-cell-6760fd,516,2026-05-27T01:28:53.130135+00:00,58.75,2,False,True,ORBIT_NUCLEUS,2.75,0.0,0,False,16,2,1,0.529987,0.968872,-0.54719,0.238761,-1.452213,1.619507,-0.817299,-0.463339,0.674628,False,False,10,4,1,9,0,0,10,55,90,False
20260526-202723-sentence-script-a-semi-transparent-cell-6760fd,517,2026-05-27T01:28:53.256338+00:00,58.866667,2,False,True,ORBIT_NUCLEUS,2.866667,0.0,0,False,16,2,1,0.531425,0.961804,-0.580646,0.241447,-1.458966,1.610047,-0.807207,-0.540048,0.663321,False,False,10,4,1,9,0,0,10,55,90,False
20260526-202723-sentence-script-a-semi-transparent-cell-6760fd,518,2026-05-27T01:28:53.374628+00:00,58.983333,2,False,True,ORBIT_NUCLEUS,2.983333,0.0,0,False,16,2,1,0.534893,0.956184,-0.615366,0.243865,-1.464187,1.597914,-0.797694,-0.615204,0.653725,False,False,10,4,1,9,0,0,10,55,90,False
20260526-202723-sentence-script-a-semi-transparent-cell-6760fd,519,2026-05-27T01:28:53.491043+00:00,59.1,2,False,True,ORBIT_NUCLEUS,3.1,0.0,0,False,16,2,1,0.538151,0.95267,-0.651177,0.246083,-1.467851,1.583231,-0.788738,-0.688844,0.643865,False,False,10,4,1,9,0,0,10,55,90,False
20260526-202723-sentence-script-a-semi-transparent-cell-6760fd,520,2026-05-27T01:28:53.609547+00:00,59.216667,2,False,True,ORBIT_NUCLEUS,3.216667,0.0,0,False,16,2,1,0.541145,0.951692,-0.687869,0.248189,-1.469989,1.56608,-0.780248,-0.76086,0.635238,False,False,10,4,1,9,0,0,10,55,90,False
20260526-202723-sentence-script-a-semi-transparent-cell-6760fd,521,2026-05-27T01:28:53.726591+00:00,59.333333,2,False,True,ORBIT_NUCLEUS,3.333333,0.0,0,False,16,1,1,0.545551,0.953374,-0.725209,0.250246,-1.470655,1.546522,-0.772044,-0.831301,0.62734,False,False,10,4,1,9,0,0,10,55,90,False
20260526-202723-sentence-script-a-semi-transparent-cell-6760fd,522,2026-05-27T01:28:53.843460+00:00,59.45,2,False,True,ORBIT_NUCLEUS,3.45,0.0,0,False,16,1,1,0.545413,0.957504,-0.762853,0.25105,-1.47075,1.524613,-0.764069,-0.900103,0.619327,False,False,10,4,1,9,0,0,10,55,90,False
20260526-202723-sentence-script-a-semi-transparent-cell-6760fd,523,2026-05-27T01:28:53.960523+00:00,59.566667,2,False,True,ORBIT_NUCLEUS,3.566667,0.0,0,False,16,0,1,0.510625,0.854304,-0.797755,0.250694,-1.475396,1.500425,-0.756263,-0.967233,0.612273,False,False,10,4,1,9,0,0,10,55,90,False
20260526-202723-sentence-script-a-semi-transparent-cell-6760fd,524,2026-05-27T01:28:54.077908+00:00,59.683333,2,False,True,ORBIT_NUCLEUS,3.683333,0.0,0,False,16,1,1,0.639151,2.547622,-0.624613,0.359196,-1.483966,1.474012,-0.748503,-1.032622,0.605349,False,False,10,4,1,9,0,0,10,55,90,False
20260526-202723-sentence-script-a-semi-transparent-cell-6760fd,525,2026-05-27T01:28:54.195271+00:00,59.8,2,False,True,ORBIT_NUCLEUS,3.8,0.0,0,False,16,2,1,0.79864,3.406648,-0.526071,0.336026,-1.514048,1.44544,-0.740639,-1.096299,0.599706,False,False,10,4,1,9,0,0,10,55,90,False
20260526-202723-sentence-script-a-semi-transparent-cell-6760fd,526,2026-05-27T01:28:54.313906+00:00,59.916667,2,False,True,ORBIT_NUCLEUS,3.916667,0.0,0,False,16,2,1,0.755644,2.779065,-0.550249,0.300346,-1.524419,1.4148,-0.732556,-1.158287,0.59471,False,False,10,4,1,9,0,0,10,55,90,False
20260526-202723-sentence-script-a-semi-transparent-cell-6760fd,527,2026-05-27T01:28:54.413106+00:00,60.016667,2,False,True,ORBIT_NUCLEUS,4.016667,0.0,0,False,16,2,1,0.751985,2.769136,-0.574325,0.270408,-1.531456,1.38692,-0.725347,-1.210049,0.590672,False,False,10,4,1,9,0,0,10,55,90,False
