run_id,frame,elapsed_seconds,sim_time,phase_progress,stage,ai_enabled,ai_mode,paused,loop_count,reset_count,last_reset_reason,selected_chromosome,selected_x,selected_y,selected_z,selected_vx,selected_vy,selected_vz,left_pole_x,left_pole_y,left_pole_z,right_pole_x,right_pole_y,right_pole_z,left_daughter_membrane_x,right_daughter_membrane_x,cleavage_band_radius,alignment_error,average_chromatid_separation,attached_spindle_ends,particle_bounce_count,mark_count,stagnation_seconds,completion_timer,membrane_opacity,nucleus_opacity
20260527-224411-sentence-script-a-single-cell-sphere-wit-a6b927,6,0.0600,0.0609,0.00163,Interphase: loose chromatin drifts,1,constructive,0,0,0,initial,0,-0.59915,0.01456,0.36729,0.08432,0.11634,-0.04243,-0.25000,0.00000,0.00000,0.25000,0.00000,0.00000,-0.00000,0.00000,3.00000,0.71650,0.11000,0,0,1,0.00000,0.00000,0.17000,0.20000
20260527-224411-sentence-script-a-single-cell-sphere-wit-a6b927,12,0.1319,0.1329,0.00354,Interphase: loose chromatin drifts,1,constructive,0,0,0,initial,0,-0.59298,0.02275,0.36420,0.08662,0.11212,-0.04326,-0.25000,0.00000,0.00000,0.25000,0.00000,0.00000,-0.00000,0.00000,3.00000,0.71820,0.11000,0,0,1,0.00000,0.00000,0.17000,0.20000
20260527-224411-sentence-script-a-single-cell-sphere-wit-a6b927,18,0.2036,0.2045,0.00545,Interphase: loose chromatin drifts,1,constructive,0,0,0,initial,0,-0.58671,0.03061,0.36105,0.08814,0.10815,-0.04462,-0.25000,0.00000,0.00000,0.25000,0.00000,0.00000,-0.00000,0.00000,3.00000,0.71993,0.11000,0,0,1,0.00000,0.00000,0.17000,0.20000
20260527-224411-sentence-script-a-single-cell-sphere-wit-a6b927,24,0.2735,0.2744,0.00732,Interphase: loose chromatin drifts,1,constructive,0,0,0,initial,0,-0.58051,0.03802,0.35786,0.08889,0.10449,-0.04637,-0.25000,0.00000,0.00000,0.25000,0.00000,0.00000,-0.00000,0.00000,3.00000,0.72165,0.11000,0,0,1,0.00000,0.00000,0.17000,0.20000
20260527-224411-sentence-script-a-single-cell-sphere-wit-a6b927,30,0.3422,0.3431,0.00915,Interphase: loose chromatin drifts,1,constructive,0,0,0,initial,0,-0.57440,0.04506,0.35459,0.08897,0.10105,-0.04845,-0.25000,0.00000,0.00000,0.25000,0.00000,0.00000,-0.00000,0.00000,3.00000,0.72337,0.11000,0,0,1,0.00000,0.00000,0.17000,0.20000
20260527-224411-sentence-script-a-single-cell-sphere-wit-a6b927,36,0.4101,0.4110,0.01096,Interphase: loose chromatin drifts,1,constructive,0,0,0,initial,0,-0.56837,0.05179,0.35121,0.08844,0.09777,-0.05078,-0.25000,0.00000,0.00000,0.25000,0.00000,0.00000,-0.00000,0.00000,3.00000,0.72508,0.11000,0,0,1,0.00000,0.00000,0.17000,0.20000
20260527-224411-sentence-script-a-single-cell-sphere-wit-a6b927,42,0.4773,0.4783,0.01275,Interphase: loose chromatin drifts,1,constructive,0,0,0,initial,0,-0.56247,0.05824,0.34770,0.08736,0.09460,-0.05331,-0.25000,0.00000,0.00000,0.25000,0.00000,0.00000,-0.00000,0.00000,3.00000,0.72680,0.11000,0,0,1,0.00000,0.00000,0.17000,0.20000
20260527-224411-sentence-script-a-single-cell-sphere-wit-a6b927,48,0.5443,0.5453,0.01454,Interphase: loose chromatin drifts,1,constructive,0,0,0,initial,0,-0.55667,0.06446,0.34402,0.08576,0.09149,-0.05599,-0.25000,0.00000,0.00000,0.25000,0.00000,0.00000,-0.00000,0.00000,3.00000,0.72851,0.11000,0,0,1,0.00000,0.00000,0.17000,0.20000
20260527-224411-sentence-script-a-single-cell-sphere-wit-a6b927,54,0.6105,0.6114,0.01630,Interphase: loose chromatin drifts,1,constructive,0,0,0,initial,0,-0.55108,0.07039,0.34021,0.08369,0.08845,-0.05875,-0.25000,0.00000,0.00000,0.25000,0.00000,0.00000,-0.00000,0.00000,3.00000,0.73020,0.11000,0,0,1,0.00000,0.00000,0.17000,0.20000
20260527-224411-sentence-script-a-single-cell-sphere-wit-a6b927,60,0.6765,0.6774,0.01806,Interphase: loose chromatin drifts,1,constructive,0,0,0,initial,0,-0.54565,0.07612,0.33623,0.08118,0.08543,-0.06159,-0.25000,0.00000,0.00000,0.25000,0.00000,0.00000,-0.00000,0.00000,3.00000,0.73189,0.11000,0,0,1,0.00000,0.00000,0.17000,0.20000
20260527-224411-sentence-script-a-single-cell-sphere-wit-a6b927,66,0.7713,0.7722,0.02059,Interphase: loose chromatin drifts,1,constructive,0,0,0,initial,0,-0.53818,0.08399,0.33016,0.07695,0.08124,-0.06565,-0.25000,0.00000,0.00000,0.25000,0.00000,0.00000,-0.00000,0.00000,3.00000,0.73430,0.11000,0,0,1,0.00000,0.00000,0.17000,0.20000
20260527-224411-sentence-script-a-single-cell-sphere-wit-a6b927,72,0.8717,0.8727,0.02327,Interphase: loose chromatin drifts,1,constructive,0,0,0,initial,0,-0.53076,0.09187,0.32331,0.07152,0.07655,-0.07001,-0.25000,0.00000,0.00000,0.25000,0.00000,0.00000,-0.00000,0.00000,3.00000,0.73681,0.11000,0,0,1,0.00000,0.00000,0.17000,0.20000
20260527-224411-sentence-script-a-single-cell-sphere-wit-a6b927,78,0.9725,0.9735,0.02596,Interphase: loose chromatin drifts,1,constructive,0,0,0,initial,0,-0.52391,0.09931,0.31600,0.06525,0.07175,-0.07429,-0.25000,0.00000,0.00000,0.25000,0.00000,0.00000,-0.00000,0.00000,3.00000,0.73928,0.11000,0,0,1,0.00000,0.00000,0.17000,0.20000
20260527-224411-sentence-script-a-single-cell-sphere-wit-a6b927,84,1.0738,1.0747,0.02866,Interphase: loose chromatin drifts,1,constructive,0,0,0,initial,0,-0.51772,0.10628,0.30824,0.05822,0.06683,-0.07839,-0.25000,0.00000,0.00000,0.25000,0.00000,0.00000,-0.00000,0.00000,3.00000,0.74167,0.11000,0,0,1,0.00000,0.00000,0.17000,0.20000
20260527-224411-sentence-script-a-single-cell-sphere-wit-a6b927,90,1.1751,1.1760,0.03136,Interphase: loose chromatin drifts,1,constructive,0,0,0,initial,0,-0.51227,0.11276,0.30007,0.05054,0.06176,-0.08224,-0.25000,0.00000,0.00000,0.25000,0.00000,0.00000,-0.00000,0.00000,3.00000,0.74398,0.11000,0,0,1,0.00000,0.00000,0.17000,0.20000
20260527-224411-sentence-script-a-single-cell-sphere-wit-a6b927,96,1.2764,1.2773,0.03406,Interphase: loose chromatin drifts,1,constructive,0,0,0,initial,0,-0.50763,0.11870,0.29153,0.04231,0.05655,-0.08575,-0.25000,0.00000,0.00000,0.25000,0.00000,0.00000,-0.00000,0.00000,3.00000,0.74618,0.11000,0,0,1,0.00000,0.00000,0.17000,0.20000
20260527-224411-sentence-script-a-single-cell-sphere-wit-a6b927,102,1.3780,1.3790,0.03677,Interphase: loose chromatin drifts,1,constructive,0,0,0,initial,0,-0.50384,0.12413,0.28262,0.03359,0.05118,-0.08889,-0.25000,0.00000,0.00000,0.25000,0.00000,0.00000,-0.00000,0.00000,3.00000,0.74825,0.11000,0,0,1,0.00000,0.00000,0.17000,0.20000
20260527-224411-sentence-script-a-single-cell-sphere-wit-a6b927,108,1.4790,1.4800,0.03947,Interphase: loose chromatin drifts,1,constructive,0,0,0,initial,0,-0.50098,0.12898,0.27348,0.02455,0.04570,-0.09156,-0.25000,0.00000,0.00000,0.25000,0.00000,0.00000,-0.00000,0.00000,3.00000,0.75017,0.11000,0,0,1,0.00000,0.00000,0.17000,0.20000
20260527-224411-sentence-script-a-single-cell-sphere-wit-a6b927,114,1.5799,1.5808,0.04216,Interphase: loose chromatin drifts,1,constructive,0,0,0,initial,0,-0.48297,0.13544,0.28264,-0.01458,0.03605,-0.12813,-0.25000,0.00000,0.00000,0.25000,0.00000,0.00000,-0.00000,0.00000,3.00000,0.74999,0.11000,0,0,2,0.00000,0.00000,0.17000,0.20000
20260527-224411-sentence-script-a-single-cell-sphere-wit-a6b927,120,1.6810,1.6820,0.04485,Interphase: loose chromatin drifts,1,constructive,0,0,0,initial,0,-0.48470,0.13879,0.26993,-0.01907,0.03099,-0.12402,-0.25000,0.00000,0.00000,0.25000,0.00000,0.00000,-0.00000,0.00000,3.00000,0.75191,0.11000,0,0,2,0.00000,0.00000,0.17000,0.20000
20260527-224411-sentence-script-a-single-cell-sphere-wit-a6b927,126,1.7820,1.7830,0.04755,Interphase: loose chromatin drifts,1,constructive,0,0,0,initial,0,-0.48694,0.14161,0.25762,-0.02449,0.02572,-0.12033,-0.25000,0.00000,0.00000,0.25000,0.00000,0.00000,-0.00000,0.00000,3.00000,0.75359,0.11000,0,0,2,0.00000,0.00000,0.17000,0.20000
20260527-224411-sentence-script-a-single-cell-sphere-wit-a6b927,132,1.8827,1.8836,0.05023,Interphase: loose chromatin drifts,1,constructive,0,0,0,initial,0,-0.48976,0.14389,0.24571,-0.03061,0.02029,-0.11691,-0.25000,0.00000,0.00000,0.25000,0.00000,0.00000,-0.00000,0.00000,3.00000,0.75503,0.11000,0,0,2,0.00000,0.00000,0.17000,0.20000
20260527-224411-sentence-script-a-single-cell-sphere-wit-a6b927,138,1.9833,1.9842,0.05291,Interphase: loose chromatin drifts,1,constructive,0,0,0,initial,0,-0.49322,0.14560,0.23414,-0.03723,0.01471,-0.11359,-0.25000,0.00000,0.00000,0.25000,0.00000,0.00000,-0.00000,0.00000,3.00000,0.75624,0.11000,0,0,2,0.00000,0.00000,0.17000,0.20000
20260527-224411-sentence-script-a-single-cell-sphere-wit-a6b927,144,2.0842,2.0852,0.05560,Interphase: loose chromatin drifts,1,constructive,0,0,0,initial,0,-0.49739,0.14675,0.22288,-0.04420,0.00901,-0.11024,-0.25000,0.00000,0.00000,0.25000,0.00000,0.00000,-0.00000,0.00000,3.00000,0.75722,0.11000,0,0,2,0.00000,0.00000,0.17000,0.20000
20260527-224411-sentence-script-a-single-cell-sphere-wit-a6b927,150,2.1858,2.1868,0.05831,Interphase: loose chromatin drifts,1,constructive,0,0,0,initial,0,-0.50231,0.14732,0.21188,-0.05138,0.00320,-0.10674,-0.25000,0.00000,0.00000,0.25000,0.00000,0.00000,-0.00000,0.00000,3.00000,0.75796,0.11000,0,0,2,0.00000,0.00000,0.17000,0.20000
20260527-224411-sentence-script-a-single-cell-sphere-wit-a6b927,156,2.2870,2.2879,0.06101,Interphase: loose chromatin drifts,1,constructive,0,0,0,initial,0,-0.50793,0.14730,0.20130,-0.05855,-0.00264,-0.10305,-0.25000,0.00000,0.00000,0.25000,0.00000,0.00000,-0.00000,0.00000,3.00000,0.75846,0.11000,0,0,2,0.00000,0.00000,0.17000,0.20000
20260527-224411-sentence-script-a-single-cell-sphere-wit-a6b927,162,2.3883,2.3892,0.06371,Interphase: loose chromatin drifts,1,constructive,0,0,0,initial,0,-0.51428,0.14669,0.19109,-0.06560,-0.00849,-0.09910,-0.25000,0.00000,0.00000,0.25000,0.00000,0.00000,-0.00000,0.00000,3.00000,0.75873,0.11000,0,0,2,0.00000,0.00000,0.17000,0.20000
20260527-224411-sentence-script-a-single-cell-sphere-wit-a6b927,168,2.4898,2.4908,0.06642,Interphase: loose chromatin drifts,1,constructive,0,0,0,initial,0,-0.52135,0.14548,0.18128,-0.07244,-0.01433,-0.09482,-0.25000,0.00000,0.00000,0.25000,0.00000,0.00000,-0.00000,0.00000,3.00000,0.75877,0.11000,0,0,2,0.00000,0.00000,0.17000,0.20000
20260527-224411-sentence-script-a-single-cell-sphere-wit-a6b927,174,2.6025,2.6035,0.06943,Interphase: loose chromatin drifts,1,constructive,0,0,0,initial,0,-0.52998,0.14345,0.17092,-0.07951,-0.02065,-0.08978,-0.25000,0.00000,0.00000,0.25000,0.00000,0.00000,-0.00000,0.00000,3.00000,0.75854,0.11000,0,0,2,0.00000,0.00000,0.17000,0.20000
20260527-224411-sentence-script-a-single-cell-sphere-wit-a6b927,180,2.7108,2.7117,0.07231,Interphase: loose chromatin drifts,1,constructive,0,0,0,initial,0,-0.53900,0.14083,0.16154,-0.08596,-0.02679,-0.08433,-0.25000,0.00000,0.00000,0.25000,0.00000,0.00000,-0.00000,0.00000,3.00000,0.75806,0.11000,0,0,2,0.00000,0.00000,0.17000,0.20000
20260527-224411-sentence-script-a-single-cell-sphere-wit-a6b927,186,2.8117,2.8126,0.07500,Interphase: loose chromatin drifts,1,constructive,0,0,0,initial,0,-0.54799,0.13780,0.15335,-0.09133,-0.03232,-0.07896,-0.25000,0.00000,0.00000,0.25000,0.00000,0.00000,-0.00000,0.00000,3.00000,0.75740,0.11000,0,0,2,0.00000,0.00000,0.17000,0.20000
20260527-224411-sentence-script-a-single-cell-sphere-wit-a6b927,192,2.9119,2.9129,0.07768,Interphase: loose chromatin drifts,1,constructive,0,0,0,initial,0,-0.55743,0.13424,0.14576,-0.09606,-0.03765,-0.07328,-0.25000,0.00000,0.00000,0.25000,0.00000,0.00000,-0.00000,0.00000,3.00000,0.75654,0.11000,0,0,2,0.00000,0.00000,0.17000,0.20000
20260527-224411-sentence-script-a-single-cell-sphere-wit-a6b927,198,3.0125,3.0135,0.08036,Interphase: loose chromatin drifts,1,constructive,0,0,0,initial,0,-0.56734,0.13015,0.13874,-0.10013,-0.04281,-0.06724,-0.25003,0.00000,0.00000,0.25003,0.00000,0.00000,-0.00000,0.00000,3.00000,0.75587,0.11000,0,0,2,0.00000,0.00000,0.17000,0.20000
20260527-224411-sentence-script-a-single-cell-sphere-wit-a6b927,204,3.1133,3.1143,0.08305,Interphase: loose chromatin drifts,1,constructive,0,0,0,initial,0,-0.57908,0.11222,0.14535,-0.10080,-0.02306,-0.08500,-0.25228,0.00000,0.00000,0.25228,0.00000,0.00000,-0.00000,0.00000,3.00000,0.75757,0.11000,0,0,3,0.00000,0.00000,0.17000,0.20000
20260527-224411-sentence-script-a-single-cell-sphere-wit-a6b927,210,3.2141,3.2151,0.08573,Interphase: loose chromatin drifts,1,constructive,0,0,0,initial,0,-0.58943,0.10937,0.13742,-0.10384,-0.03196,-0.07425,-0.25798,0.00000,0.00000,0.25798,0.00000,0.00000,-0.00000,0.00000,3.00000,0.75798,0.11000,0,0,3,0.00000,0.00000,0.17000,0.20000
20260527-224411-sentence-script-a-single-cell-sphere-wit-a6b927,216,3.3149,3.3159,0.08842,Interphase: loose chromatin drifts,1,constructive,0,0,0,initial,0,-0.60003,0.10567,0.13054,-0.10599,-0.03990,-0.06391,-0.26707,0.00000,0.00000,0.26707,0.00000,0.00000,-0.00000,0.00000,3.00000,0.75809,0.11000,0,0,3,0.00000,0.00000,0.17000,0.20000
20260527-224411-sentence-script-a-single-cell-sphere-wit-a6b927,222,3.4160,3.4170,0.09112,Interphase: loose chromatin drifts,1,constructive,0,0,0,initial,0,-0.61083,0.10121,0.12467,-0.10725,-0.04699,-0.05386,-0.27947,0.00000,0.00000,0.27947,0.00000,0.00000,-0.00000,0.00000,3.00000,0.75787,0.11000,0,0,3,0.00000,0.00000,0.17000,0.20000
20260527-224411-sentence-script-a-single-cell-sphere-wit-a6b927,228,3.5178,3.5187,0.09383,Interphase: loose chromatin drifts,1,constructive,0,0,0,initial,0,-0.62177,0.09605,0.11978,-0.10761,-0.05334,-0.04401,-0.29517,0.00000,0.00000,0.29517,0.00000,0.00000,-0.00000,0.00000,3.00000,0.75734,0.11000,0,0,3,0.00000,0.00000,0.17000,0.20000
20260527-224411-sentence-script-a-single-cell-sphere-wit-a6b927,234,3.6194,3.6204,0.09654,Interphase: loose chromatin drifts,1,constructive,0,0,0,initial,0,-0.63268,0.09029,0.11588,-0.10705,-0.05894,-0.03441,-0.31400,0.00000,0.00000,0.31400,0.00000,0.00000,-0.00000,0.00000,3.00000,0.75649,0.11000,0,0,3,0.00000,0.00000,0.17000,0.20000
20260527-224411-sentence-script-a-single-cell-sphere-wit-a6b927,240,3.7218,3.7227,0.09927,Interphase: loose chromatin drifts,1,constructive,0,0,0,initial,0,-0.64356,0.08396,0.11292,-0.10556,-0.06389,-0.02493,-0.33603,0.00000,0.00000,0.33603,0.00000,0.00000,-0.00000,0.00000,3.00000,0.75532,0.11000,0,0,3,0.00000,0.00000,0.17000,0.20000
20260527-224411-sentence-script-a-single-cell-sphere-wit-a6b927,246,3.8225,3.8235,0.10196,Interphase: loose chromatin drifts,1,constructive,0,0,0,initial,0,-0.65406,0.07726,0.11095,-0.10321,-0.06813,-0.01579,-0.36062,0.00000,0.00000,0.36062,0.00000,0.00000,-0.00000,0.00000,3.00000,0.75386,0.11007,0,0,3,0.00000,0.00000,0.17000,0.20000
20260527-224411-sentence-script-a-single-cell-sphere-wit-a6b927,252,3.9228,3.9238,0.10463,Interphase: loose chromatin drifts,1,constructive,0,0,0,initial,0,-0.66423,0.07022,0.10989,-0.10002,-0.07174,-0.00689,-0.38787,0.00000,0.00000,0.38787,0.00000,0.00000,-0.00000,0.00000,3.00000,0.75426,0.11041,0,0,3,0.00000,0.00000,0.17000,0.20000
20260527-224411-sentence-script-a-single-cell-sphere-wit-a6b927,258,4.0233,4.0243,0.10731,Interphase: loose chromatin drifts,1,constructive,0,0,0,initial,0,-0.67406,0.06282,0.10971,-0.09601,-0.07479,0.00183,-0.41785,0.00000,0.00000,0.41785,0.00000,0.00000,-0.00000,0.00000,3.00000,0.75469,0.11101,0,0,3,0.00000,0.00000,0.17000,0.20000
20260527-224411-sentence-script-a-single-cell-sphere-wit-a6b927,264,4.1241,4.1250,0.11000,Interphase: loose chromatin drifts,1,constructive,0,0,0,initial,0,-0.68345,0.05513,0.11039,-0.09118,-0.07730,0.01035,-0.45049,0.00000,0.00000,0.45049,0.00000,0.00000,-0.00000,0.00000,3.00000,0.75476,0.11187,0,0,3,0.00000,0.00000,0.17000,0.20000
20260527-224411-sentence-script-a-single-cell-sphere-wit-a6b927,270,4.2248,4.2258,0.11269,Interphase: loose chromatin drifts,1,constructive,0,0,0,initial,0,-0.69232,0.04723,0.11193,-0.08561,-0.07927,0.01864,-0.48564,0.00000,0.00000,0.48564,0.00000,0.00000,-0.00000,0.00000,3.00000,0.75445,0.11298,0,0,3,0.00000,0.00000,0.17000,0.20000
20260527-224411-sentence-script-a-single-cell-sphere-wit-a6b927,276,4.3258,4.3267,0.11538,Interphase: loose chromatin drifts,1,constructive,0,0,0,initial,0,-0.70059,0.03913,0.11428,-0.07931,-0.08073,0.02669,-0.52327,0.00000,0.00000,0.52327,0.00000,0.00000,-0.00000,0.00000,3.00000,0.75376,0.11434,0,0,3,0.00000,0.00000,0.17000,0.20000
20260527-224411-sentence-script-a-single-cell-sphere-wit-a6b927,282,4.4271,4.4280,0.11808,Interphase: loose chromatin drifts,1,constructive,0,0,0,initial,0,-0.70822,0.03090,0.11745,-0.07233,-0.08167,0.03447,-0.56335,0.00000,0.00000,0.56335,0.00000,0.00000,-0.00000,0.00000,3.00000,0.75271,0.11593,0,0,3,0.00000,0.00000,0.17000,0.20000
20260527-224411-sentence-script-a-single-cell-sphere-wit-a6b927,288,4.5281,4.5291,0.12078,Interphase: loose chromatin drifts,1,constructive,0,0,0,initial,0,-0.71509,0.02261,0.12137,-0.06477,-0.08212,0.04191,-0.60557,0.00000,0.00000,0.60557,0.00000,0.00000,-0.00000,0.00000,3.00000,0.75130,0.11775,0,0,3,0.00000,0.00000,0.17000,0.20000
20260527-224411-sentence-script-a-single-cell-sphere-wit-a6b927,294,4.6294,4.6304,0.12348,Interphase: loose chromatin drifts,1,constructive,0,0,0,initial,0,-0.71643,0.01507,0.10085,-0.06544,-0.08355,0.09579,-0.65004,0.00000,0.00000,0.65004,0.00000,0.00000,-0.00000,0.00000,3.00000,0.74882,0.11979,0,0,4,0.00000,0.00000,0.17000,0.20000
20260527-224411-sentence-script-a-single-cell-sphere-wit-a6b927,300,4.7308,4.7318,0.12618,Interphase: loose chromatin drifts,1,constructive,0,0,0,initial,0,-0.72247,0.00664,0.11048,-0.05535,-0.08279,0.09460,-0.69660,0.00000,0.00000,0.69660,0.00000,0.00000,-0.00000,0.00000,3.00000,0.74684,0.12204,0,0,4,0.00000,0.00000,0.17000,0.20000
20260527-224411-sentence-script-a-single-cell-sphere-wit-a6b927,306,4.8447,4.8456,0.12922,Interphase: loose chromatin drifts,1,constructive,0,0,0,initial,0,-0.72803,-0.00270,0.12123,-0.04413,-0.08148,0.09447,-0.75117,0.00000,0.00000,0.75117,0.00000,0.00000,-0.00000,0.00000,3.00000,0.74421,0.12480,0,0,4,0.00000,0.00000,0.17000,0.20000
20260527-224411-sentence-script-a-single-cell-sphere-wit-a6b927,312,4.9647,4.9656,0.13242,Interphase: loose chromatin drifts,1,constructive,0,0,0,initial,0,-0.73245,-0.01234,0.13259,-0.03177,-0.07950,0.09496,-0.81120,0.00000,0.00000,0.81120,0.00000,0.00000,-0.00000,0.00000,3.00000,0.74102,0.12798,0,0,4,0.00000,0.00000,0.17000,0.20000
20260527-224411-sentence-script-a-single-cell-sphere-wit-a6b927,318,5.0893,5.0902,0.13574,Interphase: loose chromatin drifts,1,constructive,0,0,0,initial,0,-0.73547,-0.02206,0.14450,-0.01896,-0.07686,0.09609,-0.87609,0.00000,0.00000,0.87609,0.00000,0.00000,-0.00000,0.00000,3.00000,0.73728,0.13155,0,0,4,0.00000,0.00000,0.17000,0.20000
20260527-224411-sentence-script-a-single-cell-sphere-wit-a6b927,324,5.2057,5.2067,0.13884,Interphase: loose chromatin drifts,1,constructive,0,0,0,initial,0,-0.73685,-0.03081,0.15577,-0.00695,-0.07386,0.09739,-0.93890,0.00000,0.00000,0.93890,0.00000,0.00000,-0.00000,0.00000,3.00000,0.73532,0.13512,0,0,4,0.00000,0.00000,0.17000,0.20000
20260527-224411-sentence-script-a-single-cell-sphere-wit-a6b927,330,5.3200,5.3210,0.14189,Prophase: chromosomes condense,1,constructive,0,0,0,initial,0,-0.73685,-0.03902,0.16699,0.00473,-0.07044,0.09868,-1.00251,0.00000,0.00000,1.00251,0.00000,0.00000,-0.00000,0.00000,3.00000,0.73401,0.13883,0,0,4,0.00000,0.00000,0.17000,0.20000
20260527-224411-sentence-script-a-single-cell-sphere-wit-a6b927,336,5.4400,5.4410,0.14509,Prophase: chromosomes condense,1,constructive,0,0,0,initial,0,-0.73543,-0.04719,0.17892,0.01697,-0.06630,0.09985,-1.07114,0.00000,0.00000,1.07114,0.00000,0.00000,-0.00000,0.00000,3.00000,0.73254,0.14293,0,0,4,0.00000,0.00000,0.17000,0.20000
20260527-224411-sentence-script-a-single-cell-sphere-wit-a6b927,342,5.5614,5.5624,0.14833,Prophase: chromosomes condense,1,constructive,0,0,0,initial,0,-0.73254,-0.05492,0.19111,0.02870,-0.06174,0.10074,-1.14239,0.00000,0.00000,1.14239,0.00000,0.00000,-0.00000,0.00000,3.00000,0.73097,0.14729,0,0,4,0.00000,0.00000,0.17000,0.20000
20260527-224411-sentence-script-a-single-cell-sphere-wit-a6b927,348,5.6742,5.6752,0.15134,Prophase: chromosomes condense,1,constructive,0,0,0,initial,0,-0.72859,-0.06158,0.20250,0.03932,-0.05708,0.10114,-1.21005,0.00000,0.00000,1.21005,0.00000,0.00000,-0.00000,0.00000,3.00000,0.72944,0.15150,0,0,4,0.00000,0.00000,0.17000,0.20000
20260527-224411-sentence-script-a-single-cell-sphere-wit-a6b927,354,5.7882,5.7892,0.15438,Prophase: chromosomes condense,1,constructive,0,0,0,initial,0,-0.72340,-0.06774,0.21403,0.04979,-0.05189,0.10103,-1.27974,0.00000,0.00000,1.27974,0.00000,0.00000,-0.00000,0.00000,3.00000,0.72786,0.15592,0,0,4,0.00000,0.00000,0.17000,0.20000
20260527-224411-sentence-script-a-single-cell-sphere-wit-a6b927,360,5.9036,5.9046,0.15746,Prophase: chromosomes condense,1,constructive,0,0,0,initial,0,-0.71700,-0.07337,0.22565,0.05943,-0.04649,0.10040,-1.35150,0.00000,0.00000,1.35150,0.00000,0.00000,-0.00000,0.00000,3.00000,0.72622,0.16053,0,0,4,0.00000,0.00000,0.17000,0.20000
20260527-224411-sentence-script-a-single-cell-sphere-wit-a6b927,366,6.0047,6.0057,0.16015,Prophase: chromosomes condense,1,constructive,0,0,0,initial,0,-0.71050,-0.07776,0.23574,0.06764,-0.04131,0.09928,-1.41521,0.00000,0.00000,1.41521,0.00000,0.00000,-0.00000,0.00000,3.00000,0.72478,0.16468,0,0,4,0.00000,0.00000,0.17000,0.20000
20260527-224411-sentence-script-a-single-cell-sphere-wit-a6b927,372,6.1046,6.1056,0.16281,Prophase: chromosomes condense,1,constructive,0,0,0,initial,0,-0.71603,-0.07289,0.25545,0.09860,-0.05223,0.07938,-1.47886,0.00000,0.00000,1.47886,0.00000,0.00000,-0.00000,0.00000,3.00000,0.72464,0.16887,0,0,5,0.00000,0.00000,0.17000,0.20000
20260527-224411-sentence-script-a-single-cell-sphere-wit-a6b927,378,6.2046,6.2055,0.16548,Prophase: chromosomes condense,1,constructive,0,0,0,initial,0,-0.70601,-0.07764,0.26345,0.10138,-0.04415,0.08037,-1.54318,0.00000,0.00000,1.54318,0.00000,0.00000,-0.00000,0.00000,3.00000,0.72302,0.17315,0,1,5,0.00000,0.00000,0.17000,0.20000
20260527-224411-sentence-script-a-single-cell-sphere-wit-a6b927,384,6.3043,6.3052,0.16814,Prophase: chromosomes condense,1,constructive,0,0,0,initial,0,-0.69574,-0.08159,0.27147,0.10414,-0.03638,0.08034,-1.60782,0.00000,0.00000,1.60782,0.00000,0.00000,-0.00000,0.00000,3.00000,0.72146,0.17750,0,1,5,0.00000,0.00000,0.17000,0.20000
20260527-224411-sentence-script-a-single-cell-sphere-wit-a6b927,390,6.4040,6.4049,0.17080,Prophase: chromosomes condense,1,constructive,0,0,0,initial,0,-0.68521,-0.08478,0.27943,0.10671,-0.02887,0.07938,-1.67290,0.00000,0.00000,1.67290,0.00000,0.00000,-0.00000,0.00000,3.00000,0.71996,0.18191,0,1,5,0.00000,0.00000,0.17000,0.20000
20260527-224411-sentence-script-a-single-cell-sphere-wit-a6b927,396,6.5041,6.5050,0.17347,Prophase: chromosomes condense,1,constructive,0,0,0,initial,0,-0.67439,-0.08724,0.28728,0.10898,-0.02154,0.07755,-1.73856,0.00000,0.00000,1.73856,0.00000,0.00000,-0.00000,0.00000,3.00000,0.71852,0.18639,0,1,5,0.00000,0.00000,0.17000,0.20000
20260527-224411-sentence-script-a-single-cell-sphere-wit-a6b927,402,6.6041,6.6051,0.17614,Prophase: chromosomes condense,1,constructive,0,0,0,initial,0,-0.66337,-0.08898,0.29489,0.11084,-0.01441,0.07493,-1.80442,0.00000,0.00000,1.80442,0.00000,0.00000,-0.00000,0.00000,3.00000,0.71741,0.19093,0,1,5,0.00000,0.00000,0.17000,0.20000
20260527-224411-sentence-script-a-single-cell-sphere-wit-a6b927,408,6.7043,6.7052,0.17881,Prophase: chromosomes condense,1,constructive,0,0,0,initial,0,-0.65219,-0.09001,0.30220,0.11218,-0.00745,0.07159,-1.87045,0.00000,0.00000,1.87045,0.00000,0.00000,-0.00000,0.00000,3.00000,0.71872,0.19551,0,1,5,0.00000,0.00000,0.17000,0.20000
20260527-224411-sentence-script-a-single-cell-sphere-wit-a6b927,414,6.8042,6.8052,0.18147,Prophase: chromosomes condense,1,constructive,0,0,0,initial,0,-0.64093,-0.09036,0.30913,0.11293,-0.00068,0.06759,-1.93641,0.00000,0.00000,1.93641,0.00000,0.00000,-0.00000,0.00000,3.00000,0.72018,0.20012,0,1,5,0.00000,0.00000,0.17000,0.19995
20260527-224411-sentence-script-a-single-cell-sphere-wit-a6b927,420,6.9042,6.9052,0.18414,Prophase: chromosomes condense,1,constructive,0,0,0,initial,0,-0.62963,-0.09004,0.31563,0.11303,0.00593,0.06298,-2.00238,0.00000,0.00000,2.00238,0.00000,0.00000,-0.00000,0.00000,3.00000,0.72175,0.20476,0,1,5,0.00000,0.00000,0.17000,0.19961
20260527-224411-sentence-script-a-single-cell-sphere-wit-a6b927,426,7.0057,7.0067,0.18675,Prophase: chromosomes condense,1,curious,0,0,0,initial,0,-0.62463,-0.08059,0.31699,-0.27251,0.51805,-0.22444,-2.06680,0.00000,0.00000,2.06680,0.00000,0.00000,-0.00000,0.00000,3.00000,0.72387,0.20931,0,1,5,0.00000,0.00000,0.17000,0.19896
20260527-224411-sentence-script-a-single-cell-sphere-wit-a6b927,432,7.1038,7.1048,0.18880,Prophase: chromosomes condense,1,curious,0,0,0,initial,0,-0.59057,-0.10571,0.31814,0.06046,-0.58794,0.34688,-2.11736,0.00000,0.00000,2.11736,0.00000,0.00000,-0.00000,0.00000,3.00000,0.72383,0.21291,0,1,5,0.00000,0.00000,0.17000,0.19825
20260527-224411-sentence-script-a-single-cell-sphere-wit-a6b927,438,7.2007,7.2017,0.19083,Prophase: chromosomes condense,1,curious,0,0,0,initial,0,-0.58543,-0.13745,0.31740,-0.12367,-0.30923,0.50359,-2.16712,0.00000,0.00000,2.16712,0.00000,0.00000,-0.00000,0.00000,3.00000,0.72772,0.21646,0,1,5,0.00000,0.00000,0.17000,0.19737
20260527-224411-sentence-script-a-single-cell-sphere-wit-a6b927,444,7.2969,7.2979,0.19285,Prophase: chromosomes condense,1,curious,0,0,0,initial,0,-0.58234,-0.13419,0.33406,0.42310,0.14010,0.42522,-2.21632,0.00000,0.00000,2.21632,0.00000,0.00000,-0.00000,0.00000,3.00000,0.73053,0.21999,0,1,5,0.00000,0.00000,0.17000,0.19634
20260527-224411-sentence-script-a-single-cell-sphere-wit-a6b927,450,7.3925,7.3935,0.19485,Prophase: chromosomes condense,1,curious,0,0,0,initial,0,-0.57427,-0.13808,0.35596,0.08283,-0.36745,0.39459,-2.26491,0.00000,0.00000,2.26491,0.00000,0.00000,-0.00000,0.00000,3.00000,0.73309,0.22348,0,1,5,0.00000,0.00000,0.17000,0.19515
20260527-224411-sentence-script-a-single-cell-sphere-wit-a6b927,456,7.4874,7.4884,0.19684,Prophase: chromosomes condense,1,curious,0,0,0,initial,0,-0.57511,-0.11944,0.38965,-0.03700,0.78773,0.03148,-2.31291,0.00000,0.00000,2.31291,0.00000,0.00000,-0.00000,0.00000,3.00000,0.73590,0.22695,0,1,5,0.00000,0.00000,0.17000,0.19382
20260527-224411-sentence-script-a-single-cell-sphere-wit-a6b927,462,7.5821,7.5831,0.19883,Prophase: chromosomes condense,1,curious,0,0,0,initial,1,-0.22044,0.99429,-0.35515,-0.00673,0.22476,-0.52938,-2.36044,0.00000,0.00000,2.36044,0.00000,0.00000,-0.00000,0.00000,3.00000,0.73939,0.23040,0,1,6,0.00000,0.00000,0.17000,0.19234
20260527-224411-sentence-script-a-single-cell-sphere-wit-a6b927,468,7.6766,7.6776,0.20081,Prophase: chromosomes condense,1,curious,0,0,0,initial,1,-0.22709,0.99203,-0.35739,0.18113,0.49068,-0.54359,-2.40753,0.00000,0.00000,2.40753,0.00000,0.00000,-0.00000,0.00000,3.00000,0.73982,0.23382,0,1,6,0.00000,0.00000,0.17000,0.19073
20260527-224411-sentence-script-a-single-cell-sphere-wit-a6b927,474,7.7706,7.7716,0.20278,Prophase: chromosomes condense,1,curious,0,0,0,initial,1,-0.21449,1.02048,-0.36519,0.35498,0.59505,-0.12459,-2.45397,0.00000,0.00000,2.45397,0.00000,0.00000,-0.00000,0.00000,3.00000,0.73864,0.23721,0,1,6,0.00000,0.00000,0.17000,0.18900
20260527-224411-sentence-script-a-single-cell-sphere-wit-a6b927,480,7.8645,7.8655,0.20474,Prophase: chromosomes condense,1,curious,0,0,0,initial,1,-0.22626,1.02337,-0.35789,-0.28785,0.13147,-0.01754,-2.49989,0.00000,0.00000,2.49989,0.00000,0.00000,-0.00000,0.00000,3.00000,0.73949,0.24057,0,1,6,0.00000,0.00000,0.17000,0.18713
20260527-224411-sentence-script-a-single-cell-sphere-wit-a6b927,486,7.9640,7.9650,0.20683,Prophase: chromosomes condense,1,curious,0,0,0,initial,1,-0.23172,1.03448,-0.35152,0.28438,-0.35817,0.07350,-2.54805,0.00000,0.00000,2.54805,0.00000,0.00000,-0.00000,0.00000,3.00000,0.73972,0.24410,0,1,6,0.00000,0.00000,0.17000,0.18502
20260527-224411-sentence-script-a-single-cell-sphere-wit-a6b927,492,8.0645,8.0654,0.20893,Prophase: chromosomes condense,1,curious,0,0,0,initial,1,-0.26467,1.03541,-0.36666,-0.73154,0.09722,-0.17759,-2.59610,0.00000,0.00000,2.59610,0.00000,0.00000,-0.00000,0.00000,3.00000,0.74405,0.24764,0,1,6,0.00000,0.00000,0.17000,0.18275
20260527-224411-sentence-script-a-single-cell-sphere-wit-a6b927,498,8.1651,8.1661,0.21104,Prophase: chromosomes condense,1,curious,0,0,0,initial,1,-0.28370,1.03455,-0.36772,-0.11459,0.32967,-0.26948,-2.64361,0.00000,0.00000,2.64361,0.00000,0.00000,-0.00000,0.00000,3.00000,0.74602,0.25115,0,1,6,0.00000,0.00000,0.17000,0.18034
20260527-224411-sentence-script-a-single-cell-sphere-wit-a6b927,504,8.2702,8.2711,0.21324,Prophase: chromosomes condense,1,curious,0,0,0,initial,1,-0.30251,1.05151,-0.38286,-0.35362,0.08733,-0.36416,-2.69244,0.00000,0.00000,2.69244,0.00000,0.00000,-0.00000,0.00000,3.00000,0.74878,0.25477,0,1,6,0.00000,0.00000,0.17000,0.17769
20260527-224411-sentence-script-a-single-cell-sphere-wit-a6b927,510,8.3767,8.3777,0.21547,Prophase: chromosomes condense,1,curious,0,0,0,initial,1,-0.33342,1.04328,-0.39404,-0.70412,-0.13604,-0.11677,-2.74117,0.00000,0.00000,2.74117,0.00000,0.00000,-0.00000,0.00000,3.00000,0.75239,0.25839,0,1,6,0.00000,0.00000,0.17000,0.17486
20260527-224411-sentence-script-a-single-cell-sphere-wit-a6b927,516,8.4822,8.4832,0.21769,Prophase: chromosomes condense,1,curious,0,0,0,initial,1,-0.32516,1.05277,-0.38665,0.19099,-0.01846,-0.45838,-2.78856,0.00000,0.00000,2.78856,0.00000,0.00000,-0.00000,0.00000,3.00000,0.75063,0.26192,0,1,6,0.00000,0.00000,0.17000,0.17194
20260527-224411-sentence-script-a-single-cell-sphere-wit-a6b927,522,8.5885,8.5894,0.21991,Prophase: chromosomes condense,1,curious,0,0,0,initial,1,-0.32219,1.04810,-0.40422,0.03776,0.16813,-0.23919,-2.83537,0.00000,0.00000,2.83537,0.00000,0.00000,-0.00000,0.00000,3.00000,0.75021,0.26542,0,1,6,0.00000,0.00000,0.17000,0.16887
20260527-224411-sentence-script-a-single-cell-sphere-wit-a6b927,528,8.6904,8.6914,0.22205,Prophase: chromosomes condense,1,curious,0,0,0,initial,1,-0.34356,1.04053,-0.41032,-0.35949,-0.20735,-0.36890,-2.87935,0.00000,0.00000,2.87935,0.00000,0.00000,-0.00000,0.00000,3.00000,0.75229,0.26871,0,1,6,0.00000,0.00000,0.17000,0.16582
20260527-224411-sentence-script-a-single-cell-sphere-wit-a6b927,534,8.7922,8.7932,0.22418,Prophase: chromosomes condense,1,curious,0,0,0,initial,1,-0.35503,1.06452,-0.41529,0.14051,0.22282,-0.44034,-2.92234,0.00000,0.00000,2.92234,0.00000,0.00000,-0.00000,0.00000,3.00000,0.75359,0.27194,0,1,6,0.00000,0.00000,0.17000,0.16267
20260527-224411-sentence-script-a-single-cell-sphere-wit-a6b927,540,8.8942,8.8951,0.22632,Prophase: chromosomes condense,1,curious,0,0,0,initial,1,-0.37379,1.05065,-0.42820,0.42894,-0.24527,-0.25438,-2.96437,0.00000,0.00000,2.96437,0.00000,0.00000,-0.00000,0.00000,3.00000,0.75538,0.27511,0,1,6,0.00000,0.00000,0.17000,0.15942
20260527-224411-sentence-script-a-single-cell-sphere-wit-a6b927,546,8.9950,8.9960,0.22843,Prophase: chromosomes condense,1,curious,0,0,0,initial,1,-0.37130,1.04849,-0.42911,-0.20474,-0.23710,-0.05859,-3.00492,0.00000,0.00000,3.00492,0.00000,0.00000,-0.00000,0.00000,3.00000,0.75420,0.27816,0,1,6,0.00000,0.00000,0.17000,0.15612
20260527-224411-sentence-script-a-single-cell-sphere-wit-a6b927,552,9.0953,9.0963,0.23053,Prophase: chromosomes condense,1,curious,0,0,0,initial,1,-0.39419,1.06156,-0.43044,0.11821,0.47435,0.30282,-3.04421,0.00000,0.00000,3.04421,0.00000,0.00000,-0.00000,0.00000,3.00000,0.75642,0.28114,0,1,6,0.00000,0.00000,0.17000,0.15275
20260527-224411-sentence-script-a-single-cell-sphere-wit-a6b927,558,9.1963,9.1972,0.23265,Prophase: chromosomes condense,1,curious,0,0,0,initial,1,-0.37990,1.04829,-0.42680,0.37147,0.00593,0.16558,-3.08262,0.00000,0.00000,3.08262,0.00000,0.00000,-0.00000,0.00000,3.00000,0.75329,0.28405,0,1,6,0.00000,0.00000,0.17000,0.14929
20260527-224411-sentence-script-a-single-cell-sphere-wit-a6b927,564,9.2975,9.2984,0.23477,Prophase: chromosomes condense,1,curious,0,0,0,initial,1,-0.39974,1.04501,-0.43798,0.24259,-0.30083,-0.46002,-3.11996,0.00000,0.00000,3.11996,0.00000,0.00000,-0.00000,0.00000,3.00000,0.75514,0.28688,0,1,6,0.00000,0.00000,0.17000,0.14574
20260527-224411-sentence-script-a-single-cell-sphere-wit-a6b927,570,9.3989,9.3999,0.23689,Prophase: chromosomes condense,1,curious,0,0,0,initial,2,-0.05702,0.18487,0.16294,0.16337,0.46120,0.20371,-3.15617,0.00000,0.00000,3.15617,0.00000,0.00000,-0.00000,0.00000,3.00000,0.75557,0.28964,0,1,7,0.00000,0.00000,0.17000,0.14212
20260527-224411-sentence-script-a-single-cell-sphere-wit-a6b927,576,9.5000,9.5009,0.23901,Prophase: chromosomes condense,1,curious,0,0,0,initial,2,-0.04010,0.18078,0.15030,0.26309,-0.61327,-0.28776,-3.19097,0.00000,0.00000,3.19097,0.00000,0.00000,-0.00000,0.00000,3.00000,0.75473,0.29229,0,1,7,0.00000,0.00000,0.17000,0.13845
20260527-224411-sentence-script-a-single-cell-sphere-wit-a6b927,582,9.6013,9.6023,0.24113,Prophase: chromosomes condense,1,curious,0,0,0,initial,2,-0.02272,0.17230,0.17936,-0.25651,0.03973,0.38100,-3.22455,0.00000,0.00000,3.22455,0.00000,0.00000,-0.00000,0.00000,3.00000,0.75187,0.29485,0,1,7,0.00000,0.00000,0.17000,0.13472
20260527-224411-sentence-script-a-single-cell-sphere-wit-a6b927,588,9.7037,9.7047,0.24328,Prophase: chromosomes condense,1,curious,0,0,0,initial,2,-0.00565,0.19000,0.18547,-0.33898,-0.36016,-0.26933,-3.25712,0.00000,0.00000,3.25712,0.00000,0.00000,-0.00000,0.00000,3.00000,0.75003,0.29735,0,2,7,0.00000,0.00000,0.17000,0.13089
20260527-224411-sentence-script-a-single-cell-sphere-wit-a6b927,594,9.8058,9.8067,0.24542,Prophase: chromosomes condense,1,curious,0,0,0,initial,2,0.01471,0.17061,0.20045,0.60201,-0.27489,-0.29182,-3.28811,0.00000,0.00000,3.28811,0.00000,0.00000,-0.00000,0.00000,3.00000,0.75067,0.29972,0,2,7,0.00000,0.00000,0.17000,0.12704
20260527-224411-sentence-script-a-single-cell-sphere-wit-a6b927,600,9.9077,9.9087,0.24755,Prophase: chromosomes condense,1,curious,0,0,0,initial,2,0.00789,0.16774,0.21091,-0.56367,-0.29588,0.03105,-3.31761,0.00000,0.00000,3.31761,0.00000,0.00000,-0.00000,0.00000,3.00000,0.74943,0.30199,0,2,7,0.00000,0.00000,0.17000,0.12315
20260527-224411-sentence-script-a-single-cell-sphere-wit-a6b927,606,10.0086,10.0096,0.24967,Prophase: chromosomes condense,1,curious,0,0,0,initial,2,-0.00073,0.16341,0.23800,-0.48356,-0.29489,0.28452,-3.34530,0.00000,0.00000,3.34530,0.00000,0.00000,-0.00000,0.00000,3.00000,0.74721,0.30412,0,2,7,0.00000,0.00000,0.17000,0.11927
20260527-224411-sentence-script-a-single-cell-sphere-wit-a6b927,612,10.1090,10.1099,0.25177,Prophase: chromosomes condense,1,curious,0,0,0,initial,2,0.00448,0.10821,0.23869,0.19994,-0.55491,0.21921,-3.37132,0.00000,0.00000,3.37132,0.00000,0.00000,-0.00000,0.00000,3.00000,0.74707,0.30612,0,2,7,0.00000,0.00000,0.17000,0.11538
20260527-224411-sentence-script-a-single-cell-sphere-wit-a6b927,618,10.2100,10.2110,0.25389,Prophase: chromosomes condense,1,curious,0,0,0,initial,2,0.02463,0.09624,0.25872,0.34404,-0.38097,0.25475,-3.39593,0.00000,0.00000,3.39593,0.00000,0.00000,-0.00000,0.00000,3.00000,0.74813,0.30802,0,2,7,0.00000,0.00000,0.17000,0.11144
20260527-224411-sentence-script-a-single-cell-sphere-wit-a6b927,624,10.3112,10.3122,0.25601,Prophase: chromosomes condense,1,curious,0,0,0,initial,2,0.02570,0.10410,0.26711,0.37283,0.42386,0.19815,-3.41892,0.00000,0.00000,3.41892,0.00000,0.00000,-0.00000,0.00000,3.00000,0.74717,0.30980,0,2,7,0.00000,0.00000,0.17000,0.10748
20260527-224411-sentence-script-a-single-cell-sphere-wit-a6b927,630,10.4124,10.4134,0.25813,Prophase: chromosomes condense,1,curious,0,0,0,initial,2,0.03602,0.12597,0.28065,0.52516,0.30446,0.10761,-3.44023,0.00000,0.00000,3.44023,0.00000,0.00000,-0.00000,0.00000,3.00000,0.74700,0.31145,0,2,7,0.00000,0.00000,0.17000,0.10351
20260527-224411-sentence-script-a-single-cell-sphere-wit-a6b927,636,10.5134,10.5143,0.26024,Prophase: chromosomes condense,1,curious,0,0,0,initial,2,0.03653,0.08162,0.28390,0.57394,-0.41434,-0.32456,-3.45975,0.00000,0.00000,3.45975,0.00000,0.00000,-0.00000,0.00000,3.00000,0.74560,0.31297,0,2,7,0.00000,0.00000,0.17000,0.09954
20260527-224411-sentence-script-a-single-cell-sphere-wit-a6b927,642,10.6153,10.6163,0.26238,Prophase: chromosomes condense,1,curious,0,0,0,initial,2,0.04306,0.05249,0.26038,-0.31965,-0.30281,-0.39637,-3.47767,0.00000,0.00000,3.47767,0.00000,0.00000,-0.00000,0.00000,3.00000,0.74601,0.31436,0,2,7,0.00000,0.00000,0.17000,0.09554
20260527-224411-sentence-script-a-single-cell-sphere-wit-a6b927,648,10.7181,10.7190,0.26453,Prophase: chromosomes condense,1,curious,0,0,0,initial,2,0.05587,0.04778,0.25496,-0.09262,0.41519,0.27595,-3.49383,0.00000,0.00000,3.49383,0.00000,0.00000,-0.00000,0.00000,3.00000,0.74628,0.31561,0,2,7,0.00000,0.00000,0.17000,0.09151
20260527-224411-sentence-script-a-single-cell-sphere-wit-a6b927,654,10.8205,10.8215,0.26668,Prophase: chromosomes condense,1,curious,0,0,0,initial,2,0.04273,0.06042,0.24399,-0.36065,0.11833,0.09396,-3.50803,0.00000,0.00000,3.50803,0.00000,0.00000,-0.00000,0.00000,3.00000,0.74342,0.31672,0,2,7,0.00000,0.00000,0.17000,0.08751
20260527-224411-sentence-script-a-single-cell-sphere-wit-a6b927,660,10.9228,10.9238,0.26882,Prophase: chromosomes condense,1,curious,0,0,0,initial,2,0.03035,0.05680,0.25325,0.24151,-0.12327,0.15371,-3.52022,0.00000,0.00000,3.52022,0.00000,0.00000,-0.00000,0.00000,3.00000,0.74213,0.31767,0,2,7,0.00000,0.00000,0.17000,0.08353
20260527-224411-sentence-script-a-single-cell-sphere-wit-a6b927,666,11.0248,11.0258,0.27096,Prophase: chromosomes condense,1,curious,0,0,0,initial,2,0.05448,0.03804,0.24999,-0.05460,-0.09865,0.11057,-3.53038,0.00000,0.00000,3.53038,0.00000,0.00000,-0.00000,0.00000,3.00000,0.74568,0.31846,0,2,7,0.00000,0.00000,0.17000,0.07958
20260527-224411-sentence-script-a-single-cell-sphere-wit-a6b927,672,11.1231,11.1240,0.27302,Prophase: chromosomes condense,1,curious,0,0,0,initial,2,0.05713,0.00867,0.25884,0.15255,-0.54506,0.34205,-3.53821,0.00000,0.00000,3.53821,0.00000,0.00000,-0.00000,0.00000,3.00000,0.74577,0.31908,0,2,7,0.00000,0.00000,0.17000,0.07581
20260527-224411-sentence-script-a-single-cell-sphere-wit-a6b927,678,11.2204,11.2213,0.27506,Prophase: chromosomes condense,1,curious,0,0,0,initial,3,-0.04823,0.82048,-0.14977,-0.74084,0.12485,-0.23742,-3.54405,0.00000,0.00000,3.54405,0.00000,0.00000,-0.00000,0.00000,3.00000,0.74720,0.31953,0,2,8,0.00000,0.00000,0.17000,0.07210
20260527-224411-sentence-script-a-single-cell-sphere-wit-a6b927,684,11.3165,11.3174,0.27707,Prophase: chromosomes condense,1,curious,0,0,0,initial,3,-0.05868,0.83837,-0.16110,-0.46753,0.64829,-0.12710,-3.54790,0.00000,0.00000,3.54790,0.00000,0.00000,-0.00000,0.00000,3.00000,0.74759,0.31983,0,2,8,0.00000,0.00000,0.17000,0.06848
20260527-224411-sentence-script-a-single-cell-sphere-wit-a6b927,690,11.4115,11.4125,0.27906,Prophase: chromosomes condense,1,curious,0,0,0,initial,3,-0.06932,0.86760,-0.14824,-0.34475,0.54463,0.22105,-3.54978,0.00000,0.00000,3.54978,0.00000,0.00000,-0.00000,0.00000,3.00000,0.74775,0.31998,0,2,8,0.00000,0.00000,0.17000,0.06494
20260527-224411-sentence-script-a-single-cell-sphere-wit-a6b927,696,11.5058,11.5068,0.28104,Metaphase: chromosomes align at equator,1,curious,0,0,0,initial,3,-0.08605,0.87271,-0.17088,-0.66182,0.33873,-0.08391,-3.55000,0.00000,0.00000,3.55000,0.00000,0.00000,-0.00000,0.00000,3.00000,0.74821,0.32000,16,2,8,0.00000,0.00000,0.17000,0.06147
20260527-224411-sentence-script-a-single-cell-sphere-wit-a6b927,702,11.5998,11.6008,0.28301,Metaphase: chromosomes align at equator,1,curious,0,0,0,initial,3,-0.08617,0.86883,-0.14985,0.27713,0.30945,-0.11804,-3.55000,0.00000,0.00000,3.55000,0.00000,0.00000,-0.00000,0.00000,3.00000,0.74475,0.32000,16,2,8,0.00000,0.00000,0.17000,0.05805
20260527-224411-sentence-script-a-single-cell-sphere-wit-a6b927,708,11.6937,11.6947,0.28497,Metaphase: chromosomes align at equator,1,curious,0,0,0,initial,3,-0.08743,0.87972,-0.18419,-0.02822,-0.46794,-0.60827,-3.55000,0.00000,0.00000,3.55000,0.00000,0.00000,-0.00000,0.00000,3.00000,0.74251,0.32000,16,2,8,0.00000,0.00000,0.17000,0.05469
20260527-224411-sentence-script-a-single-cell-sphere-wit-a6b927,714,11.7874,11.7884,0.28694,Metaphase: chromosomes align at equator,1,curious,0,0,0,initial,3,-0.08683,0.89535,-0.18427,0.19151,-0.48464,0.21508,-3.55000,0.00000,0.00000,3.55000,0.00000,0.00000,-0.00000,0.00000,3.00000,0.73894,0.32000,16,2,8,0.00000,0.00000,0.17000,0.05140
20260527-224411-sentence-script-a-single-cell-sphere-wit-a6b927,720,11.8812,11.8821,0.28890,Metaphase: chromosomes align at equator,1,curious,0,0,0,initial,3,-0.08611,0.87934,-0.20008,-0.34437,-0.19447,0.03483,-3.55000,0.00000,0.00000,3.55000,0.00000,0.00000,-0.00000,0.00000,3.00000,0.73391,0.32000,16,2,8,0.00000,0.00000,0.17000,0.04817
20260527-224411-sentence-script-a-single-cell-sphere-wit-a6b927,726,11.9815,11.9824,0.29100,Metaphase: chromosomes align at equator,1,curious,0,0,0,initial,3,-0.07232,0.87384,-0.21614,0.26489,0.37097,-0.05865,-3.55000,0.00000,0.00000,3.55000,0.00000,0.00000,-0.00000,0.00000,3.00000,0.72678,0.32000,16,2,8,0.00000,0.00000,0.17000,0.04478
20260527-224411-sentence-script-a-single-cell-sphere-wit-a6b927,732,12.0823,12.0833,0.29312,Metaphase: chromosomes align at equator,1,curious,0,0,0,initial,3,-0.07008,0.84679,-0.23874,-0.14194,-0.50285,-0.17457,-3.55000,0.00000,0.00000,3.55000,0.00000,0.00000,-0.00000,0.00000,3.00000,0.71987,0.32000,16,2,8,0.00000,0.00000,0.17000,0.04145
20260527-224411-sentence-script-a-single-cell-sphere-wit-a6b927,738,12.1836,12.1845,0.29524,Metaphase: chromosomes align at equator,1,curious,0,0,0,initial,3,-0.05583,0.84958,-0.22043,0.07951,0.02293,0.37769,-3.55000,0.00000,0.00000,3.55000,0.00000,0.00000,-0.00000,0.00000,3.00000,0.71285,0.32000,16,2,8,0.00000,0.00000,0.17000,0.03820
20260527-224411-sentence-script-a-single-cell-sphere-wit-a6b927,744,12.2859,12.2869,0.29738,Metaphase: chromosomes align at equator,1,curious,0,0,0,initial,3,-0.07152,0.85907,-0.20815,-0.55294,-0.26639,0.26336,-3.55000,0.00000,0.00000,3.55000,0.00000,0.00000,-0.00000,0.00000,3.00000,0.71028,0.32000,16,2,8,0.00000,0.00000,0.17000,0.03501
20260527-224411-sentence-script-a-single-cell-sphere-wit-a6b927,750,12.3875,12.3885,0.29951,Metaphase: chromosomes align at equator,1,curious,0,0,0,initial,3,-0.06263,0.84164,-0.18957,0.51661,-0.39786,0.22817,-3.55000,0.00000,0.00000,3.55000,0.00000,0.00000,-0.00000,0.00000,3.00000,0.70319,0.32000,16,2,8,0.00000,0.00000,0.17000,0.03194
20260527-224411-sentence-script-a-single-cell-sphere-wit-a6b927,756,12.4903,12.4913,0.30166,Metaphase: chromosomes align at equator,1,curious,0,0,0,initial,3,-0.04338,0.84113,-0.18321,0.10004,-0.04051,0.29678,-3.55000,0.00000,0.00000,3.55000,0.00000,0.00000,-0.00000,0.00000,3.00000,0.69534,0.32000,16,2,8,0.00000,0.00000,0.17000,0.02894
20260527-224411-sentence-script-a-single-cell-sphere-wit-a6b927,762,12.5923,12.5933,0.30380,Metaphase: chromosomes align at equator,1,curious,0,0,0,initial,3,-0.05618,0.85632,-0.17095,0.38910,0.40480,-0.21058,-3.55000,0.00000,0.00000,3.55000,0.00000,0.00000,-0.00000,0.00000,3.00000,0.69172,0.32000,16,2,8,0.00000,0.00000,0.17000,0.02608
20260527-224411-sentence-script-a-single-cell-sphere-wit-a6b927,768,12.6946,12.6955,0.30594,Metaphase: chromosomes align at equator,1,curious,0,0,0,initial,3,-0.06580,0.84148,-0.15919,0.47373,-0.55413,0.18696,-3.55000,0.00000,0.00000,3.55000,0.00000,0.00000,-0.00000,0.00000,3.00000,0.68626,0.32000,16,2,8,0.00000,0.00000,0.17000,0.02333
20260527-224411-sentence-script-a-single-cell-sphere-wit-a6b927,774,12.7969,12.7979,0.30809,Metaphase: chromosomes align at equator,1,curious,0,0,0,initial,3,-0.05571,0.83981,-0.17127,0.26862,0.08905,-0.13699,-3.55000,0.00000,0.00000,3.55000,0.00000,0.00000,-0.00000,0.00000,3.00000,0.67907,0.32000,16,2,8,0.00000,0.00000,0.17000,0.02069
20260527-224411-sentence-script-a-single-cell-sphere-wit-a6b927,780,12.8991,12.9001,0.31023,Metaphase: chromosomes align at equator,1,curious,0,0,0,initial,3,-0.04171,0.83330,-0.16791,0.25437,0.36878,0.13812,-3.55000,0.00000,0.00000,3.55000,0.00000,0.00000,-0.00000,0.00000,3.00000,0.67064,0.32000,16,2,8,0.00000,0.00000,0.17000,0.01819
20260527-224411-sentence-script-a-single-cell-sphere-wit-a6b927,786,13.0002,13.0011,0.31235,Metaphase: chromosomes align at equator,1,curious,0,0,0,initial,4,0.24508,-0.36020,-0.09113,0.37265,0.30630,-0.15993,-3.55000,0.00000,0.00000,3.55000,0.00000,0.00000,-0.00000,0.00000,3.00000,0.66379,0.32000,16,2,9,0.00000,0.00000,0.17000,0.01586
20260527-224411-sentence-script-a-single-cell-sphere-wit-a6b927,792,13.1008,13.1017,0.31445,Metaphase: chromosomes align at equator,1,curious,0,0,0,initial,4,0.23335,-0.34783,-0.09444,-0.43964,0.05398,-0.23528,-3.55000,0.00000,0.00000,3.55000,0.00000,0.00000,-0.00000,0.00000,3.00000,0.65543,0.32000,16,2,9,0.00000,0.00000,0.17000,0.01367
20260527-224411-sentence-script-a-single-cell-sphere-wit-a6b927,798,13.2020,13.2030,0.31658,Metaphase: chromosomes align at equator,1,curious,0,0,0,initial,4,0.22546,-0.34849,-0.09707,-0.22803,0.25322,0.02385,-3.55000,0.00000,0.00000,3.55000,0.00000,0.00000,-0.00000,0.00000,3.00000,0.64677,0.32000,16,2,9,0.00000,0.00000,0.17000,0.01160
20260527-224411-sentence-script-a-single-cell-sphere-wit-a6b927,804,13.3035,13.3045,0.31870,Metaphase: chromosomes align at equator,1,curious,0,0,0,initial,4,0.22453,-0.37470,-0.09561,-0.13699,-0.25909,0.07585,-3.55000,0.00000,0.00000,3.55000,0.00000,0.00000,-0.00000,0.00000,3.00000,0.63770,0.32000,16,2,9,0.00000,0.00000,0.17000,0.00969
20260527-224411-sentence-script-a-single-cell-sphere-wit-a6b927,810,13.4051,13.4061,0.32083,Metaphase: chromosomes align at equator,1,curious,0,0,0,initial,4,0.20575,-0.40319,-0.08264,-0.04620,0.16449,0.38680,-3.55000,0.00000,0.00000,3.55000,0.00000,0.00000,-0.00000,0.00000,3.00000,0.62612,0.32000,16,2,9,0.00000,0.00000,0.17000,0.00792
20260527-224411-sentence-script-a-single-cell-sphere-wit-a6b927,816,13.5066,13.5076,0.32296,Metaphase: chromosomes align at equator,1,curious,0,0,0,initial,4,0.19160,-0.44906,-0.07887,0.04528,-0.09774,-0.17406,-3.55000,0.00000,0.00000,3.55000,0.00000,0.00000,-0.00000,0.00000,3.00000,0.61497,0.32000,16,2,9,0.00000,0.00000,0.17000,0.00632
20260527-224411-sentence-script-a-single-cell-sphere-wit-a6b927,822,13.6136,13.6146,0.32520,Metaphase: chromosomes align at equator,1,curious,0,0,0,initial,4,0.20345,-0.47192,-0.05501,0.31895,-0.63664,0.15733,-3.55000,0.00000,0.00000,3.55000,0.00000,0.00000,-0.00000,0.00000,3.00000,0.60868,0.32000,16,2,9,0.00000,0.00000,0.17000,0.00482
20260527-224411-sentence-script-a-single-cell-sphere-wit-a6b927,828,13.7206,13.7216,0.32744,Metaphase: chromosomes align at equator,1,curious,0,0,0,initial,4,0.21198,-0.51955,-0.04608,0.45566,-0.46339,0.18729,-3.55000,0.00000,0.00000,3.55000,0.00000,0.00000,-0.00000,0.00000,3.00000,0.60075,0.32000,16,2,9,0.00000,0.00000,0.17000,0.00350
20260527-224411-sentence-script-a-single-cell-sphere-wit-a6b927,834,13.8230,13.8240,0.32959,Metaphase: chromosomes align at equator,1,curious,0,0,0,initial,4,0.18867,-0.53646,-0.05957,-0.42081,0.06683,-0.34007,-3.55000,0.00000,0.00000,3.55000,0.00000,0.00000,-0.00000,0.00000,3.00000,0.59033,0.32000,16,2,9,0.00000,0.00000,0.17000,0.00243
20260527-224411-sentence-script-a-single-cell-sphere-wit-a6b927,840,13.9253,13.9262,0.33173,Metaphase: chromosomes align at equator,1,curious,0,0,0,initial,4,0.16680,-0.55670,-0.06378,-0.52548,0.10598,0.15050,-3.55000,0.00000,0.00000,3.55000,0.00000,0.00000,-0.00000,0.00000,3.00000,0.57971,0.32000,16,3,9,0.00000,0.00000,0.17000,0.00155
20260527-224411-sentence-script-a-single-cell-sphere-wit-a6b927,846,14.0266,14.0276,0.33385,Metaphase: chromosomes align at equator,1,curious,0,0,0,initial,4,0.17146,-0.56383,-0.05581,0.20444,0.16429,0.36445,-3.55000,0.00000,0.00000,3.55000,0.00000,0.00000,-0.00000,0.00000,3.00000,0.57276,0.32000,16,3,9,0.00000,0.00000,0.17000,0.00086
20260527-224411-sentence-script-a-single-cell-sphere-wit-a6b927,852,14.1274,14.1283,0.33596,Metaphase: chromosomes align at equator,1,curious,0,0,0,initial,4,0.18925,-0.59493,-0.05748,0.07581,-0.41056,0.22655,-3.55000,0.00000,0.00000,3.55000,0.00000,0.00000,-0.00000,0.00000,3.00000,0.56621,0.32000,16,3,9,0.00000,0.00000,0.17000,0.00038
20260527-224411-sentence-script-a-single-cell-sphere-wit-a6b927,858,14.2285,14.2295,0.33808,Metaphase: chromosomes align at equator,1,curious,0,0,0,initial,4,0.17592,-0.61347,-0.05315,-0.24714,-0.53853,-0.26718,-3.55000,0.00000,0.00000,3.55000,0.00000,0.00000,-0.00000,0.00000,3.00000,0.55599,0.32000,16,3,9,0.00000,0.00000,0.17000,0.00009
20260527-224411-sentence-script-a-single-cell-sphere-wit-a6b927,864,14.3297,14.3306,0.34020,Metaphase: chromosomes align at equator,1,curious,0,0,0,initial,4,0.17084,-0.63721,-0.05112,-0.23905,-0.87245,0.20399,-3.55000,0.00000,0.00000,3.55000,0.00000,0.00000,-0.00000,0.00000,3.00000,0.54628,0.32000,16,3,9,0.00000,0.00000,0.17000,0.00000
20260527-224411-sentence-script-a-single-cell-sphere-wit-a6b927,870,14.4306,14.4316,0.34232,Metaphase: chromosomes align at equator,1,curious,0,0,0,initial,4,0.16762,-0.66752,-0.02486,-0.14338,-0.23516,0.57573,-3.55000,0.00000,0.00000,3.55000,0.00000,0.00000,-0.00000,0.00000,3.00000,0.53618,0.32000,16,3,9,0.00000,0.00000,0.17000,0.00000
20260527-224411-sentence-script-a-single-cell-sphere-wit-a6b927,876,14.5318,14.5327,0.34444,Metaphase: chromosomes align at equator,1,curious,0,0,0,initial,4,0.16886,-0.69952,-0.01317,-0.33823,-0.31847,0.54794,-3.55000,0.00000,0.00000,3.55000,0.00000,0.00000,-0.00000,0.00000,3.00000,0.52626,0.32000,16,3,9,0.00000,0.00000,0.17000,0.00000
20260527-224411-sentence-script-a-single-cell-sphere-wit-a6b927,882,14.6334,14.6343,0.34657,Metaphase: chromosomes align at equator,1,curious,0,0,0,initial,4,0.13720,-0.73081,0.00378,0.04332,-0.55101,-0.00439,-3.55000,0.00000,0.00000,3.55000,0.00000,0.00000,-0.00000,0.00000,3.00000,0.51191,0.32000,16,3,9,0.00000,0.00000,0.17000,0.00000
20260527-224411-sentence-script-a-single-cell-sphere-wit-a6b927,888,14.7351,14.7360,0.34870,Metaphase: chromosomes align at equator,1,curious,0,0,0,initial,4,0.13041,-0.75593,-0.01546,-0.28696,-0.71633,-0.33387,-3.55000,0.00000,0.00000,3.55000,0.00000,0.00000,-0.00000,0.00000,3.00000,0.50061,0.32000,16,3,9,0.00000,0.00000,0.17000,0.00000
20260527-224411-sentence-script-a-single-cell-sphere-wit-a6b927,894,14.8367,14.8377,0.35083,Metaphase: chromosomes align at equator,1,curious,0,0,0,initial,5,0.22115,-0.40686,-0.00972,-0.18084,-0.02635,0.06453,-3.55000,0.00000,0.00000,3.55000,0.00000,0.00000,-0.00000,0.00000,3.00000,0.48722,0.32000,16,3,10,0.00000,0.00000,0.17000,0.00000
20260527-224411-sentence-script-a-single-cell-sphere-wit-a6b927,900,14.9385,14.9395,0.35272,Metaphase: chromosomes align at equator,1,careful,0,0,0,initial,5,0.20289,-0.39950,-0.03672,-0.00912,-0.07156,-0.18651,-3.55000,0.00000,0.00000,3.55000,0.00000,0.00000,-0.00000,0.00000,3.00000,0.47158,0.32000,16,3,10,0.00000,0.00000,0.17512,0.00000
20260527-224411-sentence-script-a-single-cell-sphere-wit-a6b927,906,15.0393,15.0403,0.35435,Metaphase: chromosomes align at equator,1,careful,0,0,0,initial,5,0.20172,-0.40644,-0.05522,-0.01325,-0.06690,-0.18122,-3.55000,0.00000,0.00000,3.55000,0.00000,0.00000,-0.00000,0.00000,3.00000,0.45686,0.32000,16,3,10,0.00000,0.00000,0.17566,0.00000
20260527-224411-sentence-script-a-single-cell-sphere-wit-a6b927,912,15.1403,15.1412,0.35598,Metaphase: chromosomes align at equator,1,careful,0,0,0,initial,5,0.20016,-0.41295,-0.07321,-0.01691,-0.06278,-0.17612,-3.55000,0.00000,0.00000,3.55000,0.00000,0.00000,-0.00000,0.00000,3.00000,0.44224,0.32000,16,3,10,0.00000,0.00000,0.17595,0.00000
20260527-224411-sentence-script-a-single-cell-sphere-wit-a6b927,918,15.2408,15.2418,0.35761,Metaphase: chromosomes align at equator,1,careful,0,0,0,initial,5,0.19826,-0.41905,-0.09064,-0.02028,-0.05921,-0.17135,-3.55000,0.00000,0.00000,3.55000,0.00000,0.00000,-0.00000,0.00000,3.00000,0.42779,0.32000,16,3,10,0.00000,0.00000,0.17598,0.00000
20260527-224411-sentence-script-a-single-cell-sphere-wit-a6b927,924,15.3414,15.3424,0.35924,Metaphase: chromosomes align at equator,1,careful,0,0,0,initial,5,0.19604,-0.42482,-0.10760,-0.02347,-0.05612,-0.16690,-3.55000,0.00000,0.00000,3.55000,0.00000,0.00000,-0.00000,0.00000,3.00000,0.41344,0.32000,16,3,10,0.00000,0.00000,0.17573,0.00000
20260527-224411-sentence-script-a-single-cell-sphere-wit-a6b927,930,15.4419,15.4429,0.36087,Metaphase: chromosomes align at equator,1,careful,0,0,0,initial,5,0.19350,-0.43030,-0.12414,-0.02655,-0.05351,-0.16283,-3.55000,0.00000,0.00000,3.55000,0.00000,0.00000,-0.00000,0.00000,3.00000,0.39922,0.32000,16,3,10,0.00000,0.00000,0.17524,0.00000
20260527-224411-sentence-script-a-single-cell-sphere-wit-a6b927,936,15.5424,15.5433,0.36249,Metaphase: chromosomes align at equator,1,careful,0,0,0,initial,5,0.19065,-0.43555,-0.14028,-0.02957,-0.05133,-0.15915,-3.55000,0.00000,0.00000,3.55000,0.00000,0.00000,-0.00000,0.00000,3.00000,0.38510,0.32000,16,3,10,0.00000,0.00000,0.17455,0.00000
20260527-224411-sentence-script-a-single-cell-sphere-wit-a6b927,942,15.6429,15.6438,0.36412,Metaphase: chromosomes align at equator,1,careful,0,0,0,initial,5,0.18750,-0.44060,-0.15608,-0.03257,-0.04955,-0.15588,-3.55000,0.00000,0.00000,3.55000,0.00000,0.00000,-0.00000,0.00000,3.00000,0.37110,0.32000,16,3,10,0.00000,0.00000,0.17372,0.00000
20260527-224411-sentence-script-a-single-cell-sphere-wit-a6b927,948,15.7432,15.7441,0.36575,Metaphase: chromosomes align at equator,1,careful,0,0,0,initial,5,0.18406,-0.44548,-0.17154,-0.03555,-0.04815,-0.15300,-3.55000,0.00000,0.00000,3.55000,0.00000,0.00000,-0.00000,0.00000,3.00000,0.35722,0.32000,16,3,10,0.00000,0.00000,0.17283,0.00000
20260527-224411-sentence-script-a-single-cell-sphere-wit-a6b927,954,15.8437,15.8447,0.36737,Metaphase: chromosomes align at equator,1,careful,0,0,0,initial,5,0.18031,-0.45026,-0.18678,-0.03852,-0.04709,-0.15050,-3.55000,0.00000,0.00000,3.55000,0.00000,0.00000,-0.00000,0.00000,3.00000,0.34343,0.32000,16,3,10,0.00000,0.00000,0.17194,0.00000
20260527-224411-sentence-script-a-single-cell-sphere-wit-a6b927,960,15.9442,15.9451,0.36900,Metaphase: chromosomes align at equator,1,careful,0,0,0,initial,5,0.17627,-0.45494,-0.20177,-0.04148,-0.04634,-0.14839,-3.55000,0.00000,0.00000,3.55000,0.00000,0.00000,-0.00000,0.00000,3.00000,0.32975,0.32000,16,3,10,0.00000,0.00000,0.17116,0.00000
20260527-224411-sentence-script-a-single-cell-sphere-wit-a6b927,966,16.0448,16.0458,0.37063,Metaphase: chromosomes align at equator,1,careful,0,0,0,initial,5,0.17192,-0.45958,-0.21659,-0.04440,-0.04588,-0.14661,-3.55000,0.00000,0.00000,3.55000,0.00000,0.00000,-0.00000,0.00000,3.00000,0.31617,0.32000,16,3,10,0.00000,0.00000,0.17054,0.00000
20260527-224411-sentence-script-a-single-cell-sphere-wit-a6b927,972,16.1454,16.1463,0.37226,Metaphase: chromosomes align at equator,1,careful,0,0,0,initial,5,0.16729,-0.46417,-0.23125,-0.04726,-0.04566,-0.14515,-3.55000,0.00000,0.00000,3.55000,0.00000,0.00000,-0.00000,0.00000,3.00000,0.30272,0.32000,16,3,10,0.00000,0.00000,0.17014,0.00000
20260527-224411-sentence-script-a-single-cell-sphere-wit-a6b927,978,16.2463,16.2473,0.37389,Metaphase: chromosomes align at equator,1,careful,0,0,0,initial,5,0.16235,-0.46878,-0.24583,-0.05005,-0.04567,-0.14398,-3.55000,0.00000,0.00000,3.55000,0.00000,0.00000,-0.00000,0.00000,3.00000,0.28934,0.32000,16,3,10,0.00000,0.00000,0.17000,0.00000
20260527-224411-sentence-script-a-single-cell-sphere-wit-a6b927,984,16.3542,16.3552,0.37564,Metaphase: chromosomes align at equator,1,careful,0,0,0,initial,5,0.15679,-0.47371,-0.26128,-0.05251,-0.04563,-0.14235,-3.55000,0.00000,0.00000,3.55000,0.00000,0.00000,-0.00000,0.00000,3.00000,0.27521,0.32000,16,3,10,0.00000,0.00000,0.17014,0.00000
20260527-224411-sentence-script-a-single-cell-sphere-wit-a6b927,990,16.4610,16.4619,0.37737,Metaphase: chromosomes align at equator,1,careful,0,0,0,initial,5,0.15098,-0.47863,-0.27649,-0.05557,-0.04629,-0.14234,-3.55000,0.00000,0.00000,3.55000,0.00000,0.00000,-0.00000,0.00000,3.00000,0.26137,0.32000,16,3,10,0.00000,0.00000,0.17059,0.00000
20260527-224411-sentence-script-a-single-cell-sphere-wit-a6b927,996,16.5631,16.5641,0.37902,Metaphase: chromosomes align at equator,1,careful,0,0,0,initial,5,0.14516,-0.48339,-0.29100,-0.05794,-0.04680,-0.14186,-3.55000,0.00000,0.00000,3.55000,0.00000,0.00000,-0.00000,0.00000,3.00000,0.24826,0.32000,16,3,10,0.00000,0.00000,0.17125,0.00000
20260527-224411-sentence-script-a-single-cell-sphere-wit-a6b927,1002,16.6652,16.6661,0.38067,Metaphase: chromosomes align at equator,1,careful,0,0,0,initial,6,0.07585,-0.32413,-1.10390,-0.05404,0.17603,-0.23349,-3.55000,0.00000,0.00000,3.55000,0.00000,0.00000,-0.00000,0.00000,3.00000,0.23531,0.32000,16,3,11,0.00000,0.00000,0.17206,0.00000
20260527-224411-sentence-script-a-single-cell-sphere-wit-a6b927,1008,16.7668,16.7678,0.38232,Metaphase: chromosomes align at equator,1,careful,0,0,0,initial,6,0.07047,-0.30644,-1.12755,-0.05211,0.17259,-0.23210,-3.55000,0.00000,0.00000,3.55000,0.00000,0.00000,-0.00000,0.00000,3.00000,0.22257,0.32000,16,3,11,0.00000,0.00000,0.17296,0.00000
20260527-224411-sentence-script-a-single-cell-sphere-wit-a6b927,1014,16.8683,16.8693,0.38396,Metaphase: chromosomes align at equator,1,careful,0,0,0,initial,6,0.06530,-0.28911,-1.15102,-0.05006,0.16933,-0.23044,-3.55000,0.00000,0.00000,3.55000,0.00000,0.00000,-0.00000,0.00000,3.00000,0.21000,0.32000,16,3,11,0.00000,0.00000,0.17386,0.00000
20260527-224411-sentence-script-a-single-cell-sphere-wit-a6b927,1020,16.9700,16.9709,0.38561,Metaphase: chromosomes align at equator,1,careful,0,0,0,initial,6,0.06034,-0.27208,-1.17433,-0.04793,0.16623,-0.22852,-3.55000,0.00000,0.00000,3.55000,0.00000,0.00000,-0.00000,0.00000,3.00000,0.19758,0.32000,16,3,11,0.00000,0.00000,0.17469,0.00000
20260527-224411-sentence-script-a-single-cell-sphere-wit-a6b927,1026,17.0709,17.0719,0.38724,Metaphase: chromosomes align at equator,1,careful,0,0,0,initial,6,0.05562,-0.25547,-1.19728,-0.04579,0.16338,-0.22645,-3.55000,0.00000,0.00000,3.55000,0.00000,0.00000,-0.00000,0.00000,3.00000,0.18541,0.32000,16,3,11,0.00000,0.00000,0.17535,0.00000
20260527-224411-sentence-script-a-single-cell-sphere-wit-a6b927,1032,17.1713,17.1722,0.38887,Metaphase: chromosomes align at equator,1,careful,0,0,0,initial,6,0.05115,-0.23924,-1.21987,-0.04365,0.16064,-0.22410,-3.55000,0.00000,0.00000,3.55000,0.00000,0.00000,-0.00000,0.00000,3.00000,0.17347,0.32000,16,3,11,0.00000,0.00000,0.17580,0.00000
20260527-224411-sentence-script-a-single-cell-sphere-wit-a6b927,1038,17.2718,17.2728,0.39049,Metaphase: chromosomes align at equator,1,careful,0,0,0,initial,6,0.04689,-0.22325,-1.24224,-0.04153,0.15803,-0.22149,-3.55000,0.00000,0.00000,3.55000,0.00000,0.00000,-0.00000,0.00000,3.00000,0.16169,0.32000,16,3,11,0.00000,0.00000,0.17599,0.00000
20260527-224411-sentence-script-a-single-cell-sphere-wit-a6b927,1044,17.3726,17.3736,0.39213,Metaphase: chromosomes align at equator,1,careful,0,0,0,initial,6,0.04282,-0.20746,-1.26441,-0.03946,0.15553,-0.21866,-3.55000,0.00000,0.00000,3.55000,0.00000,0.00000,-0.00000,0.00000,3.00000,0.15006,0.32000,16,3,11,0.00000,0.00000,0.17592,0.00000
20260527-224411-sentence-script-a-single-cell-sphere-wit-a6b927,1050,17.4735,17.4745,0.39376,Metaphase: chromosomes align at equator,1,careful,0,0,0,initial,6,0.03896,-0.19191,-1.28629,-0.03747,0.15314,-0.21563,-3.55000,0.00000,0.00000,3.55000,0.00000,0.00000,-0.00000,0.00000,3.00000,0.13859,0.32000,16,3,11,0.00000,0.00000,0.17558,0.00000
20260527-224411-sentence-script-a-single-cell-sphere-wit-a6b927,1056,17.5747,17.5757,0.39540,Metaphase: chromosomes align at equator,1,careful,0,0,0,initial,6,0.03528,-0.17655,-1.30792,-0.03556,0.15082,-0.21238,-3.55000,0.00000,0.00000,3.55000,0.00000,0.00000,-0.00000,0.00000,3.00000,0.12728,0.32000,16,3,11,0.00000,0.00000,0.17500,0.00000
20260527-224411-sentence-script-a-single-cell-sphere-wit-a6b927,1062,17.6762,17.6772,0.39704,Metaphase: chromosomes align at equator,1,careful,0,0,0,initial,6,0.03178,-0.16137,-1.32928,-0.03378,0.14858,-0.20896,-3.55000,0.00000,0.00000,3.55000,0.00000,0.00000,-0.00000,0.00000,3.00000,0.11611,0.32000,16,3,11,0.00000,0.00000,0.17424,0.00000
20260527-224411-sentence-script-a-single-cell-sphere-wit-a6b927,1068,17.7778,17.7787,0.39869,Metaphase: chromosomes align at equator,1,careful,0,0,0,initial,6,0.02845,-0.14641,-1.35029,-0.03212,0.14640,-0.20538,-3.55000,0.00000,0.00000,3.55000,0.00000,0.00000,-0.00000,0.00000,3.00000,0.10514,0.32000,16,3,11,0.00000,0.00000,0.17336,0.00000
20260527-224411-sentence-script-a-single-cell-sphere-wit-a6b927,1074,17.8794,17.8804,0.40033,Metaphase: chromosomes align at equator,1,careful,0,0,0,initial,6,0.02527,-0.13166,-1.37095,-0.03059,0.14423,-0.20162,-3.55000,0.00000,0.00000,3.55000,0.00000,0.00000,-0.00000,0.00000,3.00000,0.09435,0.32000,16,3,11,0.00000,0.00000,0.17245,0.00000
20260527-224411-sentence-script-a-single-cell-sphere-wit-a6b927,1080,17.9811,17.9821,0.40198,Metaphase: chromosomes align at equator,1,careful,0,0,0,initial,6,0.02225,-0.11712,-1.39122,-0.02922,0.14211,-0.19776,-3.55000,0.00000,0.00000,3.55000,0.00000,0.00000,-0.00000,0.00000,3.00000,0.08375,0.32000,16,3,11,0.00000,0.00000,0.17159,0.00000
20260527-224411-sentence-script-a-single-cell-sphere-wit-a6b927,1086,18.0819,18.0828,0.40361,Metaphase: chromosomes align at equator,1,careful,0,0,0,initial,6,0.01938,-0.10292,-1.41092,-0.02801,0.14006,-0.19391,-3.55000,0.00000,0.00000,3.55000,0.00000,0.00000,-0.00000,0.00000,3.00000,0.07344,0.32000,16,3,11,0.00000,0.00000,0.17087,0.00000
20260527-224411-sentence-script-a-single-cell-sphere-wit-a6b927,1092,18.1819,18.1828,0.40523,Metaphase: chromosomes align at equator,1,careful,0,0,0,initial,6,0.01664,-0.08904,-1.43008,-0.02693,0.13794,-0.18987,-3.55000,0.00000,0.00000,3.55000,0.00000,0.00000,-0.00000,0.00000,3.00000,0.06340,0.32000,16,3,11,0.00000,0.00000,0.17034,0.00000
20260527-224411-sentence-script-a-single-cell-sphere-wit-a6b927,1098,18.2822,18.2832,0.40685,Metaphase: chromosomes align at equator,1,careful,0,0,0,initial,6,0.01399,-0.07533,-1.44889,-0.02597,0.13576,-0.18572,-3.55000,0.00000,0.00000,3.55000,0.00000,0.00000,-0.00000,0.00000,3.00000,0.05352,0.32000,16,3,11,0.00000,0.00000,0.17005,0.00000
20260527-224411-sentence-script-a-single-cell-sphere-wit-a6b927,1104,18.3828,18.3838,0.40848,Metaphase: chromosomes align at equator,1,careful,0,0,0,initial,6,0.01143,-0.06180,-1.46733,-0.02514,0.13350,-0.18147,-3.55000,0.00000,0.00000,3.55000,0.00000,0.00000,-0.00000,0.00000,3.00000,0.04381,0.32000,16,3,11,0.00000,0.00000,0.17002,0.00000
20260527-224411-sentence-script-a-single-cell-sphere-wit-a6b927,1110,18.4836,18.4845,0.41011,Metaphase: chromosomes align at equator,1,careful,0,0,0,initial,6,0.00894,-0.04848,-1.48535,-0.02441,0.13120,-0.17716,-3.55000,0.00000,0.00000,3.55000,0.00000,0.00000,-0.00000,0.00000,3.00000,0.03431,0.32000,16,3,11,0.00000,0.00000,0.17027,0.00000
20260527-224411-sentence-script-a-single-cell-sphere-wit-a6b927,1116,18.5845,18.5855,0.41175,Metaphase: chromosomes align at equator,1,careful,0,0,0,initial,6,0.00652,-0.03538,-1.50297,-0.02379,0.12881,-0.17279,-3.55000,0.00000,0.00000,3.55000,0.00000,0.00000,-0.00000,0.00000,3.00000,0.02499,0.32000,16,3,11,0.00000,0.00000,0.17076,0.00000
20260527-224411-sentence-script-a-single-cell-sphere-wit-a6b927,1122,18.6854,18.6863,0.41338,Metaphase: chromosomes align at equator,1,careful,0,0,0,initial,6,0.00415,-0.02253,-1.52015,-0.02325,0.12632,-0.16836,-3.55000,0.00000,0.00000,3.55000,0.00000,0.00000,-0.00000,0.00000,3.00000,0.01588,0.32000,16,3,11,0.00000,0.00000,0.17146,0.00000
20260527-224411-sentence-script-a-single-cell-sphere-wit-a6b927,1128,18.7866,18.7875,0.41502,Metaphase: chromosomes align at equator,1,careful,0,0,0,initial,6,0.00182,-0.00990,-1.53692,-0.02277,0.12370,-0.16384,-3.55000,0.00000,0.00000,3.55000,0.00000,0.00000,-0.00000,0.00000,3.00000,0.00697,0.32000,16,3,11,0.00000,0.00000,0.17230,0.00000
20260527-224411-sentence-script-a-single-cell-sphere-wit-a6b927,1134,18.8881,18.8891,0.41666,Metaphase: chromosomes align at equator,1,careful,0,0,0,initial,6,0.00000,-0.00000,-1.55000,0.00000,0.00000,0.00000,-3.55000,0.00000,0.00000,3.55000,0.00000,0.00000,-0.00000,0.00000,3.00000,0.00000,0.32000,16,3,11,0.00000,0.00000,0.17320,0.00000
20260527-224411-sentence-script-a-single-cell-sphere-wit-a6b927,1140,18.9896,18.9905,0.41831,Metaphase: chromosomes align at equator,1,careful,0,0,0,initial,6,0.00000,-0.00000,-1.55000,0.00000,0.00000,0.00000,-3.55000,0.00000,0.00000,3.55000,0.00000,0.00000,-0.00000,0.00000,3.00000,0.00000,0.32000,16,3,11,0.00000,0.00000,0.17409,0.00000
20260527-224411-sentence-script-a-single-cell-sphere-wit-a6b927,1146,19.0904,19.0914,0.41994,Metaphase: chromosomes align at equator,1,careful,0,0,0,initial,7,0.00000,0.60104,-0.60104,0.00000,0.00000,0.00000,-3.55000,0.00000,0.00000,3.55000,0.00000,0.00000,-0.00000,0.00000,3.00000,0.00000,0.32000,16,3,12,0.00000,0.00000,0.17488,0.00000
20260527-224411-sentence-script-a-single-cell-sphere-wit-a6b927,1152,19.1917,19.1927,0.42158,Metaphase: chromosomes align at equator,1,careful,0,0,0,initial,7,0.00000,0.60104,-0.60104,0.00000,0.00000,0.00000,-3.55000,0.00000,0.00000,3.55000,0.00000,0.00000,-0.00000,0.00000,3.00000,0.00000,0.32000,16,3,12,0.00000,0.00000,0.17549,0.00000
20260527-224411-sentence-script-a-single-cell-sphere-wit-a6b927,1158,19.2984,19.2994,0.42331,Metaphase: chromosomes align at equator,1,careful,0,0,0,initial,7,0.00000,0.60104,-0.60104,0.00000,0.00000,0.00000,-3.55000,0.00000,0.00000,3.55000,0.00000,0.00000,-0.00000,0.00000,3.00000,0.00000,0.32000,16,3,12,0.00000,0.00000,0.17589,0.00000
20260527-224411-sentence-script-a-single-cell-sphere-wit-a6b927,1164,19.4007,19.4016,0.42496,Metaphase: chromosomes align at equator,1,careful,0,0,0,initial,7,0.00000,0.60104,-0.60104,0.00000,0.00000,0.00000,-3.55000,0.00000,0.00000,3.55000,0.00000,0.00000,-0.00000,0.00000,3.00000,0.00000,0.32000,16,3,12,0.00000,0.00000,0.17600,0.00000
20260527-224411-sentence-script-a-single-cell-sphere-wit-a6b927,1170,19.5029,19.5038,0.42662,Metaphase: chromosomes align at equator,1,careful,0,0,0,initial,7,0.00000,0.60104,-0.60104,0.00000,0.00000,0.00000,-3.55000,0.00000,0.00000,3.55000,0.00000,0.00000,-0.00000,0.00000,3.00000,0.00000,0.32000,16,3,12,0.00000,0.00000,0.17583,0.00000
20260527-224411-sentence-script-a-single-cell-sphere-wit-a6b927,1176,19.6047,19.6057,0.42827,Metaphase: chromosomes align at equator,1,careful,0,0,0,initial,7,0.00000,0.60104,-0.60104,0.00000,0.00000,0.00000,-3.55000,0.00000,0.00000,3.55000,0.00000,0.00000,-0.00000,0.00000,3.00000,0.00000,0.32000,16,3,12,0.00000,0.00000,0.17539,0.00000
20260527-224411-sentence-script-a-single-cell-sphere-wit-a6b927,1182,19.7064,19.7074,0.42991,Metaphase: chromosomes align at equator,1,careful,0,0,0,initial,7,0.00000,0.60104,-0.60104,0.00000,0.00000,0.00000,-3.55000,0.00000,0.00000,3.55000,0.00000,0.00000,-0.00000,0.00000,3.00000,0.00000,0.32000,16,3,12,0.00000,0.00000,0.17474,0.00000
20260527-224411-sentence-script-a-single-cell-sphere-wit-a6b927,1188,19.8088,19.8097,0.43157,Metaphase: chromosomes align at equator,1,careful,0,0,0,initial,7,0.00000,0.60104,-0.60104,0.00000,0.00000,0.00000,-3.55000,0.00000,0.00000,3.55000,0.00000,0.00000,-0.00000,0.00000,3.00000,0.00000,0.32000,16,3,12,0.00000,0.00000,0.17392,0.00000
20260527-224411-sentence-script-a-single-cell-sphere-wit-a6b927,1194,19.9106,19.9116,0.43322,Metaphase: chromosomes align at equator,1,careful,0,0,0,initial,7,0.00000,0.60104,-0.60104,0.00000,0.00000,0.00000,-3.55000,0.00000,0.00000,3.55000,0.00000,0.00000,-0.00000,0.00000,3.00000,0.00000,0.32000,16,3,12,0.00000,0.00000,0.17302,0.00000
20260527-224411-sentence-script-a-single-cell-sphere-wit-a6b927,1200,20.0124,20.0134,0.43487,Metaphase: chromosomes align at equator,1,careful,0,0,0,initial,7,0.00000,0.60104,-0.60104,0.00000,0.00000,0.00000,-3.55000,0.00000,0.00000,3.55000,0.00000,0.00000,-0.00000,0.00000,3.00000,0.00000,0.32000,16,3,12,0.00000,0.00000,0.17212,0.00000
20260527-224411-sentence-script-a-single-cell-sphere-wit-a6b927,1206,20.1134,20.1143,0.43650,Metaphase: chromosomes align at equator,1,careful,0,0,0,initial,7,0.00000,0.60104,-0.60104,0.00000,0.00000,0.00000,-3.55000,0.00000,0.00000,3.55000,0.00000,0.00000,-0.00000,0.00000,3.00000,0.00000,0.32000,16,3,12,0.00000,0.00000,0.17130,0.00000
20260527-224411-sentence-script-a-single-cell-sphere-wit-a6b927,1212,20.2139,20.2149,0.43813,Metaphase: chromosomes align at equator,1,careful,0,0,0,initial,7,0.00000,0.60104,-0.60104,0.00000,0.00000,0.00000,-3.55000,0.00000,0.00000,3.55000,0.00000,0.00000,-0.00000,0.00000,3.00000,0.00000,0.32000,16,3,12,0.00000,0.00000,0.17064,0.00000
20260527-224411-sentence-script-a-single-cell-sphere-wit-a6b927,1218,20.3146,20.3156,0.43976,Metaphase: chromosomes align at equator,1,careful,0,0,0,initial,7,0.00000,0.60104,-0.60104,0.00000,0.00000,0.00000,-3.55000,0.00000,0.00000,3.55000,0.00000,0.00000,-0.00000,0.00000,3.00000,0.00000,0.32000,16,3,12,0.00000,0.00000,0.17020,0.00000
20260527-224411-sentence-script-a-single-cell-sphere-wit-a6b927,1224,20.4156,20.4166,0.44139,Metaphase: chromosomes align at equator,1,careful,0,0,0,initial,7,0.00000,0.60104,-0.60104,0.00000,0.00000,0.00000,-3.55000,0.00000,0.00000,3.55000,0.00000,0.00000,-0.00000,0.00000,3.00000,0.00000,0.32000,16,3,12,0.00000,0.00000,0.17001,0.00000
20260527-224411-sentence-script-a-single-cell-sphere-wit-a6b927,1230,20.5169,20.5179,0.44303,Metaphase: chromosomes align at equator,1,careful,0,0,0,initial,7,0.00000,0.60104,-0.60104,0.00000,0.00000,0.00000,-3.55000,0.00000,0.00000,3.55000,0.00000,0.00000,-0.00000,0.00000,3.00000,0.00000,0.32000,16,3,12,0.00000,0.00000,0.17009,0.00000
20260527-224411-sentence-script-a-single-cell-sphere-wit-a6b927,1236,20.6183,20.6193,0.44468,Metaphase: chromosomes align at equator,1,careful,0,0,0,initial,7,0.00000,0.60104,-0.60104,0.00000,0.00000,0.00000,-3.55000,0.00000,0.00000,3.55000,0.00000,0.00000,-0.00000,0.00000,3.00000,0.00000,0.32000,16,3,12,0.00000,0.00000,0.17044,0.00000
20260527-224411-sentence-script-a-single-cell-sphere-wit-a6b927,1242,20.7196,20.7206,0.44632,Metaphase: chromosomes align at equator,1,careful,0,0,0,initial,7,0.00000,0.60104,-0.60104,0.00000,0.00000,0.00000,-3.55000,0.00000,0.00000,3.55000,0.00000,0.00000,-0.00000,0.00000,3.00000,0.00000,0.32000,16,3,12,0.00000,0.00000,0.17102,0.00000
20260527-224411-sentence-script-a-single-cell-sphere-wit-a6b927,1248,20.8211,20.8221,0.44796,Metaphase: chromosomes align at equator,1,careful,0,0,0,initial,7,0.00000,0.60104,-0.60104,0.00000,0.00000,0.00000,-3.55000,0.00000,0.00000,3.55000,0.00000,0.00000,-0.00000,0.00000,3.00000,0.00000,0.32000,16,3,12,0.00000,0.00000,0.17179,0.00000
20260527-224411-sentence-script-a-single-cell-sphere-wit-a6b927,1254,20.9225,20.9235,0.44960,Metaphase: chromosomes align at equator,1,careful,0,0,0,initial,7,0.00000,0.60104,-0.60104,0.00000,0.00000,0.00000,-3.55000,0.00000,0.00000,3.55000,0.00000,0.00000,-0.00000,0.00000,3.00000,0.00000,0.32000,16,3,12,0.00000,0.00000,0.17266,0.00000
20260527-224411-sentence-script-a-single-cell-sphere-wit-a6b927,1260,21.0242,21.0252,0.45125,Metaphase: chromosomes align at equator,1,careful,0,0,0,initial,7,0.00000,0.60104,-0.60104,0.00000,0.00000,0.00000,-3.55000,0.00000,0.00000,3.55000,0.00000,0.00000,-0.00000,0.00000,3.00000,0.00000,0.32000,16,3,12,0.00000,0.00000,0.17357,0.00000
20260527-224411-sentence-script-a-single-cell-sphere-wit-a6b927,1266,21.1253,21.1262,0.45288,Metaphase: chromosomes align at equator,1,careful,0,0,0,initial,7,0.00000,0.60104,-0.60104,0.00000,0.00000,0.00000,-3.55000,0.00000,0.00000,3.55000,0.00000,0.00000,-0.00000,0.00000,3.00000,0.00000,0.32000,16,3,12,0.00000,0.00000,0.17443,0.00000
20260527-224411-sentence-script-a-single-cell-sphere-wit-a6b927,1272,21.2263,21.2273,0.45452,Metaphase: chromosomes align at equator,1,careful,0,0,0,initial,7,0.00000,0.60104,-0.60104,0.00000,0.00000,0.00000,-3.55000,0.00000,0.00000,3.55000,0.00000,0.00000,-0.00000,0.00000,3.00000,0.00000,0.32000,16,3,12,0.00000,0.00000,0.17515,0.00000
20260527-224411-sentence-script-a-single-cell-sphere-wit-a6b927,1278,21.3275,21.3285,0.45616,Metaphase: chromosomes align at equator,1,careful,0,0,0,initial,7,0.00000,0.60104,-0.60104,0.00000,0.00000,0.00000,-3.55000,0.00000,0.00000,3.55000,0.00000,0.00000,-0.00000,0.00000,3.00000,0.00000,0.32000,16,3,12,0.00000,0.00000,0.17568,0.00000
20260527-224411-sentence-script-a-single-cell-sphere-wit-a6b927,1284,21.4288,21.4297,0.45780,Metaphase: chromosomes align at equator,1,careful,0,0,0,initial,0,-0.00000,1.55000,0.00000,0.00000,0.00000,-0.00000,-3.55000,0.00000,0.00000,3.55000,0.00000,0.00000,-0.00000,0.00000,3.00000,0.00000,0.32000,16,3,13,0.00000,0.00000,0.17596,0.00000
20260527-224411-sentence-script-a-single-cell-sphere-wit-a6b927,1290,21.5301,21.5311,0.45944,Metaphase: chromosomes align at equator,1,careful,0,0,0,initial,0,-0.00000,1.55000,0.00000,0.00000,0.00000,-0.00000,-3.55000,0.00000,0.00000,3.55000,0.00000,0.00000,-0.00000,0.00000,3.00000,0.00000,0.32000,16,3,13,0.00000,0.00000,0.17597,0.00000
20260527-224411-sentence-script-a-single-cell-sphere-wit-a6b927,1296,21.6317,21.6327,0.46163,Anaphase: spindle fibers pull chromatids apart,1,orbit,0,0,0,initial,0,-0.00000,1.54987,0.00000,0.00000,-0.00331,-0.00000,-3.55000,0.00000,0.00000,3.55000,0.00000,0.00000,-0.00000,0.00000,3.00000,0.00003,0.32062,16,3,13,0.00000,0.00000,0.17600,0.00000
20260527-224411-sentence-script-a-single-cell-sphere-wit-a6b927,1302,21.7342,21.7351,0.46412,Anaphase: spindle fibers pull chromatids apart,1,orbit,0,0,0,initial,0,-0.00000,1.54919,0.00000,0.00000,-0.00897,-0.00000,-3.55000,0.00000,0.00000,3.55000,0.00000,0.00000,-0.00000,0.00000,3.00000,0.00022,0.32393,16,3,13,0.00000,0.00000,0.17600,0.00000
20260527-224411-sentence-script-a-single-cell-sphere-wit-a6b927,1308,21.8359,21.8368,0.46659,Anaphase: spindle fibers pull chromatids apart,1,orbit,0,0,0,initial,0,-0.00000,1.54796,0.00000,0.00000,-0.01446,-0.00000,-3.55000,0.00000,0.00000,3.55000,0.00000,0.00000,-0.00000,0.00000,3.00000,0.00055,0.32997,16,3,13,0.00000,0.00000,0.17600,0.00000
20260527-224411-sentence-script-a-single-cell-sphere-wit-a6b927,1314,21.9379,21.9388,0.46907,Anaphase: spindle fibers pull chromatids apart,1,orbit,0,0,0,initial,0,-0.00000,1.54616,0.00000,0.00000,-0.01984,-0.00000,-3.55000,0.00000,0.00000,3.55000,0.00000,0.00000,-0.00000,0.00000,3.00000,0.00104,0.33873,16,3,13,0.00000,0.00000,0.17600,0.00000
20260527-224411-sentence-script-a-single-cell-sphere-wit-a6b927,1320,22.0401,22.0411,0.47155,Anaphase: spindle fibers pull chromatids apart,1,orbit,0,0,0,initial,0,-0.00000,1.54382,0.00000,0.00000,-0.02510,-0.00000,-3.55000,0.00000,0.00000,3.55000,0.00000,0.00000,-0.00000,0.00000,3.00000,0.00168,0.35016,16,3,13,0.00000,0.00000,0.17600,0.00000
20260527-224411-sentence-script-a-single-cell-sphere-wit-a6b927,1326,22.1427,22.1436,0.47404,Anaphase: spindle fibers pull chromatids apart,1,orbit,0,0,0,initial,0,-0.00000,1.54093,0.00000,0.00000,-0.03025,-0.00000,-3.55000,0.00000,0.00000,3.55000,0.00000,0.00000,-0.00000,0.00000,3.00000,0.00246,0.36423,16,3,13,0.00000,0.00000,0.17600,0.00000
20260527-224411-sentence-script-a-single-cell-sphere-wit-a6b927,1332,22.2448,22.2457,0.47652,Anaphase: spindle fibers pull chromatids apart,1,orbit,0,0,0,initial,0,-0.00000,1.53755,0.00000,0.00000,-0.03524,-0.00000,-3.55000,0.00000,0.00000,3.55000,0.00000,0.00000,-0.00000,0.00000,3.00000,0.00337,0.38074,16,3,13,0.00000,0.00000,0.17600,0.00000
20260527-224411-sentence-script-a-single-cell-sphere-wit-a6b927,1338,22.3467,22.3477,0.47900,Anaphase: spindle fibers pull chromatids apart,1,orbit,0,0,0,initial,0,-0.00000,1.53366,0.00000,0.00000,-0.04010,-0.00000,-3.55000,0.00000,0.00000,3.55000,0.00000,0.00000,-0.00000,0.00000,3.00000,0.00443,0.39969,16,3,13,0.00000,0.00000,0.17600,0.00000
20260527-224411-sentence-script-a-single-cell-sphere-wit-a6b927,1344,22.4487,22.4497,0.48147,Anaphase: spindle fibers pull chromatids apart,1,orbit,0,0,0,initial,0,-0.00000,1.52929,0.00000,0.00000,-0.04482,-0.00000,-3.55000,0.00000,0.00000,3.55000,0.00000,0.00000,-0.00000,0.00000,3.00000,0.00561,0.42100,16,3,13,0.00000,0.00000,0.17600,0.00000
20260527-224411-sentence-script-a-single-cell-sphere-wit-a6b927,1350,22.5504,22.5513,0.48394,Anaphase: spindle fibers pull chromatids apart,1,orbit,0,0,0,initial,0,-0.00000,1.52446,0.00000,0.00000,-0.04941,-0.00000,-3.55000,0.00000,0.00000,3.55000,0.00000,0.00000,-0.00000,0.00000,3.00000,0.00692,0.44456,16,3,13,0.00000,0.00000,0.17600,0.00000
20260527-224411-sentence-script-a-single-cell-sphere-wit-a6b927,1356,22.6521,22.6531,0.48641,Anaphase: spindle fibers pull chromatids apart,1,orbit,0,0,0,initial,0,-0.00000,1.51917,0.00000,0.00000,-0.05386,-0.00000,-3.55000,0.00000,0.00000,3.55000,0.00000,0.00000,-0.00000,0.00000,3.00000,0.00835,0.47038,16,3,13,0.00000,0.00000,0.17600,0.00000
20260527-224411-sentence-script-a-single-cell-sphere-wit-a6b927,1362,22.7538,22.7548,0.48888,Anaphase: spindle fibers pull chromatids apart,1,orbit,0,0,0,initial,0,-0.00000,1.51343,0.00000,0.00000,-0.05819,-0.00000,-3.55000,0.00000,0.00000,3.55000,0.00000,0.00000,-0.00000,0.00000,3.00000,0.00991,0.49835,16,3,13,0.00000,0.00000,0.17600,0.00000
20260527-224411-sentence-script-a-single-cell-sphere-wit-a6b927,1368,22.8554,22.8563,0.49135,Anaphase: spindle fibers pull chromatids apart,1,orbit,0,0,0,initial,0,-0.00000,1.50727,0.00000,0.00000,-0.06238,-0.00000,-3.55000,0.00000,0.00000,3.55000,0.00000,0.00000,-0.00000,0.00000,3.00000,0.01158,0.52839,16,3,13,0.00000,0.00000,0.17600,0.00000
20260527-224411-sentence-script-a-single-cell-sphere-wit-a6b927,1374,22.9571,22.9580,0.49382,Anaphase: spindle fibers pull chromatids apart,1,orbit,0,0,0,initial,0,-0.00000,1.50069,0.00000,0.00000,-0.06644,-0.00000,-3.55000,0.00000,0.00000,3.55000,0.00000,0.00000,-0.00000,0.00000,3.00000,0.01336,0.56051,16,3,13,0.00000,0.00000,0.17600,0.00000
20260527-224411-sentence-script-a-single-cell-sphere-wit-a6b927,1380,23.0592,23.0602,0.49630,Anaphase: spindle fibers pull chromatids apart,1,orbit,0,0,0,initial,0,-0.00000,1.49367,0.00000,0.00000,-0.07040,-0.00000,-3.55000,0.00000,0.00000,3.55000,0.00000,0.00000,-0.00000,0.00000,3.00000,0.01526,0.59476,16,3,13,0.00000,0.00000,0.17600,0.00000
20260527-224411-sentence-script-a-single-cell-sphere-wit-a6b927,1386,23.1603,23.1613,0.49876,Anaphase: spindle fibers pull chromatids apart,1,orbit,0,0,0,initial,0,-0.00000,1.48632,0.00000,0.00000,-0.07419,-0.00000,-3.55000,0.00000,0.00000,3.55000,0.00000,0.00000,-0.00000,0.00000,3.00000,0.01725,0.63058,16,3,13,0.00000,0.00000,0.17600,0.00000
20260527-224411-sentence-script-a-single-cell-sphere-wit-a6b927,1392,23.2607,23.2616,0.50119,Anaphase: spindle fibers pull chromatids apart,1,orbit,0,0,0,initial,0,-0.00000,1.47867,0.00000,0.00000,-0.07782,-0.00000,-3.55000,0.00000,0.00000,3.55000,0.00000,0.00000,-0.00000,0.00000,3.00000,0.01933,0.66793,16,3,13,0.00000,0.00000,0.17600,0.00000
20260527-224411-sentence-script-a-single-cell-sphere-wit-a6b927,1398,23.3613,23.3622,0.50363,Anaphase: spindle fibers pull chromatids apart,1,orbit,0,0,0,initial,0,-0.00000,1.47063,0.00000,0.00000,-0.08133,-0.00000,-3.55000,0.00000,0.00000,3.55000,0.00000,0.00000,-0.00000,0.00000,3.00000,0.02151,0.70712,16,3,13,0.00000,0.00000,0.17600,0.00000
20260527-224411-sentence-script-a-single-cell-sphere-wit-a6b927,1404,23.4619,23.4629,0.50608,Anaphase: spindle fibers pull chromatids apart,1,orbit,0,0,0,initial,0,-0.00000,1.46224,0.00000,0.00000,-0.08472,-0.00000,-3.55000,0.00000,0.00000,3.55000,0.00000,0.00000,-0.00000,0.00000,3.00000,0.02378,0.74803,16,3,13,0.00000,0.00000,0.17600,0.00000
20260527-224411-sentence-script-a-single-cell-sphere-wit-a6b927,1410,23.5626,23.5635,0.50852,Anaphase: spindle fibers pull chromatids apart,1,orbit,0,0,0,initial,0,-0.00000,1.45352,0.00000,0.00000,-0.08798,-0.00000,-3.55000,0.00000,0.00000,3.55000,0.00000,0.00000,-0.00000,0.00000,3.00000,0.02614,0.79056,16,4,13,0.00000,0.00000,0.17600,0.00000
20260527-224411-sentence-script-a-single-cell-sphere-wit-a6b927,1416,23.6635,23.6645,0.51098,Anaphase: spindle fibers pull chromatids apart,1,orbit,0,0,0,initial,0,-0.00000,1.44446,0.00000,0.00000,-0.09112,-0.00000,-3.55000,0.00000,0.00000,3.55000,0.00000,0.00000,-0.00000,0.00000,3.00000,0.02860,0.83478,16,4,13,0.00000,0.00000,0.17600,0.00000
20260527-224411-sentence-script-a-single-cell-sphere-wit-a6b927,1422,23.7645,23.7655,0.51343,Anaphase: spindle fibers pull chromatids apart,1,orbit,0,0,0,initial,0,-0.00000,1.43507,0.00000,0.00000,-0.09414,-0.00000,-3.55000,0.00000,0.00000,3.55000,0.00000,0.00000,-0.00000,0.00000,3.00000,0.03114,0.88054,16,4,13,0.00000,0.00000,0.17600,0.00000
20260527-224411-sentence-script-a-single-cell-sphere-wit-a6b927,1428,23.8656,23.8665,0.51588,Anaphase: spindle fibers pull chromatids apart,1,orbit,0,0,0,initial,1,-0.00000,0.55272,0.55272,0.00000,-0.03763,-0.03763,-3.55000,0.00000,0.00000,3.55000,0.00000,0.00000,-0.00000,0.00000,3.00000,0.03377,0.92778,16,5,14,0.00000,0.00000,0.17600,0.00000
20260527-224411-sentence-script-a-single-cell-sphere-wit-a6b927,1434,23.9665,23.9675,0.51833,Anaphase: spindle fibers pull chromatids apart,1,orbit,0,0,0,initial,1,-0.00000,0.54886,0.54886,0.00000,-0.03870,-0.03870,-3.55000,0.00000,0.00000,3.55000,0.00000,0.00000,-0.00000,0.00000,3.00000,0.03646,0.97634,16,5,14,0.00000,0.00000,0.17600,0.00000
20260527-224411-sentence-script-a-single-cell-sphere-wit-a6b927,1440,24.0683,24.0693,0.52081,Anaphase: spindle fibers pull chromatids apart,1,orbit,0,0,0,initial,1,-0.00000,0.54486,0.54486,0.00000,-0.03973,-0.03973,-3.55000,0.00000,0.00000,3.55000,0.00000,0.00000,-0.00000,0.00000,3.00000,0.03926,1.02666,16,5,14,0.00000,0.00000,0.17600,0.00000
20260527-224411-sentence-script-a-single-cell-sphere-wit-a6b927,1446,24.1690,24.1699,0.52325,Anaphase: spindle fibers pull chromatids apart,1,orbit,0,0,0,initial,1,-0.00000,0.54080,0.54080,0.00000,-0.04070,-0.04070,-3.55000,0.00000,0.00000,3.55000,0.00000,0.00000,-0.00000,0.00000,3.00000,0.04209,1.07768,16,5,14,0.00000,0.00000,0.17600,0.00000
20260527-224411-sentence-script-a-single-cell-sphere-wit-a6b927,1452,24.2694,24.2704,0.52569,Anaphase: spindle fibers pull chromatids apart,1,orbit,0,0,0,initial,1,-0.00000,0.53666,0.53666,0.00000,-0.04161,-0.04161,-3.55000,0.00000,0.00000,3.55000,0.00000,0.00000,-0.00000,0.00000,3.00000,0.04499,1.12979,16,5,14,0.00000,0.00000,0.17600,0.00000
20260527-224411-sentence-script-a-single-cell-sphere-wit-a6b927,1458,24.3714,24.3724,0.52817,Anaphase: spindle fibers pull chromatids apart,1,orbit,0,0,0,initial,1,-0.00000,0.53236,0.53236,0.00000,-0.04249,-0.04249,-3.55000,0.00000,0.00000,3.55000,0.00000,0.00000,-0.00000,0.00000,3.00000,0.04799,1.18382,16,5,14,0.00000,0.00000,0.17600,0.00000
20260527-224411-sentence-script-a-single-cell-sphere-wit-a6b927,1464,24.4742,24.4751,0.53066,Anaphase: spindle fibers pull chromatids apart,1,orbit,0,0,0,initial,1,-0.00000,0.52795,0.52795,0.00000,-0.04333,-0.04333,-3.55000,0.00000,0.00000,3.55000,0.00000,0.00000,-0.00000,0.00000,3.00000,0.05108,1.23939,16,5,14,0.00000,0.00000,0.17600,0.00000
20260527-224411-sentence-script-a-single-cell-sphere-wit-a6b927,1470,24.5761,24.5771,0.53314,Anaphase: spindle fibers pull chromatids apart,1,orbit,0,0,0,initial,1,-0.00000,0.52348,0.52348,0.00000,-0.04411,-0.04411,-3.55000,0.00000,0.00000,3.55000,0.00000,0.00000,-0.00000,0.00000,3.00000,0.05420,1.29555,16,5,14,0.00000,0.00000,0.17600,0.00000
20260527-224411-sentence-script-a-single-cell-sphere-wit-a6b927,1476,24.6783,24.6792,0.53562,Anaphase: spindle fibers pull chromatids apart,1,orbit,0,0,0,initial,1,-0.00000,0.51893,0.51893,0.00000,-0.04484,-0.04484,-3.55000,0.00000,0.00000,3.55000,0.00000,0.00000,-0.00000,0.00000,3.00000,0.05738,1.35278,16,6,14,0.00000,0.00000,0.17600,0.00000
20260527-224411-sentence-script-a-single-cell-sphere-wit-a6b927,1482,24.7801,24.7811,0.53809,Anaphase: spindle fibers pull chromatids apart,1,orbit,0,0,0,initial,1,-0.00000,0.51433,0.51433,0.00000,-0.04552,-0.04552,-3.55000,0.00000,0.00000,3.55000,0.00000,0.00000,-0.00000,0.00000,3.00000,0.06060,1.41072,16,7,14,0.00000,0.00000,0.17600,0.00000
20260527-224411-sentence-script-a-single-cell-sphere-wit-a6b927,1488,24.8824,24.8834,0.54058,Anaphase: spindle fibers pull chromatids apart,1,orbit,0,0,0,initial,1,-0.00000,0.50963,0.50963,0.00000,-0.04615,-0.04615,-3.55000,0.00000,0.00000,3.55000,0.00000,0.00000,-0.00000,0.00000,3.00000,0.06388,1.46977,16,7,14,0.00000,0.00000,0.17600,0.00000
20260527-224411-sentence-script-a-single-cell-sphere-wit-a6b927,1494,24.9846,24.9855,0.54306,Anaphase: spindle fibers pull chromatids apart,1,orbit,0,0,0,initial,1,-0.00000,0.50488,0.50488,0.00000,-0.04673,-0.04673,-3.55000,0.00000,0.00000,3.55000,0.00000,0.00000,-0.00000,0.00000,3.00000,0.06720,1.52952,16,7,14,0.00000,0.00000,0.17600,0.00000
20260527-224411-sentence-script-a-single-cell-sphere-wit-a6b927,1500,25.0869,25.0879,0.54554,Anaphase: spindle fibers pull chromatids apart,1,orbit,0,0,0,initial,1,-0.00000,0.50006,0.50006,0.00000,-0.04726,-0.04726,-3.55000,0.00000,0.00000,3.55000,0.00000,0.00000,-0.00000,0.00000,3.00000,0.07056,1.59009,16,7,14,0.00000,0.00000,0.17600,0.00000
20260527-224411-sentence-script-a-single-cell-sphere-wit-a6b927,1506,25.1890,25.1900,0.54802,Anaphase: spindle fibers pull chromatids apart,1,orbit,0,0,0,initial,1,-0.00000,0.49521,0.49521,0.00000,-0.04774,-0.04774,-3.55000,0.00000,0.00000,3.55000,0.00000,0.00000,-0.00000,0.00000,3.00000,0.07395,1.65114,16,8,14,0.00000,0.00000,0.17600,0.00000
20260527-224411-sentence-script-a-single-cell-sphere-wit-a6b927,1512,25.2897,25.2907,0.55047,Anaphase: spindle fibers pull chromatids apart,1,orbit,0,0,0,initial,1,-0.00000,0.49038,0.49038,0.00000,-0.04816,-0.04816,-3.55000,0.00000,0.00000,3.55000,0.00000,0.00000,-0.00000,0.00000,3.00000,0.07733,1.71192,16,8,14,0.00000,0.00000,0.17600,0.00000
20260527-224411-sentence-script-a-single-cell-sphere-wit-a6b927,1518,25.3906,25.3916,0.55292,Anaphase: spindle fibers pull chromatids apart,1,orbit,0,0,0,initial,1,-0.00000,0.48550,0.48550,0.00000,-0.04853,-0.04853,-3.55000,0.00000,0.00000,3.55000,0.00000,0.00000,-0.00000,0.00000,3.00000,0.08074,1.77332,16,8,14,0.00000,0.00000,0.17600,0.00000
20260527-224411-sentence-script-a-single-cell-sphere-wit-a6b927,1524,25.4916,25.4926,0.55537,Anaphase: spindle fibers pull chromatids apart,1,orbit,0,0,0,initial,1,-0.00000,0.48058,0.48058,0.00000,-0.04886,-0.04886,-3.55000,0.00000,0.00000,3.55000,0.00000,0.00000,-0.00000,0.00000,3.00000,0.08418,1.83522,16,8,14,0.00000,0.00000,0.17600,0.00000
20260527-224411-sentence-script-a-single-cell-sphere-wit-a6b927,1530,25.5924,25.5934,0.55782,Anaphase: spindle fibers pull chromatids apart,1,orbit,0,0,0,initial,1,-0.00000,0.47563,0.47563,0.00000,-0.04913,-0.04913,-3.55000,0.00000,0.00000,3.55000,0.00000,0.00000,-0.00000,0.00000,3.00000,0.08763,1.89740,16,9,14,0.00000,0.00000,0.17600,0.00000
20260527-224411-sentence-script-a-single-cell-sphere-wit-a6b927,1536,25.6932,25.6942,0.56027,Anaphase: spindle fibers pull chromatids apart,1,orbit,0,0,0,initial,1,-0.00000,0.47067,0.47067,0.00000,-0.04936,-0.04936,-3.55000,0.00000,0.00000,3.55000,0.00000,0.00000,-0.00000,0.00000,3.00000,0.09110,1.95983,16,9,14,0.00000,0.00000,0.17600,0.00000
20260527-224411-sentence-script-a-single-cell-sphere-wit-a6b927,1542,25.7939,25.7949,0.56271,Anaphase: spindle fibers pull chromatids apart,1,orbit,0,0,0,initial,1,-0.00000,0.46569,0.46569,0.00000,-0.04953,-0.04953,-3.55000,0.00000,0.00000,3.55000,0.00000,0.00000,-0.00000,0.00000,3.00000,0.09458,2.02249,16,9,14,0.00000,0.00000,0.17600,0.00000
20260527-224411-sentence-script-a-single-cell-sphere-wit-a6b927,1548,25.8948,25.8957,0.56516,Anaphase: spindle fibers pull chromatids apart,1,orbit,0,0,0,initial,2,0.00000,-0.00000,1.18804,-0.00000,0.00000,-0.12806,-3.55000,0.00000,0.00000,3.55000,0.00000,0.00000,-0.00000,0.00000,3.00000,0.09808,2.08543,16,9,15,0.00000,0.00000,0.17600,0.00000
20260527-224411-sentence-script-a-single-cell-sphere-wit-a6b927,1554,25.9959,25.9969,0.56762,Anaphase: spindle fibers pull chromatids apart,1,orbit,0,0,0,initial,2,0.00000,-0.00000,1.17508,-0.00000,0.00000,-0.12826,-3.55000,0.00000,0.00000,3.55000,0.00000,0.00000,-0.00000,0.00000,3.00000,0.10159,2.14865,16,9,15,0.00000,0.00000,0.17600,0.00000
20260527-224411-sentence-script-a-single-cell-sphere-wit-a6b927,1560,26.0972,26.0981,0.57008,Anaphase: spindle fibers pull chromatids apart,1,orbit,0,0,0,initial,2,0.00000,-0.00000,1.16208,-0.00000,0.00000,-0.12833,-3.55000,0.00000,0.00000,3.55000,0.00000,0.00000,-0.00000,0.00000,3.00000,0.10511,2.21203,16,10,15,0.00000,0.00000,0.17600,0.00000
20260527-224411-sentence-script-a-single-cell-sphere-wit-a6b927,1566,26.1989,26.1999,0.57255,Anaphase: spindle fibers pull chromatids apart,1,orbit,0,0,0,initial,2,0.00000,-0.00000,1.14903,-0.00000,0.00000,-0.12827,-3.55000,0.00000,0.00000,3.55000,0.00000,0.00000,-0.00000,0.00000,3.00000,0.10865,2.27569,16,11,15,0.00000,0.00000,0.17600,0.00000
20260527-224411-sentence-script-a-single-cell-sphere-wit-a6b927,1572,26.2994,26.3003,0.57499,Anaphase: spindle fibers pull chromatids apart,1,orbit,0,0,0,initial,2,0.00000,-0.00000,1.13616,-0.00000,0.00000,-0.12808,-3.55000,0.00000,0.00000,3.55000,0.00000,0.00000,-0.00000,0.00000,3.00000,0.11214,2.33849,16,13,15,0.00000,0.00000,0.17600,0.00000
20260527-224411-sentence-script-a-single-cell-sphere-wit-a6b927,1578,26.3998,26.4007,0.57743,Anaphase: spindle fibers pull chromatids apart,1,orbit,0,0,0,initial,2,0.00000,-0.00000,1.12331,-0.00000,0.00000,-0.12777,-3.55000,0.00000,0.00000,3.55000,0.00000,0.00000,-0.00000,0.00000,3.00000,0.11562,2.40113,16,13,15,0.00000,0.00000,0.17600,0.00000
20260527-224411-sentence-script-a-single-cell-sphere-wit-a6b927,1584,26.5018,26.5027,0.57991,Anaphase: spindle fibers pull chromatids apart,1,orbit,0,0,0,initial,2,0.00000,-0.00000,1.11030,-0.00000,0.00000,-0.12733,-3.55000,0.00000,0.00000,3.55000,0.00000,0.00000,-0.00000,0.00000,3.00000,0.11914,2.46459,16,14,15,0.00000,0.00000,0.17600,0.00000
20260527-224411-sentence-script-a-single-cell-sphere-wit-a6b927,1590,26.6044,26.6053,0.58240,Anaphase: spindle fibers pull chromatids apart,1,orbit,0,0,0,initial,2,0.00000,-0.00000,1.09727,-0.00000,0.00000,-0.12675,-3.55000,0.00000,0.00000,3.55000,0.00000,0.00000,-0.00000,0.00000,3.00000,0.12267,2.52813,16,14,15,0.00000,0.00000,0.17600,0.00000
20260527-224411-sentence-script-a-single-cell-sphere-wit-a6b927,1596,26.7065,26.7075,0.58488,Anaphase: spindle fibers pull chromatids apart,1,orbit,0,0,0,initial,2,0.00000,-0.00000,1.08437,-0.00000,0.00000,-0.12605,-3.55000,0.00000,0.00000,3.55000,0.00000,0.00000,-0.00000,0.00000,3.00000,0.12617,2.59107,16,14,15,0.00000,0.00000,0.17600,0.00000
20260527-224411-sentence-script-a-single-cell-sphere-wit-a6b927,1602,26.8083,26.8093,0.58735,Anaphase: spindle fibers pull chromatids apart,1,orbit,0,0,0,initial,2,0.00000,-0.00000,1.07159,-0.00000,0.00000,-0.12521,-3.55000,0.00000,0.00000,3.55000,0.00000,0.00000,-0.00000,0.00000,3.00000,0.12963,2.65342,16,14,15,0.00000,0.00000,0.17600,0.00000
20260527-224411-sentence-script-a-single-cell-sphere-wit-a6b927,1608,26.9110,26.9120,0.58984,Anaphase: spindle fibers pull chromatids apart,1,orbit,0,0,0,initial,2,0.00000,-0.00000,1.05879,0.00000,0.00000,-0.12424,-3.55000,0.00000,0.00000,3.55000,0.00000,0.00000,-0.00000,0.00000,3.00000,0.13310,2.71586,16,14,15,0.00000,0.00000,0.17600,0.00000
20260527-224411-sentence-script-a-single-cell-sphere-wit-a6b927,1614,27.0124,27.0134,0.59231,Anaphase: spindle fibers pull chromatids apart,1,orbit,0,0,0,initial,2,0.00000,-0.00000,1.04625,-0.00000,0.00000,-0.12315,-3.55000,0.00000,0.00000,3.55000,0.00000,0.00000,-0.00000,0.00000,3.00000,0.13650,2.77701,16,16,15,0.00000,0.00000,0.17600,0.00000
20260527-224411-sentence-script-a-single-cell-sphere-wit-a6b927,1620,27.1135,27.1145,0.59476,Anaphase: spindle fibers pull chromatids apart,1,orbit,0,0,0,initial,2,0.00000,-0.00000,1.03387,0.00000,0.00000,-0.12193,-3.55000,0.00000,0.00000,3.55000,0.00000,0.00000,-0.00000,0.00000,3.00000,0.13986,2.83740,16,17,15,0.00000,0.00000,0.17600,0.00000
20260527-224411-sentence-script-a-single-cell-sphere-wit-a6b927,1626,27.2146,27.2156,0.59722,Anaphase: spindle fibers pull chromatids apart,1,orbit,0,0,0,initial,2,0.00000,-0.00000,1.02162,0.00000,0.00000,-0.12059,-3.55000,0.00000,0.00000,3.55000,0.00000,0.00000,-0.00000,0.00000,3.00000,0.14317,2.89712,16,18,15,0.00000,0.00000,0.17600,0.00000
20260527-224411-sentence-script-a-single-cell-sphere-wit-a6b927,1632,27.3149,27.3159,0.59965,Anaphase: spindle fibers pull chromatids apart,1,orbit,0,0,0,initial,2,0.00000,-0.00000,1.00961,0.00000,0.00000,-0.11913,-3.55000,0.00000,0.00000,3.55000,0.00000,0.00000,-0.00000,0.00000,3.00000,0.14643,2.95571,16,19,15,0.00000,0.00000,0.17600,0.00000
20260527-224411-sentence-script-a-single-cell-sphere-wit-a6b927,1638,27.4154,27.4164,0.60209,Anaphase: spindle fibers pull chromatids apart,1,orbit,0,0,0,initial,2,0.00000,-0.00000,0.99773,-0.00000,0.00000,-0.11754,-3.55000,0.00000,0.00000,3.55000,0.00000,0.00000,-0.00000,0.00000,3.00000,0.14965,3.01366,16,19,15,0.00000,0.00000,0.17600,0.00000
20260527-224411-sentence-script-a-single-cell-sphere-wit-a6b927,1644,27.5162,27.5172,0.60454,Anaphase: spindle fibers pull chromatids apart,1,orbit,0,0,0,initial,2,0.00000,-0.00000,0.98598,0.00000,0.00000,-0.11582,-3.55000,0.00000,0.00000,3.55000,0.00000,0.00000,-0.00000,0.00000,3.00000,0.15283,3.07097,16,19,15,0.00000,0.00000,0.17600,0.00000
20260527-224411-sentence-script-a-single-cell-sphere-wit-a6b927,1650,27.6173,27.6183,0.60700,Anaphase: spindle fibers pull chromatids apart,1,orbit,0,0,0,initial,2,0.00000,-0.00000,0.97437,0.00000,0.00000,-0.11397,-3.55000,0.00000,0.00000,3.55000,0.00000,0.00000,-0.00000,0.00000,3.00000,0.15598,3.12757,16,20,15,0.00000,0.00000,0.17600,0.00000
20260527-224411-sentence-script-a-single-cell-sphere-wit-a6b927,1656,27.7189,27.7198,0.60946,Anaphase: spindle fibers pull chromatids apart,1,orbit,0,0,0,initial,2,0.00000,-0.00000,0.96292,0.00000,0.00000,-0.11198,-3.55000,0.00000,0.00000,3.55000,0.00000,0.00000,-0.00000,0.00000,3.00000,0.15908,3.18344,16,22,15,0.00000,0.00000,0.17600,0.00000
20260527-224411-sentence-script-a-single-cell-sphere-wit-a6b927,1662,27.8203,27.8213,0.61193,Anaphase: spindle fibers pull chromatids apart,1,orbit,0,0,0,initial,2,0.00000,-0.00000,0.95169,0.00000,0.00000,-0.10987,-3.55000,0.00000,0.00000,3.55000,0.00000,0.00000,-0.00000,0.00000,3.00000,0.16212,3.23823,16,23,15,0.00000,0.00000,0.17600,0.00000
20260527-224411-sentence-script-a-single-cell-sphere-wit-a6b927,1668,27.9216,27.9225,0.61439,Anaphase: spindle fibers pull chromatids apart,1,orbit,0,0,0,initial,3,0.00000,-0.36477,0.36477,-0.00000,0.04173,-0.04173,-3.55000,0.00000,0.00000,3.55000,0.00000,0.00000,-0.00000,0.00000,3.00000,0.16510,3.29184,16,23,16,0.00000,0.00000,0.17600,0.00000
20260527-224411-sentence-script-a-single-cell-sphere-wit-a6b927,1674,28.0231,28.0241,0.61685,Anaphase: spindle fibers pull chromatids apart,1,orbit,0,0,0,initial,3,0.00000,-0.36059,0.36059,-0.00000,0.04081,-0.04081,-3.55000,0.00000,0.00000,3.55000,0.00000,0.00000,-0.00000,0.00000,3.00000,0.16803,3.34447,16,23,16,0.00000,0.00000,0.17600,0.00000
20260527-224411-sentence-script-a-single-cell-sphere-wit-a6b927,1680,28.1244,28.1254,0.61931,Anaphase: spindle fibers pull chromatids apart,1,orbit,0,0,0,initial,3,0.00000,-0.35651,0.35651,-0.00000,0.03984,-0.03984,-3.55000,0.00000,0.00000,3.55000,0.00000,0.00000,-0.00000,0.00000,3.00000,0.17088,3.39578,16,23,16,0.00000,0.00000,0.17600,0.00000
20260527-224411-sentence-script-a-single-cell-sphere-wit-a6b927,1686,28.2252,28.2262,0.62176,Anaphase: spindle fibers pull chromatids apart,1,orbit,0,0,0,initial,3,0.00000,-0.35255,0.35255,-0.00000,0.03883,-0.03883,-3.55000,0.00000,0.00000,3.55000,0.00000,0.00000,-0.00000,0.00000,3.00000,0.17364,3.44553,16,25,16,0.00000,0.00000,0.17600,0.00000
20260527-224411-sentence-script-a-single-cell-sphere-wit-a6b927,1692,28.3255,28.3264,0.62419,Anaphase: spindle fibers pull chromatids apart,1,orbit,0,0,0,initial,3,0.00000,-0.34872,0.34872,-0.00000,0.03777,-0.03777,-3.55000,0.00000,0.00000,3.55000,0.00000,0.00000,-0.00000,0.00000,3.00000,0.17632,3.49374,16,25,16,0.00000,0.00000,0.17600,0.00000
20260527-224411-sentence-script-a-single-cell-sphere-wit-a6b927,1698,28.4263,28.4272,0.62664,Anaphase: spindle fibers pull chromatids apart,1,orbit,0,0,0,initial,3,0.00000,-0.34498,0.34498,-0.00000,0.03666,-0.03666,-3.55000,0.00000,0.00000,3.55000,0.00000,0.00000,-0.00000,0.00000,3.00000,0.17893,3.54081,16,26,16,0.00000,0.00000,0.17600,0.00000
20260527-224411-sentence-script-a-single-cell-sphere-wit-a6b927,1704,28.5272,28.5282,0.62909,Anaphase: spindle fibers pull chromatids apart,1,orbit,0,0,0,initial,3,0.00000,-0.34135,0.34135,0.00000,0.03550,-0.03550,-3.55000,0.00000,0.00000,3.55000,0.00000,0.00000,-0.00000,0.00000,3.00000,0.18147,3.58649,16,28,16,0.00000,0.00000,0.17600,0.00000
20260527-224411-sentence-script-a-single-cell-sphere-wit-a6b927,1710,28.6284,28.6294,0.63155,Anaphase: spindle fibers pull chromatids apart,1,orbit,0,0,0,initial,3,0.00000,-0.33782,0.33782,0.00000,0.03428,-0.03428,-3.55000,0.00000,0.00000,3.55000,0.00000,0.00000,-0.00000,0.00000,3.00000,0.18393,3.63080,16,28,16,0.00000,0.00000,0.17600,0.00000
20260527-224411-sentence-script-a-single-cell-sphere-wit-a6b927,1716,28.7313,28.7323,0.63405,Anaphase: spindle fibers pull chromatids apart,1,orbit,0,0,0,initial,3,0.00000,-0.33437,0.33437,-0.00000,0.03300,-0.03300,-3.55000,0.00000,0.00000,3.55000,0.00000,0.00000,-0.00000,0.00000,3.00000,0.18634,3.67420,16,30,16,0.00000,0.00000,0.17600,0.00000
20260527-224411-sentence-script-a-single-cell-sphere-wit-a6b927,1722,28.8339,28.8348,0.63654,Anaphase: spindle fibers pull chromatids apart,1,orbit,0,0,0,initial,3,0.00000,-0.33107,0.33107,-0.00000,0.03167,-0.03167,-3.55000,0.00000,0.00000,3.55000,0.00000,0.00000,-0.00000,0.00000,3.00000,0.18865,3.71576,16,30,16,0.00000,0.00000,0.17600,0.00000
20260527-224411-sentence-script-a-single-cell-sphere-wit-a6b927,1728,28.9365,28.9375,0.63903,Anaphase: spindle fibers pull chromatids apart,1,orbit,0,0,0,initial,3,0.00000,-0.32790,0.32790,0.00000,0.03028,-0.03028,-3.55000,0.00000,0.00000,3.55000,0.00000,0.00000,-0.00000,0.00000,3.00000,0.19087,3.75562,16,30,16,0.00000,0.00000,0.17600,0.00000
20260527-224411-sentence-script-a-single-cell-sphere-wit-a6b927,1734,29.0389,29.0398,0.64152,Anaphase: spindle fibers pull chromatids apart,1,orbit,0,0,0,initial,3,0.00000,-0.32489,0.32489,0.00000,0.02885,-0.02885,-3.55000,0.00000,0.00000,3.55000,0.00000,0.00000,-0.00000,0.00000,3.00000,0.19297,3.79353,16,33,16,0.00000,0.00000,0.17600,0.00000
20260527-224411-sentence-script-a-single-cell-sphere-wit-a6b927,1740,29.1410,29.1420,0.64400,Anaphase: spindle fibers pull chromatids apart,1,orbit,0,0,0,initial,3,0.00000,-0.32203,0.32203,-0.00000,0.02737,-0.02737,-3.55000,0.00000,0.00000,3.55000,0.00000,0.00000,-0.00000,0.00000,3.00000,0.19497,3.82948,16,34,16,0.00000,0.00000,0.17600,0.00000
20260527-224411-sentence-script-a-single-cell-sphere-wit-a6b927,1746,29.2420,29.2429,0.64645,Anaphase: spindle fibers pull chromatids apart,1,orbit,0,0,0,initial,3,0.00000,-0.31935,0.31935,-0.00000,0.02585,-0.02585,-3.55000,0.00000,0.00000,3.55000,0.00000,0.00000,-0.00000,0.00000,3.00000,0.19684,3.86311,16,35,16,0.00000,0.00000,0.17600,0.00000
20260527-224411-sentence-script-a-single-cell-sphere-wit-a6b927,1752,29.3425,29.3435,0.64889,Anaphase: spindle fibers pull chromatids apart,1,orbit,0,0,0,initial,3,0.00000,-0.31684,0.31684,0.00000,0.02430,-0.02430,-3.55000,0.00000,0.00000,3.55000,0.00000,0.00000,-0.00000,0.00000,3.00000,0.19859,3.89468,16,35,16,0.00000,0.00000,0.17600,0.00000
20260527-224411-sentence-script-a-single-cell-sphere-wit-a6b927,1758,29.4437,29.4446,0.65135,Anaphase: spindle fibers pull chromatids apart,1,orbit,0,0,0,initial,3,0.00000,-0.31448,0.31448,0.00000,0.02268,-0.02268,-3.55000,0.00000,0.00000,3.55000,0.00000,0.00000,-0.00000,0.00000,3.00000,0.20024,3.92439,16,36,16,0.00000,0.00000,0.17600,0.00000
20260527-224411-sentence-script-a-single-cell-sphere-wit-a6b927,1764,29.5452,29.5462,0.65382,Anaphase: spindle fibers pull chromatids apart,1,orbit,0,0,0,initial,3,0.00000,-0.31228,0.31228,0.00000,0.02101,-0.02101,-3.55000,0.00000,0.00000,3.55000,0.00000,0.00000,-0.00000,0.00000,3.00000,0.20178,3.95212,16,37,16,0.00000,0.00000,0.17600,0.00000
20260527-224411-sentence-script-a-single-cell-sphere-wit-a6b927,1770,29.6466,29.6476,0.65628,Anaphase: spindle fibers pull chromatids apart,1,orbit,0,0,0,initial,3,0.00000,-0.31025,0.31025,0.00000,0.01929,-0.01929,-3.55000,0.00000,0.00000,3.55000,0.00000,0.00000,-0.00000,0.00000,3.00000,0.20320,3.97765,16,38,16,0.00000,0.00000,0.17600,0.00000
20260527-224411-sentence-script-a-single-cell-sphere-wit-a6b927,1776,29.7483,29.7493,0.65875,Anaphase: spindle fibers pull chromatids apart,1,orbit,0,0,0,initial,3,0.00000,-0.30839,0.30839,0.00000,0.01752,-0.01752,-3.55000,0.00000,0.00000,3.55000,0.00000,0.00000,-0.00000,0.00000,3.00000,0.20450,4.00101,16,39,16,0.00000,0.00000,0.17600,0.00000
20260527-224411-sentence-script-a-single-cell-sphere-wit-a6b927,1782,29.8504,29.8513,0.66123,Anaphase: spindle fibers pull chromatids apart,1,orbit,0,0,0,initial,3,0.00000,-0.30671,0.30671,0.00000,0.01569,-0.01569,-3.55000,0.00000,0.00000,3.55000,0.00000,0.00000,-0.00000,0.00000,3.00000,0.20567,4.02213,16,40,16,0.00000,0.00000,0.17600,0.00000
20260527-224411-sentence-script-a-single-cell-sphere-wit-a6b927,1788,29.9522,29.9532,0.66370,Anaphase: spindle fibers pull chromatids apart,1,orbit,0,0,0,initial,4,0.00000,-0.78713,0.00000,0.00000,0.03562,-0.00000,-3.55000,0.00000,0.00000,3.55000,0.00000,0.00000,-0.00000,0.00000,3.00000,0.20671,4.04084,16,41,17,0.00000,0.00000,0.17600,0.00000
20260527-224411-sentence-script-a-single-cell-sphere-wit-a6b927,1794,30.0543,30.0552,0.66618,Anaphase: spindle fibers pull chromatids apart,1,orbit,0,0,0,initial,4,0.00000,-0.78379,0.00000,0.00000,0.03064,-0.00000,-3.55000,0.00000,0.00000,3.55000,0.00000,0.00000,-0.00000,0.00000,3.00000,0.20762,4.05712,16,44,17,0.00000,0.00000,0.17600,0.00000
20260527-224411-sentence-script-a-single-cell-sphere-wit-a6b927,1800,30.1563,30.1572,0.66866,Anaphase: spindle fibers pull chromatids apart,1,orbit,0,0,0,initial,4,0.00000,-0.78097,0.00000,-0.00000,0.02553,-0.00000,-3.55000,0.00000,0.00000,3.55000,0.00000,0.00000,-0.00000,0.00000,3.00000,0.20838,4.07089,16,46,17,0.00000,0.00000,0.17600,0.00000
20260527-224411-sentence-script-a-single-cell-sphere-wit-a6b927,1806,30.2573,30.2582,0.67111,Anaphase: spindle fibers pull chromatids apart,1,orbit,0,0,0,initial,4,0.00000,-0.77869,0.00000,0.00000,0.02034,-0.00000,-3.55000,0.00000,0.00000,3.55000,0.00000,0.00000,-0.00000,0.00000,3.00000,0.20900,4.08198,16,48,17,0.00000,0.00000,0.17600,0.00000
20260527-224411-sentence-script-a-single-cell-sphere-wit-a6b927,1812,30.3578,30.3588,0.67355,Anaphase: spindle fibers pull chromatids apart,1,orbit,0,0,0,initial,4,0.00000,-0.77696,0.00000,0.00000,0.01505,-0.00000,-3.55000,0.00000,0.00000,3.55000,0.00000,0.00000,-0.00000,0.00000,3.00000,0.20947,4.09045,16,48,17,0.00000,0.00000,0.17600,0.00000
20260527-224411-sentence-script-a-single-cell-sphere-wit-a6b927,1818,30.4590,30.4600,0.67601,Anaphase: spindle fibers pull chromatids apart,1,orbit,0,0,0,initial,4,0.00000,-0.77576,0.00000,0.00000,0.00960,-0.00000,-3.55000,0.00000,0.00000,3.55000,0.00000,0.00000,-0.00000,0.00000,3.00000,0.20980,4.09631,16,49,17,0.00000,0.00000,0.17600,0.00000
20260527-224411-sentence-script-a-single-cell-sphere-wit-a6b927,1824,30.5599,30.5609,0.67846,Anaphase: spindle fibers pull chromatids apart,1,orbit,0,0,0,initial,4,0.00000,-0.77511,0.00000,0.00000,0.00404,-0.00000,-3.55000,0.00000,0.00000,3.55000,0.00000,0.00000,-0.00000,0.00000,3.00000,0.20997,4.09945,16,50,17,0.00000,0.00000,0.17600,0.00000
20260527-224411-sentence-script-a-single-cell-sphere-wit-a6b927,1830,30.6610,30.6620,0.68092,Telophase: two nuclei reform,1,orbit,0,0,0,initial,4,0.00000,-0.77497,0.00000,0.00000,0.00137,-0.00000,-3.55000,0.00000,0.00000,3.55000,0.00000,0.00000,-0.00000,0.00000,3.00000,0.21001,4.10000,16,52,17,0.00000,0.00000,0.17600,0.00000
20260527-224411-sentence-script-a-single-cell-sphere-wit-a6b927,1836,30.7629,30.7639,0.68339,Telophase: two nuclei reform,1,orbit,0,0,0,initial,4,0.00000,-0.77455,0.00000,0.00000,0.00606,-0.00000,-3.55000,0.00000,0.00000,3.55000,0.00000,0.00000,-0.00000,0.00000,3.00000,0.21012,4.10000,16,52,17,0.00000,0.00000,0.17600,0.00000
20260527-224411-sentence-script-a-single-cell-sphere-wit-a6b927,1842,30.8640,30.8650,0.68584,Telophase: two nuclei reform,1,orbit,0,0,0,initial,4,0.00000,-0.77367,0.00000,-0.00000,0.01056,-0.00000,-3.55000,0.00000,0.00000,3.55000,0.00000,0.00000,-0.00000,0.00000,3.00000,0.21036,4.10000,16,52,17,0.00000,0.00000,0.17600,0.00000
20260527-224411-sentence-script-a-single-cell-sphere-wit-a6b927,1848,30.9749,30.9759,0.68854,Telophase: two nuclei reform,1,orbit,0,0,0,initial,4,0.00000,-0.77219,0.00000,0.00000,0.01524,-0.00000,-3.55000,0.00000,0.00000,3.55000,0.00000,0.00000,-0.00000,0.00000,3.00000,0.21076,4.10000,16,53,17,0.00000,0.00000,0.17600,0.00000
20260527-224411-sentence-script-a-single-cell-sphere-wit-a6b927,1854,31.0777,31.0787,0.69104,Telophase: two nuclei reform,1,orbit,0,0,0,initial,4,0.00000,-0.77036,0.00000,0.00000,0.01959,-0.00000,-3.55000,0.00000,0.00000,3.55000,0.00000,0.00000,-0.00000,0.00000,3.00000,0.21126,4.10000,16,55,17,0.00000,0.00000,0.17600,0.00000
20260527-224411-sentence-script-a-single-cell-sphere-wit-a6b927,1860,31.1811,31.1821,0.69355,Telophase: two nuclei reform,1,orbit,0,0,0,initial,4,0.00000,-0.76808,0.00000,0.00000,0.02373,-0.00000,-3.55000,0.00000,0.00000,3.55000,0.00000,0.00000,-0.00000,0.00000,3.00000,0.21187,4.10000,16,58,17,0.00000,0.00000,0.17600,0.00000
20260527-224411-sentence-script-a-single-cell-sphere-wit-a6b927,1866,31.2821,31.2831,0.69600,Telophase: two nuclei reform,1,orbit,0,0,0,initial,4,0.00000,-0.76545,0.00000,0.00000,0.02763,-0.00000,-3.55000,0.00000,0.00000,3.55000,0.00000,0.00000,-0.00000,0.00000,3.00000,0.21259,4.10000,16,58,17,0.00000,0.00000,0.17600,0.00000
20260527-224411-sentence-script-a-single-cell-sphere-wit-a6b927,1872,31.3825,31.3835,0.69844,Telophase: two nuclei reform,1,orbit,0,0,0,initial,4,0.00000,-0.76246,0.00000,0.00000,0.03136,-0.00000,-3.55000,0.00000,0.00000,3.55000,0.00000,0.00000,-0.00000,0.00000,3.00000,0.21340,4.10000,16,58,17,0.00000,0.00000,0.17600,0.00000
20260527-224411-sentence-script-a-single-cell-sphere-wit-a6b927,1878,31.4831,31.4841,0.70088,Telophase: two nuclei reform,1,orbit,0,0,0,initial,4,0.00000,-0.75909,0.00000,0.00000,0.03495,-0.00000,-3.55000,0.00000,0.00000,3.55000,0.00000,0.00000,-0.00000,0.00000,3.00000,0.21431,4.10000,16,60,17,0.00000,0.00000,0.17600,0.00000
20260527-224411-sentence-script-a-single-cell-sphere-wit-a6b927,1884,31.5843,31.5852,0.70334,Telophase: two nuclei reform,1,orbit,0,0,0,initial,4,0.00000,-0.75535,0.00000,0.00000,0.03841,-0.00000,-3.55000,0.00000,0.00000,3.55000,0.00000,0.00000,-0.00000,0.00000,3.00000,0.21532,4.10000,16,62,17,0.00000,0.00000,0.17600,0.00000
20260527-224411-sentence-script-a-single-cell-sphere-wit-a6b927,1890,31.6854,31.6864,0.70579,Telophase: two nuclei reform,1,orbit,0,0,0,initial,4,0.00000,-0.75127,0.00000,0.00000,0.04172,-0.00000,-3.55000,0.00000,0.00000,3.55000,0.00000,0.00000,-0.00000,0.00000,3.00000,0.21643,4.10000,16,64,17,0.00000,0.00000,0.17600,0.00000
20260527-224411-sentence-script-a-single-cell-sphere-wit-a6b927,1896,31.7867,31.7876,0.70825,Telophase: two nuclei reform,1,orbit,0,0,0,initial,4,0.00000,-0.74686,0.00000,0.00000,0.04490,-0.00000,-3.55000,0.00000,0.00000,3.55000,0.00000,0.00000,-0.00000,0.00000,3.00000,0.21763,4.10000,16,69,17,0.00000,0.00000,0.17600,0.00000
20260527-224411-sentence-script-a-single-cell-sphere-wit-a6b927,1902,31.8877,31.8887,0.71071,Telophase: two nuclei reform,1,orbit,0,0,0,initial,5,-0.00000,-0.28778,-0.28778,0.00000,0.01858,0.01858,-3.55000,0.00000,0.00000,3.55000,0.00000,0.00000,-0.00000,0.00000,3.00000,0.21890,4.10000,16,70,18,0.00000,0.00000,0.17600,0.00000
20260527-224411-sentence-script-a-single-cell-sphere-wit-a6b927,1908,31.9888,31.9898,0.71316,Telophase: two nuclei reform,1,orbit,0,0,0,initial,5,-0.00000,-0.28583,-0.28583,0.00000,0.01970,0.01970,-3.55000,0.00000,0.00000,3.55000,0.00000,0.00000,-0.00000,0.00000,3.00000,0.22026,4.10000,16,73,18,0.00000,0.00000,0.17600,0.00000
20260527-224411-sentence-script-a-single-cell-sphere-wit-a6b927,1914,32.0901,32.0910,0.71540,Telophase: two nuclei reform,1,ritual,0,0,0,initial,5,0.00001,-0.28658,-0.28658,0.00027,-0.06201,-0.06201,-3.55000,0.00000,0.00000,3.55000,0.00000,0.00000,-0.00000,0.00000,3.00000,0.22152,4.10000,16,74,18,0.00000,0.00000,0.18315,0.00000
20260527-224411-sentence-script-a-single-cell-sphere-wit-a6b927,1920,32.1911,32.1920,0.71718,Telophase: two nuclei reform,1,ritual,0,0,0,initial,5,0.00003,-0.29217,-0.29217,0.00023,-0.04902,-0.04902,-3.55000,0.00000,0.00000,3.55000,0.00000,0.00000,-0.00000,0.00000,3.00000,0.22269,4.10000,16,75,18,0.00000,0.00000,0.18674,0.00000
20260527-224411-sentence-script-a-single-cell-sphere-wit-a6b927,1926,32.2921,32.2930,0.71895,Telophase: two nuclei reform,1,ritual,0,0,0,initial,5,0.00005,-0.29584,-0.29584,0.00015,-0.02651,-0.02651,-3.55000,0.00000,0.00000,3.55000,0.00000,0.00000,-0.00000,0.00000,3.00000,0.22417,4.10000,16,75,18,0.00000,0.00000,0.18800,0.00000
20260527-224411-sentence-script-a-single-cell-sphere-wit-a6b927,1932,32.3925,32.3935,0.72072,Telophase: two nuclei reform,1,ritual,0,0,0,initial,5,0.00006,-0.29681,-0.29681,0.00005,0.00286,0.00286,-3.55000,0.00000,0.00000,3.55000,0.00000,0.00000,-0.00004,0.00004,3.00000,0.22583,4.10000,16,75,18,0.00000,0.00000,0.18656,0.00000
20260527-224411-sentence-script-a-single-cell-sphere-wit-a6b927,1938,32.4931,32.4941,0.72250,Telophase: two nuclei reform,1,ritual,0,0,0,initial,5,0.00006,-0.29469,-0.29469,-0.00006,0.03391,0.03391,-3.55000,0.00000,0.00000,3.55000,0.00000,0.00000,-0.00049,0.00049,3.00000,0.22759,4.10000,16,79,18,0.00000,0.00000,0.18284,0.00000
20260527-224411-sentence-script-a-single-cell-sphere-wit-a6b927,1944,32.5941,32.5951,0.72428,Telophase: two nuclei reform,1,ritual,0,0,0,initial,5,0.00005,-0.28958,-0.28958,-0.00016,0.06176,0.06176,-3.55000,0.00000,0.00000,3.55000,0.00000,0.00000,-0.00143,0.00143,3.00000,0.22930,4.10000,16,82,18,0.00000,0.00000,0.17791,0.00000
20260527-224411-sentence-script-a-single-cell-sphere-wit-a6b927,1950,32.6952,32.6962,0.72606,Telophase: two nuclei reform,1,ritual,0,0,0,initial,5,0.00003,-0.28204,-0.28204,-0.00023,0.08236,0.08236,-3.55000,0.00000,0.00000,3.55000,0.00000,0.00000,-0.00285,0.00285,3.00000,0.23086,4.10000,16,82,18,0.00000,0.00000,0.17323,0.00000
20260527-224411-sentence-script-a-single-cell-sphere-wit-a6b927,1956,32.7963,32.7972,0.72784,Telophase: two nuclei reform,1,ritual,0,0,0,initial,5,0.00000,-0.27305,-0.27305,-0.00027,0.09219,0.09219,-3.55000,0.00000,0.00000,3.55000,0.00000,0.00000,-0.00476,0.00476,3.00000,0.23219,4.10000,16,84,18,0.00000,0.00000,0.17019,0.00000
20260527-224411-sentence-script-a-single-cell-sphere-wit-a6b927,1962,32.8974,32.8984,0.72962,Telophase: two nuclei reform,1,ritual,0,0,0,initial,5,-0.00002,-0.26378,-0.26378,-0.00026,0.08989,0.08989,-3.55000,0.00000,0.00000,3.55000,0.00000,0.00000,-0.00713,0.00713,3.00000,0.23328,4.10000,16,85,18,0.00000,0.00000,0.16966,0.00000
20260527-224411-sentence-script-a-single-cell-sphere-wit-a6b927,1968,33.0038,33.0048,0.73150,Telophase: two nuclei reform,1,ritual,0,0,0,initial,5,-0.00005,-0.25544,-0.25544,-0.00020,0.07425,0.07425,-3.55000,0.00000,0.00000,3.55000,0.00000,0.00000,-0.01013,0.01013,3.00000,0.23417,4.10000,16,86,18,0.00000,0.00000,0.17191,0.00000
20260527-224411-sentence-script-a-single-cell-sphere-wit-a6b927,1974,33.1064,33.1074,0.73330,Telophase: two nuclei reform,1,ritual,0,0,0,initial,5,-0.00006,-0.24916,-0.24916,-0.00012,0.05088,0.05088,-3.55000,0.00000,0.00000,3.55000,0.00000,0.00000,-0.01350,0.01350,3.00000,0.23485,4.10000,16,89,18,0.00000,0.00000,0.17607,0.00000
20260527-224411-sentence-script-a-single-cell-sphere-wit-a6b927,1980,33.2086,33.2095,0.73510,Telophase: two nuclei reform,1,ritual,0,0,0,initial,5,-0.00007,-0.24565,-0.24565,-0.00001,0.02201,0.02201,-3.55000,0.00000,0.00000,3.55000,0.00000,0.00000,-0.01732,0.01732,3.00000,0.23547,4.10000,16,91,18,0.00000,0.00000,0.18077,0.00000
20260527-224411-sentence-script-a-single-cell-sphere-wit-a6b927,1986,33.3097,33.3107,0.73689,Telophase: two nuclei reform,1,ritual,0,0,0,initial,5,-0.00006,-0.24516,-0.24516,0.00010,-0.00717,-0.00717,-3.55000,0.00000,0.00000,3.55000,0.00000,0.00000,-0.02155,0.02155,3.00000,0.23612,4.10000,16,95,18,0.00000,0.00000,0.18447,0.00000
20260527-224411-sentence-script-a-single-cell-sphere-wit-a6b927,1992,33.4099,33.4109,0.73865,Telophase: two nuclei reform,1,ritual,0,0,0,initial,5,-0.00005,-0.24740,-0.24740,0.00020,-0.03236,-0.03236,-3.55000,0.00000,0.00000,3.55000,0.00000,0.00000,-0.02616,0.02616,3.00000,0.23693,4.10000,16,97,18,0.00000,0.00000,0.18599,0.00000
20260527-224411-sentence-script-a-single-cell-sphere-wit-a6b927,1998,33.5106,33.5116,0.74042,Telophase: two nuclei reform,1,ritual,0,0,0,initial,5,-0.00002,-0.25171,-0.25171,0.00027,-0.04901,-0.04901,-3.55000,0.00000,0.00000,3.55000,0.00000,0.00000,-0.03123,0.03123,3.00000,0.23799,4.10000,16,98,18,0.00000,0.00000,0.18482,0.00000
20260527-224411-sentence-script-a-single-cell-sphere-wit-a6b927,2004,33.6110,33.6120,0.74219,Telophase: two nuclei reform,1,ritual,0,0,0,initial,5,0.00000,-0.25706,-0.25706,0.00029,-0.05447,-0.05447,-3.55000,0.00000,0.00000,3.55000,0.00000,0.00000,-0.03670,0.03670,3.00000,0.23935,4.10000,16,100,18,0.00000,0.00000,0.18120,0.00000
20260527-224411-sentence-script-a-single-cell-sphere-wit-a6b927,2010,33.7117,33.7127,0.74397,Telophase: two nuclei reform,1,ritual,0,0,0,initial,5,0.00003,-0.26226,-0.26226,0.00027,-0.04793,-0.04793,-3.55000,0.00000,0.00000,3.55000,0.00000,0.00000,-0.04259,0.04259,3.00000,0.24103,4.10000,16,101,18,0.00000,0.00000,0.17607,0.00000
20260527-224411-sentence-script-a-single-cell-sphere-wit-a6b927,2016,33.8134,33.8144,0.74576,Telophase: two nuclei reform,1,ritual,0,0,0,initial,5,0.00006,-0.26611,-0.26611,0.00020,-0.03026,-0.03026,-3.55000,0.00000,0.00000,3.55000,0.00000,0.00000,-0.04895,0.04895,3.00000,0.24299,4.10000,16,103,18,0.00000,0.00000,0.17078,0.00000
20260527-224411-sentence-script-a-single-cell-sphere-wit-a6b927,2022,33.9142,33.9152,0.74754,Telophase: two nuclei reform,1,ritual,0,0,0,initial,6,0.00003,-0.00000,-0.66395,-0.00010,0.00000,0.11809,-3.55000,0.00000,0.00000,3.55000,0.00000,0.00000,-0.05567,0.05567,3.00000,0.24514,4.10000,16,105,19,0.00000,0.00000,0.16689,0.00000
20260527-224411-sentence-script-a-single-cell-sphere-wit-a6b927,2028,34.0153,34.0163,0.74932,Telophase: two nuclei reform,1,ritual,0,0,0,initial,6,0.00002,-0.00000,-0.65022,-0.00014,0.00000,0.14661,-3.55000,0.00000,0.00000,3.55000,0.00000,0.00000,-0.06279,0.06279,3.00000,0.24738,4.10000,16,109,19,0.00000,0.00000,0.16535,0.00000
20260527-224411-sentence-script-a-single-cell-sphere-wit-a6b927,2034,34.1166,34.1175,0.75110,Telophase: two nuclei reform,1,ritual,0,0,0,initial,6,0.00000,-0.00000,-0.63444,-0.00016,0.00000,0.15995,-3.55000,0.00000,0.00000,3.55000,0.00000,0.00000,-0.07031,0.07031,3.00000,0.24958,4.10000,16,111,19,0.00000,0.00000,0.16648,0.00000
20260527-224411-sentence-script-a-single-cell-sphere-wit-a6b927,2040,34.2179,34.2189,0.75289,Telophase: two nuclei reform,1,ritual,0,0,0,initial,6,-0.00001,-0.00000,-0.61827,-0.00016,0.00000,0.15665,-3.55000,0.00000,0.00000,3.55000,0.00000,0.00000,-0.07823,0.07823,3.00000,0.25164,4.10000,16,115,19,0.00000,0.00000,0.16980,0.00000
20260527-224411-sentence-script-a-single-cell-sphere-wit-a6b927,2046,34.3189,34.3199,0.75467,Telophase: two nuclei reform,1,ritual,0,0,0,initial,6,-0.00003,-0.00000,-0.60346,-0.00013,0.00000,0.13777,-3.55000,0.00000,0.00000,3.55000,0.00000,0.00000,-0.08649,0.08649,3.00000,0.25346,4.10000,16,117,19,0.00000,0.00000,0.17410,0.00000
20260527-224411-sentence-script-a-single-cell-sphere-wit-a6b927,2052,34.4192,34.4202,0.75643,Telophase: two nuclei reform,1,ritual,0,0,0,initial,6,-0.00004,-0.00000,-0.59149,-0.00008,0.00000,0.10461,-3.55000,0.00000,0.00000,3.55000,0.00000,0.00000,-0.09506,0.09506,3.00000,0.25498,4.10000,16,117,19,0.00000,0.00000,0.17788,0.00000
20260527-224411-sentence-script-a-single-cell-sphere-wit-a6b927,2058,34.5199,34.5209,0.75821,Telophase: two nuclei reform,1,ritual,0,0,0,initial,6,-0.00004,-0.00000,-0.58336,-0.00001,0.00000,0.06311,-3.55000,0.00000,0.00000,3.55000,0.00000,0.00000,-0.10402,0.10402,3.00000,0.25622,4.10000,16,122,19,0.00000,0.00000,0.17986,0.00000
20260527-224411-sentence-script-a-single-cell-sphere-wit-a6b927,2064,34.6209,34.6219,0.75999,Telophase: two nuclei reform,1,ritual,0,0,0,initial,6,-0.00004,-0.00000,-0.57950,0.00006,0.00000,0.02087,-3.55000,0.00000,0.00000,3.55000,0.00000,0.00000,-0.11336,0.11336,3.00000,0.25722,4.10000,16,124,19,0.00000,0.00000,0.17925,0.00000
20260527-224411-sentence-script-a-single-cell-sphere-wit-a6b927,2070,34.7220,34.7230,0.76177,Telophase: two nuclei reform,1,ritual,0,0,0,initial,6,-0.00003,-0.00000,-0.57962,0.00012,-0.00000,-0.01574,-3.55000,0.00000,0.00000,3.55000,0.00000,0.00000,-0.12305,0.12305,2.99955,0.25807,4.10000,16,127,19,0.00000,0.00000,0.17599,0.00000
20260527-224411-sentence-script-a-single-cell-sphere-wit-a6b927,2076,34.8229,34.8239,0.76355,Telophase: two nuclei reform,1,ritual,0,0,0,initial,6,-0.00002,-0.00000,-0.58281,0.00016,-0.00000,-0.04105,-3.55000,0.00000,0.00000,3.55000,0.00000,0.00000,-0.13307,0.13307,2.99821,0.25887,4.10000,16,129,19,0.00000,0.00000,0.17086,0.00000
20260527-224411-sentence-script-a-single-cell-sphere-wit-a6b927,2082,34.9242,34.9251,0.76533,Telophase: two nuclei reform,1,ritual,0,0,0,initial,6,0.00000,-0.00000,-0.58764,0.00018,-0.00000,-0.05020,-3.55000,0.00000,0.00000,3.55000,0.00000,0.00000,-0.14345,0.14345,2.99599,0.25974,4.10000,16,134,19,0.00000,0.00000,0.16516,0.00000
20260527-224411-sentence-script-a-single-cell-sphere-wit-a6b927,2088,35.0308,35.0318,0.76721,Telophase: two nuclei reform,1,ritual,0,0,0,initial,7,0.00008,0.24376,-0.24376,0.00006,-0.00930,0.00930,-3.55000,0.00000,0.00000,3.55000,0.00000,0.00000,-0.15474,0.15474,2.99270,0.26090,4.10000,16,136,20,0.00000,0.00000,0.16019,0.00000
20260527-224411-sentence-script-a-single-cell-sphere-wit-a6b927,2094,35.1334,35.1343,0.76902,Telophase: two nuclei reform,1,ritual,0,0,0,initial,7,0.00008,0.24102,-0.24102,-0.00008,-0.03922,0.03922,-3.55000,0.00000,0.00000,3.55000,0.00000,0.00000,-0.16594,0.16594,2.98864,0.26223,4.10000,16,138,20,0.00000,0.00000,0.15766,0.00000
20260527-224411-sentence-script-a-single-cell-sphere-wit-a6b927,2100,35.2357,35.2366,0.77082,Telophase: two nuclei reform,1,ritual,0,0,0,initial,7,0.00006,0.23534,-0.23534,-0.00020,-0.06634,0.06634,-3.55000,0.00000,0.00000,3.55000,0.00000,0.00000,-0.17742,0.17742,2.98373,0.26386,4.10000,16,139,20,0.00000,0.00000,0.15788,0.00000
20260527-224411-sentence-script-a-single-cell-sphere-wit-a6b927,2106,35.3366,35.3376,0.77260,Telophase: two nuclei reform,1,ritual,0,0,0,initial,7,0.00004,0.22737,-0.22737,-0.00029,-0.08664,0.08664,-3.55000,0.00000,0.00000,3.55000,0.00000,0.00000,-0.18906,0.18906,2.97806,0.26573,4.10000,16,141,20,0.00000,0.00000,0.16049,0.00000
20260527-224411-sentence-script-a-single-cell-sphere-wit-a6b927,2112,35.4379,35.4389,0.77438,Telophase: two nuclei reform,1,ritual,0,0,0,initial,7,0.00000,0.21800,-0.21800,-0.00034,-0.09574,0.09574,-3.55000,0.00000,0.00000,3.55000,0.00000,0.00000,-0.20104,0.20104,2.97155,0.26781,4.10000,16,142,20,0.00000,0.00000,0.16441,0.00000
20260527-224411-sentence-script-a-single-cell-sphere-wit-a6b927,2118,35.5393,35.5402,0.77617,Telophase: two nuclei reform,1,ritual,0,0,0,initial,7,-0.00003,0.20841,-0.20841,-0.00033,-0.09219,0.09219,-3.55000,0.00000,0.00000,3.55000,0.00000,0.00000,-0.21332,0.21332,2.96423,0.27002,4.10000,16,144,20,0.00000,0.00000,0.16819,0.00000
20260527-224411-sentence-script-a-single-cell-sphere-wit-a6b927,2124,35.6409,35.6419,0.77796,Telophase: two nuclei reform,1,ritual,0,0,0,initial,7,-0.00006,0.19982,-0.19982,-0.00027,-0.07757,0.07757,-3.55000,0.00000,0.00000,3.55000,0.00000,0.00000,-0.22592,0.22592,2.95611,0.27223,4.10000,16,149,20,0.00000,0.00000,0.17042,0.00000
20260527-224411-sentence-script-a-single-cell-sphere-wit-a6b927,2130,35.7429,35.7439,0.77976,Telophase: two nuclei reform,1,ritual,0,0,0,initial,7,-0.00008,0.19330,-0.19330,-0.00016,-0.05325,0.05325,-3.55000,0.00000,0.00000,3.55000,0.00000,0.00000,-0.23885,0.23885,2.94717,0.27431,4.10000,16,151,20,0.00000,0.00000,0.17011,0.00000
20260527-224411-sentence-script-a-single-cell-sphere-wit-a6b927,2136,35.8450,35.8460,0.78155,Telophase: two nuclei reform,1,ritual,0,0,0,initial,7,-0.00009,0.18958,-0.18958,-0.00002,-0.02395,0.02395,-3.55000,0.00000,0.00000,3.55000,0.00000,0.00000,-0.25207,0.25207,2.93744,0.27617,4.10000,16,153,20,0.00000,0.00000,0.16705,0.00000
20260527-224411-sentence-script-a-single-cell-sphere-wit-a6b927,2142,35.9470,35.9480,0.78335,Telophase: two nuclei reform,1,ritual,0,0,0,initial,7,-0.00008,0.18895,-0.18895,0.00012,0.00615,-0.00615,-3.55000,0.00000,0.00000,3.55000,0.00000,0.00000,-0.26554,0.26554,2.92698,0.27773,4.10000,16,154,20,0.00000,0.00000,0.16188,0.00000
20260527-224411-sentence-script-a-single-cell-sphere-wit-a6b927,2148,36.0488,36.0498,0.78515,Telophase: two nuclei reform,1,ritual,0,0,0,initial,7,-0.00006,0.19116,-0.19116,0.00025,0.03199,-0.03199,-3.55000,0.00000,0.00000,3.55000,0.00000,0.00000,-0.27925,0.27925,2.91579,0.27897,4.10000,16,157,20,0.00000,0.00000,0.15588,0.00000
20260527-224411-sentence-script-a-single-cell-sphere-wit-a6b927,2154,36.1504,36.1514,0.78693,Telophase: two nuclei reform,1,ritual,0,0,0,initial,7,-0.00003,0.19554,-0.19554,0.00034,0.04965,-0.04965,-3.55000,0.00000,0.00000,3.55000,0.00000,0.00000,-0.29317,0.29317,2.90391,0.27991,4.10000,16,160,20,0.00000,0.00000,0.15058,0.00000
20260527-224411-sentence-script-a-single-cell-sphere-wit-a6b927,2160,36.2520,36.2529,0.78872,Telophase: two nuclei reform,1,ritual,0,0,0,initial,0,-0.00003,0.50002,0.00000,0.00015,0.03114,-0.00000,-3.55000,0.00000,0.00000,3.55000,0.00000,0.00000,-0.30735,0.30735,2.89131,0.28063,4.10000,16,166,21,0.00000,0.00000,0.14727,0.00000
20260527-224411-sentence-script-a-single-cell-sphere-wit-a6b927,2166,36.3528,36.3538,0.79050,Telophase: two nuclei reform,1,ritual,0,0,0,initial,0,-0.00001,0.50460,0.00000,0.00020,0.05402,-0.00000,-3.55000,0.00000,0.00000,3.55000,0.00000,0.00000,-0.32165,0.32165,2.87813,0.28123,4.10000,16,169,21,0.00000,0.00000,0.14662,0.00000
20260527-224411-sentence-script-a-single-cell-sphere-wit-a6b927,2172,36.4535,36.4545,0.79228,Telophase: two nuclei reform,1,ritual,0,0,0,initial,0,0.00001,0.51043,0.00000,0.00020,0.05600,-0.00000,-3.55000,0.00000,0.00000,3.55000,0.00000,0.00000,-0.33617,0.33617,2.86429,0.28182,4.10000,16,171,21,0.00000,0.00000,0.14846,0.00000
20260527-224411-sentence-script-a-single-cell-sphere-wit-a6b927,2178,36.5541,36.5550,0.79405,Telophase: two nuclei reform,1,ritual,0,0,0,initial,0,0.00003,0.51583,0.00000,0.00019,0.04751,-0.00000,-3.55000,0.00000,0.00000,3.55000,0.00000,0.00000,-0.35089,0.35089,2.84981,0.28253,4.10000,16,173,21,0.00000,0.00000,0.15195,0.00000
20260527-224411-sentence-script-a-single-cell-sphere-wit-a6b927,2184,36.6551,36.6560,0.79583,Telophase: two nuclei reform,1,ritual,0,0,0,initial,0,0.00004,0.51914,0.00000,0.00013,0.02058,-0.00000,-3.55000,0.00000,0.00000,3.55000,0.00000,0.00000,-0.36588,0.36588,2.83463,0.28344,4.10000,16,173,21,0.00000,0.00000,0.15569,0.00000
20260527-224411-sentence-script-a-single-cell-sphere-wit-a6b927,2190,36.7561,36.7571,0.79761,Telophase: two nuclei reform,1,ritual,0,0,0,initial,0,0.00005,0.51911,0.00000,0.00006,-0.01628,-0.00000,-3.55000,0.00000,0.00000,3.55000,0.00000,0.00000,-0.38110,0.38110,2.81881,0.28460,4.10000,16,176,21,0.00000,0.00000,0.15823,0.00000
20260527-224411-sentence-script-a-single-cell-sphere-wit-a6b927,2196,36.8580,36.8589,0.79940,Telophase: two nuclei reform,1,ritual,0,0,0,initial,0,0.00005,0.51495,0.00000,-0.00003,-0.05788,-0.00000,-3.55000,0.00000,0.00000,3.55000,0.00000,0.00000,-0.39663,0.39663,2.80224,0.28604,4.10000,16,179,21,0.00000,0.00000,0.15845,0.00000
20260527-224411-sentence-script-a-single-cell-sphere-wit-a6b927,2202,36.9596,36.9606,0.80119,Telophase: two nuclei reform,1,ritual,0,0,0,initial,0,0.00004,0.50668,0.00000,-0.00011,-0.09703,-0.00000,-3.55000,0.00000,0.00000,3.55000,0.00000,0.00000,-0.41233,0.41233,2.78509,0.28769,4.10000,16,187,21,0.00000,0.00000,0.15592,0.00000
20260527-224411-sentence-script-a-single-cell-sphere-wit-a6b927,2208,37.0603,37.0613,0.80297,Telophase: two nuclei reform,1,ritual,0,0,0,initial,0,0.00003,0.49505,0.00000,-0.00018,-0.12713,-0.00000,-3.55000,0.00000,0.00000,3.55000,0.00000,0.00000,-0.42807,0.42807,2.76751,0.28947,4.10000,16,190,21,0.00000,0.00000,0.15110,0.00002
20260527-224411-sentence-script-a-single-cell-sphere-wit-a6b927,2214,37.1621,37.1630,0.80476,Telophase: two nuclei reform,1,ritual,0,0,0,initial,0,0.00001,0.48113,0.00000,-0.00021,-0.14177,-0.00000,-3.55000,0.00000,0.00000,3.55000,0.00000,0.00000,-0.44417,0.44417,2.74917,0.29130,4.10000,16,193,21,0.00000,0.00000,0.14502,0.00006
20260527-224411-sentence-script-a-single-cell-sphere-wit-a6b927,2220,37.2643,37.2652,0.80656,Telophase: two nuclei reform,1,ritual,0,0,0,initial,0,-0.00001,0.46656,0.00000,-0.00022,-0.14067,-0.00000,-3.55000,0.00000,0.00000,3.55000,0.00000,0.00000,-0.46051,0.46051,2.73017,0.29303,4.10000,16,195,21,0.00000,0.00000,0.13917,0.00011
20260527-224411-sentence-script-a-single-cell-sphere-wit-a6b927,2226,37.3651,37.3660,0.80834,Telophase: two nuclei reform,1,ritual,0,0,0,initial,1,-0.00010,0.16312,0.16312,0.00001,-0.01224,-0.01224,-3.55000,0.00000,0.00000,3.55000,0.00000,0.00000,-0.47679,0.47679,2.71088,0.29456,4.10000,16,200,22,0.00000,0.00000,0.13504,0.00018
20260527-224411-sentence-script-a-single-cell-sphere-wit-a6b927,2232,37.4653,37.4663,0.81010,Telophase: two nuclei reform,1,ritual,0,0,0,initial,1,-0.00009,0.16368,0.16368,0.00017,0.01789,0.01789,-3.55000,0.00000,0.00000,3.55000,0.00000,0.00000,-0.49315,0.49315,2.69116,0.29579,4.10000,16,203,22,0.00000,0.00000,0.13344,0.00026
20260527-224411-sentence-script-a-single-cell-sphere-wit-a6b927,2238,37.5661,37.5670,0.81188,Telophase: two nuclei reform,1,ritual,0,0,0,initial,1,-0.00007,0.16701,0.16701,0.00031,0.04290,0.04290,-3.55000,0.00000,0.00000,3.55000,0.00000,0.00000,-0.50973,0.50973,2.67084,0.29668,4.10000,16,206,22,0.00000,0.00000,0.13445,0.00036
20260527-224411-sentence-script-a-single-cell-sphere-wit-a6b927,2244,37.6675,37.6685,0.81366,Telophase: two nuclei reform,1,ritual,0,0,0,initial,1,-0.00003,0.17237,0.17237,0.00039,0.05869,0.05869,-3.55000,0.00000,0.00000,3.55000,0.00000,0.00000,-0.52658,0.52658,2.64987,0.29725,4.10000,16,211,22,0.00000,0.00000,0.13744,0.00047
20260527-224411-sentence-script-a-single-cell-sphere-wit-a6b927,2250,37.7690,37.7700,0.81545,Telophase: two nuclei reform,1,ritual,0,0,0,initial,1,0.00001,0.17869,0.17869,0.00042,0.06320,0.06320,-3.55000,0.00000,0.00000,3.55000,0.00000,0.00000,-0.54359,0.54359,2.62837,0.29752,4.10000,16,214,22,0.00000,0.00000,0.14114,0.00059
20260527-224411-sentence-script-a-single-cell-sphere-wit-a6b927,2256,37.8704,37.8713,0.81724,Telophase: two nuclei reform,1,ritual,0,0,0,initial,1,0.00005,0.18476,0.18476,0.00038,0.05592,0.05592,-3.55000,0.00000,0.00000,3.55000,0.00000,0.00000,-0.56069,0.56069,2.60643,0.29761,4.10000,16,217,22,0.00000,0.00000,0.14402,0.00073
20260527-224411-sentence-script-a-single-cell-sphere-wit-a6b927,2262,37.9715,37.9725,0.81902,Telophase: two nuclei reform,1,ritual,0,0,0,initial,1,0.00009,0.18942,0.18942,0.00027,0.03749,0.03749,-3.55000,0.00000,0.00000,3.55000,0.00000,0.00000,-0.57790,0.57790,2.58406,0.29760,4.10000,16,220,22,0.00000,0.00000,0.14483,0.00088
20260527-224411-sentence-script-a-single-cell-sphere-wit-a6b927,2268,38.0729,38.0739,0.82081,Telophase: two nuclei reform,1,ritual,0,0,0,initial,1,0.00010,0.19173,0.19173,0.00012,0.01146,0.01146,-3.55000,0.00000,0.00000,3.55000,0.00000,0.00000,-0.59526,0.59526,2.56119,0.29763,4.10000,16,222,22,0.00000,0.00000,0.14295,0.00105
20260527-224411-sentence-script-a-single-cell-sphere-wit-a6b927,2274,38.1744,38.1753,0.82260,Telophase: two nuclei reform,1,ritual,0,0,0,initial,1,0.00011,0.19117,0.19117,-0.00005,-0.01788,-0.01788,-3.55000,0.00000,0.00000,3.55000,0.00000,0.00000,-0.61274,0.61274,2.53787,0.29780,4.10000,16,228,22,0.00000,0.00000,0.13855,0.00122
20260527-224411-sentence-script-a-single-cell-sphere-wit-a6b927,2280,38.2757,38.2767,0.82438,Telophase: two nuclei reform,1,ritual,0,0,0,initial,1,0.00009,0.18768,0.18768,-0.00022,-0.04567,-0.04567,-3.55000,0.00000,0.00000,3.55000,0.00000,0.00000,-0.63032,0.63032,2.51413,0.29816,4.10000,16,231,22,0.00000,0.00000,0.13256,0.00141
20260527-224411-sentence-script-a-single-cell-sphere-wit-a6b927,2286,38.3764,38.3774,0.82616,Telophase: two nuclei reform,1,ritual,0,0,0,initial,1,0.00006,0.18173,0.18173,-0.00035,-0.06775,-0.06775,-3.55000,0.00000,0.00000,3.55000,0.00000,0.00000,-0.64788,0.64788,2.49014,0.29877,4.10000,16,237,22,0.00000,0.00000,0.12644,0.00161
20260527-224411-sentence-script-a-single-cell-sphere-wit-a6b927,2292,38.4767,38.4777,0.82792,Telophase: two nuclei reform,1,ritual,0,0,0,initial,1,0.00002,0.17415,0.17415,-0.00043,-0.07954,-0.07954,-3.55000,0.00000,0.00000,3.55000,0.00000,0.00000,-0.66546,0.66546,2.46585,0.29958,4.10000,16,239,22,0.00000,0.00000,0.12163,0.00182
20260527-224411-sentence-script-a-single-cell-sphere-wit-a6b927,2298,38.5775,38.5785,0.82970,Telophase: two nuclei reform,1,ritual,0,0,0,initial,2,-0.00006,0.00000,0.41318,-0.00010,-0.00000,-0.05566,-3.55000,0.00000,0.00000,3.55000,0.00000,0.00000,-0.68321,0.68321,2.44108,0.30057,4.10000,16,242,23,0.00000,0.00000,0.11911,0.00204
20260527-224411-sentence-script-a-single-cell-sphere-wit-a6b927,2304,38.6787,38.6797,0.83148,Telophase: two nuclei reform,1,ritual,0,0,0,initial,2,-0.00006,0.00000,0.41015,0.00000,-0.00000,-0.01128,-3.55000,0.00000,0.00000,3.55000,0.00000,0.00000,-0.70112,0.70112,2.41581,0.30163,4.10000,16,246,23,0.00000,0.00000,0.11928,0.00227
20260527-224411-sentence-script-a-single-cell-sphere-wit-a6b927,2310,38.7801,38.7811,0.83327,Telophase: two nuclei reform,1,ritual,0,0,0,initial,2,-0.00006,0.00000,0.41164,0.00010,0.00000,0.03280,-3.55000,0.00000,0.00000,3.55000,0.00000,0.00000,-0.71912,0.71912,2.39015,0.30264,4.10000,16,250,23,0.00000,0.00000,0.12172,0.00251
20260527-224411-sentence-script-a-single-cell-sphere-wit-a6b927,2316,38.8819,38.8829,0.83506,Telophase: two nuclei reform,1,ritual,0,0,0,initial,2,-0.00004,0.00000,0.41727,0.00017,0.00000,0.06935,-3.55000,0.00000,0.00000,3.55000,0.00000,0.00000,-0.73727,0.73727,2.36403,0.30348,4.10000,16,253,23,0.00000,0.00000,0.12527,0.00277
20260527-224411-sentence-script-a-single-cell-sphere-wit-a6b927,2322,38.9840,38.9850,0.83686,Telophase: two nuclei reform,1,ritual,0,0,0,initial,2,-0.00002,0.00000,0.42600,0.00023,0.00000,0.09482,-3.55000,0.00000,0.00000,3.55000,0.00000,0.00000,-0.75553,0.75553,2.33750,0.30405,4.10000,16,256,23,0.00000,0.00000,0.12849,0.00303
20260527-224411-sentence-script-a-single-cell-sphere-wit-a6b927,2328,39.0861,39.0871,0.83866,Telophase: two nuclei reform,1,ritual,0,0,0,initial,2,0.00001,0.00000,0.43633,0.00024,0.00000,0.10348,-3.55000,0.00000,0.00000,3.55000,0.00000,0.00000,-0.77383,0.77383,2.31067,0.30426,4.10000,16,260,23,0.00000,0.00000,0.12991,0.00330
20260527-224411-sentence-script-a-single-cell-sphere-wit-a6b927,2334,39.1882,39.1891,0.84046,Cytokinesis: membrane pinches inward,1,ritual,0,0,0,initial,2,0.00003,0.00000,0.44649,0.00022,0.00000,0.09450,-3.55000,0.00000,0.00000,3.55000,0.00000,0.00000,-0.79218,0.79218,2.28352,0.30412,4.10000,16,264,23,0.00000,0.00000,0.12871,0.00358
20260527-224411-sentence-script-a-single-cell-sphere-wit-a6b927,2340,39.2905,39.2915,0.84226,Cytokinesis: membrane pinches inward,1,ritual,0,0,0,initial,2,0.00005,0.00000,0.45464,0.00015,0.00000,0.06562,-3.55000,0.00000,0.00000,3.55000,0.00000,0.00000,-0.81061,0.81061,2.25602,0.30367,4.10000,16,268,23,0.00000,0.00000,0.12483,0.00387
20260527-224411-sentence-script-a-single-cell-sphere-wit-a6b927,2346,39.3931,39.3941,0.84407,Cytokinesis: membrane pinches inward,1,ritual,0,0,0,initial,2,0.00006,0.00000,0.45933,0.00007,0.00000,0.03109,-3.55000,0.00000,0.00000,3.55000,0.00000,0.00000,-0.82913,0.82913,2.22815,0.30303,4.10000,16,270,23,0.00000,0.00000,0.11897,0.00416
20260527-224411-sentence-script-a-single-cell-sphere-wit-a6b927,2352,39.4936,39.4946,0.84584,Cytokinesis: membrane pinches inward,1,ritual,0,0,0,initial,2,0.00006,0.00000,0.45995,-0.00003,-0.00000,-0.01176,-3.55000,0.00000,0.00000,3.55000,0.00000,0.00000,-0.84729,0.84729,2.20061,0.30230,4.10000,16,275,23,0.00000,0.00000,0.11273,0.00446
20260527-224411-sentence-script-a-single-cell-sphere-wit-a6b927,2358,39.5953,39.5963,0.84763,Cytokinesis: membrane pinches inward,1,ritual,0,0,0,initial,2,0.00005,0.00000,0.45628,-0.00012,-0.00000,-0.05203,-3.55000,0.00000,0.00000,3.55000,0.00000,0.00000,-0.86568,0.86568,2.17248,0.30159,4.10000,16,278,23,0.00000,0.00000,0.10739,0.00477
20260527-224411-sentence-script-a-single-cell-sphere-wit-a6b927,2364,39.6962,39.6972,0.84941,Cytokinesis: membrane pinches inward,1,ritual,0,0,0,initial,3,-0.00004,-0.16104,0.16104,-0.00042,0.07058,-0.07058,-3.55000,0.00000,0.00000,3.55000,0.00000,0.00000,-0.88392,0.88392,2.14435,0.30103,4.10000,16,285,24,0.00000,0.00000,0.10420,0.00508
20260527-224411-sentence-script-a-single-cell-sphere-wit-a6b927,2370,39.7969,39.7978,0.85118,Cytokinesis: membrane pinches inward,1,ritual,0,0,0,initial,3,-0.00008,-0.15479,0.15479,-0.00032,0.05450,-0.05450,-3.55000,0.00000,0.00000,3.55000,0.00000,0.00000,-0.90214,0.90214,2.11607,0.30069,4.10000,16,289,24,0.00000,0.00000,0.10371,0.00540
20260527-224411-sentence-script-a-single-cell-sphere-wit-a6b927,2376,39.8977,39.8987,0.85296,Cytokinesis: membrane pinches inward,1,ritual,0,0,0,initial,3,-0.00010,-0.15069,0.15069,-0.00018,0.02969,-0.02969,-3.55000,0.00000,0.00000,3.55000,0.00000,0.00000,-0.92038,0.92038,2.08753,0.30063,4.10000,16,291,24,0.00000,0.00000,0.10565,0.00572
20260527-224411-sentence-script-a-single-cell-sphere-wit-a6b927,2382,39.9987,39.9997,0.85474,Cytokinesis: membrane pinches inward,1,ritual,0,0,0,initial,3,-0.00011,-0.14942,0.14942,-0.00000,0.00010,-0.00010,-3.55000,0.00000,0.00000,3.55000,0.00000,0.00000,-0.93864,0.93864,2.05876,0.30087,4.10000,16,299,24,0.00000,0.00000,0.10902,0.00605
20260527-224411-sentence-script-a-single-cell-sphere-wit-a6b927,2388,40.0999,40.1008,0.85652,Cytokinesis: membrane pinches inward,1,ritual,0,0,0,initial,3,-0.00010,-0.15118,0.15118,0.00018,-0.02952,0.02952,-3.55000,0.00000,0.00000,3.55000,0.00000,0.00000,-0.95691,0.95691,2.02976,0.30136,4.10000,16,303,24,0.00000,0.00000,0.11242,0.00638
20260527-224411-sentence-script-a-single-cell-sphere-wit-a6b927,2394,40.2011,40.2021,0.85830,Cytokinesis: membrane pinches inward,1,ritual,0,0,0,initial,3,-0.00007,-0.15569,0.15569,0.00032,-0.05435,0.05435,-3.55000,0.00000,0.00000,3.55000,0.00000,0.00000,-0.97516,0.97516,2.00059,0.30203,4.10000,16,306,24,0.00000,0.00000,0.11441,0.00672
20260527-224411-sentence-script-a-single-cell-sphere-wit-a6b927,2400,40.3021,40.3030,0.86008,Cytokinesis: membrane pinches inward,1,ritual,0,0,0,initial,3,-0.00004,-0.16221,0.16221,0.00042,-0.07061,0.07061,-3.55000,0.00000,0.00000,3.55000,0.00000,0.00000,-0.99334,0.99334,1.97134,0.30277,4.10000,16,310,24,0.00000,0.00000,0.11396,0.00706
20260527-224411-sentence-script-a-single-cell-sphere-wit-a6b927,2406,40.4030,40.4039,0.86186,Cytokinesis: membrane pinches inward,1,ritual,0,0,0,initial,3,0.00001,-0.16972,0.16972,0.00045,-0.07569,0.07569,-3.55000,0.00000,0.00000,3.55000,0.00000,0.00000,-1.01147,1.01147,1.94197,0.30345,4.10000,16,313,24,0.00000,0.00000,0.11083,0.00740
20260527-224411-sentence-script-a-single-cell-sphere-wit-a6b927,2412,40.5036,40.5046,0.86363,Cytokinesis: membrane pinches inward,1,ritual,0,0,0,initial,3,0.00005,-0.17698,0.17698,0.00040,-0.06811,0.06811,-3.55000,0.00000,0.00000,3.55000,0.00000,0.00000,-1.02950,1.02950,1.91257,0.30399,4.10000,16,315,24,0.00000,0.00000,0.10557,0.00774
20260527-224411-sentence-script-a-single-cell-sphere-wit-a6b927,2418,40.6047,40.6057,0.86542,Cytokinesis: membrane pinches inward,1,ritual,0,0,0,initial,3,0.00009,-0.18284,0.18284,0.00029,-0.04959,0.04959,-3.55000,0.00000,0.00000,3.55000,0.00000,0.00000,-1.04756,1.04756,1.88292,0.30427,4.10000,16,319,24,0.00000,0.00000,0.09930,0.00809
20260527-224411-sentence-script-a-single-cell-sphere-wit-a6b927,2424,40.7060,40.7070,0.86720,Cytokinesis: membrane pinches inward,1,ritual,0,0,0,initial,3,0.00011,-0.18635,0.18635,0.00014,-0.02305,0.02305,-3.55000,0.00000,0.00000,3.55000,0.00000,0.00000,-1.06560,1.06560,1.85312,0.30425,4.10000,16,327,24,0.00000,0.00000,0.09354,0.00845
20260527-224411-sentence-script-a-single-cell-sphere-wit-a6b927,2430,40.8075,40.8085,0.86899,Cytokinesis: membrane pinches inward,1,ritual,0,0,0,initial,3,0.00011,-0.18693,0.18693,-0.00004,0.00690,-0.00690,-3.55000,0.00000,0.00000,3.55000,0.00000,0.00000,-1.08362,1.08362,1.82317,0.30395,4.10000,16,333,24,0.00000,0.00000,0.08960,0.00880
20260527-224411-sentence-script-a-single-cell-sphere-wit-a6b927,2436,40.9090,40.9100,0.87078,Cytokinesis: membrane pinches inward,1,ritual,0,0,0,initial,4,0.00000,-0.43517,0.00000,-0.00024,0.10554,-0.00000,-3.55000,0.00000,0.00000,3.55000,0.00000,0.00000,-1.10155,1.10155,1.79316,0.30339,4.10000,16,339,25,0.00000,0.00000,0.08831,0.00916
20260527-224411-sentence-script-a-single-cell-sphere-wit-a6b927,2442,41.0108,41.0118,0.87257,Cytokinesis: membrane pinches inward,1,ritual,0,0,0,initial,4,-0.00002,-0.42462,0.00000,-0.00023,0.09966,-0.00000,-3.55000,0.00000,0.00000,3.55000,0.00000,0.00000,-1.11945,1.11945,1.76302,0.30270,4.10000,16,344,25,0.00000,0.00000,0.08965,0.00951
20260527-224411-sentence-script-a-single-cell-sphere-wit-a6b927,2448,41.1126,41.1135,0.87436,Cytokinesis: membrane pinches inward,1,ritual,0,0,0,initial,4,-0.00004,-0.41562,0.00000,-0.00018,0.07836,-0.00000,-3.55000,0.00000,0.00000,3.55000,0.00000,0.00000,-1.13726,1.13726,1.73284,0.30197,4.10000,16,348,25,0.00000,0.00000,0.09282,0.00987
20260527-224411-sentence-script-a-single-cell-sphere-wit-a6b927,2454,41.2145,41.2154,0.87616,Cytokinesis: membrane pinches inward,1,ritual,0,0,0,initial,4,-0.00006,-0.40964,0.00000,-0.00010,0.04364,-0.00000,-3.55000,0.00000,0.00000,3.55000,0.00000,0.00000,-1.15501,1.15501,1.70260,0.30131,4.10000,16,350,25,0.00000,0.00000,0.09644,0.01023
20260527-224411-sentence-script-a-single-cell-sphere-wit-a6b927,2460,41.3159,41.3169,0.87795,Cytokinesis: membrane pinches inward,1,ritual,0,0,0,initial,4,-0.00006,-0.40764,0.00000,-0.00001,0.00217,-0.00000,-3.55000,0.00000,0.00000,3.55000,0.00000,0.00000,-1.17257,1.17257,1.67248,0.30085,4.10000,16,354,25,0.00000,0.00000,0.09900,0.01059
20260527-224411-sentence-script-a-single-cell-sphere-wit-a6b927,2466,41.4170,41.4180,0.87973,Cytokinesis: membrane pinches inward,1,ritual,0,0,0,initial,4,-0.00006,-0.40992,0.00000,0.00009,-0.03977,0.00000,-3.55000,0.00000,0.00000,3.55000,0.00000,0.00000,-1.18996,1.18996,1.64247,0.30064,4.10000,16,364,25,0.00000,0.00000,0.09934,0.01094
20260527-224411-sentence-script-a-single-cell-sphere-wit-a6b927,2472,41.5190,41.5199,0.88152,Cytokinesis: membrane pinches inward,1,ritual,0,0,0,initial,4,-0.00004,-0.41616,0.00000,0.00017,-0.07525,0.00000,-3.55000,0.00000,0.00000,3.55000,0.00000,0.00000,-1.20738,1.20738,1.61222,0.30073,4.10000,16,367,25,0.00000,0.00000,0.09695,0.01130
20260527-224411-sentence-script-a-single-cell-sphere-wit-a6b927,2478,41.6208,41.6218,0.88332,Cytokinesis: membrane pinches inward,1,ritual,0,0,0,initial,4,-0.00002,-0.42532,0.00000,0.00023,-0.09825,0.00000,-3.55000,0.00000,0.00000,3.55000,0.00000,0.00000,-1.22466,1.22466,1.58204,0.30110,4.10000,16,372,25,0.00000,0.00000,0.09216,0.01166
20260527-224411-sentence-script-a-single-cell-sphere-wit-a6b927,2484,41.7234,41.7244,0.88513,Cytokinesis: membrane pinches inward,1,ritual,0,0,0,initial,4,0.00000,-0.43591,0.00000,0.00024,-0.10552,0.00000,-3.55000,0.00000,0.00000,3.55000,0.00000,0.00000,-1.24194,1.24194,1.55168,0.30169,4.10000,16,376,25,0.00000,0.00000,0.08599,0.01201
20260527-224411-sentence-script-a-single-cell-sphere-wit-a6b927,2490,41.8250,41.8260,0.88692,Cytokinesis: membrane pinches inward,1,ritual,0,0,0,initial,4,0.00003,-0.44619,0.00000,0.00022,-0.09566,0.00000,-3.55000,0.00000,0.00000,3.55000,0.00000,0.00000,-1.25891,1.25891,1.52167,0.30242,4.10000,16,382,25,0.00000,0.00000,0.08004,0.01236
20260527-224411-sentence-script-a-single-cell-sphere-wit-a6b927,2496,41.9268,41.9278,0.88871,Cytokinesis: membrane pinches inward,1,ritual,0,0,0,initial,4,0.00005,-0.45446,0.00000,0.00016,-0.06970,0.00000,-3.55000,0.00000,0.00000,3.55000,0.00000,0.00000,-1.27577,1.27577,1.49167,0.30314,4.10000,16,384,25,0.00000,0.00000,0.07566,0.01271
20260527-224411-sentence-script-a-single-cell-sphere-wit-a6b927,2502,42.0281,42.0290,0.89049,Cytokinesis: membrane pinches inward,1,ritual,0,0,0,initial,5,0.00008,-0.18226,-0.18226,-0.00028,0.04760,0.04760,-3.55000,0.00000,0.00000,3.55000,0.00000,0.00000,-1.29239,1.29239,1.46194,0.30376,4.10000,16,387,26,0.00000,0.00000,0.07384,0.01305
20260527-224411-sentence-script-a-single-cell-sphere-wit-a6b927,2508,42.1297,42.1307,0.89229,Cytokinesis: membrane pinches inward,1,ritual,0,0,0,initial,5,0.00005,-0.17623,-0.17623,-0.00039,0.06639,0.06639,-3.55000,0.00000,0.00000,3.55000,0.00000,0.00000,-1.30892,1.30892,1.43217,0.30416,4.10000,16,392,26,0.00000,0.00000,0.07472,0.01340
20260527-224411-sentence-script-a-single-cell-sphere-wit-a6b927,2514,42.2313,42.2323,0.89407,Cytokinesis: membrane pinches inward,1,ritual,0,0,0,initial,5,0.00000,-0.16890,-0.16890,-0.00044,0.07450,0.07450,-3.55000,0.00000,0.00000,3.55000,0.00000,0.00000,-1.32527,1.32527,1.40255,0.30428,4.10000,16,400,26,0.00000,0.00000,0.07767,0.01373
20260527-224411-sentence-script-a-single-cell-sphere-wit-a6b927,2520,42.3327,42.3337,0.89586,Cytokinesis: membrane pinches inward,1,ritual,0,0,0,initial,5,-0.00004,-0.16147,-0.16147,-0.00042,0.07078,0.07078,-3.55000,0.00000,0.00000,3.55000,0.00000,0.00000,-1.34143,1.34143,1.37310,0.30411,4.10000,16,404,26,0.00000,0.00000,0.08143,0.01406
20260527-224411-sentence-script-a-single-cell-sphere-wit-a6b927,2526,42.4335,42.4345,0.89764,Cytokinesis: membrane pinches inward,1,ritual,0,0,0,initial,5,-0.00008,-0.15512,-0.15512,-0.00033,0.05633,0.05633,-3.55000,0.00000,0.00000,3.55000,0.00000,0.00000,-1.35730,1.35730,1.34400,0.30366,4.10000,16,410,26,0.00000,0.00000,0.08447,0.01439
20260527-224411-sentence-script-a-single-cell-sphere-wit-a6b927,2532,42.5343,42.5353,0.89941,Cytokinesis: membrane pinches inward,1,ritual,0,0,0,initial,5,-0.00010,-0.15089,-0.15089,-0.00019,0.03164,0.03164,-3.55000,0.00000,0.00000,3.55000,0.00000,0.00000,-1.37300,1.37300,1.31502,0.30302,4.10000,16,416,26,0.00000,0.00000,0.08555,0.01471
20260527-224411-sentence-script-a-single-cell-sphere-wit-a6b927,2538,42.6347,42.6357,0.90124,Cytokinesis: membrane pinches inward,1,curious,0,0,0,initial,5,0.00743,-0.15231,-0.15303,0.45101,-0.16987,-0.21342,-3.55000,0.00000,0.00000,3.55000,0.00000,0.00000,-1.38893,1.38893,1.28543,0.30317,4.10000,16,421,26,0.00000,0.00000,0.06653,0.01503
20260527-224411-sentence-script-a-single-cell-sphere-wit-a6b927,2544,42.7351,42.7361,0.90334,Cytokinesis: membrane pinches inward,1,curious,0,0,0,initial,5,0.00258,-0.16699,-0.16122,-0.42793,-0.40246,0.08785,-3.55000,0.00000,0.00000,3.55000,0.00000,0.00000,-1.40703,1.40703,1.25157,0.30205,4.10000,16,422,26,0.00000,0.00000,0.06518,0.01540
20260527-224411-sentence-script-a-single-cell-sphere-wit-a6b927,2550,42.8356,42.8366,0.90545,Cytokinesis: membrane pinches inward,1,curious,0,0,0,initial,5,0.00348,-0.18393,-0.18317,0.26854,-0.16513,-0.17951,-3.55000,0.00000,0.00000,3.55000,0.00000,0.00000,-1.42488,1.42488,1.21793,0.30111,4.10000,16,424,26,0.00000,0.00000,0.06385,0.01575
20260527-224411-sentence-script-a-single-cell-sphere-wit-a6b927,2556,42.9363,42.9373,0.90756,Cytokinesis: membrane pinches inward,1,curious,0,0,0,initial,5,0.01505,-0.18628,-0.19552,0.02636,-0.55910,0.00379,-3.55000,0.00000,0.00000,3.55000,0.00000,0.00000,-1.44245,1.44245,1.18455,0.30224,4.10000,16,425,26,0.00000,0.00000,0.06255,0.01610
20260527-224411-sentence-script-a-single-cell-sphere-wit-a6b927,2562,43.0368,43.0378,0.90966,Cytokinesis: membrane pinches inward,1,curious,0,0,0,initial,5,0.00932,-0.19679,-0.18090,0.05894,-0.25410,0.03401,-3.55000,0.00000,0.00000,3.55000,0.00000,0.00000,-1.45968,1.45968,1.15156,0.30176,4.10000,16,425,26,0.00000,0.00000,0.06126,0.01644
20260527-224411-sentence-script-a-single-cell-sphere-wit-a6b927,2568,43.1372,43.1382,0.91177,Cytokinesis: membrane pinches inward,1,curious,0,0,0,initial,6,0.00727,-0.00165,-0.42443,0.43488,-0.09825,0.20021,-3.55000,0.00000,0.00000,3.55000,0.00000,0.00000,-1.47657,1.47657,1.11893,0.30261,4.10000,16,425,27,0.00000,0.00000,0.06000,0.01676
20260527-224411-sentence-script-a-single-cell-sphere-wit-a6b927,2574,43.2376,43.2385,0.91387,Cytokinesis: membrane pinches inward,1,curious,0,0,0,initial,6,0.00717,-0.01892,-0.44072,0.23764,0.00978,-0.36140,-3.55000,0.00000,0.00000,3.55000,0.00000,0.00000,-1.49312,1.49312,1.08671,0.30208,4.10000,16,425,27,0.00000,0.00000,0.05877,0.01708
20260527-224411-sentence-script-a-single-cell-sphere-wit-a6b927,2580,43.3380,43.3390,0.91597,Cytokinesis: membrane pinches inward,1,curious,0,0,0,initial,6,-0.00721,-0.04383,-0.42866,0.06814,-0.52768,0.15073,-3.55000,0.00000,0.00000,3.55000,0.00000,0.00000,-1.50933,1.50933,1.05485,0.30280,4.10000,16,426,27,0.00000,0.00000,0.05756,0.01738
20260527-224411-sentence-script-a-single-cell-sphere-wit-a6b927,2586,43.4387,43.4397,0.91808,Cytokinesis: membrane pinches inward,1,curious,0,0,0,initial,6,-0.01803,-0.04849,-0.43887,0.13933,-0.44415,-0.45020,-3.55000,0.00000,0.00000,3.55000,0.00000,0.00000,-1.52524,1.52524,1.02332,0.30384,4.10000,16,426,27,0.00000,0.00000,0.05638,0.01767
20260527-224411-sentence-script-a-single-cell-sphere-wit-a6b927,2592,43.5393,43.5403,0.92019,Cytokinesis: membrane pinches inward,1,curious,0,0,0,initial,6,-0.02190,-0.01898,-0.44593,0.13412,0.14080,0.13295,-3.55000,0.00000,0.00000,3.55000,0.00000,0.00000,-1.54077,1.54077,0.99226,0.30409,4.10000,16,426,27,0.00000,0.00000,0.05522,0.01794
20260527-224411-sentence-script-a-single-cell-sphere-wit-a6b927,2598,43.6415,43.6425,0.92233,Cytokinesis: membrane pinches inward,1,curious,0,0,0,initial,6,-0.02016,-0.01064,-0.44317,0.04980,-0.29419,-0.46867,-3.55000,0.00000,0.00000,3.55000,0.00000,0.00000,-1.55615,1.55615,0.96118,0.30408,4.10000,16,426,27,0.00000,0.00000,0.05408,0.01821
20260527-224411-sentence-script-a-single-cell-sphere-wit-a6b927,2604,43.7436,43.7445,0.92447,Cytokinesis: membrane pinches inward,1,curious,0,0,0,initial,6,-0.03473,0.01089,-0.44163,-0.61152,0.03096,-0.01888,-3.55000,0.00000,0.00000,3.55000,0.00000,0.00000,-1.57110,1.57110,0.93065,0.30604,4.10000,16,426,27,0.00000,0.00000,0.05296,0.01846
20260527-224411-sentence-script-a-single-cell-sphere-wit-a6b927,2610,43.8451,43.8460,0.92660,Cytokinesis: membrane pinches inward,1,curious,0,0,0,initial,6,-0.03177,-0.00417,-0.43493,0.11708,0.23551,0.11825,-3.55000,0.00000,0.00000,3.55000,0.00000,0.00000,-1.58557,1.58557,0.90080,0.30602,4.10000,16,426,27,0.00000,0.00000,0.05188,0.01869
20260527-224411-sentence-script-a-single-cell-sphere-wit-a6b927,2616,43.9463,43.9473,0.92872,Cytokinesis: membrane pinches inward,1,curious,0,0,0,initial,6,-0.02214,-0.01430,-0.43714,-0.17160,-0.13482,0.15103,-3.55000,0.00000,0.00000,3.55000,0.00000,0.00000,-1.59958,1.59958,0.87157,0.30478,4.10000,16,426,27,0.00000,0.00000,0.05084,0.01891
20260527-224411-sentence-script-a-single-cell-sphere-wit-a6b927,2622,44.0475,44.0485,0.93084,Cytokinesis: membrane pinches inward,1,curious,0,0,0,initial,6,-0.01938,-0.00194,-0.44025,0.39831,-0.40359,0.42562,-3.55000,0.00000,0.00000,3.55000,0.00000,0.00000,-1.61315,1.61315,0.84292,0.30434,4.10000,16,426,27,0.00000,0.00000,0.04983,0.01910
20260527-224411-sentence-script-a-single-cell-sphere-wit-a6b927,2628,44.1492,44.1501,0.93297,Cytokinesis: membrane pinches inward,1,curious,0,0,0,initial,6,-0.02157,0.00477,-0.44441,0.23564,-0.15353,-0.49764,-3.55000,0.00000,0.00000,3.55000,0.00000,0.00000,-1.62635,1.62635,0.81472,0.30446,4.10000,16,426,27,0.00000,0.00000,0.04885,0.01929
20260527-224411-sentence-script-a-single-cell-sphere-wit-a6b927,2634,44.2506,44.2515,0.93509,Cytokinesis: membrane pinches inward,1,curious,0,0,0,initial,6,-0.01673,-0.00911,-0.41909,0.24920,0.39810,0.40373,-3.55000,0.00000,0.00000,3.55000,0.00000,0.00000,-1.63905,1.63905,0.78720,0.30500,4.10000,16,426,27,0.00000,0.00000,0.04790,0.01945
20260527-224411-sentence-script-a-single-cell-sphere-wit-a6b927,2640,44.3527,44.3537,0.93723,Cytokinesis: membrane pinches inward,1,curious,0,0,0,initial,6,-0.03463,-0.02481,-0.40412,-0.31331,-0.48549,-0.01007,-3.55000,0.00000,0.00000,3.55000,0.00000,0.00000,-1.65137,1.65137,0.76014,0.30793,4.10000,16,426,27,0.00000,0.00000,0.04698,0.01959
20260527-224411-sentence-script-a-single-cell-sphere-wit-a6b927,2646,44.4537,44.4547,0.93935,Cytokinesis: membrane pinches inward,1,curious,0,0,0,initial,6,-0.01617,-0.03038,-0.41449,-0.15197,0.02558,-0.53070,-3.55000,0.00000,0.00000,3.55000,0.00000,0.00000,-1.66308,1.66308,0.73401,0.30519,4.10000,16,426,27,0.00000,0.00000,0.04611,0.01971
20260527-224411-sentence-script-a-single-cell-sphere-wit-a6b927,2652,44.5545,44.5555,0.94146,Cytokinesis: membrane pinches inward,1,curious,0,0,0,initial,6,-0.01159,-0.02733,-0.40143,0.35742,-0.21253,0.33857,-3.55000,0.00000,0.00000,3.55000,0.00000,0.00000,-1.67427,1.67427,0.70864,0.30520,4.10000,16,426,27,0.00000,0.00000,0.04528,0.01981
20260527-224411-sentence-script-a-single-cell-sphere-wit-a6b927,2658,44.6555,44.6565,0.94358,Cytokinesis: membrane pinches inward,1,curious,0,0,0,initial,6,-0.00812,-0.03559,-0.38884,0.39572,-0.28019,0.35794,-3.55000,0.00000,0.00000,3.55000,0.00000,0.00000,-1.68500,1.68500,0.68390,0.30535,4.10000,16,427,27,0.00000,0.00000,0.04448,0.01989
20260527-224411-sentence-script-a-single-cell-sphere-wit-a6b927,2664,44.7568,44.7577,0.94570,Cytokinesis: membrane pinches inward,1,curious,0,0,0,initial,6,-0.01004,-0.02546,-0.40375,-0.26031,-0.16919,0.42474,-3.55000,0.00000,0.00000,3.55000,0.00000,0.00000,-1.69524,1.69524,0.65982,0.30493,4.10000,16,427,27,0.00000,0.00000,0.04371,0.01995
20260527-224411-sentence-script-a-single-cell-sphere-wit-a6b927,2670,44.8584,44.8593,0.94783,Cytokinesis: membrane pinches inward,1,curious,0,0,0,initial,6,-0.01436,-0.02493,-0.42988,-0.53199,0.23604,0.08044,-3.55000,0.00000,0.00000,3.55000,0.00000,0.00000,-1.70499,1.70499,0.63641,0.30434,4.10000,16,427,27,0.00000,0.00000,0.04299,0.01999
20260527-224411-sentence-script-a-single-cell-sphere-wit-a6b927,2676,44.9600,44.9609,0.94996,Cytokinesis: membrane pinches inward,1,curious,0,0,0,initial,7,-0.00023,0.16695,-0.16488,0.28569,0.27103,0.38173,-3.55000,0.00000,0.00000,3.55000,0.00000,0.00000,-1.71420,1.71420,0.61378,0.30370,4.10000,16,427,28,0.00000,0.00000,0.04230,0.02000
20260527-224411-sentence-script-a-single-cell-sphere-wit-a6b927,2682,45.0617,45.0627,0.95209,Cytokinesis: membrane pinches inward,1,curious,0,0,0,initial,7,0.01314,0.16905,-0.15947,0.38314,-0.34508,-0.17742,-3.55000,0.00000,0.00000,3.55000,0.00000,0.00000,-1.72287,1.72287,0.59193,0.30523,4.10000,16,427,28,0.00000,0.00000,0.04166,0.02000
20260527-224411-sentence-script-a-single-cell-sphere-wit-a6b927,2688,45.1633,45.1642,0.95422,Cytokinesis: membrane pinches inward,1,curious,0,0,0,initial,7,0.00945,0.18034,-0.16270,0.20976,0.30393,-0.35318,-3.55000,0.00000,0.00000,3.55000,0.00000,0.00000,-1.73096,1.73096,0.57093,0.30416,4.10000,16,427,28,0.00000,0.00000,0.04105,0.02000
20260527-224411-sentence-script-a-single-cell-sphere-wit-a6b927,2694,45.2648,45.2658,0.95634,Cytokinesis: membrane pinches inward,1,curious,0,0,0,initial,7,0.02751,0.19697,-0.15539,-0.21044,0.17359,-0.61321,-3.55000,0.00000,0.00000,3.55000,0.00000,0.00000,-1.73848,1.73848,0.55080,0.30603,4.10000,16,428,28,0.00000,0.00000,0.04049,0.02000
20260527-224411-sentence-script-a-single-cell-sphere-wit-a6b927,2700,45.3667,45.3676,0.95848,Cytokinesis: membrane pinches inward,1,curious,0,0,0,initial,7,0.02332,0.19889,-0.15959,-0.22212,-0.04069,0.34413,-3.55000,0.00000,0.00000,3.55000,0.00000,0.00000,-1.74543,1.74543,0.53147,0.30520,4.10000,16,428,28,0.00000,0.00000,0.03998,0.02000
20260527-224411-sentence-script-a-single-cell-sphere-wit-a6b927,2706,45.4675,45.4685,0.96059,Cytokinesis: membrane pinches inward,1,curious,0,0,0,initial,7,0.00595,0.21300,-0.16567,-0.27108,0.42549,0.23156,-3.55000,0.00000,0.00000,3.55000,0.00000,0.00000,-1.75172,1.75172,0.51322,0.30233,4.10000,16,429,28,0.00000,0.00000,0.03951,0.02000
20260527-224411-sentence-script-a-single-cell-sphere-wit-a6b927,2712,45.5681,45.5691,0.96270,Cytokinesis: membrane pinches inward,1,curious,0,0,0,initial,7,0.02198,0.19835,-0.17345,0.39141,0.24109,-0.00449,-3.55000,0.00000,0.00000,3.55000,0.00000,0.00000,-1.75741,1.75741,0.49591,0.30444,4.10000,16,429,28,0.00000,0.00000,0.03908,0.02000
20260527-224411-sentence-script-a-single-cell-sphere-wit-a6b927,2718,45.6687,45.6697,0.96481,Cytokinesis: membrane pinches inward,1,curious,0,0,0,initial,7,0.04225,0.20028,-0.17247,0.40386,-0.12641,-0.21372,-3.55000,0.00000,0.00000,3.55000,0.00000,0.00000,-1.76248,1.76248,0.47953,0.30688,4.10000,16,429,28,0.00000,0.00000,0.03871,0.02000
20260527-224411-sentence-script-a-single-cell-sphere-wit-a6b927,2724,45.7698,45.7708,0.96693,Cytokinesis: membrane pinches inward,1,curious,0,0,0,initial,7,0.04922,0.18460,-0.18587,0.37422,0.16620,0.37257,-3.55000,0.00000,0.00000,3.55000,0.00000,0.00000,-1.76695,1.76695,0.46403,0.30776,4.10000,16,429,28,0.00000,0.00000,0.03837,0.02000
20260527-224411-sentence-script-a-single-cell-sphere-wit-a6b927,2730,45.8732,45.8742,0.96909,Cytokinesis: membrane pinches inward,1,curious,0,0,0,initial,7,0.03279,0.18874,-0.19053,-0.33178,0.10262,0.17086,-3.55000,0.00000,0.00000,3.55000,0.00000,0.00000,-1.77086,1.77086,0.44918,0.30539,4.10000,16,431,28,0.00000,0.00000,0.03808,0.02000
20260527-224411-sentence-script-a-single-cell-sphere-wit-a6b927,2736,45.9812,45.9821,0.97135,Cytokinesis: membrane pinches inward,1,curious,0,0,0,initial,7,0.01883,0.17516,-0.20351,0.20548,-0.20761,-0.41729,-3.55000,0.00000,0.00000,3.55000,0.00000,0.00000,-1.77423,1.77423,0.43481,0.30364,4.10000,16,434,28,0.00000,0.00000,0.03783,0.02000
20260527-224411-sentence-script-a-single-cell-sphere-wit-a6b927,2742,46.0836,46.0846,0.97350,Cytokinesis: membrane pinches inward,1,curious,0,0,0,initial,7,0.00637,0.17498,-0.21724,-0.16388,-0.30576,-0.45439,-3.55000,0.00000,0.00000,3.55000,0.00000,0.00000,-1.77672,1.77672,0.42224,0.30165,4.10000,16,435,28,0.00000,0.00000,0.03764,0.02000
20260527-224411-sentence-script-a-single-cell-sphere-wit-a6b927,2748,46.1856,46.1866,0.97564,Cytokinesis: membrane pinches inward,1,curious,0,0,0,initial,7,-0.00848,0.17662,-0.20728,-0.15454,0.02804,-0.02808,-3.55000,0.00000,0.00000,3.55000,0.00000,0.00000,-1.77851,1.77851,0.41081,0.30213,4.10000,16,440,28,0.00000,0.00000,0.03751,0.02000
20260527-224411-sentence-script-a-single-cell-sphere-wit-a6b927,2754,46.2876,46.2886,0.97777,Cytokinesis: membrane pinches inward,1,curious,0,0,0,initial,7,0.00517,0.17097,-0.19326,-0.03218,-0.31527,0.49729,-3.55000,0.00000,0.00000,3.55000,0.00000,0.00000,-1.77961,1.77961,0.40047,0.30230,4.10000,16,442,28,0.00000,0.00000,0.03743,0.02000
20260527-224411-sentence-script-a-single-cell-sphere-wit-a6b927,2760,46.3893,46.3903,0.97991,Cytokinesis: membrane pinches inward,1,curious,0,0,0,initial,7,0.00120,0.17118,-0.18405,-0.17725,0.00603,0.48588,-3.55000,0.00000,0.00000,3.55000,0.00000,0.00000,-1.78000,1.78000,0.39128,0.30206,4.10000,16,444,28,0.00000,0.00000,0.03740,0.02000
20260527-224411-sentence-script-a-single-cell-sphere-wit-a6b927,2766,46.4903,46.4912,0.98202,Cytokinesis: membrane pinches inward,1,curious,0,0,0,initial,7,-0.02014,0.16603,-0.18719,0.08549,-0.24078,-0.23461,-3.55000,0.00000,0.00000,3.55000,0.00000,0.00000,-1.78000,1.78000,0.38327,0.30448,4.10000,16,449,28,0.00000,0.00000,0.03740,0.02000
20260527-224411-sentence-script-a-single-cell-sphere-wit-a6b927,2772,46.5913,46.5922,0.98414,Cytokinesis: membrane pinches inward,1,curious,0,0,0,initial,7,-0.03302,0.16532,-0.16437,-0.02904,0.05549,-0.47088,-3.55000,0.00000,0.00000,3.55000,0.00000,0.00000,-1.78000,1.78000,0.37640,0.30680,4.10000,16,451,28,0.00000,0.00000,0.03740,0.02000
20260527-224411-sentence-script-a-single-cell-sphere-wit-a6b927,2778,46.6925,46.6934,0.98626,Cytokinesis: membrane pinches inward,1,curious,0,0,0,initial,7,-0.02603,0.17740,-0.15519,0.26495,0.00410,0.23386,-3.55000,0.00000,0.00000,3.55000,0.00000,0.00000,-1.78000,1.78000,0.37069,0.30583,4.10000,16,453,28,0.00000,0.00000,0.03740,0.02000
20260527-224411-sentence-script-a-single-cell-sphere-wit-a6b927,2784,46.7939,46.7948,0.98838,Cytokinesis: membrane pinches inward,1,curious,0,0,0,initial,0,-0.00908,0.43675,0.01037,-0.29426,0.24767,-0.02681,-3.55000,0.00000,0.00000,3.55000,0.00000,0.00000,-1.78000,1.78000,0.36616,0.30714,4.10000,16,453,29,0.00000,0.00000,0.03740,0.02000
20260527-224411-sentence-script-a-single-cell-sphere-wit-a6b927,2790,46.8955,46.8965,0.99051,Cytokinesis: membrane pinches inward,1,curious,0,0,0,initial,0,-0.00922,0.44377,-0.00036,0.11273,-0.15379,-0.51934,-3.55000,0.00000,0.00000,3.55000,0.00000,0.00000,-1.78000,1.78000,0.36285,0.30622,4.10000,16,453,29,0.00000,0.00000,0.03740,0.02000
20260527-224411-sentence-script-a-single-cell-sphere-wit-a6b927,2796,46.9978,46.9987,0.99265,Cytokinesis: membrane pinches inward,1,curious,0,0,0,initial,0,-0.01871,0.44913,0.00483,0.34197,0.14901,0.58935,-3.55000,0.00000,0.00000,3.55000,0.00000,0.00000,-1.78000,1.78000,0.36078,0.30664,4.10000,16,453,29,0.00000,0.00000,0.03740,0.02000
20260527-224411-sentence-script-a-single-cell-sphere-wit-a6b927,2802,47.0996,47.1006,0.99479,Cytokinesis: membrane pinches inward,1,curious,0,0,0,initial,0,-0.02933,0.45097,0.00618,-0.27033,0.27513,-0.19003,-3.55000,0.00000,0.00000,3.55000,0.00000,0.00000,-1.78000,1.78000,0.36001,0.30746,4.10000,16,453,29,0.00000,0.00000,0.03740,0.02000
20260527-224411-sentence-script-a-single-cell-sphere-wit-a6b927,2808,47.2015,47.2025,0.99692,Complete: two daughter cells,1,curious,0,0,0,initial,0,-0.04382,0.43808,0.01101,0.33790,0.30975,0.49438,-3.55000,0.00000,0.00000,3.55000,0.00000,0.00000,-1.78000,1.78000,0.36000,0.30947,4.10000,16,453,29,0.00000,0.10192,0.03740,0.02000
20260527-224411-sentence-script-a-single-cell-sphere-wit-a6b927,2814,47.3033,47.3042,0.99906,Complete: two daughter cells,1,curious,0,0,0,initial,0,-0.03030,0.41973,0.03028,0.70854,0.15717,0.10403,-3.55000,0.00000,0.00000,3.55000,0.00000,0.00000,-1.78000,1.78000,0.36000,0.30830,4.10000,16,453,29,0.00000,0.20367,0.03740,0.02000
20260527-224411-sentence-script-a-single-cell-sphere-wit-a6b927,2820,47.4050,47.4059,1.00000,Complete: two daughter cells,1,curious,0,0,0,initial,0,-0.02237,0.41455,0.00907,-0.18242,-0.34571,-0.03682,-3.55000,0.00000,0.00000,3.55000,0.00000,0.00000,-1.78000,1.78000,0.36000,0.30727,4.10000,16,454,29,0.05082,0.30536,0.03740,0.02000
20260527-224411-sentence-script-a-single-cell-sphere-wit-a6b927,2826,47.5100,47.5110,1.00000,Complete: two daughter cells,1,curious,0,0,0,initial,0,-0.02597,0.40585,0.01294,-0.04662,-0.26259,0.05762,-3.55000,0.00000,0.00000,3.55000,0.00000,0.00000,-1.78000,1.78000,0.36000,0.30789,4.10000,16,454,29,0.15588,0.41041,0.03740,0.02000
20260527-224411-sentence-script-a-single-cell-sphere-wit-a6b927,2832,47.6101,47.6110,1.00000,Complete: two daughter cells,1,curious,0,0,0,initial,0,-0.02884,0.41896,0.01323,0.07717,-0.00708,0.19610,-3.55000,0.00000,0.00000,3.55000,0.00000,0.00000,-1.78000,1.78000,0.36000,0.30750,4.10000,16,454,29,0.25593,0.51046,0.03740,0.02000
20260527-224411-sentence-script-a-single-cell-sphere-wit-a6b927,2838,47.7102,47.7112,1.00000,Complete: two daughter cells,1,curious,0,0,0,initial,0,-0.01543,0.43035,0.02983,0.10998,0.03918,0.34328,-3.55000,0.00000,0.00000,3.55000,0.00000,0.00000,-1.78000,1.78000,0.36000,0.30520,4.10000,16,454,29,0.35609,0.61062,0.03740,0.02000
20260527-224411-sentence-script-a-single-cell-sphere-wit-a6b927,2844,47.8104,47.8114,1.00000,Complete: two daughter cells,1,curious,0,0,0,initial,0,0.01107,0.42537,0.01383,0.53441,-0.17446,-0.39084,-3.55000,0.00000,0.00000,3.55000,0.00000,0.00000,-1.78000,1.78000,0.36000,0.30475,4.10000,16,457,29,0.45630,0.71083,0.03740,0.02000
20260527-224411-sentence-script-a-single-cell-sphere-wit-a6b927,2850,47.9108,47.9118,1.00000,Complete: two daughter cells,1,curious,0,0,0,initial,0,0.02491,0.42010,-0.02107,-0.27707,0.02405,-0.49587,-3.55000,0.00000,0.00000,3.55000,0.00000,0.00000,-1.78000,1.78000,0.36000,0.30661,4.10000,16,457,29,0.55672,0.81125,0.03740,0.02000
20260527-224411-sentence-script-a-single-cell-sphere-wit-a6b927,2856,48.0113,48.0123,1.00000,Complete: two daughter cells,1,curious,0,0,0,initial,0,0.02316,0.42890,-0.01237,0.41455,0.46709,-0.06639,-3.55000,0.00000,0.00000,3.55000,0.00000,0.00000,-1.78000,1.78000,0.36000,0.30592,4.10000,16,457,29,0.65721,0.91175,0.03740,0.02000
20260527-224411-sentence-script-a-single-cell-sphere-wit-a6b927,2862,48.1120,48.1130,1.00000,Complete: two daughter cells,1,curious,0,0,0,initial,0,0.02101,0.41993,0.00099,-0.16309,0.05579,-0.61208,-3.55000,0.00000,0.00000,3.55000,0.00000,0.00000,-1.78000,1.78000,0.36000,0.30598,4.10000,16,457,29,0.75788,1.01241,0.03740,0.02000
20260527-224411-sentence-script-a-single-cell-sphere-wit-a6b927,2868,48.2128,48.2137,1.00000,Complete: two daughter cells,1,curious,0,0,0,initial,0,0.00975,0.39904,0.00020,0.20193,0.23655,0.48271,-3.55000,0.00000,0.00000,3.55000,0.00000,0.00000,-1.78000,1.78000,0.36000,0.30543,4.10000,16,457,29,0.85863,1.11316,0.03740,0.02000
20260527-224411-sentence-script-a-single-cell-sphere-wit-a6b927,2874,48.3133,48.3143,1.00000,Complete: two daughter cells,1,curious,0,0,0,initial,0,-0.00634,0.39846,0.00258,-0.59036,-0.14926,0.20812,-3.55000,0.00000,0.00000,3.55000,0.00000,0.00000,-1.78000,1.78000,0.36000,0.30498,4.10000,16,458,29,0.95920,1.21374,0.03740,0.02000
20260527-224411-sentence-script-a-single-cell-sphere-wit-a6b927,2880,48.4149,48.4159,1.00000,Complete: two daughter cells,1,curious,0,0,0,initial,0,0.00040,0.41202,-0.00323,-0.29877,-0.17250,-0.20538,-3.55000,0.00000,0.00000,3.55000,0.00000,0.00000,-1.78000,1.78000,0.36000,0.30360,4.10000,16,460,29,1.06077,1.31530,0.03740,0.02000
20260527-224411-sentence-script-a-single-cell-sphere-wit-a6b927,2886,48.5158,48.5167,1.00000,Complete: two daughter cells,1,curious,0,0,0,initial,0,-0.00300,0.39971,-0.00044,-0.60087,0.33853,-0.21809,-3.55000,0.00000,0.00000,3.55000,0.00000,0.00000,-1.78000,1.78000,0.36000,0.30444,4.10000,16,460,29,1.16164,1.41617,0.03740,0.02000
20260527-224411-sentence-script-a-single-cell-sphere-wit-a6b927,2892,48.6164,48.6174,1.00000,Complete: two daughter cells,1,curious,0,0,0,initial,1,0.02411,0.15966,0.17246,0.39399,0.12525,0.11109,-3.55000,0.00000,0.00000,3.55000,0.00000,0.00000,-1.78000,1.78000,0.36000,0.30746,4.10000,16,460,30,1.26227,1.51681,0.03740,0.02000
20260527-224411-sentence-script-a-single-cell-sphere-wit-a6b927,2898,48.7174,48.7183,1.00000,Complete: two daughter cells,1,curious,0,0,0,initial,1,0.01956,0.16328,0.17402,0.32583,0.00215,-0.25384,-3.55000,0.00000,0.00000,3.55000,0.00000,0.00000,-1.78000,1.78000,0.36000,0.30641,4.10000,16,460,30,1.36324,1.61777,0.03740,0.02000
20260527-224411-sentence-script-a-single-cell-sphere-wit-a6b927,2904,48.8183,48.8192,1.00000,Complete: two daughter cells,1,curious,0,0,0,initial,1,0.02915,0.18217,0.15919,0.27589,0.14397,-0.23692,-3.55000,0.00000,0.00000,3.55000,0.00000,0.00000,-1.78000,1.78000,0.36000,0.30722,4.10000,16,460,30,1.46412,1.71866,0.03740,0.02000
20260527-224411-sentence-script-a-single-cell-sphere-wit-a6b927,2910,48.9194,48.9203,1.00000,Complete: two daughter cells,1,curious,0,0,0,initial,1,0.01614,0.18964,0.17075,-0.54155,0.25793,-0.08417,-3.55000,0.00000,0.00000,3.55000,0.00000,0.00000,-1.78000,1.78000,0.36000,0.30478,4.10000,16,460,30,1.56523,1.81977,0.03740,0.02000
20260527-224411-sentence-script-a-single-cell-sphere-wit-a6b927,2916,49.0213,49.0222,1.00000,Complete: two daughter cells,1,curious,0,0,0,initial,1,-0.00396,0.21333,0.16922,-0.40960,0.05452,-0.11020,-3.55000,0.00000,0.00000,3.55000,0.00000,0.00000,-1.78000,1.78000,0.36000,0.30242,4.10000,16,460,30,1.66715,1.92168,0.03740,0.02000
20260527-224411-sentence-script-a-single-cell-sphere-wit-a6b927,2922,49.1225,49.1235,1.00000,Complete: two daughter cells,1,curious,0,0,0,initial,1,-0.02854,0.20649,0.17750,-0.58468,-0.17658,0.26265,-3.55000,0.00000,0.00000,3.55000,0.00000,0.00000,-1.78000,1.78000,0.36000,0.30527,4.10000,16,460,30,1.76838,2.02292,0.03740,0.02000
20260527-224411-sentence-script-a-single-cell-sphere-wit-a6b927,2928,49.2237,49.2247,1.00000,Complete: two daughter cells,1,curious,0,0,0,initial,1,-0.03819,0.19331,0.15814,0.31987,-0.37901,-0.14984,-3.55000,0.00000,0.00000,3.55000,0.00000,0.00000,-1.78000,1.78000,0.36000,0.30736,4.10000,16,460,30,1.86961,2.12415,0.03740,0.02000
20260527-224411-sentence-script-a-single-cell-sphere-wit-a6b927,2934,49.3254,49.3263,1.00000,Complete: two daughter cells,1,artistic,0,0,0,initial,1,-0.03126,0.18557,0.14584,0.05805,-0.03209,0.04168,-3.55000,0.00000,0.00000,3.55000,0.00000,0.00000,-1.78000,1.78000,0.36000,0.30702,4.10000,16,460,30,1.97124,2.22578,0.03769,0.02000
20260527-224411-sentence-script-a-single-cell-sphere-wit-a6b927,2940,49.4272,49.4281,1.00000,Complete: two daughter cells,1,artistic,0,0,0,initial,1,-0.02595,0.18264,0.14965,0.04819,-0.02664,0.03460,-3.55000,0.00000,0.00000,3.55000,0.00000,0.00000,-1.78000,1.78000,0.36000,0.30623,4.10000,16,460,30,2.07302,2.32756,0.03745,0.02000
20260527-224411-sentence-script-a-single-cell-sphere-wit-a6b927,2946,49.5286,49.5296,1.00000,Complete: two daughter cells,1,artistic,0,0,0,initial,1,-0.02156,0.18021,0.15281,0.03999,-0.02210,0.02872,-3.55000,0.00000,0.00000,3.55000,0.00000,0.00000,-1.78000,1.78000,0.36000,0.30558,4.10000,16,460,30,2.17449,2.42902,0.03741,0.02000
20260527-224411-sentence-script-a-single-cell-sphere-wit-a6b927,2952,49.6265,49.6274,1.00000,Complete: two daughter cells,1,artistic,0,0,0,initial,1,-0.01803,0.17826,0.15534,0.03343,-0.01848,0.02400,-3.55000,0.00000,0.00000,3.55000,0.00000,0.00000,-1.78000,1.78000,0.36000,0.30506,4.10000,16,460,30,2.27235,2.52688,0.03757,0.02000
20260527-224411-sentence-script-a-single-cell-sphere-wit-a6b927,2958,49.7228,49.7238,1.00000,Complete: two daughter cells,1,artistic,0,0,0,initial,1,-0.01512,0.17665,0.15743,0.02802,-0.01549,0.02012,-3.55000,0.00000,0.00000,3.55000,0.00000,0.00000,-1.78000,1.78000,0.36000,0.30463,4.10000,16,460,30,2.36872,2.62325,0.03791,0.02000
20260527-224411-sentence-script-a-single-cell-sphere-wit-a6b927,2964,49.8184,49.8194,1.00000,Complete: two daughter cells,1,artistic,0,0,0,initial,1,-0.01270,0.17531,0.15917,0.02353,-0.01301,0.01690,-3.55000,0.00000,0.00000,3.55000,0.00000,0.00000,-1.78000,1.78000,0.36000,0.30427,4.10000,16,460,30,2.46431,2.71885,0.03841,0.02000
20260527-224411-sentence-script-a-single-cell-sphere-wit-a6b927,2970,49.9138,49.9148,1.00000,Complete: two daughter cells,1,artistic,0,0,0,initial,1,-0.01067,0.17419,0.16063,0.01977,-0.01093,0.01419,-3.55000,0.00000,0.00000,3.55000,0.00000,0.00000,-1.78000,1.78000,0.36000,0.30397,4.10000,16,460,30,2.55970,2.81423,0.03905,0.02000
20260527-224411-sentence-script-a-single-cell-sphere-wit-a6b927,2976,50.0095,50.0105,1.00000,Complete: two daughter cells,1,artistic,0,0,0,initial,1,-0.00896,0.17324,0.16186,0.01660,-0.00917,0.01192,-3.55000,0.00000,0.00000,3.55000,0.00000,0.00000,-1.78000,1.78000,0.36000,0.30372,4.10000,16,460,30,2.65542,2.90995,0.03982,0.02000
20260527-224411-sentence-script-a-single-cell-sphere-wit-a6b927,2982,50.1040,50.1050,1.00000,Complete: two daughter cells,1,artistic,0,0,0,initial,1,-0.00754,0.17246,0.16288,0.01396,-0.00772,0.01003,-3.55000,0.00000,0.00000,3.55000,0.00000,0.00000,-1.78000,1.78000,0.36000,0.30351,4.10000,16,460,30,2.74990,3.00443,0.04067,0.02000
20260527-224411-sentence-script-a-single-cell-sphere-wit-a6b927,2988,50.1984,50.1994,1.00000,Complete: two daughter cells,1,artistic,0,0,0,initial,1,-0.00634,0.17180,0.16374,0.01175,-0.00650,0.00844,-3.55000,0.00000,0.00000,3.55000,0.00000,0.00000,-1.78000,1.78000,0.36000,0.30333,4.10000,16,460,30,2.84432,3.09885,0.04159,0.02000
20260527-224411-sentence-script-a-single-cell-sphere-wit-a6b927,2994,50.2939,50.2948,1.00000,Complete: two daughter cells,1,artistic,0,0,0,initial,1,-0.00533,0.17124,0.16446,0.00988,-0.00546,0.00709,-3.55000,0.00000,0.00000,3.55000,0.00000,0.00000,-1.78000,1.78000,0.36000,0.30318,4.10000,16,460,30,2.93973,3.19426,0.04253,0.02000
20260527-224411-sentence-script-a-single-cell-sphere-wit-a6b927,3000,50.3899,50.3908,1.00000,Complete: two daughter cells,1,artistic,0,0,0,initial,2,0.00000,0.00000,0.43400,-0.00000,-0.00000,-0.00000,-3.55000,0.00000,0.00000,3.55000,0.00000,0.00000,-1.78000,1.78000,0.36000,0.30306,4.10000,16,460,31,3.03574,3.29027,0.04349,0.02000
20260527-224411-sentence-script-a-single-cell-sphere-wit-a6b927,3006,50.4906,50.4915,1.00000,Complete: two daughter cells,1,artistic,0,0,0,initial,2,0.00000,0.00000,0.43400,-0.00000,-0.00000,-0.00000,-3.55000,0.00000,0.00000,3.55000,0.00000,0.00000,-1.78000,1.78000,0.36000,0.30295,4.10000,16,460,31,3.13643,3.39096,0.04443,0.02000
20260527-224411-sentence-script-a-single-cell-sphere-wit-a6b927,3012,50.5912,50.5922,1.00000,Complete: two daughter cells,1,artistic,0,0,0,initial,2,0.00000,0.00000,0.43400,-0.00000,-0.00000,-0.00000,-3.55000,0.00000,0.00000,3.55000,0.00000,0.00000,-1.78000,1.78000,0.36000,0.30285,4.10000,16,460,31,3.23712,3.49165,0.04530,0.02000
20260527-224411-sentence-script-a-single-cell-sphere-wit-a6b927,3018,50.6920,50.6930,1.00000,Complete: two daughter cells,1,artistic,0,0,0,initial,2,0.00000,0.00000,0.43400,-0.00000,-0.00000,-0.00000,-3.55000,0.00000,0.00000,3.55000,0.00000,0.00000,-1.78000,1.78000,0.36000,0.30278,4.10000,16,460,31,3.33786,3.59239,0.04606,0.02000
20260527-224411-sentence-script-a-single-cell-sphere-wit-a6b927,3024,50.7940,50.7950,1.00000,Complete: two daughter cells,1,artistic,0,0,0,initial,2,0.00000,0.00000,0.43400,-0.00000,-0.00000,-0.00000,-3.55000,0.00000,0.00000,3.55000,0.00000,0.00000,-1.78000,1.78000,0.36000,0.30271,4.10000,16,460,31,3.43987,3.69440,0.04667,0.02000
20260527-224411-sentence-script-a-single-cell-sphere-wit-a6b927,3030,50.8955,50.8964,1.00000,Complete: two daughter cells,1,artistic,0,0,0,initial,2,0.00000,0.00000,0.43400,-0.00000,-0.00000,-0.00000,-3.55000,0.00000,0.00000,3.55000,0.00000,0.00000,-1.78000,1.78000,0.36000,0.30266,4.10000,16,460,31,3.54133,3.79586,0.04711,0.02000
20260527-224411-sentence-script-a-single-cell-sphere-wit-a6b927,3036,50.9970,50.9980,1.00000,Complete: two daughter cells,1,artistic,0,0,0,initial,2,0.00000,0.00000,0.43400,-0.00000,-0.00000,-0.00000,-3.55000,0.00000,0.00000,3.55000,0.00000,0.00000,-1.78000,1.78000,0.36000,0.30262,4.10000,16,460,31,3.64290,3.89743,0.04735,0.02000
20260527-224411-sentence-script-a-single-cell-sphere-wit-a6b927,3042,51.0988,51.0998,1.00000,Complete: two daughter cells,1,artistic,0,0,0,initial,2,0.00000,0.00000,0.43400,-0.00000,-0.00000,-0.00000,-3.55000,0.00000,0.00000,3.55000,0.00000,0.00000,-1.78000,1.78000,0.36000,0.30258,4.10000,16,460,31,3.74467,3.99920,0.04739,0.02000
20260527-224411-sentence-script-a-single-cell-sphere-wit-a6b927,3048,51.2006,51.2015,1.00000,Complete: two daughter cells,1,artistic,0,0,0,initial,2,0.00000,0.00000,0.43400,-0.00000,-0.00000,-0.00000,-3.55000,0.00000,0.00000,3.55000,0.00000,0.00000,-1.78000,1.78000,0.36000,0.30255,4.10000,16,460,31,3.84644,4.10098,0.04722,0.02000
20260527-224411-sentence-script-a-single-cell-sphere-wit-a6b927,3054,51.3022,51.3032,1.00000,Complete: two daughter cells,1,artistic,0,0,0,initial,2,0.00000,0.00000,0.43400,-0.00000,-0.00000,-0.00000,-3.55000,0.00000,0.00000,3.55000,0.00000,0.00000,-1.78000,1.78000,0.36000,0.30252,4.10000,16,460,31,3.94809,4.20262,0.04686,0.02000
20260527-224411-sentence-script-a-single-cell-sphere-wit-a6b927,3060,51.4038,51.4048,1.00000,Complete: two daughter cells,1,artistic,0,0,0,initial,2,0.00000,0.00000,0.43400,-0.00000,-0.00000,-0.00000,-3.55000,0.00000,0.00000,3.55000,0.00000,0.00000,-1.78000,1.78000,0.36000,0.30250,4.10000,16,460,31,4.04966,4.30419,0.04631,0.02000
20260527-224411-sentence-script-a-single-cell-sphere-wit-a6b927,3066,51.5047,51.5057,1.00000,Complete: two daughter cells,1,artistic,0,0,0,initial,2,0.00000,0.00000,0.43400,-0.00000,-0.00000,-0.00000,-3.55000,0.00000,0.00000,3.55000,0.00000,0.00000,-1.78000,1.78000,0.36000,0.30249,4.10000,16,460,31,4.15061,4.40514,0.04560,0.02000
20260527-224411-sentence-script-a-single-cell-sphere-wit-a6b927,3072,51.6050,51.6059,1.00000,Complete: two daughter cells,1,artistic,0,0,0,initial,2,0.00000,0.00000,0.43400,-0.00000,-0.00000,-0.00000,-3.55000,0.00000,0.00000,3.55000,0.00000,0.00000,-1.78000,1.78000,0.36000,0.30247,4.10000,16,460,31,4.25084,4.50537,0.04477,0.02000
20260527-224411-sentence-script-a-single-cell-sphere-wit-a6b927,3078,51.7054,51.7064,1.00000,Complete: two daughter cells,1,artistic,0,0,0,initial,2,0.00000,0.00000,0.43400,-0.00000,-0.00000,-0.00000,-3.55000,0.00000,0.00000,3.55000,0.00000,0.00000,-1.78000,1.78000,0.36000,0.30246,4.10000,16,460,31,4.35129,4.60583,0.04385,0.02000
20260527-224411-sentence-script-a-single-cell-sphere-wit-a6b927,3084,51.8059,51.8068,1.00000,Complete: two daughter cells,1,artistic,0,0,0,initial,2,0.00000,0.00000,0.43400,-0.00000,-0.00000,-0.00000,-3.55000,0.00000,0.00000,3.55000,0.00000,0.00000,-1.78000,1.78000,0.36000,0.30245,4.10000,16,460,31,4.45174,4.70627,0.04286,0.02000
20260527-224411-sentence-script-a-single-cell-sphere-wit-a6b927,3090,51.9065,51.9075,1.00000,Complete: two daughter cells,1,artistic,0,0,0,initial,2,0.00000,0.00000,0.43400,-0.00000,-0.00000,-0.00000,-3.55000,0.00000,0.00000,3.55000,0.00000,0.00000,-1.78000,1.78000,0.36000,0.30244,4.10000,16,460,31,4.55242,4.80695,0.04186,0.02000
20260527-224411-sentence-script-a-single-cell-sphere-wit-a6b927,3096,52.0075,52.0085,1.00000,Complete: two daughter cells,1,artistic,0,0,0,initial,2,0.00000,0.00000,0.43400,-0.00000,-0.00000,-0.00000,-3.55000,0.00000,0.00000,3.55000,0.00000,0.00000,-1.78000,1.78000,0.36000,0.30243,4.10000,16,460,31,4.65340,4.90794,0.04087,0.02000
20260527-224411-sentence-script-a-single-cell-sphere-wit-a6b927,3102,52.1087,52.1097,1.00000,Complete: two daughter cells,1,artistic,0,0,0,initial,2,0.00000,0.00000,0.43400,-0.00000,-0.00000,-0.00000,-3.55000,0.00000,0.00000,3.55000,0.00000,0.00000,-1.78000,1.78000,0.36000,0.30243,4.10000,16,460,31,4.75462,5.00915,0.03995,0.02000
20260527-224411-sentence-script-a-single-cell-sphere-wit-a6b927,3108,52.2098,52.2108,0.00264,Interphase: loose chromatin drifts,1,constructive,0,1,1,AI loop after complete daughter cells,1,-0.05788,0.04172,0.86395,0.04081,0.08315,0.03023,-0.25000,0.00000,0.00000,0.25000,0.00000,0.00000,-0.00000,0.00000,3.00000,0.99117,0.11000,0,0,31,4.71418,0.00000,0.17000,0.20000
20260527-224411-sentence-script-a-single-cell-sphere-wit-a6b927,3114,52.3160,52.3169,0.00547,Interphase: loose chromatin drifts,1,constructive,0,1,1,AI loop after complete daughter cells,1,-0.05297,0.05048,0.86668,0.05014,0.08203,0.02241,-0.25000,0.00000,0.00000,0.25000,0.00000,0.00000,-0.00000,0.00000,3.00000,0.99417,0.11000,0,0,31,4.67173,0.00000,0.17000,0.20000
20260527-224411-sentence-script-a-single-cell-sphere-wit-a6b927,3120,52.4238,52.4248,0.00835,Interphase: loose chromatin drifts,1,constructive,0,1,1,AI loop after complete daughter cells,1,-0.04699,0.05923,0.86859,0.05918,0.08044,0.01428,-0.25000,0.00000,0.00000,0.25000,0.00000,0.00000,-0.00000,0.00000,3.00000,0.99704,0.11000,0,0,31,4.62858,0.00000,0.17000,0.20000
20260527-224411-sentence-script-a-single-cell-sphere-wit-a6b927,3126,52.5246,52.5256,0.01103,Interphase: loose chromatin drifts,1,constructive,0,1,1,AI loop after complete daughter cells,1,-0.04056,0.06723,0.86958,0.06713,0.07853,0.00657,-0.25000,0.00000,0.00000,0.25000,0.00000,0.00000,-0.00000,0.00000,3.00000,0.99953,0.11000,0,0,31,4.58828,0.00000,0.17000,0.20000
20260527-224411-sentence-script-a-single-cell-sphere-wit-a6b927,3132,52.6248,52.6258,0.01371,Interphase: loose chromatin drifts,1,constructive,0,1,1,AI loop after complete daughter cells,1,-0.03339,0.07497,0.86978,0.07448,0.07624,-0.00112,-0.25000,0.00000,0.00000,0.25000,0.00000,0.00000,-0.00000,0.00000,3.00000,1.00180,0.11000,0,0,31,4.54819,0.00000,0.17000,0.20000
20260527-224411-sentence-script-a-single-cell-sphere-wit-a6b927,3138,52.7257,52.7267,0.01640,Interphase: loose chromatin drifts,1,constructive,0,1,1,AI loop after complete daughter cells,1,-0.02547,0.08250,0.86922,0.08126,0.07357,-0.00885,-0.25000,0.00000,0.00000,0.25000,0.00000,0.00000,-0.00000,0.00000,3.00000,1.00386,0.11000,0,0,31,4.50784,0.00000,0.17000,0.20000
20260527-224411-sentence-script-a-single-cell-sphere-wit-a6b927,3144,52.8274,52.8283,0.01911,Interphase: loose chromatin drifts,1,constructive,0,1,1,AI loop after complete daughter cells,1,-0.01684,0.08980,0.86786,0.08742,0.07050,-0.01658,-0.25000,0.00000,0.00000,0.25000,0.00000,0.00000,-0.00000,0.00000,3.00000,1.00569,0.11000,0,0,31,4.46716,0.00000,0.17000,0.20000
20260527-224411-sentence-script-a-single-cell-sphere-wit-a6b927,3150,52.9288,52.9298,0.02181,Interphase: loose chromatin drifts,1,constructive,0,1,1,AI loop after complete daughter cells,1,-0.00765,0.09676,0.86572,0.09284,0.06708,-0.02419,-0.25000,0.00000,0.00000,0.25000,0.00000,0.00000,-0.00000,0.00000,3.00000,1.00724,0.11000,0,0,31,4.42659,0.00000,0.17000,0.20000
20260527-224411-sentence-script-a-single-cell-sphere-wit-a6b927,3156,53.0307,53.0316,0.02453,Interphase: loose chromatin drifts,1,constructive,0,1,1,AI loop after complete daughter cells,1,0.00209,0.10337,0.86281,0.09750,0.06331,-0.03167,-0.25000,0.00000,0.00000,0.25000,0.00000,0.00000,-0.00000,0.00000,3.00000,1.00904,0.11000,0,0,31,4.38585,0.00000,0.17000,0.20000
20260527-224411-sentence-script-a-single-cell-sphere-wit-a6b927,3162,53.1325,53.1335,0.02724,Interphase: loose chromatin drifts,1,constructive,0,1,1,AI loop after complete daughter cells,1,0.01226,0.10958,0.85915,0.10134,0.05922,-0.03894,-0.25000,0.00000,0.00000,0.25000,0.00000,0.00000,-0.00000,0.00000,3.00000,1.01255,0.11000,0,0,31,4.34510,0.00000,0.17000,0.20000
20260527-224411-sentence-script-a-single-cell-sphere-wit-a6b927,3168,53.2342,53.2351,0.02995,Interphase: loose chromatin drifts,1,constructive,0,1,1,AI loop after complete daughter cells,0,-1.11669,-0.22212,-0.21907,-0.07106,0.05867,0.04399,-0.25000,0.00000,0.00000,0.25000,0.00000,0.00000,-0.00000,0.00000,3.00000,1.01565,0.11000,0,0,32,4.30445,0.00000,0.17000,0.20000
20260527-224411-sentence-script-a-single-cell-sphere-wit-a6b927,3174,53.3358,53.3368,0.03267,Interphase: loose chromatin drifts,1,constructive,0,1,1,AI loop after complete daughter cells,0,-1.12355,-0.21584,-0.21416,-0.06476,0.06396,0.05095,-0.25000,0.00000,0.00000,0.25000,0.00000,0.00000,-0.00000,0.00000,3.00000,1.01871,0.11000,0,0,32,4.26379,0.00000,0.17000,0.20000
20260527-224411-sentence-script-a-single-cell-sphere-wit-a6b927,3180,53.4375,53.4384,0.03538,Interphase: loose chromatin drifts,1,constructive,0,1,1,AI loop after complete daughter cells,0,-1.12972,-0.20907,-0.20868,-0.05772,0.06835,0.05583,-0.25000,0.00000,0.00000,0.25000,0.00000,0.00000,-0.00000,0.00000,3.00000,1.02147,0.11000,0,0,32,4.22313,0.00000,0.17000,0.20000
20260527-224411-sentence-script-a-single-cell-sphere-wit-a6b927,3186,53.5384,53.5394,0.03807,Interphase: loose chromatin drifts,1,constructive,0,1,1,AI loop after complete daughter cells,0,-1.13510,-0.20195,-0.20285,-0.05008,0.07191,0.05890,-0.25000,0.00000,0.00000,0.25000,0.00000,0.00000,-0.00000,0.00000,3.00000,1.02391,0.11000,0,0,32,4.18275,0.00000,0.17000,0.20000
20260527-224411-sentence-script-a-single-cell-sphere-wit-a6b927,3192,53.6388,53.6398,0.04075,Interphase: loose chromatin drifts,1,constructive,0,1,1,AI loop after complete daughter cells,0,-1.13966,-0.19456,-0.19683,-0.04194,0.07470,0.06039,-0.25000,0.00000,0.00000,0.25000,0.00000,0.00000,-0.00000,0.00000,3.00000,1.02600,0.11000,0,0,32,4.14258,0.00000,0.17000,0.20000
20260527-224411-sentence-script-a-single-cell-sphere-wit-a6b927,3198,53.7397,53.7406,0.04343,Interphase: loose chromatin drifts,1,constructive,0,1,1,AI loop after complete daughter cells,0,-1.14338,-0.18690,-0.19073,-0.03331,0.07681,0.06051,-0.25000,0.00000,0.00000,0.25000,0.00000,0.00000,-0.00000,0.00000,3.00000,1.02775,0.11000,0,0,32,4.10225,0.00000,0.17000,0.20000
20260527-224411-sentence-script-a-single-cell-sphere-wit-a6b927,3204,53.8409,53.8418,0.04613,Interphase: loose chromatin drifts,1,constructive,0,1,1,AI loop after complete daughter cells,0,-1.14622,-0.17903,-0.18466,-0.02427,0.07828,0.05942,-0.25000,0.00000,0.00000,0.25000,0.00000,0.00000,-0.00000,0.00000,3.00000,1.02914,0.11000,0,0,32,4.06177,0.00000,0.17000,0.20000
20260527-224411-sentence-script-a-single-cell-sphere-wit-a6b927,3210,53.9424,53.9434,0.04884,Interphase: loose chromatin drifts,1,constructive,0,1,1,AI loop after complete daughter cells,0,-1.14814,-0.17103,-0.17875,-0.01492,0.07913,0.05725,-0.25000,0.00000,0.00000,0.25000,0.00000,0.00000,-0.00000,0.00000,3.00000,1.03015,0.11000,0,0,32,4.02115,0.00000,0.17000,0.20000
20260527-224411-sentence-script-a-single-cell-sphere-wit-a6b927,3216,54.0442,54.0451,0.05156,Interphase: loose chromatin drifts,1,constructive,0,1,1,AI loop after complete daughter cells,0,-1.14909,-0.16296,-0.17310,-0.00536,0.07939,0.05413,-0.25000,0.00000,0.00000,0.25000,0.00000,0.00000,-0.00000,0.00000,3.00000,1.03076,0.11000,0,0,32,3.98045,0.00000,0.17000,0.20000
20260527-224411-sentence-script-a-single-cell-sphere-wit-a6b927,3222,54.1461,54.1471,0.05427,Interphase: loose chromatin drifts,1,constructive,0,1,1,AI loop after complete daughter cells,0,-1.14906,-0.15488,-0.16781,0.00433,0.07909,0.05016,-0.25000,0.00000,0.00000,0.25000,0.00000,0.00000,-0.00000,0.00000,3.00000,1.03098,0.11000,0,0,32,3.93966,0.00000,0.17000,0.20000
20260527-224411-sentence-script-a-single-cell-sphere-wit-a6b927,3228,54.2478,54.2487,0.05698,Interphase: loose chromatin drifts,1,constructive,0,1,1,AI loop after complete daughter cells,0,-1.14805,-0.14688,-0.16298,0.01399,0.07826,0.04548,-0.25000,0.00000,0.00000,0.25000,0.00000,0.00000,-0.00000,0.00000,3.00000,1.03078,0.11000,0,0,32,3.89900,0.00000,0.17000,0.20000
20260527-224411-sentence-script-a-single-cell-sphere-wit-a6b927,3234,54.3495,54.3504,0.05970,Interphase: loose chromatin drifts,1,constructive,0,1,1,AI loop after complete daughter cells,0,-1.14605,-0.13900,-0.15867,0.02358,0.07693,0.04017,-0.25000,0.00000,0.00000,0.25000,0.00000,0.00000,-0.00000,0.00000,3.00000,1.03019,0.11000,0,0,32,3.85833,0.00000,0.17000,0.20000
20260527-224411-sentence-script-a-single-cell-sphere-wit-a6b927,3240,54.4510,54.4519,0.06240,Interphase: loose chromatin drifts,1,constructive,0,1,1,AI loop after complete daughter cells,0,-1.14310,-0.13129,-0.15493,0.03299,0.07512,0.03433,-0.25000,0.00000,0.00000,0.25000,0.00000,0.00000,-0.00000,0.00000,3.00000,1.02919,0.11000,0,0,32,3.81773,0.00000,0.17000,0.20000
20260527-224411-sentence-script-a-single-cell-sphere-wit-a6b927,3246,54.5518,54.5528,0.06509,Interphase: loose chromatin drifts,1,constructive,0,1,1,AI loop after complete daughter cells,0,-1.13924,-0.12385,-0.15184,0.04210,0.07287,0.02808,-0.25000,0.00000,0.00000,0.25000,0.00000,0.00000,-0.00000,0.00000,3.00000,1.02781,0.11000,0,0,32,3.77740,0.00000,0.17000,0.20000
20260527-224411-sentence-script-a-single-cell-sphere-wit-a6b927,3252,54.6521,54.6531,0.06777,Interphase: loose chromatin drifts,1,constructive,0,1,1,AI loop after complete daughter cells,0,-1.13450,-0.11669,-0.14940,0.05083,0.07022,0.02150,-0.25000,0.00000,0.00000,0.25000,0.00000,0.00000,-0.00000,0.00000,3.00000,1.02606,0.11000,0,0,32,3.73726,0.00000,0.17000,0.20000
20260527-224411-sentence-script-a-single-cell-sphere-wit-a6b927,3258,54.7528,54.7538,0.07045,Interphase: loose chromatin drifts,1,constructive,0,1,1,AI loop after complete daughter cells,0,-1.13561,-0.10827,-0.15021,0.07168,0.06434,0.01937,-0.25000,0.00000,0.00000,0.25000,0.00000,0.00000,-0.00000,0.00000,3.00000,1.02473,0.11000,0,0,33,3.69698,0.00000,0.17000,0.20000
20260527-224411-sentence-script-a-single-cell-sphere-wit-a6b927,3264,54.8536,54.8546,0.07314,Interphase: loose chromatin drifts,1,constructive,0,1,1,AI loop after complete daughter cells,0,-1.12805,-0.10196,-0.14873,0.07748,0.06137,0.01144,-0.25000,0.00000,0.00000,0.25000,0.00000,0.00000,-0.00000,0.00000,3.00000,1.02212,0.11000,0,0,33,3.65667,0.00000,0.17000,0.20000
20260527-224411-sentence-script-a-single-cell-sphere-wit-a6b927,3270,54.9542,54.9552,0.07582,Interphase: loose chromatin drifts,1,constructive,0,1,1,AI loop after complete daughter cells,0,-1.11992,-0.09598,-0.14804,0.08309,0.05798,0.00351,-0.25000,0.00000,0.00000,0.25000,0.00000,0.00000,-0.00000,0.00000,3.00000,1.01922,0.11000,0,0,33,3.61644,0.00000,0.17000,0.20000
20260527-224411-sentence-script-a-single-cell-sphere-wit-a6b927,3276,55.0549,55.0559,0.07851,Interphase: loose chromatin drifts,1,constructive,0,1,1,AI loop after complete daughter cells,0,-1.11124,-0.09036,-0.14815,0.08839,0.05419,-0.00441,-0.25000,0.00000,0.00000,0.25000,0.00000,0.00000,-0.00000,0.00000,3.00000,1.01602,0.11000,0,0,33,3.57615,0.00000,0.17000,0.20000
20260527-224411-sentence-script-a-single-cell-sphere-wit-a6b927,3282,55.1638,55.1648,0.08141,Interphase: loose chromatin drifts,1,constructive,0,1,1,AI loop after complete daughter cells,0,-1.10128,-0.08474,-0.14917,0.09364,0.04971,-0.01286,-0.25049,0.00000,0.00000,0.25049,0.00000,0.00000,-0.00000,0.00000,3.00000,1.01225,0.11000,0,0,33,3.53260,0.00000,0.17000,0.20000
20260527-224411-sentence-script-a-single-cell-sphere-wit-a6b927,3288,55.2713,55.2723,0.08428,Interphase: loose chromatin drifts,1,constructive,0,1,1,AI loop after complete daughter cells,0,-1.09092,-0.07970,-0.15107,0.09825,0.04491,-0.02111,-0.25447,0.00000,0.00000,0.25447,0.00000,0.00000,-0.00000,0.00000,3.00000,1.00826,0.11000,0,0,33,3.48959,0.00000,0.17000,0.20000
20260527-224411-sentence-script-a-single-cell-sphere-wit-a6b927,3294,55.3733,55.3743,0.08700,Interphase: loose chromatin drifts,1,constructive,0,1,1,AI loop after complete daughter cells,0,-1.08066,-0.07540,-0.15368,0.10201,0.04003,-0.02880,-0.26184,0.00000,0.00000,0.26184,0.00000,0.00000,-0.00000,0.00000,3.00000,1.00424,0.11000,0,0,33,3.44878,0.00000,0.17000,0.20000
20260527-224411-sentence-script-a-single-cell-sphere-wit-a6b927,3300,55.4752,55.4762,0.08972,Interphase: loose chromatin drifts,1,constructive,0,1,1,AI loop after complete daughter cells,0,-1.07008,-0.07163,-0.15706,0.10508,0.03493,-0.03623,-0.27261,0.00000,0.00000,0.27261,0.00000,0.00000,-0.00000,0.00000,3.00000,1.00003,0.11000,0,0,33,3.40804,0.00000,0.17000,0.20000
20260527-224411-sentence-script-a-single-cell-sphere-wit-a6b927,3306,55.5762,55.5772,0.09241,Interphase: loose chromatin drifts,1,constructive,0,1,1,AI loop after complete daughter cells,0,-1.05933,-0.06841,-0.16114,0.10739,0.02965,-0.04335,-0.28654,0.00000,0.00000,0.28654,0.00000,0.00000,-0.00000,0.00000,3.00000,0.99570,0.11000,0,0,33,3.36763,0.00000,0.17000,0.20000
20260527-224411-sentence-script-a-single-cell-sphere-wit-a6b927,3312,55.6770,55.6780,0.09510,Interphase: loose chromatin drifts,1,constructive,0,1,1,AI loop after complete daughter cells,0,-1.04840,-0.06574,-0.16591,0.10894,0.02420,-0.05015,-0.30358,0.00000,0.00000,0.30358,0.00000,0.00000,-0.00000,0.00000,3.00000,0.99126,0.11000,0,0,33,3.32730,0.00000,0.17000,0.20000
20260527-224411-sentence-script-a-single-cell-sphere-wit-a6b927,3318,55.7782,55.7791,0.09779,Interphase: loose chromatin drifts,1,constructive,0,1,1,AI loop after complete daughter cells,0,-1.03733,-0.06362,-0.17137,0.10969,0.01859,-0.05664,-0.32372,0.00000,0.00000,0.32372,0.00000,0.00000,-0.00000,0.00000,3.00000,0.98671,0.11000,0,0,33,3.28685,0.00000,0.17000,0.20000
20260527-224411-sentence-script-a-single-cell-sphere-wit-a6b927,3324,55.8792,55.8802,0.10049,Interphase: loose chromatin drifts,1,constructive,0,1,1,AI loop after complete daughter cells,0,-1.02625,-0.06208,-0.17746,0.10962,0.01286,-0.06274,-0.34681,0.00000,0.00000,0.34681,0.00000,0.00000,-0.00000,0.00000,3.00000,0.98212,0.11000,0,0,33,3.24643,0.00000,0.17000,0.20000
20260527-224411-sentence-script-a-single-cell-sphere-wit-a6b927,3330,55.9805,55.9815,0.10319,Interphase: loose chromatin drifts,1,constructive,0,1,1,AI loop after complete daughter cells,0,-1.01518,-0.06112,-0.18415,0.10870,0.00703,-0.06844,-0.37283,0.00000,0.00000,0.37283,0.00000,0.00000,-0.00000,0.00000,3.00000,0.97750,0.11020,0,0,33,3.20590,0.00000,0.17000,0.20000
20260527-224411-sentence-script-a-single-cell-sphere-wit-a6b927,3336,56.0823,56.0833,0.10591,Interphase: loose chromatin drifts,1,constructive,0,1,1,AI loop after complete daughter cells,0,-1.00422,-0.06075,-0.19143,0.10694,0.00113,-0.07370,-0.40175,0.00000,0.00000,0.40175,0.00000,0.00000,-0.00000,0.00000,3.00000,0.97289,0.11066,0,0,33,3.16520,0.00000,0.17000,0.20000
20260527-224411-sentence-script-a-single-cell-sphere-wit-a6b927,3342,56.1837,56.1847,0.10861,Interphase: loose chromatin drifts,1,constructive,0,1,1,AI loop after complete daughter cells,0,-0.97743,-0.07569,-0.20530,1.05784,-0.87559,-0.44005,-0.43326,0.00000,0.00000,0.43326,0.00000,0.00000,-0.00000,0.00000,3.00000,0.96701,0.11140,0,0,34,3.12463,0.00000,0.17000,0.20000
20260527-224411-sentence-script-a-single-cell-sphere-wit-a6b927,3348,56.2851,56.2861,0.11131,Interphase: loose chromatin drifts,1,constructive,0,1,1,AI loop after complete daughter cells,0,-0.96977,-0.07403,-0.21247,0.07608,0.01200,-0.07327,-0.46736,0.00000,0.00000,0.46736,0.00000,0.00000,-0.00000,0.00000,3.00000,0.96281,0.11238,0,0,34,3.08406,0.00000,0.17000,0.20000
20260527-224411-sentence-script-a-single-cell-sphere-wit-a6b927,3354,56.3867,56.3876,0.11402,Interphase: loose chromatin drifts,1,constructive,0,1,1,AI loop after complete daughter cells,0,-0.96204,-0.07339,-0.22023,0.07604,0.00232,-0.07855,-0.50399,0.00000,0.00000,0.50399,0.00000,0.00000,-0.00000,0.00000,3.00000,0.95870,0.11362,0,0,34,3.04345,0.00000,0.17000,0.20000
20260527-224411-sentence-script-a-single-cell-sphere-wit-a6b927,3360,56.4882,56.4892,0.11673,Interphase: loose chromatin drifts,1,constructive,0,1,1,AI loop after complete daughter cells,0,-0.95439,-0.07369,-0.22848,0.07450,-0.00665,-0.08299,-0.54302,0.00000,0.00000,0.54302,0.00000,0.00000,-0.00000,0.00000,3.00000,0.95473,0.11511,0,0,34,3.00283,0.00000,0.17000,0.20000
20260527-224411-sentence-script-a-single-cell-sphere-wit-a6b927,3366,56.5892,56.5901,0.11942,Interphase: loose chromatin drifts,1,constructive,0,1,1,AI loop after complete daughter cells,0,-0.94703,-0.07486,-0.23708,0.07166,-0.01494,-0.08660,-0.58408,0.00000,0.00000,0.58408,0.00000,0.00000,-0.00000,0.00000,3.00000,0.95097,0.11681,0,0,34,2.96245,0.00000,0.17000,0.20000
20260527-224411-sentence-script-a-single-cell-sphere-wit-a6b927,3372,56.6897,56.6907,0.12210,Interphase: loose chromatin drifts,1,constructive,0,1,1,AI loop after complete daughter cells,0,-0.94005,-0.07682,-0.24596,0.06765,-0.02260,-0.08941,-0.62717,0.00000,0.00000,0.62717,0.00000,0.00000,-0.00000,0.00000,3.00000,0.94746,0.11872,0,0,34,2.92222,0.00000,0.17000,0.20000
20260527-224411-sentence-script-a-single-cell-sphere-wit-a6b927,3378,56.7904,56.7914,0.12479,Interphase: loose chromatin drifts,1,constructive,0,1,1,AI loop after complete daughter cells,0,-0.93352,-0.07952,-0.25509,0.06260,-0.02975,-0.09145,-0.67237,0.00000,0.00000,0.67237,0.00000,0.00000,-0.00000,0.00000,3.00000,0.94419,0.12085,0,0,34,2.88194,0.00000,0.17000,0.20000
20260527-224411-sentence-script-a-single-cell-sphere-wit-a6b927,3384,56.8920,56.8929,0.12750,Interphase: loose chromatin drifts,1,constructive,0,1,1,AI loop after complete daughter cells,0,-0.92752,-0.08294,-0.26446,0.05659,-0.03645,-0.09276,-0.71994,0.00000,0.00000,0.71994,0.00000,0.00000,-0.00000,0.00000,3.00000,0.94120,0.12320,0,0,34,2.84133,0.00000,0.17000,0.20000
20260527-224411-sentence-script-a-single-cell-sphere-wit-a6b927,3390,56.9929,56.9939,0.13019,Interphase: loose chromatin drifts,1,constructive,0,1,1,AI loop after complete daughter cells,0,-0.92220,-0.08699,-0.27386,0.04980,-0.04265,-0.09333,-0.76913,0.00000,0.00000,0.76913,0.00000,0.00000,-0.00000,0.00000,3.00000,0.93856,0.12574,0,0,34,2.80094,0.00000,0.17000,0.20000
20260527-224411-sentence-script-a-single-cell-sphere-wit-a6b927,3396,57.0942,57.0952,0.13289,Interphase: loose chromatin drifts,1,constructive,0,1,1,AI loop after complete daughter cells,0,-0.91759,-0.09165,-0.28331,0.04230,-0.04841,-0.09318,-0.82027,0.00000,0.00000,0.82027,0.00000,0.00000,-0.00000,0.00000,3.00000,0.93626,0.12847,0,0,34,2.76044,0.00000,0.17000,0.20000
20260527-224411-sentence-script-a-single-cell-sphere-wit-a6b927,3402,57.1955,57.1965,0.13559,Interphase: loose chromatin drifts,1,constructive,0,1,1,AI loop after complete daughter cells,0,-0.91378,-0.09687,-0.29270,0.03421,-0.05372,-0.09234,-0.87312,0.00000,0.00000,0.87312,0.00000,0.00000,-0.00000,0.00000,3.00000,0.93434,0.13138,0,0,34,2.71992,0.00000,0.17000,0.20000
20260527-224411-sentence-script-a-single-cell-sphere-wit-a6b927,3408,57.2971,57.2981,0.13830,Interphase: loose chromatin drifts,1,constructive,0,1,1,AI loop after complete daughter cells,0,-0.91081,-0.10263,-0.30200,0.02561,-0.05862,-0.09080,-0.92777,0.00000,0.00000,0.92777,0.00000,0.00000,-0.00000,0.00000,3.00000,0.93283,0.13448,0,0,34,2.67926,0.00000,0.17000,0.20000
20260527-224411-sentence-script-a-single-cell-sphere-wit-a6b927,3414,57.3996,57.4005,0.14103,Prophase: chromosomes condense,1,constructive,0,1,1,AI loop after complete daughter cells,0,-0.90873,-0.10890,-0.31118,0.01656,-0.06311,-0.08859,-0.98437,0.00000,0.00000,0.98437,0.00000,0.00000,-0.00000,0.00000,3.00000,0.93222,0.13776,0,0,34,2.63829,0.00000,0.17000,0.20000
20260527-224411-sentence-script-a-single-cell-sphere-wit-a6b927,3420,57.5012,57.5021,0.14374,Prophase: chromosomes condense,1,constructive,0,1,1,AI loop after complete daughter cells,0,-0.90759,-0.11555,-0.32001,0.00732,-0.06713,-0.08575,-1.04192,0.00000,0.00000,1.04192,0.00000,0.00000,-0.00000,0.00000,3.00000,0.93188,0.14118,0,0,34,2.59765,0.00000,0.17000,0.20000
20260527-224411-sentence-script-a-single-cell-sphere-wit-a6b927,3426,57.6018,57.6028,0.14643,Prophase: chromosomes condense,1,constructive,0,1,1,AI loop after complete daughter cells,0,-0.90740,-0.12252,-0.32845,-0.00203,-0.07068,-0.08234,-1.10027,0.00000,0.00000,1.10027,0.00000,0.00000,-0.00000,0.00000,3.00000,0.93383,0.14470,0,0,34,2.55738,0.00000,0.17000,0.20000
20260527-224411-sentence-script-a-single-cell-sphere-wit-a6b927,3432,57.7021,57.7031,0.14910,Prophase: chromosomes condense,1,constructive,0,1,1,AI loop after complete daughter cells,0,-0.90284,-0.14421,-0.36055,-0.02126,-0.04704,-0.03370,-1.15959,0.00000,0.00000,1.15959,0.00000,0.00000,-0.00000,0.00000,3.00000,0.93633,0.14835,0,0,35,2.51726,0.00000,0.17000,0.20000
20260527-224411-sentence-script-a-single-cell-sphere-wit-a6b927,3438,57.8027,57.8037,0.15178,Prophase: chromosomes condense,1,constructive,0,1,1,AI loop after complete daughter cells,0,-0.90543,-0.14938,-0.36413,-0.02899,-0.05422,-0.03669,-1.22016,0.00000,0.00000,1.22016,0.00000,0.00000,-0.00000,0.00000,3.00000,0.93870,0.15214,0,0,35,2.47703,0.00000,0.17000,0.20000
20260527-224411-sentence-script-a-single-cell-sphere-wit-a6b927,3444,57.9037,57.9047,0.15448,Prophase: chromosomes condense,1,constructive,0,1,1,AI loop after complete daughter cells,0,-0.90882,-0.15522,-0.36793,-0.03692,-0.06024,-0.03792,-1.28201,0.00000,0.00000,1.28201,0.00000,0.00000,-0.00000,0.00000,3.00000,0.94156,0.15606,0,0,35,2.43663,0.00000,0.17000,0.20000
20260527-224411-sentence-script-a-single-cell-sphere-wit-a6b927,3450,58.0058,58.0068,0.15720,Prophase: chromosomes condense,1,constructive,0,1,1,AI loop after complete daughter cells,0,-0.91307,-0.16167,-0.37179,-0.04496,-0.06522,-0.03761,-1.34547,0.00000,0.00000,1.34547,0.00000,0.00000,-0.00000,0.00000,3.00000,0.94498,0.16014,0,0,35,2.39578,0.00000,0.17000,0.20000
20260527-224411-sentence-script-a-single-cell-sphere-wit-a6b927,3456,58.1193,58.1203,0.16023,Prophase: chromosomes condense,1,constructive,0,1,1,AI loop after complete daughter cells,0,-0.91875,-0.16937,-0.37595,-0.05371,-0.06954,-0.03571,-1.41696,0.00000,0.00000,1.41696,0.00000,0.00000,-0.00000,0.00000,3.00000,0.94907,0.16480,0,0,35,2.35039,0.00000,0.17000,0.20000
20260527-224411-sentence-script-a-single-cell-sphere-wit-a6b927,3462,58.2280,58.2290,0.16312,Prophase: chromosomes condense,1,constructive,0,1,1,AI loop after complete daughter cells,0,-0.92512,-0.17714,-0.37964,-0.06191,-0.07274,-0.03262,-1.48628,0.00000,0.00000,1.48628,0.00000,0.00000,-0.00000,0.00000,3.00000,0.95325,0.16937,0,0,35,2.30691,0.00000,0.17000,0.20000
20260527-224411-sentence-script-a-single-cell-sphere-wit-a6b927,3468,58.3305,58.3315,0.16586,Prophase: chromosomes condense,1,constructive,0,1,1,AI loop after complete daughter cells,0,-0.93193,-0.18475,-0.38276,-0.06944,-0.07498,-0.02870,-1.55232,0.00000,0.00000,1.55232,0.00000,0.00000,-0.00000,0.00000,3.00000,0.95739,0.17377,0,0,35,2.26590,0.00000,0.17000,0.20000
20260527-224411-sentence-script-a-single-cell-sphere-wit-a6b927,3474,58.4324,58.4333,0.16857,Prophase: chromosomes condense,1,constructive,0,1,1,AI loop after complete daughter cells,0,-0.93941,-0.19247,-0.38541,-0.07638,-0.07638,-0.02402,-1.61844,0.00000,0.00000,1.61844,0.00000,0.00000,-0.00000,0.00000,3.00000,0.96166,0.17821,0,0,35,2.22516,0.00000,0.17000,0.20000
20260527-224411-sentence-script-a-single-cell-sphere-wit-a6b927,3480,58.5341,58.5351,0.17129,Prophase: chromosomes condense,1,constructive,0,1,1,AI loop after complete daughter cells,0,-0.94757,-0.20029,-0.38754,-0.08280,-0.07710,-0.01869,-1.68490,0.00000,0.00000,1.68490,0.00000,0.00000,-0.00000,0.00000,3.00000,0.96605,0.18272,0,0,35,2.18447,0.00000,0.17000,0.20000
20260527-224411-sentence-script-a-single-cell-sphere-wit-a6b927,3486,58.6351,58.6360,0.17398,Prophase: chromosomes condense,1,constructive,0,1,1,AI loop after complete daughter cells,0,-0.95628,-0.20808,-0.38909,-0.08860,-0.07718,-0.01287,-1.75116,0.00000,0.00000,1.75116,0.00000,0.00000,-0.00000,0.00000,3.00000,0.97050,0.18726,0,0,35,2.14409,0.00000,0.17000,0.20000
20260527-224411-sentence-script-a-single-cell-sphere-wit-a6b927,3492,58.7355,58.7365,0.17666,Prophase: chromosomes condense,1,constructive,0,1,1,AI loop after complete daughter cells,0,-0.96548,-0.21581,-0.39002,-0.09373,-0.07668,-0.00667,-1.81731,0.00000,0.00000,1.81731,0.00000,0.00000,-0.00000,0.00000,3.00000,0.97497,0.19182,0,1,35,2.10391,0.00000,0.17000,0.20000
20260527-224411-sentence-script-a-single-cell-sphere-wit-a6b927,3498,58.8368,58.8378,0.17936,Prophase: chromosomes condense,1,constructive,0,1,1,AI loop after complete daughter cells,0,-0.97525,-0.22352,-0.39031,-0.09821,-0.07562,-0.00009,-1.88415,0.00000,0.00000,1.88415,0.00000,0.00000,-0.00000,0.00000,3.00000,0.97951,0.19647,0,1,35,2.06338,0.00000,0.17000,0.20000
20260527-224411-sentence-script-a-single-cell-sphere-wit-a6b927,3504,58.9376,58.9386,0.18205,Prophase: chromosomes condense,1,constructive,0,1,1,AI loop after complete daughter cells,0,-0.98537,-0.23106,-0.38993,-0.10191,-0.07405,0.00669,-1.95066,0.00000,0.00000,1.95066,0.00000,0.00000,-0.00000,0.00000,3.00000,0.98400,0.20112,0,1,35,2.02307,0.00000,0.17000,0.19990
20260527-224411-sentence-script-a-single-cell-sphere-wit-a6b927,3510,59.0386,59.0396,0.18474,Prophase: chromosomes condense,1,constructive,0,1,1,AI loop after complete daughter cells,0,-0.99584,-0.23842,-0.38884,-0.10484,-0.07199,0.01363,-2.01724,0.00000,0.00000,2.01724,0.00000,0.00000,-0.00000,0.00000,3.00000,0.98845,0.20581,0,1,35,1.98266,0.00000,0.17000,0.19948
20260527-224411-sentence-script-a-single-cell-sphere-wit-a6b927,3516,59.1397,59.1406,0.18744,Prophase: chromosomes condense,1,constructive,0,1,1,AI loop after complete daughter cells,0,-1.00657,-0.24555,-0.38705,-0.10694,-0.06948,0.02064,-2.08368,0.00000,0.00000,2.08368,0.00000,0.00000,-0.00000,0.00000,3.00000,0.99282,0.21051,0,1,35,1.94225,0.00000,0.17000,0.19874
20260527-224411-sentence-script-a-single-cell-sphere-wit-a6b927,3522,59.2407,59.2417,0.19013,Prophase: chromosomes condense,1,constructive,0,1,1,AI loop after complete daughter cells,0,-1.03609,-0.25276,-0.36669,-0.07360,-0.06587,-0.00551,-2.14987,0.00000,0.00000,2.14987,0.00000,0.00000,-0.00000,0.00000,3.00000,0.99925,0.21523,0,1,36,1.90182,0.00000,0.17000,0.19770
20260527-224411-sentence-script-a-single-cell-sphere-wit-a6b927,3528,59.3421,59.3431,0.19283,Prophase: chromosomes condense,1,constructive,0,1,1,AI loop after complete daughter cells,0,-1.04394,-0.25924,-0.36649,-0.07983,-0.06263,0.00707,-2.21588,0.00000,0.00000,2.21588,0.00000,0.00000,-0.00000,0.00000,3.00000,1.00299,0.21996,0,1,36,1.86127,0.00000,0.17000,0.19635
20260527-224411-sentence-script-a-single-cell-sphere-wit-a6b927,3534,59.4433,59.4443,0.19553,Prophase: chromosomes condense,1,constructive,0,1,1,AI loop after complete daughter cells,0,-1.05229,-0.26537,-0.36509,-0.08420,-0.05900,0.01854,-2.28133,0.00000,0.00000,2.28133,0.00000,0.00000,-0.00000,0.00000,3.00000,1.00659,0.22467,0,1,36,1.82079,0.00000,0.17000,0.19471
20260527-224411-sentence-script-a-single-cell-sphere-wit-a6b927,3540,59.5443,59.5453,0.19823,Prophase: chromosomes condense,1,constructive,0,1,1,AI loop after complete daughter cells,0,-1.06097,-0.27110,-0.36259,-0.08687,-0.05501,0.02902,-2.34610,0.00000,0.00000,2.34610,0.00000,0.00000,-0.00000,0.00000,3.00000,1.01001,0.22936,0,1,36,1.78038,0.00000,0.17000,0.19281
20260527-224411-sentence-script-a-single-cell-sphere-wit-a6b927,3546,59.6452,59.6462,0.20092,Prophase: chromosomes condense,1,constructive,0,1,1,AI loop after complete daughter cells,0,-1.06981,-0.27640,-0.35909,-0.08799,-0.05071,0.03859,-2.41015,0.00000,0.00000,2.41015,0.00000,0.00000,-0.00000,0.00000,3.00000,1.01323,0.23401,0,1,36,1.74002,0.00000,0.17000,0.19064
20260527-224411-sentence-script-a-single-cell-sphere-wit-a6b927,3552,59.7459,59.7468,0.20360,Prophase: chromosomes condense,1,constructive,0,1,1,AI loop after complete daughter cells,0,-1.07866,-0.28124,-0.35469,-0.08771,-0.04611,0.04729,-2.47327,0.00000,0.00000,2.47327,0.00000,0.00000,-0.00000,0.00000,3.00000,1.01620,0.23862,0,1,36,1.69977,0.00000,0.17000,0.18823
20260527-224411-sentence-script-a-single-cell-sphere-wit-a6b927,3558,59.8471,59.8480,0.20630,Prophase: chromosomes condense,1,constructive,0,1,1,AI loop after complete daughter cells,0,-1.08745,-0.28562,-0.34943,-0.08612,-0.04124,0.05521,-2.53590,0.00000,0.00000,2.53590,0.00000,0.00000,-0.00000,0.00000,3.00000,1.01891,0.24321,0,1,36,1.65929,0.00000,0.17000,0.18557
20260527-224411-sentence-script-a-single-cell-sphere-wit-a6b927,3564,59.9475,59.9484,0.20898,Prophase: chromosomes condense,1,constructive,0,1,1,AI loop after complete daughter cells,0,-1.09595,-0.28946,-0.34346,-0.08338,-0.03615,0.06236,-2.59710,0.00000,0.00000,2.59710,0.00000,0.00000,-0.00000,0.00000,3.00000,1.02129,0.24772,0,1,36,1.61912,0.00000,0.17000,0.18270
