run_id,row_index,timestamp_iso,wall_elapsed_s,configured_run_seconds,round_index,cycle_time,total_duration,current_phase,current_phase_progress,completed,paused,human_speed,ai_speed,combined_speed,current_radius,cell_body_count,parent_visible,parent_pos,parent_radius,parent_opacity,nucleus_visible,nucleus_pos,nucleus_radius,nucleus_opacity,daughter_left_visible,daughter_left_pos,daughter_left_radius,daughter_left_opacity,daughter_right_visible,daughter_right_pos,daughter_right_radius,daughter_right_opacity,cleavage_groove_visible,cleavage_groove_radius,cleavage_groove_opacity,dna_count,duplicated_dna_visible_count,dna_avg_distance_from_cell_center,free_particle_count,attached_particle_count,particle_behavior_counts_json,particle_avg_y,particle_avg_speed,ai_enabled,ai_paused,ai_mode,ai_previous_mode,ai_mode_timer,ai_mode_duration,ai_stagnation_timer,ai_completion_timer,ai_helper_pos,ai_override_timer,clock_pointer_tip_pos
20260526-193544-sentence-script-a-single-cell-sphere-gra-d3516f,0,2026-05-26T19:35:45.548,0.0,60.0,1,0.0165,26.0,G1,0.002361,0,0,1.0,0.9917,0.9917,0.55037,1,1,"-2.55,0.05,0.0",0.55037,0.62,1,"-2.55,0.05,0.0",0.231155,0.25,0,"-2.55,0.05,0.0",0.05,0.0,0,"-2.55,0.05,0.0",0.05,0.0,0,0.3025,0.0,12,0,0.118337,22,0,"{""attach"": 21, ""organize"": 1}",0.031665,0.158155,1,0,ORGANIZE,OBSERVE,0.0167,4.2603,0.0058,0.0,"0.148322,1.212889,0.0",0.0,"2.455284,1.422989,0.0"
20260526-193544-sentence-script-a-single-cell-sphere-gra-d3516f,1,2026-05-26T19:35:45.654,0.1058,60.0,1,0.1597,26.0,G1,0.02282,0,0,1.0,0.9281,0.9281,0.553575,1,1,"-2.55,0.05,0.0",0.553575,0.62,1,"-2.55,0.05,0.0",0.232502,0.25,0,"-2.55,0.05,0.0",0.05,0.0,0,"-2.55,0.05,0.0",0.05,0.0,0,0.3025,0.0,12,0,0.119026,23,0,"{""attach"": 18, ""organize"": 5}",0.076028,0.169314,1,0,ORGANIZE,OBSERVE,0.1667,4.2603,0.0667,0.0,"1.27549,0.980074,0.0",0.0,"2.50106,1.422014,0.0"
20260526-193544-sentence-script-a-single-cell-sphere-gra-d3516f,2,2026-05-26T19:35:45.753,0.2052,60.0,1,0.2802,26.0,G1,0.040028,0,0,1.0,0.8858,0.8858,0.556271,1,1,"-2.55,0.05,0.0",0.556271,0.62,1,"-2.55,0.05,0.0",0.233634,0.25,0,"-2.55,0.05,0.0",0.05,0.0,0,"-2.55,0.05,0.0",0.05,0.0,0,0.3025,0.0,12,0,0.119605,23,0,"{""attach"": 17, ""organize"": 6}",0.074177,0.19599,1,0,ORGANIZE,OBSERVE,0.3,4.2603,0.0167,0.0,"2.01208,0.897212,0.0",0.0,"2.539514,1.419968,0.0"
20260526-193544-sentence-script-a-single-cell-sphere-gra-d3516f,3,2026-05-26T19:35:45.850,0.3019,60.0,1,0.3958,26.0,G1,0.056541,0,0,1.0,0.8535,0.8535,0.558858,1,1,"-2.55,0.05,0.0",0.558858,0.62,1,"-2.55,0.05,0.0",0.23472,0.25,0,"-2.55,0.05,0.0",0.05,0.0,0,"-2.55,0.05,0.0",0.05,0.0,0,0.3025,0.0,12,0,0.120162,26,0,"{""attach"": 17, ""organize"": 9}",0.165951,0.228237,1,0,ORGANIZE,OBSERVE,0.4333,4.2603,0.0167,0.0,"2.550342,0.899552,0.0",0.0,"2.576347,1.416953,0.0"
20260526-193544-sentence-script-a-single-cell-sphere-gra-d3516f,4,2026-05-26T19:35:45.958,0.41,60.0,1,0.5214,26.0,G1,0.074492,0,0,1.0,0.8263,0.8263,0.56167,1,1,"-2.55,0.05,0.0",0.56167,0.62,1,"-2.55,0.05,0.0",0.235902,0.25,0,"-2.55,0.05,0.0",0.05,0.0,0,"-2.55,0.05,0.0",0.05,0.0,0,0.3025,0.0,12,0,0.120766,29,0,"{""attach"": 14, ""organize"": 15}",0.236762,0.270667,1,0,ORGANIZE,OBSERVE,0.5833,4.2603,0.0333,0.0,"2.965534,0.973881,0.0",0.0,"2.616275,1.41251,0.0"
20260526-193544-sentence-script-a-single-cell-sphere-gra-d3516f,5,2026-05-26T19:35:46.051,0.5036,60.0,1,0.6302,26.0,G1,0.09003,0,0,1.0,0.8082,0.8082,0.564105,1,1,"-2.55,0.05,0.0",0.564105,0.62,1,"-2.55,0.05,0.0",0.236924,0.25,0,"-2.55,0.05,0.0",0.05,0.0,0,"-2.55,0.05,0.0",0.05,0.0,0,0.3025,0.0,12,0,0.12129,29,0,"{""attach"": 14, ""organize"": 15}",0.228678,0.301611,1,0,ORGANIZE,OBSERVE,0.7167,4.2603,0.0667,0.0,"3.197599,1.081929,0.0",0.0,"2.650711,1.407687,0.0"
20260526-193544-sentence-script-a-single-cell-sphere-gra-d3516f,6,2026-05-26T19:35:46.155,0.6076,60.0,1,0.7501,26.0,G1,0.107158,0,0,1.0,0.7929,0.7929,0.566788,1,1,"-2.55,0.05,0.0",0.566788,0.62,1,"-2.55,0.05,0.0",0.238051,0.25,0,"-2.55,0.05,0.0",0.05,0.0,0,"-2.55,0.05,0.0",0.05,0.0,0,0.3025,0.0,12,0,0.121867,30,0,"{""attach"": 12, ""organize"": 18}",0.253353,0.352268,1,0,ORGANIZE,OBSERVE,0.8667,4.2603,0.1,0.0,"3.334049,1.229998,0.0",0.0,"2.68851,1.401323,0.0"
20260526-193544-sentence-script-a-single-cell-sphere-gra-d3516f,7,2026-05-26T19:35:46.259,0.7111,60.0,1,0.8681,26.0,G1,0.124008,0,0,1.0,0.7816,0.7816,0.569428,1,1,"-2.55,0.05,0.0",0.569428,0.62,1,"-2.55,0.05,0.0",0.23916,0.25,0,"-2.55,0.05,0.0",0.05,0.0,0,"-2.55,0.05,0.0",0.05,0.0,0,0.3025,0.0,12,0,0.122434,31,0,"{""attach"": 10, ""organize"": 21}",0.275763,0.389019,1,0,ORGANIZE,OBSERVE,1.0167,4.2603,0.0,0.0,"3.363363,1.388316,0.0",0.0,"2.725501,1.393997,0.0"
20260526-193544-sentence-script-a-single-cell-sphere-gra-d3516f,8,2026-05-26T19:35:46.359,0.8116,60.0,1,0.9459,26.0,G1,0.135124,0,0,1.0,0.7758,0.7758,0.571169,1,1,"-2.55,0.05,0.0",0.571169,0.62,1,"-2.55,0.05,0.0",0.239891,0.25,0,"-2.55,0.05,0.0",0.05,0.0,0,"-2.55,0.05,0.0",0.05,0.0,0,0.3025,0.0,12,0,0.122809,33,0,"{""attach"": 9, ""organize"": 24}",0.338253,0.420427,1,0,ORGANIZE,OBSERVE,1.1167,4.2603,0.0333,0.0,"3.333939,1.491987,0.0",0.0,"2.749784,1.388588,0.0"
20260526-193544-sentence-script-a-single-cell-sphere-gra-d3516f,9,2026-05-26T19:35:46.459,0.9119,60.0,1,1.0232,26.0,G1,0.146166,0,0,1.0,0.771,0.771,0.572899,1,1,"-2.55,0.05,0.0",0.572899,0.62,1,"-2.55,0.05,0.0",0.240618,0.25,0,"-2.55,0.05,0.0",0.05,0.0,0,"-2.55,0.05,0.0",0.05,0.0,0,0.3025,0.0,12,0,0.123181,34,0,"{""attach"": 7, ""organize"": 27}",0.36409,0.443301,1,0,ORGANIZE,OBSERVE,1.2167,4.2603,0.0667,0.0,"3.271681,1.589741,0.0",0.0,"2.7738,1.382764,0.0"
20260526-193544-sentence-script-a-single-cell-sphere-gra-d3516f,10,2026-05-26T19:35:46.560,1.0122,60.0,1,1.1,26.0,G1,0.157148,0,0,1.0,0.7672,0.7672,0.57462,1,1,"-2.55,0.05,0.0",0.57462,0.62,1,"-2.55,0.05,0.0",0.24134,0.25,0,"-2.55,0.05,0.0",0.05,0.0,0,"-2.55,0.05,0.0",0.05,0.0,0,0.3025,0.0,12,0,0.123551,34,0,"{""attach"": 7, ""organize"": 27}",0.355678,0.470506,1,0,ORGANIZE,OBSERVE,1.3167,4.2603,0.0333,0.0,"3.181418,1.67839,0.0",0.0,"2.797572,1.376528,0.0"
20260526-193544-sentence-script-a-single-cell-sphere-gra-d3516f,11,2026-05-26T19:35:46.660,1.1124,60.0,1,1.1766,26.0,G1,0.16808,0,0,1.0,0.764,0.764,0.576333,1,1,"-2.55,0.05,0.0",0.576333,0.62,1,"-2.55,0.05,0.0",0.24206,0.25,0,"-2.55,0.05,0.0",0.05,0.0,0,"-2.55,0.05,0.0",0.05,0.0,0,0.3025,0.0,12,0,0.123919,35,0,"{""attach"": 7, ""organize"": 28}",0.385427,0.492186,1,0,ORGANIZE,OBSERVE,1.4167,4.2603,0.0167,0.0,"3.067568,1.755223,0.0",0.0,"2.821119,1.369882,0.0"
20260526-193544-sentence-script-a-single-cell-sphere-gra-d3516f,12,2026-05-26T19:35:46.760,1.2124,60.0,1,1.2528,26.0,G1,0.178973,0,0,1.0,0.7614,0.7614,0.578039,1,1,"-2.55,0.05,0.0",0.578039,0.62,1,"-2.55,0.05,0.0",0.242776,0.25,0,"-2.55,0.05,0.0",0.05,0.0,0,"-2.55,0.05,0.0",0.05,0.0,0,0.3025,0.0,12,0,0.124286,36,0,"{""attach"": 5, ""organize"": 31}",0.416616,0.500727,1,0,ORGANIZE,OBSERVE,1.5167,4.2603,0.0333,0.0,"2.93422,1.817974,0.0",0.0,"2.844454,1.362828,0.0"
20260526-193544-sentence-script-a-single-cell-sphere-gra-d3516f,13,2026-05-26T19:35:46.860,1.3127,60.0,1,1.3288,26.0,G1,0.189832,0,0,1.0,0.7593,0.7593,0.57974,1,1,"-2.55,0.05,0.0",0.57974,0.62,1,"-2.55,0.05,0.0",0.243491,0.25,0,"-2.55,0.05,0.0",0.05,0.0,0,"-2.55,0.05,0.0",0.05,0.0,0,0.3025,0.0,12,0,0.124652,37,0,"{""attach"": 4, ""organize"": 33}",0.44808,0.518309,1,0,ORGANIZE,OBSERVE,1.6167,4.2603,0.0167,0.0,"2.785202,1.864795,0.0",0.0,"2.867584,1.355369,0.0"
20260526-193544-sentence-script-a-single-cell-sphere-gra-d3516f,14,2026-05-26T19:35:46.962,1.4131,60.0,1,1.4047,26.0,G1,0.200665,0,0,1.0,0.7576,0.7576,0.581438,1,1,"-2.55,0.05,0.0",0.581438,0.62,1,"-2.55,0.05,0.0",0.244204,0.25,0,"-2.55,0.05,0.0",0.05,0.0,0,"-2.55,0.05,0.0",0.05,0.0,0,0.3025,0.0,12,0,0.125016,37,0,"{""attach"": 4, ""organize"": 33}",0.441238,0.539913,1,0,ORGANIZE,OBSERVE,1.7167,4.2603,0.05,0.0,"2.624121,1.894229,0.0",0.0,"2.890518,1.347507,0.0"
20260526-193544-sentence-script-a-single-cell-sphere-gra-d3516f,15,2026-05-26T19:35:47.061,1.5138,60.0,1,1.4803,26.0,G1,0.211476,0,0,1.0,0.7562,0.7562,0.583131,1,1,"-2.55,0.05,0.0",0.583131,0.62,1,"-2.55,0.05,0.0",0.244915,0.25,0,"-2.55,0.05,0.0",0.05,0.0,0,"-2.55,0.05,0.0",0.05,0.0,0,0.3025,0.0,12,0,0.125381,37,0,"{""attach"": 4, ""organize"": 33}",0.434435,0.545166,1,0,ORGANIZE,OBSERVE,1.8167,4.2603,0.0167,0.0,"2.454399,1.905194,0.0",0.0,"2.913257,1.339242,0.0"
20260526-193544-sentence-script-a-single-cell-sphere-gra-d3516f,16,2026-05-26T19:35:47.163,1.6142,60.0,1,1.5559,26.0,G1,0.222269,0,0,1.0,0.7551,0.7551,0.584822,1,1,"-2.55,0.05,0.0",0.584822,0.62,1,"-2.55,0.05,0.0",0.245625,0.25,0,"-2.55,0.05,0.0",0.05,0.0,0,"-2.55,0.05,0.0",0.05,0.0,0,0.3025,0.0,12,0,0.125744,37,0,"{""attach"": 4, ""organize"": 33}",0.427641,0.561523,1,0,ORGANIZE,OBSERVE,1.9167,4.2603,0.1167,0.0,"2.279291,1.896965,0.0",0.0,"2.935805,1.330578,0.0"
20260526-193544-sentence-script-a-single-cell-sphere-gra-d3516f,17,2026-05-26T19:35:47.263,1.7149,60.0,1,1.6313,26.0,G1,0.233048,0,0,1.0,0.7541,0.7541,0.586511,1,1,"-2.55,0.05,0.0",0.586511,0.62,1,"-2.55,0.05,0.0",0.246335,0.25,0,"-2.55,0.05,0.0",0.05,0.0,0,"-2.55,0.05,0.0",0.05,0.0,0,0.3025,0.0,12,0,0.126107,38,0,"{""attach"": 4, ""organize"": 34}",0.458959,0.578724,1,0,ORGANIZE,OBSERVE,2.0167,4.2603,0.0833,0.0,"2.101895,1.869158,0.0",0.0,"2.958161,1.321516,0.0"
20260526-193544-sentence-script-a-single-cell-sphere-gra-d3516f,18,2026-05-26T19:35:47.363,1.8155,60.0,1,1.7067,26.0,G1,0.243815,0,0,1.0,0.7534,0.7534,0.588198,1,1,"-2.55,0.05,0.0",0.588198,0.62,1,"-2.55,0.05,0.0",0.247043,0.25,0,"-2.55,0.05,0.0",0.05,0.0,0,"-2.55,0.05,0.0",0.05,0.0,0,0.3025,0.0,12,0,0.12647,38,0,"{""attach"": 4, ""organize"": 34}",0.451641,0.591385,1,0,ORGANIZE,OBSERVE,2.1167,4.2603,0.05,0.0,"1.925156,1.821714,0.0",0.0,"2.980323,1.312059,0.0"
20260526-193544-sentence-script-a-single-cell-sphere-gra-d3516f,19,2026-05-26T19:35:47.464,1.915,60.0,1,1.782,26.0,G1,0.254572,0,0,1.0,0.7528,0.7528,0.589883,1,1,"-2.55,0.05,0.0",0.589883,0.62,1,"-2.55,0.05,0.0",0.247751,0.25,0,"-2.55,0.05,0.0",0.05,0.0,0,"-2.55,0.05,0.0",0.05,0.0,0,0.3025,0.0,12,0,0.126832,38,0,"{""attach"": 3, ""organize"": 35}",0.443816,0.591572,1,0,ORGANIZE,OBSERVE,2.2167,4.2603,0.0167,0.0,"1.751864,1.754886,0.0",0.0,"3.00229,1.302208,0.0"
20260526-193544-sentence-script-a-single-cell-sphere-gra-d3516f,20,2026-05-26T19:35:47.563,2.0147,60.0,1,1.8572,26.0,G1,0.265321,0,0,1.0,0.7522,0.7522,0.591567,1,1,"-2.55,0.05,0.0",0.591567,0.62,1,"-2.55,0.05,0.0",0.248458,0.25,0,"-2.55,0.05,0.0",0.05,0.0,0,"-2.55,0.05,0.0",0.05,0.0,0,0.3025,0.0,12,0,0.127194,39,0,"{""attach"": 2, ""organize"": 37}",0.466031,0.57974,1,0,ORGANIZE,OBSERVE,2.3167,4.2603,0.1167,0.0,"1.584648,1.669219,0.0",0.0,"3.024058,1.291967,0.0"
20260526-193544-sentence-script-a-single-cell-sphere-gra-d3516f,21,2026-05-26T19:35:47.662,2.1143,60.0,1,1.9324,26.0,G1,0.276064,0,0,1.0,0.7518,0.7518,0.59325,1,1,"-2.55,0.05,0.0",0.59325,0.62,1,"-2.55,0.05,0.0",0.249165,0.25,0,"-2.55,0.05,0.0",0.05,0.0,0,"-2.55,0.05,0.0",0.05,0.0,0,0.3025,0.0,12,0,0.127556,40,0,"{""attach"": 2, ""organize"": 38}",0.482926,0.575305,1,0,ORGANIZE,OBSERVE,2.4167,4.2603,0.0,0.0,"1.425962,1.565533,0.0",0.0,"3.045624,1.281339,0.0"
20260526-193544-sentence-script-a-single-cell-sphere-gra-d3516f,22,2026-05-26T19:35:47.762,2.2145,60.0,1,2.0076,26.0,G1,0.286802,0,0,1.0,0.7515,0.7515,0.594932,1,1,"-2.55,0.05,0.0",0.594932,0.62,1,"-2.55,0.05,0.0",0.249872,0.25,0,"-2.55,0.05,0.0",0.05,0.0,0,"-2.55,0.05,0.0",0.05,0.0,0,0.3025,0.0,12,0,0.127918,41,0,"{""attach"": 2, ""organize"": 39}",0.49391,0.574146,1,0,ORGANIZE,OBSERVE,2.5167,4.2603,0.05,0.0,"1.278081,1.444907,0.0",0.0,"3.066982,1.270326,0.0"
20260526-193544-sentence-script-a-single-cell-sphere-gra-d3516f,23,2026-05-26T19:35:47.863,2.3148,60.0,1,2.0827,26.0,G1,0.297535,0,0,1.0,0.7512,0.7512,0.596614,1,1,"-2.55,0.05,0.0",0.596614,0.62,1,"-2.55,0.05,0.0",0.250578,0.25,0,"-2.55,0.05,0.0",0.05,0.0,0,"-2.55,0.05,0.0",0.05,0.0,0,0.3025,0.0,12,0,0.12828,41,0,"{""attach"": 1, ""organize"": 40}",0.480105,0.585495,1,0,ORGANIZE,OBSERVE,2.6167,4.2603,0.0167,0.0,"1.143082,1.308656,0.0",0.0,"3.088129,1.258931,0.0"
20260526-193544-sentence-script-a-single-cell-sphere-gra-d3516f,24,2026-05-26T19:35:47.963,2.4149,60.0,1,2.1579,26.0,G1,0.308265,0,0,1.0,0.751,0.751,0.598295,1,1,"-2.55,0.05,0.0",0.598295,0.62,1,"-2.55,0.05,0.0",0.251284,0.25,0,"-2.55,0.05,0.0",0.05,0.0,0,"-2.55,0.05,0.0",0.05,0.0,0,0.3025,0.0,12,0,0.128641,41,0,"{""attach"": 1, ""organize"": 40}",0.465758,0.598045,1,0,ORGANIZE,OBSERVE,2.7167,4.2603,0.1167,0.0,"1.022833,1.158312,0.0",0.0,"3.109058,1.247158,0.0"
20260526-193544-sentence-script-a-single-cell-sphere-gra-d3516f,25,2026-05-26T19:35:48.063,2.5151,60.0,1,2.2329,26.0,G1,0.318992,0,0,1.0,0.7508,0.7508,0.599975,1,1,"-2.55,0.05,0.0",0.599975,0.62,1,"-2.55,0.05,0.0",0.25199,0.25,0,"-2.55,0.05,0.0",0.05,0.0,0,"-2.55,0.05,0.0",0.05,0.0,0,0.3025,0.0,12,0,0.129002,41,0,"{""attach"": 1, ""organize"": 40}",0.450784,0.615016,1,0,ORGANIZE,OBSERVE,2.8167,4.2603,0.0833,0.0,"0.91898,0.995596,0.0",0.0,"3.129765,1.235011,0.0"
20260526-193544-sentence-script-a-single-cell-sphere-gra-d3516f,26,2026-05-26T19:35:48.164,2.6156,60.0,1,2.308,26.0,G1,0.329716,0,0,1.0,0.7507,0.7507,0.601656,1,1,"-2.55,0.05,0.0",0.601656,0.62,1,"-2.55,0.05,0.0",0.252695,0.25,0,"-2.55,0.05,0.0",0.05,0.0,0,"-2.55,0.05,0.0",0.05,0.0,0,0.3025,0.0,12,0,0.129364,43,0,"{""attach"": 1, ""organize"": 42}",0.457052,0.618032,1,0,ORGANIZE,OBSERVE,2.9167,4.2603,0.0167,0.0,"0.832937,0.822398,0.0",0.0,"3.150243,1.222492,0.0"
20260526-193544-sentence-script-a-single-cell-sphere-gra-d3516f,27,2026-05-26T19:35:48.264,2.7165,60.0,1,2.3831,26.0,G1,0.340439,0,0,1.0,0.7505,0.7505,0.603335,1,1,"-2.55,0.05,0.0",0.603335,0.62,1,"-2.55,0.05,0.0",0.253401,0.25,0,"-2.55,0.05,0.0",0.05,0.0,0,"-2.55,0.05,0.0",0.05,0.0,0,0.3025,0.0,12,0,0.129725,44,0,"{""attach"": 1, ""organize"": 43}",0.446987,0.627364,1,0,ORGANIZE,OBSERVE,3.0167,4.2603,0.0167,0.0,"0.765871,0.640748,0.0",0.0,"3.170487,1.209607,0.0"
20260526-193544-sentence-script-a-single-cell-sphere-gra-d3516f,28,2026-05-26T19:35:48.348,2.8006,60.0,1,2.4456,26.0,G1,0.349373,0,0,1.0,0.7505,0.7505,0.604735,1,1,"-2.55,0.05,0.0",0.604735,0.62,1,"-2.55,0.05,0.0",0.253989,0.25,0,"-2.55,0.05,0.0",0.05,0.0,0,"-2.55,0.05,0.0",0.05,0.0,0,0.3025,0.0,12,0,0.130026,44,0,"{""attach"": 1, ""organize"": 43}",0.433233,0.630138,1,0,ORGANIZE,OBSERVE,3.1,4.2603,0.1,0.0,"0.725147,0.484461,0.0",0.0,"3.187175,1.198591,0.0"
20260526-193544-sentence-script-a-single-cell-sphere-gra-d3516f,29,2026-05-26T19:35:48.449,2.9008,60.0,1,2.5207,26.0,G1,0.360093,0,0,1.0,0.7504,0.7504,0.606415,1,1,"-2.55,0.05,0.0",0.606415,0.62,1,"-2.55,0.05,0.0",0.254694,0.25,0,"-2.55,0.05,0.0",0.05,0.0,0,"-2.55,0.05,0.0",0.05,0.0,0,0.3025,0.0,12,0,0.130387,45,0,"{""attach"": 1, ""organize"": 44}",0.417187,0.621719,1,0,ORGANIZE,OBSERVE,3.2,4.2603,0.05,0.0,"0.695064,0.292948,0.0",0.0,"3.206975,1.185043,0.0"
20260526-193544-sentence-script-a-single-cell-sphere-gra-d3516f,30,2026-05-26T19:35:48.549,3.001,60.0,1,2.5957,26.0,G1,0.370812,0,0,1.0,0.7503,0.7503,0.608094,1,1,"-2.55,0.05,0.0",0.608094,0.62,1,"-2.55,0.05,0.0",0.255399,0.25,0,"-2.55,0.05,0.0",0.05,0.0,0,"-2.55,0.05,0.0",0.05,0.0,0,0.3025,0.0,12,0,0.130748,46,0,"{""attach"": 1, ""organize"": 45}",0.398379,0.612446,1,0,ORGANIZE,OBSERVE,3.3,4.2603,0.0333,0.0,"0.685874,0.099259,0.0",0.0,"3.226524,1.17114,0.0"
20260526-193544-sentence-script-a-single-cell-sphere-gra-d3516f,31,2026-05-26T19:35:48.653,3.1041,60.0,1,2.6707,26.0,G1,0.38153,0,0,1.0,0.7502,0.7502,0.609773,1,1,"-2.55,0.05,0.0",0.609773,0.62,1,"-2.55,0.05,0.0",0.256105,0.25,0,"-2.55,0.05,0.0",0.05,0.0,0,"-2.55,0.05,0.0",0.05,0.0,0,0.3025,0.0,12,0,0.131109,47,0,"{""attach"": 1, ""organize"": 46}",0.375482,0.603199,1,0,ORGANIZE,OBSERVE,3.4,4.2603,0.0,0.0,"0.697747,-0.094291,0.0",0.0,"3.245816,1.156885,0.0"
20260526-193544-sentence-script-a-single-cell-sphere-gra-d3516f,32,2026-05-26T19:35:48.754,3.2063,60.0,1,2.7457,26.0,G1,0.392248,0,0,1.0,0.7502,0.7502,0.611452,1,1,"-2.55,0.05,0.0",0.611452,0.62,1,"-2.55,0.05,0.0",0.25681,0.25,0,"-2.55,0.05,0.0",0.05,0.0,0,"-2.55,0.05,0.0",0.05,0.0,0,0.3025,0.0,12,0,0.13147,47,0,"{""attach"": 1, ""organize"": 46}",0.362599,0.608881,1,0,ORGANIZE,OBSERVE,3.5,4.2603,0.1,0.0,"0.730589,-0.285389,0.0",0.0,"3.264845,1.142284,0.0"
20260526-193544-sentence-script-a-single-cell-sphere-gra-d3516f,33,2026-05-26T19:35:48.857,3.3078,60.0,1,2.8208,26.0,G1,0.402965,0,0,1.0,0.7502,0.7502,0.613131,1,1,"-2.55,0.05,0.0",0.613131,0.62,1,"-2.55,0.05,0.0",0.257515,0.25,0,"-2.55,0.05,0.0",0.05,0.0,0,"-2.55,0.05,0.0",0.05,0.0,0,0.3025,0.0,12,0,0.131831,43,0,"{""organize"": 43}",0.414512,0.617079,1,0,ORGANIZE,OBSERVE,3.6,4.2603,0.0333,0.0,"0.78404,-0.471742,0.0",0.0,"3.283606,1.127341,0.0"
20260526-193544-sentence-script-a-single-cell-sphere-gra-d3516f,34,2026-05-26T19:35:48.962,3.4134,60.0,1,2.8708,26.0,G1,0.410109,0,0,1.0,0.7501,0.7501,0.61425,1,1,"-2.55,0.05,0.0",0.61425,0.62,1,"-2.55,0.05,0.0",0.257985,0.25,0,"-2.55,0.05,0.0",0.05,0.0,0,"-2.55,0.05,0.0",0.05,0.0,0,0.3025,0.0,12,0,0.132072,43,0,"{""organize"": 43}",0.408223,0.626986,1,0,ORGANIZE,OBSERVE,3.6667,4.2603,0.0,0.0,"0.830832,-0.592234,0.0",0.0,"3.295961,1.117192,0.0"
20260526-193544-sentence-script-a-single-cell-sphere-gra-d3516f,35,2026-05-26T19:35:49.065,3.5161,60.0,1,2.9333,26.0,G1,0.419039,0,0,1.0,0.7501,0.7501,0.615649,1,1,"-2.55,0.05,0.0",0.615649,0.62,1,"-2.55,0.05,0.0",0.258573,0.25,0,"-2.55,0.05,0.0",0.05,0.0,0,"-2.55,0.05,0.0",0.05,0.0,0,0.3025,0.0,12,0,0.132372,43,0,"{""organize"": 43}",0.401283,0.641204,1,0,ORGANIZE,OBSERVE,3.75,4.2603,0.0833,0.0,"0.90145,-0.737505,0.0",0.0,"3.31123,1.104297,0.0"
20260526-193544-sentence-script-a-single-cell-sphere-gra-d3516f,36,2026-05-26T19:35:49.168,3.6198,60.0,1,2.9958,26.0,G1,0.427969,0,0,1.0,0.7501,0.7501,0.617048,1,1,"-2.55,0.05,0.0",0.617048,0.62,1,"-2.55,0.05,0.0",0.25916,0.25,0,"-2.55,0.05,0.0",0.05,0.0,0,"-2.55,0.05,0.0",0.05,0.0,0,0.3025,0.0,12,0,0.132673,43,0,"{""organize"": 43}",0.395194,0.649128,1,0,ORGANIZE,OBSERVE,3.8333,4.2603,0.0333,0.0,"0.984999,-0.875707,0.0",0.0,"3.326302,1.091173,0.0"
20260526-193544-sentence-script-a-single-cell-sphere-gra-d3516f,37,2026-05-26T19:35:49.249,3.7015,60.0,1,3.0458,26.0,G1,0.435113,0,0,1.0,0.7501,0.7501,0.618168,1,1,"-2.55,0.05,0.0",0.618168,0.62,1,"-2.55,0.05,0.0",0.25963,0.25,0,"-2.55,0.05,0.0",0.05,0.0,0,"-2.55,0.05,0.0",0.05,0.0,0,0.3025,0.0,12,0,0.132914,44,0,"{""organize"": 44}",0.35969,0.640757,1,0,ORGANIZE,OBSERVE,3.9,4.2603,0.1,0.0,"1.060688,-0.980402,0.0",0.0,"3.338215,1.080511,0.0"
20260526-193544-sentence-script-a-single-cell-sphere-gra-d3516f,38,2026-05-26T19:35:49.363,3.8152,60.0,1,3.1083,26.0,G1,0.444042,0,0,1.0,0.7501,0.7501,0.619567,1,1,"-2.55,0.05,0.0",0.619567,0.62,1,"-2.55,0.05,0.0",0.260218,0.25,0,"-2.55,0.05,0.0",0.05,0.0,0,"-2.55,0.05,0.0",0.05,0.0,0,0.3025,0.0,12,0,0.133215,43,0,"{""organize"": 43}",0.364838,0.636186,1,0,ORGANIZE,OBSERVE,3.9833,4.2603,0.0167,0.0,"1.165702,-1.103017,0.0",0.0,"3.352925,1.066983,0.0"
20260526-193544-sentence-script-a-single-cell-sphere-gra-d3516f,39,2026-05-26T19:35:49.458,3.9101,60.0,1,3.1708,26.0,G1,0.452972,0,0,1.0,0.7501,0.7501,0.620966,1,1,"-2.55,0.05,0.0",0.620966,0.62,1,"-2.55,0.05,0.0",0.260806,0.25,0,"-2.55,0.05,0.0",0.05,0.0,0,"-2.55,0.05,0.0",0.05,0.0,0,0.3025,0.0,12,0,0.133515,42,0,"{""organize"": 42}",0.356715,0.634642,1,0,ORGANIZE,OBSERVE,4.0667,4.2603,0.0,0.0,"1.281455,-1.215509,0.0",0.0,"3.367427,1.053234,0.0"
20260526-193544-sentence-script-a-single-cell-sphere-gra-d3516f,40,2026-05-26T19:35:49.563,4.0133,60.0,1,3.2458,26.0,G1,0.463687,0,0,1.0,0.7501,0.7501,0.622644,1,1,"-2.55,0.05,0.0",0.622644,0.62,1,"-2.55,0.05,0.0",0.261511,0.25,0,"-2.55,0.05,0.0",0.05,0.0,0,"-2.55,0.05,0.0",0.05,0.0,0,0.3025,0.0,12,0,0.133876,42,0,"{""organize"": 42}",0.351401,0.639172,1,0,ORGANIZE,OBSERVE,4.1667,4.2603,0.1,0.0,"1.433169,-1.335816,0.0",0.0,"3.384554,1.036449,0.0"
20260526-193544-sentence-script-a-single-cell-sphere-gra-d3516f,41,2026-05-26T19:35:49.665,4.1155,60.0,1,3.3214,26.0,G1,0.474481,0,0,1.0,0.7834,0.7834,0.624335,1,1,"-2.55,0.05,0.0",0.624335,0.62,1,"-2.55,0.05,0.0",0.262221,0.25,0,"-2.55,0.05,0.0",0.05,0.0,0,"-2.55,0.05,0.0",0.05,0.0,0,0.3025,0.0,12,0,0.13424,41,0,"{""organize"": 41}",0.371589,0.639879,1,0,CHAOS_SPILL,ORGANIZE,0.0,3.756,0.05,0.0,"1.646862,-1.24673,-0.016689",0.0,"3.401497,1.019229,0.0"
20260526-193544-sentence-script-a-single-cell-sphere-gra-d3516f,42,2026-05-26T19:35:49.748,4.2003,60.0,1,3.3942,26.0,G1,0.484886,0,0,1.0,0.9303,0.9303,0.625966,1,1,"-2.55,0.05,0.0",0.625966,0.62,1,"-2.55,0.05,0.0",0.262906,0.25,0,"-2.55,0.05,0.0",0.05,0.0,0,"-2.55,0.05,0.0",0.05,0.0,0,0.3025,0.0,12,0,0.134591,44,0,"{""organize"": 41, ""spill"": 3}",0.298186,0.656244,1,0,CHAOS_SPILL,ORGANIZE,0.0833,3.756,0.0167,0.0,"0.868803,-0.428981,0.002399",0.0,"3.417529,1.00234,0.0"
20260526-193544-sentence-script-a-single-cell-sphere-gra-d3516f,43,2026-05-26T19:35:49.849,4.301,60.0,1,3.4957,26.0,G1,0.499382,0,0,1.0,1.07,1.07,0.628236,1,1,"-2.55,0.05,0.0",0.628236,0.62,1,"-2.55,0.05,0.0",0.263859,0.25,0,"-2.55,0.05,0.0",0.05,0.0,0,"-2.55,0.05,0.0",0.05,0.0,0,0.3025,0.0,12,0,0.135079,45,0,"{""organize"": 40, ""spill"": 5}",0.269444,0.656082,1,0,CHAOS_SPILL,ORGANIZE,0.1833,3.756,0.0167,0.0,"0.67246,0.084172,0.022771",0.0,"3.439362,0.978346,0.0"
20260526-193544-sentence-script-a-single-cell-sphere-gra-d3516f,44,2026-05-26T19:35:49.948,4.4007,60.0,1,3.6092,26.0,G1,0.515601,0,0,1.0,1.1782,1.1782,0.630777,1,1,"-2.55,0.05,0.0",0.630777,0.62,1,"-2.55,0.05,0.0",0.264927,0.25,0,"-2.55,0.05,0.0",0.05,0.0,0,"-2.55,0.05,0.0",0.05,0.0,0,0.3025,0.0,12,0,0.135625,48,0,"{""organize"": 40, ""spill"": 8}",0.274142,0.672648,1,0,CHAOS_SPILL,ORGANIZE,0.2833,3.756,0.0333,0.0,"0.088192,0.424103,0.114479",0.0,"3.463085,0.950875,0.0"
20260526-193544-sentence-script-a-single-cell-sphere-gra-d3516f,45,2026-05-26T19:35:50.048,4.5003,60.0,1,3.7321,26.0,G1,0.533154,0,0,1.0,1.262,1.262,0.633528,1,1,"-2.55,0.05,0.0",0.633528,0.62,1,"-2.55,0.05,0.0",0.266082,0.25,0,"-2.55,0.05,0.0",0.05,0.0,0,"-2.55,0.05,0.0",0.05,0.0,0,0.3025,0.0,12,0,0.136216,51,0,"{""organize"": 40, ""spill"": 11}",0.302012,0.681395,1,0,CHAOS_SPILL,ORGANIZE,0.3833,3.756,0.0,0.0,"0.073615,0.706749,0.139921",0.0,"3.487901,0.920421,0.0"
20260526-193544-sentence-script-a-single-cell-sphere-gra-d3516f,46,2026-05-26T19:35:50.163,4.6157,60.0,1,3.8845,26.0,G1,0.554924,0,0,1.0,1.3362,1.3362,0.636938,1,1,"-2.55,0.05,0.0",0.636938,0.62,1,"-2.55,0.05,0.0",0.267514,0.25,0,"-2.55,0.05,0.0",0.05,0.0,0,"-2.55,0.05,0.0",0.05,0.0,0,0.3025,0.0,12,0,0.13695,55,0,"{""organize"": 39, ""spill"": 16}",0.344737,0.671576,1,0,CHAOS_SPILL,ORGANIZE,0.5,3.756,0.0,0.0,"-0.33609,0.8936,0.180238",0.0,"3.517403,0.881652,0.0"
20260526-193544-sentence-script-a-single-cell-sphere-gra-d3516f,47,2026-05-26T19:35:50.262,4.714,60.0,1,4.021,26.0,G1,0.574428,0,0,1.0,1.3844,1.3844,0.639994,1,1,"-2.55,0.05,0.0",0.639994,0.62,1,"-2.55,0.05,0.0",0.268797,0.25,0,"-2.55,0.05,0.0",0.05,0.0,0,"-2.55,0.05,0.0",0.05,0.0,0,0.3025,0.0,12,0,0.137607,57,0,"{""organize"": 39, ""spill"": 18}",0.372413,0.655146,1,0,CHAOS_SPILL,ORGANIZE,0.6,3.756,0.0333,0.0,"-0.512228,0.895704,-0.053553",0.0,"3.542606,0.846016,0.0"
20260526-193544-sentence-script-a-single-cell-sphere-gra-d3516f,48,2026-05-26T19:35:50.360,4.8121,60.0,1,4.1617,26.0,G1,0.594526,0,0,1.0,1.4217,1.4217,0.643142,1,1,"-2.55,0.05,0.0",0.643142,0.62,1,"-2.55,0.05,0.0",0.27012,0.25,0,"-2.55,0.05,0.0",0.05,0.0,0,"-2.55,0.05,0.0",0.05,0.0,0,0.3025,0.0,12,0,0.138284,60,0,"{""organize"": 37, ""spill"": 23}",0.42935,0.64059,1,0,CHAOS_SPILL,ORGANIZE,0.7,3.756,0.0167,0.0,"-0.438808,0.947941,-0.002522",0.0,"3.567334,0.808444,0.0"
20260526-193544-sentence-script-a-single-cell-sphere-gra-d3516f,49,2026-05-26T19:35:50.460,4.9127,60.0,1,4.3056,26.0,G1,0.615085,0,0,1.0,1.4506,1.4506,0.646363,1,1,"-2.55,0.05,0.0",0.646363,0.62,1,"-2.55,0.05,0.0",0.271473,0.25,0,"-2.55,0.05,0.0",0.05,0.0,0,"-2.55,0.05,0.0",0.05,0.0,0,0.3025,0.0,12,0,0.138976,62,0,"{""organize"": 37, ""spill"": 25}",0.456122,0.645492,1,0,CHAOS_SPILL,ORGANIZE,0.8,3.756,0.0167,0.0,"-0.513592,1.00315,-0.03543",0.0,"3.591292,0.769164,0.0"
20260526-193544-sentence-script-a-single-cell-sphere-gra-d3516f,50,2026-05-26T19:35:50.562,5.0131,60.0,1,4.452,26.0,G1,0.636002,0,0,1.0,1.473,1.473,0.64964,1,1,"-2.55,0.05,0.0",0.64964,0.62,1,"-2.55,0.05,0.0",0.272849,0.25,0,"-2.55,0.05,0.0",0.05,0.0,0,"-2.55,0.05,0.0",0.05,0.0,0,0.3025,0.0,12,0,0.139681,67,0,"{""organize"": 37, ""spill"": 30}",0.501134,0.641205,1,0,CHAOS_SPILL,ORGANIZE,0.9,3.756,0.0167,0.0,"-0.734848,0.979513,-0.001011",0.0,"3.61425,0.728372,0.0"
20260526-193544-sentence-script-a-single-cell-sphere-gra-d3516f,51,2026-05-26T19:35:50.662,5.1139,60.0,1,4.6004,26.0,G1,0.657194,0,0,1.0,1.4904,1.4904,0.65296,1,1,"-2.55,0.05,0.0",0.65296,0.62,1,"-2.55,0.05,0.0",0.274243,0.25,0,"-2.55,0.05,0.0",0.05,0.0,0,"-2.55,0.05,0.0",0.05,0.0,0,0.3025,0.0,12,0,0.140395,69,0,"{""organize"": 37, ""spill"": 32}",0.525795,0.638704,1,0,CHAOS_SPILL,ORGANIZE,1.0,3.756,0.0167,0.0,"-0.850912,1.03727,0.081881",0.0,"3.636024,0.686239,0.0"
20260526-193544-sentence-script-a-single-cell-sphere-gra-d3516f,52,2026-05-26T19:35:50.763,5.2149,60.0,1,4.7502,26.0,G1,0.678601,0,0,1.0,1.5038,1.5038,0.656314,1,1,"-2.55,0.05,0.0",0.656314,0.62,1,"-2.55,0.05,0.0",0.275652,0.25,0,"-2.55,0.05,0.0",0.05,0.0,0,"-2.55,0.05,0.0",0.05,0.0,0,0.3025,0.0,12,0,0.141116,69,0,"{""organize"": 35, ""spill"": 34}",0.568545,0.620858,1,0,CHAOS_SPILL,ORGANIZE,1.1,3.756,0.0,0.0,"-0.735509,0.983427,0.036023",0.0,"3.656471,0.642916,0.0"
20260526-193544-sentence-script-a-single-cell-sphere-gra-d3516f,53,2026-05-26T19:35:50.865,5.3161,60.0,1,4.9012,26.0,G1,0.700174,0,0,1.0,1.5142,1.5142,0.659694,1,1,"-2.55,0.05,0.0",0.659694,0.62,1,"-2.55,0.05,0.0",0.277071,0.25,0,"-2.55,0.05,0.0",0.05,0.0,0,"-2.55,0.05,0.0",0.05,0.0,0,0.3025,0.0,12,0,0.141843,73,0,"{""organize"": 34, ""spill"": 39}",0.59794,0.594805,1,0,CHAOS_SPILL,ORGANIZE,1.2,3.756,0.0,0.0,"-0.935015,0.93125,0.130528",0.0,"3.675476,0.598536,0.0"
20260526-193544-sentence-script-a-single-cell-sphere-gra-d3516f,54,2026-05-26T19:35:50.948,5.4007,60.0,1,5.0278,26.0,G1,0.71825,0,0,1.0,1.5211,1.5211,0.662526,1,1,"-2.55,0.05,0.0",0.662526,0.62,1,"-2.55,0.05,0.0",0.278261,0.25,0,"-2.55,0.05,0.0",0.05,0.0,0,"-2.55,0.05,0.0",0.05,0.0,0,0.3025,0.0,12,0,0.142451,73,0,"{""organize"": 33, ""spill"": 40}",0.61259,0.588703,1,0,CHAOS_SPILL,ORGANIZE,1.2833,3.756,0.0333,0.0,"-0.542506,1.002044,0.089673",0.0,"3.690145,0.560835,0.0"
20260526-193544-sentence-script-a-single-cell-sphere-gra-d3516f,55,2026-05-26T19:35:51.052,5.5028,60.0,1,5.1803,26.0,G1,0.740036,0,0,1.0,1.5276,1.5276,0.665939,1,1,"-2.55,0.05,0.0",0.665939,0.62,1,"-2.55,0.05,0.0",0.279694,0.25,0,"-2.55,0.05,0.0",0.05,0.0,0,"-2.55,0.05,0.0",0.05,0.0,0,0.3025,0.0,12,0,0.143185,76,0,"{""organize"": 33, ""spill"": 43}",0.636893,0.566479,1,0,CHAOS_SPILL,ORGANIZE,1.3833,3.756,0.0,0.0,"-0.448038,1.093207,0.162497",0.0,"3.706282,0.514829,0.0"
20260526-193544-sentence-script-a-single-cell-sphere-gra-d3516f,56,2026-05-26T19:35:51.172,5.6112,60.0,1,5.3333,26.0,G1,0.761902,0,0,1.0,1.5326,1.5326,0.669365,1,1,"-2.55,0.05,0.0",0.669365,0.62,1,"-2.55,0.05,0.0",0.281133,0.25,0,"-2.55,0.05,0.0",0.05,0.0,0,"-2.55,0.05,0.0",0.05,0.0,0,0.3025,0.0,12,0,0.143922,77,0,"{""organize"": 33, ""spill"": 44}",0.647677,0.549762,1,0,CHAOS_SPILL,ORGANIZE,1.4833,3.756,0.0333,0.0,"-0.356209,1.043489,0.084915",0.0,"3.720764,0.468087,0.0"
20260526-193544-sentence-script-a-single-cell-sphere-gra-d3516f,57,2026-05-26T19:35:51.256,5.7082,60.0,1,5.4612,26.0,G1,0.780173,0,0,1.0,1.536,1.536,0.672227,1,1,"-2.55,0.05,0.0",0.672227,0.62,1,"-2.55,0.05,0.0",0.282335,0.25,0,"-2.55,0.05,0.0",0.05,0.0,0,"-2.55,0.05,0.0",0.05,0.0,0,0.3025,0.0,12,0,0.144537,85,0,"{""organize"": 33, ""spill"": 52}",0.686119,0.541967,1,0,CHAOS_SPILL,ORGANIZE,1.5667,3.756,0.0,0.0,"-0.012622,1.06765,0.07969",0.0,"3.731532,0.428643,0.0"
20260526-193544-sentence-script-a-single-cell-sphere-gra-d3516f,58,2026-05-26T19:35:51.352,5.8019,60.0,1,5.5893,26.0,G1,0.798478,0,0,1.0,1.5387,1.5387,0.675095,1,1,"-2.55,0.05,0.0",0.675095,0.62,1,"-2.55,0.05,0.0",0.28354,0.25,0,"-2.55,0.05,0.0",0.05,0.0,0,"-2.55,0.05,0.0",0.05,0.0,0,0.3025,0.0,12,0,0.145154,88,0,"{""organize"": 31, ""spill"": 57}",0.710649,0.548911,1,0,CHAOS_SPILL,ORGANIZE,1.65,3.756,0.0,0.0,"0.212636,1.087276,0.072398",0.0,"3.741092,0.388808,0.0"
20260526-193544-sentence-script-a-single-cell-sphere-gra-d3516f,59,2026-05-26T19:35:51.467,5.9172,60.0,1,5.7434,26.0,G1,0.820481,0,0,1.0,1.5412,1.5412,0.678542,1,1,"-2.55,0.05,0.0",0.678542,0.62,1,"-2.55,0.05,0.0",0.284988,0.25,0,"-2.55,0.05,0.0",0.05,0.0,0,"-2.55,0.05,0.0",0.05,0.0,0,0.3025,0.0,12,0,0.145895,90,0,"{""organize"": 30, ""spill"": 60}",0.739801,0.541993,1,0,CHAOS_SPILL,ORGANIZE,1.75,3.756,0.0,0.0,"0.333055,1.025169,0.048542",0.0,"3.750945,0.340564,0.0"
20260526-193544-sentence-script-a-single-cell-sphere-gra-d3516f,60,2026-05-26T19:35:51.551,6.0029,60.0,1,5.8719,26.0,G1,0.838841,0,0,1.0,1.5429,1.5429,0.681418,1,1,"-2.55,0.05,0.0",0.681418,0.62,1,"-2.55,0.05,0.0",0.286196,0.25,0,"-2.55,0.05,0.0",0.05,0.0,0,"-2.55,0.05,0.0",0.05,0.0,0,0.3025,0.0,12,0,0.146514,88,0,"{""organize"": 27, ""spill"": 61}",0.745262,0.539424,1,0,CHAOS_SPILL,ORGANIZE,1.8333,3.756,0.0,0.0,"0.494902,0.908316,0.013053",0.0,"3.757788,0.300049,0.0"
20260526-193544-sentence-script-a-single-cell-sphere-gra-d3516f,61,2026-05-26T19:35:51.648,6.1005,60.0,1,6.0263,26.0,G1,0.860896,0,0,1.0,1.5445,1.5445,0.684874,1,1,"-2.55,0.05,0.0",0.684874,0.62,1,"-2.55,0.05,0.0",0.287647,0.25,0,"-2.55,0.05,0.0",0.05,0.0,0,"-2.55,0.05,0.0",0.05,0.0,0,0.3025,0.0,12,0,0.147257,92,0,"{""organize"": 26, ""spill"": 66}",0.748358,0.538543,1,0,CHAOS_SPILL,ORGANIZE,1.9333,3.756,0.0,0.0,"0.801707,1.045004,0.114637",0.0,"3.76434,0.251129,0.0"
20260526-193544-sentence-script-a-single-cell-sphere-gra-d3516f,62,2026-05-26T19:35:51.760,6.2126,60.0,1,6.2066,26.0,G1,0.886652,0,0,1.0,1.5459,1.5459,0.688909,1,1,"-2.55,0.05,0.0",0.688909,0.62,1,"-2.55,0.05,0.0",0.289342,0.25,0,"-2.55,0.05,0.0",0.05,0.0,0,"-2.55,0.05,0.0",0.05,0.0,0,0.3025,0.0,12,0,0.148124,88,0,"{""organize"": 22, ""spill"": 66}",0.791202,0.528049,1,0,CHAOS_SPILL,ORGANIZE,2.05,3.756,0.0167,0.0,"0.873497,1.070003,0.055045",0.0,"3.769675,0.193739,0.0"
20260526-193544-sentence-script-a-single-cell-sphere-gra-d3516f,63,2026-05-26T19:35:51.855,6.3069,60.0,1,6.3612,26.0,G1,0.908744,0,0,1.0,1.5468,1.5468,0.69237,1,1,"-2.55,0.05,0.0",0.69237,0.62,1,"-2.55,0.05,0.0",0.290795,0.25,0,"-2.55,0.05,0.0",0.05,0.0,0,"-2.55,0.05,0.0",0.05,0.0,0,0.3025,0.0,12,0,0.148868,87,0,"{""organize"": 20, ""spill"": 67}",0.802395,0.513783,1,0,CHAOS_SPILL,ORGANIZE,2.15,3.756,0.0,0.0,"0.426225,1.039647,0.065381",0.0,"3.772256,0.144366,0.0"
20260526-193544-sentence-script-a-single-cell-sphere-gra-d3516f,64,2026-05-26T19:35:51.963,6.415,60.0,1,6.5417,26.0,G1,0.934533,0,0,1.0,1.5477,1.5477,0.69641,1,1,"-2.55,0.05,0.0",0.69641,0.62,1,"-2.55,0.05,0.0",0.292492,0.25,0,"-2.55,0.05,0.0",0.05,0.0,0,"-2.55,0.05,0.0",0.05,0.0,0,0.3025,0.0,12,0,0.149737,91,0,"{""organize"": 20, ""spill"": 71}",0.81432,0.514087,1,0,CHAOS_SPILL,ORGANIZE,2.2667,3.756,0.0167,0.0,"0.294084,1.096603,-0.010395",0.0,"3.772933,0.086659,0.0"
20260526-193544-sentence-script-a-single-cell-sphere-gra-d3516f,65,2026-05-26T19:35:52.054,6.5063,60.0,1,6.6965,26.0,G1,0.956647,0,0,1.0,1.5482,1.5482,0.699875,1,1,"-2.55,0.05,0.0",0.699875,0.62,1,"-2.55,0.05,0.0",0.293947,0.25,0,"-2.55,0.05,0.0",0.05,0.0,0,"-2.55,0.05,0.0",0.05,0.0,0,0.3025,0.0,12,0,0.150482,92,0,"{""organize"": 18, ""spill"": 74}",0.858994,0.521674,1,0,CHAOS_SPILL,ORGANIZE,2.3667,3.756,0.0,0.0,"0.280596,1.081623,-0.037614",0.0,"3.771508,0.037191,0.0"
20260526-193544-sentence-script-a-single-cell-sphere-gra-d3516f,66,2026-05-26T19:35:52.160,6.6118,60.0,1,6.8772,26.0,G1,0.982454,0,0,1.0,1.5486,1.5486,0.703918,1,1,"-2.55,0.05,0.0",0.703918,0.62,1,"-2.55,0.05,0.0",0.295645,0.25,0,"-2.55,0.05,0.0",0.05,0.0,0,"-2.55,0.05,0.0",0.05,0.0,0,0.3025,0.0,12,0,0.151351,95,0,"{""organize"": 18, ""spill"": 77}",0.868302,0.51724,1,0,CHAOS_SPILL,ORGANIZE,2.4833,3.756,0.0,0.0,"0.037748,1.095156,-0.080372",0.0,"3.767508,-0.020424,0.0"
20260526-193544-sentence-script-a-single-cell-sphere-gra-d3516f,67,2026-05-26T19:35:52.250,6.702,60.0,1,7.0321,26.0,S,0.004008,0,0,1.0,1.549,1.549,0.707384,1,1,"-2.55,0.05,0.0",0.707384,0.62,1,"-2.55,0.05,0.0",0.297101,0.25,0,"-2.55,0.05,0.0",0.05,0.0,0,"-2.55,0.05,0.0",0.05,0.0,0,0.3025,0.0,12,0,0.152097,99,0,"{""organize"": 18, ""spill"": 81}",0.878891,0.521357,1,0,CHAOS_SPILL,ORGANIZE,2.5833,3.756,0.0,0.0,"-0.295453,1.100794,-0.056135",0.0,"3.762079,-0.069642,0.0"
20260526-193544-sentence-script-a-single-cell-sphere-gra-d3516f,68,2026-05-26T19:35:52.357,6.8085,60.0,1,7.2128,26.0,S,0.026599,0,0,1.0,1.5492,1.5492,0.711429,1,1,"-2.55,0.05,0.0",0.711429,0.62,1,"-2.55,0.05,0.0",0.2988,0.25,0,"-2.55,0.05,0.0",0.05,0.0,0,"-2.55,0.05,0.0",0.05,0.0,0,0.3025,0.0,12,1,0.150185,104,0,"{""organize"": 18, ""spill"": 86}",0.890339,0.522208,1,0,CHAOS_SPILL,ORGANIZE,2.7,3.756,0.0,0.0,"-0.306154,1.078085,-0.116167",0.0,"3.753421,-0.126767,0.0"
20260526-193544-sentence-script-a-single-cell-sphere-gra-d3516f,69,2026-05-26T19:35:52.454,6.9044,60.0,1,7.3677,26.0,S,0.045966,0,0,1.0,1.5494,1.5494,0.714897,1,1,"-2.55,0.05,0.0",0.714897,0.62,1,"-2.55,0.05,0.0",0.300257,0.25,0,"-2.55,0.05,0.0",0.05,0.0,0,"-2.55,0.05,0.0",0.05,0.0,0,0.3025,0.0,12,1,0.151611,104,0,"{""organize"": 17, ""spill"": 87}",0.911098,0.518645,1,0,CHAOS_SPILL,ORGANIZE,2.8,3.756,0.05,0.0,"-0.105499,0.950762,-0.01732",0.0,"3.744019,-0.175399,0.0"
20260526-193544-sentence-script-a-single-cell-sphere-gra-d3516f,70,2026-05-26T19:35:52.553,7.0052,60.0,1,7.5227,26.0,S,0.065334,0,0,1.0,1.5495,1.5495,0.718365,1,1,"-2.55,0.05,0.0",0.718365,0.62,1,"-2.55,0.05,0.0",0.301713,0.25,0,"-2.55,0.05,0.0",0.05,0.0,0,"-2.55,0.05,0.0",0.05,0.0,0,0.3025,0.0,12,1,0.153042,109,0,"{""organize"": 17, ""spill"": 92}",0.909333,0.508698,1,0,CHAOS_SPILL,ORGANIZE,2.9,3.756,0.0167,0.0,"-0.273231,0.850156,0.123172",0.0,"3.732802,-0.223649,0.0"
20260526-193544-sentence-script-a-single-cell-sphere-gra-d3516f,71,2026-05-26T19:35:52.655,7.1067,60.0,1,7.6776,26.0,S,0.084704,0,0,1.0,1.5496,1.5496,0.721833,1,1,"-2.55,0.05,0.0",0.721833,0.62,1,"-2.55,0.05,0.0",0.30317,0.25,0,"-2.55,0.05,0.0",0.05,0.0,0,"-2.55,0.05,0.0",0.05,0.0,0,0.3025,0.0,12,2,0.155167,114,0,"{""organize"": 17, ""spill"": 97}",0.900984,0.495414,1,0,CHAOS_SPILL,ORGANIZE,3.0,3.756,0.0,0.0,"-0.496883,0.772087,0.063444",0.0,"3.719785,-0.271448,0.0"
20260526-193544-sentence-script-a-single-cell-sphere-gra-d3516f,72,2026-05-26T19:35:52.757,7.2087,60.0,1,7.8326,26.0,S,0.104075,0,0,1.0,1.5497,1.5497,0.725301,1,1,"-2.55,0.05,0.0",0.725301,0.62,1,"-2.55,0.05,0.0",0.304626,0.25,0,"-2.55,0.05,0.0",0.05,0.0,0,"-2.55,0.05,0.0",0.05,0.0,0,0.3025,0.0,12,2,0.155909,114,0,"{""organize"": 16, ""spill"": 98}",0.890248,0.491486,1,0,CHAOS_SPILL,ORGANIZE,3.1,3.756,0.0,0.0,"-0.544194,0.92901,-0.087396",0.0,"3.704988,-0.31873,0.0"
20260526-193544-sentence-script-a-single-cell-sphere-gra-d3516f,73,2026-05-26T19:35:52.860,7.3111,60.0,1,7.9876,26.0,S,0.123447,0,0,1.0,1.5498,1.5498,0.72877,1,1,"-2.55,0.05,0.0",0.72877,0.62,1,"-2.55,0.05,0.0",0.306083,0.25,0,"-2.55,0.05,0.0",0.05,0.0,0,"-2.55,0.05,0.0",0.05,0.0,0,0.3025,0.0,12,3,0.158743,116,0,"{""organize"": 14, ""spill"": 102}",0.924372,0.50197,1,0,CHAOS_SPILL,ORGANIZE,3.2,3.756,0.0,0.0,"-0.526856,0.951717,-0.164809",0.0,"3.688429,-0.365427,0.0"
20260526-193544-sentence-script-a-single-cell-sphere-gra-d3516f,74,2026-05-26T19:35:52.962,7.4137,60.0,1,8.1426,26.0,S,0.14282,0,0,1.0,1.5498,1.5498,0.732238,1,1,"-2.55,0.05,0.0",0.732238,0.62,1,"-2.55,0.05,0.0",0.30754,0.25,0,"-2.55,0.05,0.0",0.05,0.0,0,"-2.55,0.05,0.0",0.05,0.0,0,0.3025,0.0,12,3,0.158862,117,0,"{""organize"": 14, ""spill"": 103}",0.917825,0.501666,1,0,CHAOS_SPILL,ORGANIZE,3.3,3.756,0.0333,0.0,"-0.381925,0.925123,-0.092774",0.0,"3.670133,-0.411472,0.0"
20260526-193544-sentence-script-a-single-cell-sphere-gra-d3516f,75,2026-05-26T19:35:53.065,7.5164,60.0,1,8.2975,26.0,S,0.162193,0,0,1.0,1.5499,1.5499,0.735707,1,1,"-2.55,0.05,0.0",0.735707,0.62,1,"-2.55,0.05,0.0",0.308997,0.25,0,"-2.55,0.05,0.0",0.05,0.0,0,"-2.55,0.05,0.0",0.05,0.0,0,0.3025,0.0,12,3,0.159043,119,0,"{""organize"": 14, ""spill"": 105}",0.908699,0.507891,1,0,CHAOS_SPILL,ORGANIZE,3.4,3.756,0.0,0.0,"0.093112,0.867014,0.023419",0.0,"3.650125,-0.456802,0.0"
20260526-193544-sentence-script-a-single-cell-sphere-gra-d3516f,76,2026-05-26T19:35:53.150,7.6016,60.0,1,8.4267,26.0,S,0.178338,0,0,1.0,1.5499,1.5499,0.738598,1,1,"-2.55,0.05,0.0",0.738598,0.62,1,"-2.55,0.05,0.0",0.310211,0.25,0,"-2.55,0.05,0.0",0.05,0.0,0,"-2.55,0.05,0.0",0.05,0.0,0,0.3025,0.0,12,4,0.15318,123,0,"{""organize"": 14, ""spill"": 109}",0.903266,0.51984,1,0,CHAOS_SPILL,ORGANIZE,3.4833,3.756,0.0,0.0,"0.263154,0.958158,0.012645",0.0,"3.632165,-0.493983,0.0"
20260526-193544-sentence-script-a-single-cell-sphere-gra-d3516f,77,2026-05-26T19:35:53.252,7.7039,60.0,1,8.5817,26.0,S,0.197712,0,0,1.0,1.5499,1.5499,0.742066,1,1,"-2.55,0.05,0.0",0.742066,0.62,1,"-2.55,0.05,0.0",0.311668,0.25,0,"-2.55,0.05,0.0",0.05,0.0,0,"-2.55,0.05,0.0",0.05,0.0,0,0.3025,0.0,12,4,0.153137,126,0,"{""organize"": 14, ""spill"": 112}",0.89905,0.521678,1,0,CHAOS_SPILL,ORGANIZE,3.5833,3.756,0.0,0.0,"0.603717,1.045542,0.00461",0.0,"3.609093,-0.537835,0.0"
20260526-193544-sentence-script-a-single-cell-sphere-gra-d3516f,78,2026-05-26T19:35:53.355,7.806,60.0,1,8.7367,26.0,S,0.217086,0,0,1.0,1.5499,1.5499,0.745535,1,1,"-2.55,0.05,0.0",0.745535,0.62,1,"-2.55,0.05,0.0",0.313125,0.25,0,"-2.55,0.05,0.0",0.05,0.0,0,"-2.55,0.05,0.0",0.05,0.0,0,0.3025,0.0,12,4,0.153323,124,0,"{""organize"": 12, ""spill"": 112}",0.917934,0.522227,1,0,CHAOS_SPILL,ORGANIZE,3.6833,3.756,0.0333,0.0,"0.600689,0.935417,-0.061141",0.0,"3.584395,-0.580792,0.0"
20260526-193544-sentence-script-a-single-cell-sphere-gra-d3516f,79,2026-05-26T19:35:53.457,7.9084,60.0,1,8.8905,26.0,S,0.236318,0,0,1.0,1.5047,1.5047,0.748979,1,1,"-2.55,0.05,0.0",0.748979,0.62,1,"-2.55,0.05,0.0",0.314571,0.25,0,"-2.55,0.05,0.0",0.05,0.0,0,"-2.55,0.05,0.0",0.05,0.0,0,0.3025,0.0,12,5,0.154517,122,0,"{""organize"": 9, ""spill"": 113}",0.903072,0.52337,1,0,DUPLICATION_GUIDE,CHAOS_SPILL,0.0167,5.0078,0.0,0.0,"0.315215,0.957319,-0.050623",0.0,"3.558304,-0.62249,0.0"
20260526-193544-sentence-script-a-single-cell-sphere-gra-d3516f,80,2026-05-26T19:35:53.557,8.0088,60.0,1,9.0339,26.0,S,0.254237,0,0,1.0,1.3861,1.3861,0.752187,1,1,"-2.55,0.05,0.0",0.752187,0.62,1,"-2.55,0.05,0.0",0.315919,0.25,0,"-2.55,0.05,0.0",0.05,0.0,0,"-2.55,0.05,0.0",0.05,0.0,0,0.3025,0.0,12,5,0.156083,120,0,"{""organize"": 9, ""spill"": 111}",0.880726,0.524926,1,0,DUPLICATION_GUIDE,CHAOS_SPILL,0.1167,5.0078,0.0333,0.0,"-0.540053,0.774622,-0.220525",0.0,"3.532615,-0.660444,0.0"
20260526-193544-sentence-script-a-single-cell-sphere-gra-d3516f,81,2026-05-26T19:35:53.658,8.1094,60.0,1,9.1667,26.0,S,0.270837,0,0,1.0,1.2892,1.2892,0.755159,1,1,"-2.55,0.05,0.0",0.755159,0.62,1,"-2.55,0.05,0.0",0.317167,0.25,0,"-2.55,0.05,0.0",0.05,0.0,0,"-2.55,0.05,0.0",0.05,0.0,0,0.3025,0.0,12,5,0.156906,119,0,"{""organize"": 9, ""spill"": 110}",0.868892,0.527046,1,0,DUPLICATION_GUIDE,CHAOS_SPILL,0.2167,5.0078,0.0167,0.0,"-1.178805,0.617287,-0.37737",0.0,"3.507657,-0.694789,0.0"
20260526-193544-sentence-script-a-single-cell-sphere-gra-d3516f,82,2026-05-26T19:35:53.759,8.2106,60.0,1,9.2909,26.0,S,0.28636,0,0,1.0,1.2102,1.2102,0.757939,1,1,"-2.55,0.05,0.0",0.757939,0.62,1,"-2.55,0.05,0.0",0.318334,0.25,0,"-2.55,0.05,0.0",0.05,0.0,0,"-2.55,0.05,0.0",0.05,0.0,0,0.3025,0.0,12,6,0.157429,118,0,"{""organize"": 9, ""spill"": 109}",0.846021,0.531941,1,0,DUPLICATION_GUIDE,CHAOS_SPILL,0.3167,5.0078,0.0167,0.0,"-1.646778,0.48206,-0.520953",0.0,"3.483332,-0.726168,0.0"
20260526-193544-sentence-script-a-single-cell-sphere-gra-d3516f,83,2026-05-26T19:35:53.860,8.3125,60.0,1,9.408,26.0,S,0.301005,0,0,1.0,1.1458,1.1458,0.760561,1,1,"-2.55,0.05,0.0",0.760561,0.62,1,"-2.55,0.05,0.0",0.319436,0.25,0,"-2.55,0.05,0.0",0.05,0.0,0,"-2.55,0.05,0.0",0.05,0.0,0,0.3025,0.0,12,6,0.158307,117,0,"{""organize"": 8, ""spill"": 109}",0.824537,0.53799,1,0,DUPLICATION_GUIDE,CHAOS_SPILL,0.4167,5.0078,0.0333,0.0,"-1.979828,0.366977,-0.650753",0.0,"3.459531,-0.755089,0.0"
20260526-193544-sentence-script-a-single-cell-sphere-gra-d3516f,84,2026-05-26T19:35:53.963,8.4143,60.0,1,9.5195,26.0,S,0.314932,0,0,1.0,1.0932,1.0932,0.763055,1,1,"-2.55,0.05,0.0",0.763055,0.62,1,"-2.55,0.05,0.0",0.320483,0.25,0,"-2.55,0.05,0.0",0.05,0.0,0,"-2.55,0.05,0.0",0.05,0.0,0,0.3025,0.0,12,6,0.159953,117,0,"{""mark"": 1, ""organize"": 7, ""spill"": 109}",0.81814,0.539164,1,0,DUPLICATION_GUIDE,CHAOS_SPILL,0.5167,5.0078,0.0333,0.0,"-2.206193,0.270954,-0.766058",0.0,"3.436143,-0.781958,0.0"
20260526-193544-sentence-script-a-single-cell-sphere-gra-d3516f,85,2026-05-26T19:35:54.064,8.5157,60.0,1,9.6262,26.0,S,0.328275,0,0,1.0,1.0503,1.0503,0.765444,1,1,"-2.55,0.05,0.0",0.765444,0.62,1,"-2.55,0.05,0.0",0.321486,0.25,0,"-2.55,0.05,0.0",0.05,0.0,0,"-2.55,0.05,0.0",0.05,0.0,0,0.3025,0.0,12,6,0.161806,115,0,"{""mark"": 2, ""organize"": 6, ""spill"": 107}",0.805075,0.538586,1,0,DUPLICATION_GUIDE,CHAOS_SPILL,0.6167,5.0078,0.0333,0.0,"-2.348249,0.193445,-0.866072",0.0,"3.413067,-0.8071,0.0"
20260526-193544-sentence-script-a-single-cell-sphere-gra-d3516f,86,2026-05-26T19:35:54.156,8.6002,60.0,1,9.7122,26.0,S,0.339026,0,0,1.0,1.0206,1.0206,0.767368,1,1,"-2.55,0.05,0.0",0.767368,0.62,1,"-2.55,0.05,0.0",0.322295,0.25,0,"-2.55,0.05,0.0",0.05,0.0,0,"-2.55,0.05,0.0",0.05,0.0,0,0.3025,0.0,12,7,0.164319,114,0,"{""mark"": 2, ""organize"": 6, ""spill"": 106}",0.788072,0.542509,1,0,DUPLICATION_GUIDE,CHAOS_SPILL,0.7,5.0078,0.0333,0.0,"-2.415218,0.142796,-0.937159",0.0,"3.394007,-0.826919,0.0"
20260526-193544-sentence-script-a-single-cell-sphere-gra-d3516f,87,2026-05-26T19:35:54.258,8.7106,60.0,1,9.8125,26.0,S,0.351561,0,0,1.0,0.991,0.991,0.769613,1,1,"-2.55,0.05,0.0",0.769613,0.62,1,"-2.55,0.05,0.0",0.323237,0.25,0,"-2.55,0.05,0.0",0.05,0.0,0,"-2.55,0.05,0.0",0.05,0.0,0,0.3025,0.0,12,7,0.166415,112,2,"{""mark"": 2, ""organize"": 5, ""spill"": 105}",0.78918,0.543528,1,0,DUPLICATION_GUIDE,CHAOS_SPILL,0.8,5.0078,0.0333,0.0,"-2.446546,0.098557,-1.007111",0.0,"3.371268,-0.849523,0.0"
20260526-193544-sentence-script-a-single-cell-sphere-gra-d3516f,88,2026-05-26T19:35:54.361,8.8131,60.0,1,9.9101,26.0,S,0.363769,0,0,1.0,0.9669,0.9669,0.771799,1,1,"-2.55,0.05,0.0",0.771799,0.62,1,"-2.55,0.05,0.0",0.324155,0.25,0,"-2.55,0.05,0.0",0.05,0.0,0,"-2.55,0.05,0.0",0.05,0.0,0,0.3025,0.0,12,7,0.168508,109,2,"{""mark"": 4, ""organize"": 4, ""spill"": 101}",0.778054,0.546296,1,0,DUPLICATION_GUIDE,CHAOS_SPILL,0.9,5.0078,0.0167,0.0,"-2.435693,0.072062,-1.05972",0.0,"3.348605,-0.870998,0.0"
20260526-193544-sentence-script-a-single-cell-sphere-gra-d3516f,89,2026-05-26T19:35:54.466,8.9154,60.0,1,10.0057,26.0,S,0.375707,0,0,1.0,0.9472,0.9472,0.773936,1,1,"-2.55,0.05,0.0",0.773936,0.62,1,"-2.55,0.05,0.0",0.325053,0.25,0,"-2.55,0.05,0.0",0.05,0.0,0,"-2.55,0.05,0.0",0.05,0.0,0,0.3025,0.0,12,7,0.17042,107,2,"{""mark"": 4, ""organize"": 3, ""spill"": 100}",0.780534,0.548491,1,0,DUPLICATION_GUIDE,CHAOS_SPILL,1.0,5.0078,0.0167,0.0,"-2.392578,0.062775,-1.094504",0.0,"3.325956,-0.891479,0.0"
20260526-193544-sentence-script-a-single-cell-sphere-gra-d3516f,90,2026-05-26T19:35:54.564,9.0162,60.0,1,10.0994,26.0,S,0.387427,0,0,1.0,0.9312,0.9312,0.776035,1,1,"-2.55,0.05,0.0",0.776035,0.62,1,"-2.55,0.05,0.0",0.325935,0.25,0,"-2.55,0.05,0.0",0.05,0.0,0,"-2.55,0.05,0.0",0.05,0.0,0,0.3025,0.0,12,8,0.170935,108,2,"{""mark"": 6, ""organize"": 3, ""spill"": 99}",0.760302,0.544209,1,0,DUPLICATION_GUIDE,CHAOS_SPILL,1.1,5.0078,0.0,0.0,"-2.325432,0.069847,-1.111173",0.0,"3.303268,-0.91107,0.0"
20260526-193544-sentence-script-a-single-cell-sphere-gra-d3516f,91,2026-05-26T19:35:54.650,9.101,60.0,1,10.1765,26.0,S,0.397056,0,0,1.0,0.9201,0.9201,0.777759,1,1,"-2.55,0.05,0.0",0.777759,0.62,1,"-2.55,0.05,0.0",0.326659,0.25,0,"-2.55,0.05,0.0",0.05,0.0,0,"-2.55,0.05,0.0",0.05,0.0,0,0.3025,0.0,12,8,0.172762,108,2,"{""mark"": 8, ""organize"": 3, ""spill"": 97}",0.731605,0.541951,1,0,DUPLICATION_GUIDE,CHAOS_SPILL,1.1833,5.0078,0.0,0.0,"-2.256138,0.087373,-1.111162",0.0,"3.2843,-0.926778,0.0"
20260526-193544-sentence-script-a-single-cell-sphere-gra-d3516f,92,2026-05-26T19:35:54.750,9.2022,60.0,1,10.2678,26.0,S,0.408474,0,0,1.0,0.909,0.909,0.779803,1,1,"-2.55,0.05,0.0",0.779803,0.62,1,"-2.55,0.05,0.0",0.327517,0.25,0,"-2.55,0.05,0.0",0.05,0.0,0,"-2.55,0.05,0.0",0.05,0.0,0,0.3025,0.0,12,8,0.17503,106,2,"{""mark"": 8, ""organize"": 3, ""spill"": 95}",0.720321,0.545759,1,0,DUPLICATION_GUIDE,CHAOS_SPILL,1.2833,5.0078,0.0,0.0,"-2.162121,0.121008,-1.094586",0.0,"3.261433,-0.944943,0.0"
20260526-193544-sentence-script-a-single-cell-sphere-gra-d3516f,93,2026-05-26T19:35:54.851,9.3033,60.0,1,10.3582,26.0,S,0.41977,0,0,1.0,0.9,0.9,0.781825,1,1,"-2.55,0.05,0.0",0.781825,0.62,1,"-2.55,0.05,0.0",0.328367,0.25,0,"-2.55,0.05,0.0",0.05,0.0,0,"-2.55,0.05,0.0",0.05,0.0,0,0.3025,0.0,12,8,0.177168,102,2,"{""mark"": 8, ""organize"": 2, ""spill"": 92}",0.708282,0.548853,1,0,DUPLICATION_GUIDE,CHAOS_SPILL,1.3833,5.0078,0.0167,0.0,"-2.061084,0.166577,-1.060285",0.0,"3.238423,-0.962412,0.0"
20260526-193544-sentence-script-a-single-cell-sphere-gra-d3516f,94,2026-05-26T19:35:54.952,9.4045,60.0,1,10.4477,26.0,S,0.430964,0,0,1.0,0.8926,0.8926,0.78383,1,1,"-2.55,0.05,0.0",0.78383,0.62,1,"-2.55,0.05,0.0",0.329209,0.25,0,"-2.55,0.05,0.0",0.05,0.0,0,"-2.55,0.05,0.0",0.05,0.0,0,0.3025,0.0,12,8,0.179288,102,2,"{""mark"": 10, ""organize"": 1, ""spill"": 91}",0.702622,0.544484,1,0,DUPLICATION_GUIDE,CHAOS_SPILL,1.4833,5.0078,0.0167,0.0,"-1.957469,0.221829,-1.008861",0.0,"3.215247,-0.979225,0.0"
20260526-193544-sentence-script-a-single-cell-sphere-gra-d3516f,95,2026-05-26T19:35:55.055,9.5057,60.0,1,10.5366,26.0,S,0.442077,0,0,1.0,0.8866,0.8866,0.78582,1,1,"-2.55,0.05,0.0",0.78582,0.62,1,"-2.55,0.05,0.0",0.330044,0.25,0,"-2.55,0.05,0.0",0.05,0.0,0,"-2.55,0.05,0.0",0.05,0.0,0,0.3025,0.0,12,9,0.182256,102,3,"{""mark"": 10, ""organize"": 1, ""spill"": 91}",0.684862,0.548239,1,0,DUPLICATION_GUIDE,CHAOS_SPILL,1.5833,5.0078,0.0667,0.0,"-1.855121,0.284229,-0.941161",0.0,"3.191885,-0.995416,0.0"
20260526-193544-sentence-script-a-single-cell-sphere-gra-d3516f,96,2026-05-26T19:35:55.155,9.6069,60.0,1,10.625,26.0,S,0.453123,0,0,1.0,0.8817,0.8817,0.787797,1,1,"-2.55,0.05,0.0",0.787797,0.62,1,"-2.55,0.05,0.0",0.330875,0.25,0,"-2.55,0.05,0.0",0.05,0.0,0,"-2.55,0.05,0.0",0.05,0.0,0,0.3025,0.0,12,9,0.184601,100,3,"{""mark"": 10, ""organize"": 1, ""spill"": 89}",0.661968,0.547483,1,0,DUPLICATION_GUIDE,CHAOS_SPILL,1.6833,5.0078,0.0,0.0,"-1.757374,0.351033,-0.858265",0.0,"3.168325,-1.011008,0.0"
20260526-193544-sentence-script-a-single-cell-sphere-gra-d3516f,97,2026-05-26T19:35:55.256,9.7081,60.0,1,10.7129,26.0,S,0.464115,0,0,1.0,0.8777,0.8777,0.789765,1,1,"-2.55,0.05,0.0",0.789765,0.62,1,"-2.55,0.05,0.0",0.331701,0.25,0,"-2.55,0.05,0.0",0.05,0.0,0,"-2.55,0.05,0.0",0.05,0.0,0,0.3025,0.0,12,9,0.186979,98,5,"{""mark"": 12, ""organize"": 1, ""spill"": 85}",0.628213,0.545844,1,0,DUPLICATION_GUIDE,CHAOS_SPILL,1.7833,5.0078,0.0333,0.0,"-1.667114,0.419381,-0.761483",0.0,"3.144555,-1.02602,0.0"
20260526-193544-sentence-script-a-single-cell-sphere-gra-d3516f,98,2026-05-26T19:35:55.357,9.8093,60.0,1,10.8005,26.0,S,0.475062,0,0,1.0,0.8745,0.8745,0.791725,1,1,"-2.55,0.05,0.0",0.791725,0.62,1,"-2.55,0.05,0.0",0.332525,0.25,0,"-2.55,0.05,0.0",0.05,0.0,0,"-2.55,0.05,0.0",0.05,0.0,0,0.3025,0.0,12,9,0.189206,95,7,"{""mark"": 12, ""organize"": 1, ""spill"": 82}",0.589555,0.552166,1,0,DUPLICATION_GUIDE,CHAOS_SPILL,1.8833,5.0078,0.0,0.0,"-1.586812,0.486389,-0.652331",0.0,"3.120571,-1.040467,0.0"
20260526-193544-sentence-script-a-single-cell-sphere-gra-d3516f,99,2026-05-26T19:35:55.458,9.9103,60.0,1,10.8878,26.0,S,0.485973,0,0,1.0,0.8718,0.8718,0.793679,1,1,"-2.55,0.05,0.0",0.793679,0.62,1,"-2.55,0.05,0.0",0.333345,0.25,0,"-2.55,0.05,0.0",0.05,0.0,0,"-2.55,0.05,0.0",0.05,0.0,0,0.3025,0.0,12,10,0.19229,94,7,"{""mark"": 13, ""organize"": 1, ""spill"": 80}",0.566912,0.557544,1,0,DUPLICATION_GUIDE,CHAOS_SPILL,1.9833,5.0078,0.0167,0.0,"-1.518561,0.549262,-0.532514",0.0,"3.096366,-1.054357,0.0"
20260526-193544-sentence-script-a-single-cell-sphere-gra-d3516f,100,2026-05-26T19:35:55.559,10.0113,60.0,1,10.9748,26.0,S,0.496854,0,0,1.0,0.8696,0.8696,0.795627,1,1,"-2.55,0.05,0.0",0.795627,0.62,1,"-2.55,0.05,0.0",0.334163,0.25,0,"-2.55,0.05,0.0",0.05,0.0,0,"-2.55,0.05,0.0",0.05,0.0,0,0.3025,0.0,12,10,0.194148,90,8,"{""mark"": 13, ""organize"": 1, ""spill"": 76}",0.500421,0.557218,1,0,DUPLICATION_GUIDE,CHAOS_SPILL,2.0833,5.0078,0.0,0.0,"-1.464088,0.605388,-0.403902",0.0,"3.071941,-1.067698,0.0"
20260526-193544-sentence-script-a-single-cell-sphere-gra-d3516f,101,2026-05-26T19:35:55.657,10.1097,60.0,1,11.0617,26.0,S,0.507711,0,0,1.0,0.8679,0.8679,0.797571,1,1,"-2.55,0.05,0.0",0.797571,0.62,1,"-2.55,0.05,0.0",0.33498,0.25,0,"-2.55,0.05,0.0",0.05,0.0,0,"-2.55,0.05,0.0",0.05,0.0,0,0.3025,0.0,12,10,0.196023,89,8,"{""mark"": 14, ""organize"": 1, ""spill"": 74}",0.509006,0.558773,1,0,DUPLICATION_GUIDE,CHAOS_SPILL,2.1833,5.0078,0.0833,0.0,"-1.424769,0.652444,-0.268503",0.0,"3.047296,-1.080494,0.0"
20260526-193544-sentence-script-a-single-cell-sphere-gra-d3516f,102,2026-05-26T19:35:55.755,10.207,60.0,1,11.1484,26.0,S,0.518549,0,0,1.0,0.8664,0.8664,0.799512,1,1,"-2.55,0.05,0.0",0.799512,0.62,1,"-2.55,0.05,0.0",0.335795,0.25,0,"-2.55,0.05,0.0",0.05,0.0,0,"-2.55,0.05,0.0",0.05,0.0,0,0.3025,0.0,12,10,0.197807,82,8,"{""mark"": 14, ""organize"": 1, ""spill"": 67}",0.5376,0.547838,1,0,DUPLICATION_GUIDE,CHAOS_SPILL,2.2833,5.0078,0.0167,0.0,"-1.401639,0.688477,-0.128429",0.0,"3.022434,-1.092748,0.0"
20260526-193544-sentence-script-a-single-cell-sphere-gra-d3516f,103,2026-05-26T19:35:55.851,10.3035,60.0,1,11.235,26.0,S,0.52937,0,0,1.0,0.8652,0.8652,0.801449,1,1,"-2.55,0.05,0.0",0.801449,0.62,1,"-2.55,0.05,0.0",0.336609,0.25,0,"-2.55,0.05,0.0",0.05,0.0,0,"-2.55,0.05,0.0",0.05,0.0,0,0.3025,0.0,12,10,0.19938,83,9,"{""mark"": 15, ""organize"": 1, ""spill"": 67}",0.518445,0.549968,1,0,DUPLICATION_GUIDE,CHAOS_SPILL,2.3833,5.0078,0.0667,0.0,"-1.395399,0.711987,0.014127",0.0,"2.997357,-1.104462,0.0"
20260526-193544-sentence-script-a-single-cell-sphere-gra-d3516f,104,2026-05-26T19:35:55.963,10.4155,60.0,1,11.3358,26.0,S,0.541979,0,0,1.0,0.8641,0.8641,0.803707,1,1,"-2.55,0.05,0.0",0.803707,0.62,1,"-2.55,0.05,0.0",0.337557,0.25,0,"-2.55,0.05,0.0",0.05,0.0,0,"-2.55,0.05,0.0",0.05,0.0,0,0.3025,0.0,12,11,0.202101,78,9,"{""mark"": 15, ""organize"": 1, ""spill"": 62}",0.578846,0.54657,1,0,DUPLICATION_GUIDE,CHAOS_SPILL,2.5,5.0078,0.05,0.0,"-1.409946,0.722287,0.180603",0.0,"2.967838,-1.117445,0.0"
20260526-193544-sentence-script-a-single-cell-sphere-gra-d3516f,105,2026-05-26T19:35:56.059,10.511,60.0,1,11.4222,26.0,S,0.552775,0,0,1.0,0.8634,0.8634,0.80564,1,1,"-2.55,0.05,0.0",0.80564,0.62,1,"-2.55,0.05,0.0",0.338369,0.25,0,"-2.55,0.05,0.0",0.05,0.0,0,"-2.55,0.05,0.0",0.05,0.0,0,0.3025,0.0,12,11,0.203555,77,10,"{""mark"": 17, ""organize"": 1, ""spill"": 59}",0.53638,0.547037,1,0,DUPLICATION_GUIDE,CHAOS_SPILL,2.6,5.0078,0.0667,0.0,"-1.441153,0.715975,0.320871",0.0,"2.942317,-1.127987,0.0"
20260526-193544-sentence-script-a-single-cell-sphere-gra-d3516f,106,2026-05-26T19:35:56.155,10.6062,60.0,1,11.5085,26.0,S,0.563562,0,0,1.0,0.8627,0.8627,0.807571,1,1,"-2.55,0.05,0.0",0.807571,0.62,1,"-2.55,0.05,0.0",0.33918,0.25,0,"-2.55,0.05,0.0",0.05,0.0,0,"-2.55,0.05,0.0",0.05,0.0,0,0.3025,0.0,12,11,0.205037,75,10,"{""mark"": 18, ""spill"": 57}",0.49395,0.55583,1,0,DUPLICATION_GUIDE,CHAOS_SPILL,2.7,5.0078,0.0,0.0,"-1.489349,0.69588,0.45657",0.0,"2.916602,-1.137987,0.0"
20260526-193544-sentence-script-a-single-cell-sphere-gra-d3516f,107,2026-05-26T19:35:56.249,10.7014,60.0,1,11.5947,26.0,S,0.574343,0,0,1.0,0.8622,0.8622,0.809501,1,1,"-2.55,0.05,0.0",0.809501,0.62,1,"-2.55,0.05,0.0",0.339991,0.25,0,"-2.55,0.05,0.0",0.05,0.0,0,"-2.55,0.05,0.0",0.05,0.0,0,0.3025,0.0,12,11,0.206311,74,12,"{""mark"": 19, ""spill"": 55}",0.504134,0.556516,1,0,DUPLICATION_GUIDE,CHAOS_SPILL,2.8,5.0078,0.0333,0.0,"-1.553929,0.662766,0.585559",0.0,"2.8907,-1.147442,0.0"
20260526-193544-sentence-script-a-single-cell-sphere-gra-d3516f,108,2026-05-26T19:35:56.360,10.8118,60.0,1,11.6953,26.0,S,0.586913,0,0,1.0,0.8618,0.8618,0.811752,1,1,"-2.55,0.05,0.0",0.811752,0.62,1,"-2.55,0.05,0.0",0.340936,0.25,0,"-2.55,0.05,0.0",0.05,0.0,0,"-2.55,0.05,0.0",0.05,0.0,0,0.3025,0.0,12,11,0.207721,70,13,"{""mark"": 19, ""spill"": 51}",0.474531,0.568021,1,0,DUPLICATION_GUIDE,CHAOS_SPILL,2.9167,5.0078,0.0167,0.0,"-1.648787,0.609425,0.724848",0.0,"2.860258,-1.157783,0.0"
20260526-193544-sentence-script-a-single-cell-sphere-gra-d3516f,109,2026-05-26T19:35:56.458,10.91,60.0,1,11.7815,26.0,S,0.597682,0,0,1.0,0.8614,0.8614,0.81368,1,1,"-2.55,0.05,0.0",0.81368,0.62,1,"-2.55,0.05,0.0",0.341746,0.25,0,"-2.55,0.05,0.0",0.05,0.0,0,"-2.55,0.05,0.0",0.05,0.0,0,0.3025,0.0,12,12,0.207014,68,13,"{""mark"": 21, ""spill"": 47}",0.44764,0.56394,1,0,DUPLICATION_GUIDE,CHAOS_SPILL,3.0167,5.0078,0.0167,0.0,"-1.745487,0.553157,0.832472",0.0,"2.833982,-1.166052,0.0"
20260526-193544-sentence-script-a-single-cell-sphere-gra-d3516f,110,2026-05-26T19:35:56.557,11.0088,60.0,1,11.8676,26.0,S,0.608448,0,0,1.0,0.8612,0.8612,0.815608,1,1,"-2.55,0.05,0.0",0.815608,0.62,1,"-2.55,0.05,0.0",0.342555,0.25,0,"-2.55,0.05,0.0",0.05,0.0,0,"-2.55,0.05,0.0",0.05,0.0,0,0.3025,0.0,12,12,0.208045,69,14,"{""mark"": 22, ""spill"": 47}",0.421898,0.558002,1,0,DUPLICATION_GUIDE,CHAOS_SPILL,3.1167,5.0078,0.0,0.0,"-1.854901,0.48949,0.927414",0.0,"2.80755,-1.173769,0.0"
20260526-193544-sentence-script-a-single-cell-sphere-gra-d3516f,111,2026-05-26T19:35:56.654,11.1059,60.0,1,11.9537,26.0,S,0.619212,0,0,1.0,0.861,0.861,0.817535,1,1,"-2.55,0.05,0.0",0.817535,0.62,1,"-2.55,0.05,0.0",0.343365,0.25,0,"-2.55,0.05,0.0",0.05,0.0,0,"-2.55,0.05,0.0",0.05,0.0,0,0.3025,0.0,12,12,0.209095,66,13,"{""mark"": 22, ""spill"": 44}",0.435742,0.560979,1,0,DUPLICATION_GUIDE,CHAOS_SPILL,3.2167,5.0078,0.0333,0.0,"-1.975392,0.420959,1.008149",0.0,"2.78097,-1.180933,0.0"
20260526-193544-sentence-script-a-single-cell-sphere-gra-d3516f,112,2026-05-26T19:35:56.749,11.2016,60.0,1,12.0398,26.0,S,0.629972,0,0,1.0,0.8608,0.8608,0.819462,1,1,"-2.55,0.05,0.0",0.819462,0.62,1,"-2.55,0.05,0.0",0.344174,0.25,0,"-2.55,0.05,0.0",0.05,0.0,0,"-2.55,0.05,0.0",0.05,0.0,0,0.3025,0.0,12,12,0.209901,65,13,"{""mark"": 23, ""spill"": 42}",0.436661,0.555716,1,0,DUPLICATION_GUIDE,CHAOS_SPILL,3.3167,5.0078,0.0,0.0,"-2.105134,0.350299,1.07337",0.0,"2.754252,-1.18754,0.0"
20260526-193544-sentence-script-a-single-cell-sphere-gra-d3516f,113,2026-05-26T19:35:56.861,11.3134,60.0,1,12.1402,26.0,S,0.642524,0,0,1.0,0.8606,0.8606,0.821709,1,1,"-2.55,0.05,0.0",0.821709,0.62,1,"-2.55,0.05,0.0",0.345118,0.25,0,"-2.55,0.05,0.0",0.05,0.0,0,"-2.55,0.05,0.0",0.05,0.0,0,0.3025,0.0,12,12,0.210907,67,13,"{""mark"": 26, ""spill"": 41}",0.406147,0.548917,1,0,DUPLICATION_GUIDE,CHAOS_SPILL,3.4333,5.0078,0.0,0.0,"-2.265543,0.26895,1.128445",0.0,"2.722922,-1.194543,0.0"
20260526-193544-sentence-script-a-single-cell-sphere-gra-d3516f,114,2026-05-26T19:35:56.956,11.4078,60.0,1,12.2262,26.0,S,0.653281,0,0,1.0,0.8605,0.8605,0.823635,1,1,"-2.55,0.05,0.0",0.823635,0.62,1,"-2.55,0.05,0.0",0.345927,0.25,0,"-2.55,0.05,0.0",0.05,0.0,0,"-2.55,0.05,0.0",0.05,0.0,0,0.3025,0.0,12,12,0.211831,63,13,"{""mark"": 29, ""spill"": 34}",0.352154,0.538256,1,0,DUPLICATION_GUIDE,CHAOS_SPILL,3.5333,5.0078,0.0333,0.0,"-2.408372,0.203362,1.156737",0.0,"2.695943,-1.199939,0.0"
20260526-193544-sentence-script-a-single-cell-sphere-gra-d3516f,115,2026-05-26T19:35:57.051,11.5017,60.0,1,12.3123,26.0,S,0.664036,0,0,1.0,0.8604,0.8604,0.825561,1,1,"-2.55,0.05,0.0",0.825561,0.62,1,"-2.55,0.05,0.0",0.346736,0.25,0,"-2.55,0.05,0.0",0.05,0.0,0,"-2.55,0.05,0.0",0.05,0.0,0,0.3025,0.0,12,12,0.21282,58,13,"{""mark"": 30, ""spill"": 28}",0.301639,0.528326,1,0,DUPLICATION_GUIDE,CHAOS_SPILL,3.6333,5.0078,0.0,0.0,"-2.553799,0.144396,1.167033",0.0,"2.668862,-1.204771,0.0"
20260526-193544-sentence-script-a-single-cell-sphere-gra-d3516f,116,2026-05-26T19:35:57.160,11.6117,60.0,1,12.4127,26.0,S,0.676583,0,0,1.0,0.8603,0.8603,0.827807,1,1,"-2.55,0.05,0.0",0.827807,0.62,1,"-2.55,0.05,0.0",0.347679,0.25,0,"-2.55,0.05,0.0",0.05,0.0,0,"-2.55,0.05,0.0",0.05,0.0,0,0.3025,0.0,12,12,0.213917,59,13,"{""mark"": 32, ""spill"": 27}",0.277597,0.526464,1,0,DUPLICATION_GUIDE,CHAOS_SPILL,3.75,5.0078,0.0167,0.0,"-2.723736,0.087145,1.156029",0.0,"2.637151,-1.209696,0.0"
20260526-193544-sentence-script-a-single-cell-sphere-gra-d3516f,117,2026-05-26T19:35:57.253,11.7053,60.0,1,12.4987,26.0,S,0.687337,0,0,1.0,0.8603,0.8603,0.829733,1,1,"-2.55,0.05,0.0",0.829733,0.62,1,"-2.55,0.05,0.0",0.348488,0.25,0,"-2.55,0.05,0.0",0.05,0.0,0,"-2.55,0.05,0.0",0.05,0.0,0,0.3025,0.0,12,12,0.214823,58,14,"{""mark"": 34, ""spill"": 24}",0.203222,0.523169,1,0,DUPLICATION_GUIDE,CHAOS_SPILL,3.85,5.0078,0.0,0.0,"-2.867032,0.05026,1.126977",0.0,"2.609884,-1.213304,0.0"
20260526-193544-sentence-script-a-single-cell-sphere-gra-d3516f,118,2026-05-26T19:35:57.364,11.8146,60.0,1,12.5991,26.0,S,0.699882,0,0,1.0,0.8602,0.8602,0.831979,1,1,"-2.55,0.05,0.0",0.831979,0.62,1,"-2.55,0.05,0.0",0.349431,0.25,0,"-2.55,0.05,0.0",0.05,0.0,0,"-2.55,0.05,0.0",0.05,0.0,0,0.3025,0.0,12,12,0.215977,58,19,"{""mark"": 34, ""spill"": 24}",0.178312,0.527532,1,0,DUPLICATION_GUIDE,CHAOS_SPILL,3.9667,5.0078,0.0333,0.0,"-3.028307,0.023584,1.070754",0.0,"2.577988,-1.216795,0.0"
20260526-193544-sentence-script-a-single-cell-sphere-gra-d3516f,119,2026-05-26T19:35:57.462,11.9139,60.0,1,12.6851,26.0,S,0.710634,0,0,1.0,0.8602,0.8602,0.833904,1,1,"-2.55,0.05,0.0",0.833904,0.62,1,"-2.55,0.05,0.0",0.35024,0.25,0,"-2.55,0.05,0.0",0.05,0.0,0,"-2.55,0.05,0.0",0.05,0.0,0,0.3025,0.0,12,12,0.217054,56,20,"{""mark"": 33, ""spill"": 23}",0.174151,0.521433,1,0,DUPLICATION_GUIDE,CHAOS_SPILL,4.0667,5.0078,0.0167,0.0,"-3.158999,0.015849,1.004226",0.0,"2.55059,-1.21917,0.0"
20260526-193544-sentence-script-a-single-cell-sphere-gra-d3516f,120,2026-05-26T19:35:57.562,12.0146,60.0,1,12.7711,26.0,S,0.721386,0,0,1.0,0.8601,0.8601,0.835829,1,1,"-2.55,0.05,0.0",0.835829,0.62,1,"-2.55,0.05,0.0",0.351048,0.25,0,"-2.55,0.05,0.0",0.05,0.0,0,"-2.55,0.05,0.0",0.05,0.0,0,0.3025,0.0,12,12,0.218214,55,23,"{""mark"": 35, ""spill"": 20}",0.185904,0.49993,1,0,DUPLICATION_GUIDE,CHAOS_SPILL,4.1667,5.0078,0.0,0.0,"-3.280547,0.022492,0.921805",0.0,"2.523149,-1.220976,0.0"
20260526-193544-sentence-script-a-single-cell-sphere-gra-d3516f,121,2026-05-26T19:35:57.665,12.1155,60.0,1,12.8571,26.0,S,0.732138,0,0,1.0,0.8601,0.8601,0.837754,1,1,"-2.55,0.05,0.0",0.837754,0.62,1,"-2.55,0.05,0.0",0.351857,0.25,0,"-2.55,0.05,0.0",0.05,0.0,0,"-2.55,0.05,0.0",0.05,0.0,0,0.3025,0.0,12,12,0.219158,52,26,"{""mark"": 36, ""spill"": 16}",0.155636,0.492997,1,0,DUPLICATION_GUIDE,CHAOS_SPILL,4.2667,5.0078,0.05,0.0,"-3.391025,0.043312,0.824732",0.0,"2.495678,-1.222211,0.0"
20260526-193544-sentence-script-a-single-cell-sphere-gra-d3516f,122,2026-05-26T19:35:57.748,12.2001,60.0,1,12.9288,26.0,S,0.741097,0,0,1.0,0.8601,0.8601,0.839358,1,1,"-2.55,0.05,0.0",0.839358,0.62,1,"-2.55,0.05,0.0",0.352531,0.25,0,"-2.55,0.05,0.0",0.05,0.0,0,"-2.55,0.05,0.0",0.05,0.0,0,0.3025,0.0,12,12,0.219999,52,27,"{""mark"": 36, ""spill"": 16}",0.146568,0.49316,1,0,DUPLICATION_GUIDE,CHAOS_SPILL,4.35,5.0078,0.0,0.0,"-3.473361,0.07095,0.733704",0.0,"2.47277,-1.222804,0.0"
20260526-193544-sentence-script-a-single-cell-sphere-gra-d3516f,123,2026-05-26T19:35:57.849,12.3016,60.0,1,13.0148,26.0,S,0.751848,0,0,1.0,0.8601,0.8601,0.841283,1,1,"-2.55,0.05,0.0",0.841283,0.62,1,"-2.55,0.05,0.0",0.353339,0.25,0,"-2.55,0.05,0.0",0.05,0.0,0,"-2.55,0.05,0.0",0.05,0.0,0,0.3025,0.0,12,12,0.221078,50,27,"{""mark"": 36, ""spill"": 14}",0.189086,0.484685,1,0,DUPLICATION_GUIDE,CHAOS_SPILL,4.45,5.0078,0.0333,0.0,"-3.559119,0.115367,0.613754",0.0,"2.445273,-1.222992,0.0"
20260526-193544-sentence-script-a-single-cell-sphere-gra-d3516f,124,2026-05-26T19:35:57.951,12.4029,60.0,1,13.1008,26.0,S,0.762599,0,0,1.0,0.8601,0.8601,0.843208,1,1,"-2.55,0.05,0.0",0.843208,0.62,1,"-2.55,0.05,0.0",0.354147,0.25,0,"-2.55,0.05,0.0",0.05,0.0,0,"-2.55,0.05,0.0",0.05,0.0,0,0.3025,0.0,12,12,0.22223,48,29,"{""mark"": 36, ""spill"": 12}",0.164728,0.477678,1,0,DUPLICATION_GUIDE,CHAOS_SPILL,4.55,5.0078,0.0333,0.0,"-3.629351,0.170415,0.483858",0.0,"2.417778,-1.222608,0.0"
20260526-193544-sentence-script-a-single-cell-sphere-gra-d3516f,125,2026-05-26T19:35:58.052,12.5042,60.0,1,13.1868,26.0,S,0.77335,0,0,1.0,0.8601,0.8601,0.845133,1,1,"-2.55,0.05,0.0",0.845133,0.62,1,"-2.55,0.05,0.0",0.354956,0.25,0,"-2.55,0.05,0.0",0.05,0.0,0,"-2.55,0.05,0.0",0.05,0.0,0,0.3025,0.0,12,12,0.22345,47,31,"{""mark"": 36, ""spill"": 11}",0.172415,0.480628,1,0,DUPLICATION_GUIDE,CHAOS_SPILL,4.65,5.0078,0.0167,0.0,"-3.682915,0.233947,0.346019",0.0,"2.390298,-1.221652,0.0"
20260526-193544-sentence-script-a-single-cell-sphere-gra-d3516f,126,2026-05-26T19:35:58.153,12.6056,60.0,1,13.2728,26.0,S,0.7841,0,0,1.0,0.86,0.86,0.847058,1,1,"-2.55,0.05,0.0",0.847058,0.62,1,"-2.55,0.05,0.0",0.355764,0.25,0,"-2.55,0.05,0.0",0.05,0.0,0,"-2.55,0.05,0.0",0.05,0.0,0,0.3025,0.0,12,12,0.224435,46,32,"{""mark"": 38, ""spill"": 8}",0.221443,0.444927,1,0,DUPLICATION_GUIDE,CHAOS_SPILL,4.75,5.0078,0.0,0.0,"-3.718924,0.303469,0.202368",0.0,"2.362843,-1.220126,0.0"
20260526-193544-sentence-script-a-single-cell-sphere-gra-d3516f,127,2026-05-26T19:35:58.258,12.7101,60.0,1,13.3588,26.0,S,0.794851,0,0,1.0,0.86,0.86,0.848983,1,1,"-2.55,0.05,0.0",0.848983,0.62,1,"-2.55,0.05,0.0",0.356573,0.25,0,"-2.55,0.05,0.0",0.05,0.0,0,"-2.55,0.05,0.0",0.05,0.0,0,0.3025,0.0,12,12,0.225472,44,32,"{""mark"": 37, ""spill"": 7}",0.229188,0.444404,1,0,DUPLICATION_GUIDE,CHAOS_SPILL,4.85,5.0078,0.0333,0.0,"-3.736766,0.376242,0.055135",0.0,"2.335427,-1.21803,0.0"
20260526-193544-sentence-script-a-single-cell-sphere-gra-d3516f,128,2026-05-26T19:35:58.359,12.8113,60.0,1,13.4448,26.0,S,0.805601,0,0,1.0,0.86,0.86,0.850908,1,1,"-2.55,0.05,0.0",0.850908,0.62,1,"-2.55,0.05,0.0",0.357381,0.25,0,"-2.55,0.05,0.0",0.05,0.0,0,"-2.55,0.05,0.0",0.05,0.0,0,0.3025,0.0,12,12,0.226556,44,32,"{""mark"": 37, ""spill"": 7}",0.224104,0.44493,1,0,DUPLICATION_GUIDE,CHAOS_SPILL,4.95,5.0078,0.0833,0.0,"-3.736108,0.449388,-0.093389",0.0,"2.30806,-1.215364,0.0"
20260526-193544-sentence-script-a-single-cell-sphere-gra-d3516f,129,2026-05-26T19:35:58.461,12.9131,60.0,1,13.5313,26.0,S,0.816409,0,0,1.0,0.8736,0.8736,0.852843,1,1,"-2.55,0.05,0.0",0.852843,0.62,1,"-2.55,0.05,0.0",0.358194,0.25,0,"-2.55,0.05,0.0",0.05,0.0,0,"-2.55,0.05,0.0",0.05,0.0,0,0.3025,0.0,12,12,0.226726,42,31,"{""mark"": 36, ""spill"": 6}",0.226053,0.440739,1,0,OBSERVE,DUPLICATION_GUIDE,0.0333,4.5419,0.05,0.0,"-3.322929,0.528319,-0.129311",0.0,"2.28061,-1.212111,0.0"
20260526-193544-sentence-script-a-single-cell-sphere-gra-d3516f,130,2026-05-26T19:35:58.561,13.0134,60.0,1,13.62,26.0,S,0.827503,0,0,1.0,0.8968,0.8968,0.854829,1,1,"-2.55,0.05,0.0",0.854829,0.62,1,"-2.55,0.05,0.0",0.359028,0.25,0,"-2.55,0.05,0.0",0.05,0.0,0,"-2.55,0.05,0.0",0.05,0.0,0,0.3025,0.0,12,12,0.225737,40,29,"{""mark"": 34, ""spill"": 6}",0.238014,0.437646,1,0,OBSERVE,DUPLICATION_GUIDE,0.1333,4.5419,0.0333,0.0,"-2.610752,0.607435,-0.059677",0.0,"2.252509,-1.208177,0.0"
20260526-193544-sentence-script-a-single-cell-sphere-gra-d3516f,131,2026-05-26T19:35:58.663,13.1138,60.0,1,13.7108,26.0,S,0.838855,0,0,1.0,0.9158,0.9158,0.856862,1,1,"-2.55,0.05,0.0",0.856862,0.62,1,"-2.55,0.05,0.0",0.359882,0.25,0,"-2.55,0.05,0.0",0.05,0.0,0,"-2.55,0.05,0.0",0.05,0.0,0,0.3025,0.0,12,12,0.22585,38,30,"{""mark"": 34, ""spill"": 4}",0.188694,0.421776,1,0,OBSERVE,DUPLICATION_GUIDE,0.2333,4.5419,0.05,0.0,"-2.016237,0.67822,0.002107",0.0,"2.223847,-1.203527,0.0"
20260526-193544-sentence-script-a-single-cell-sphere-gra-d3516f,132,2026-05-26T19:35:58.762,13.2148,60.0,1,13.8034,26.0,S,0.850419,0,0,1.0,0.9313,0.9313,0.858932,1,1,"-2.55,0.05,0.0",0.858932,0.62,1,"-2.55,0.05,0.0",0.360752,0.25,0,"-2.55,0.05,0.0",0.05,0.0,0,"-2.55,0.05,0.0",0.05,0.0,0,0.3025,0.0,12,12,0.227774,35,28,"{""mark"": 32, ""spill"": 3}",0.220671,0.421285,1,0,OBSERVE,DUPLICATION_GUIDE,0.3333,4.5419,0.0,0.0,"-1.523422,0.7419,0.056984",0.0,"2.194764,-1.198146,0.0"
20260526-193544-sentence-script-a-single-cell-sphere-gra-d3516f,133,2026-05-26T19:35:58.863,13.3157,60.0,1,13.8972,26.0,S,0.862156,0,0,1.0,0.944,0.944,0.861034,1,1,"-2.55,0.05,0.0",0.861034,0.62,1,"-2.55,0.05,0.0",0.361634,0.25,0,"-2.55,0.05,0.0",0.05,0.0,0,"-2.55,0.05,0.0",0.05,0.0,0,0.3025,0.0,12,12,0.231012,34,28,"{""mark"": 32, ""spill"": 2}",0.24029,0.407824,1,0,OBSERVE,DUPLICATION_GUIDE,0.4333,4.5419,0.0167,0.0,"-1.118543,0.799499,0.105762",0.0,"2.165378,-1.192021,0.0"
20260526-193544-sentence-script-a-single-cell-sphere-gra-d3516f,134,2026-05-26T19:35:58.964,13.4166,60.0,1,13.9923,26.0,S,0.874032,0,0,1.0,0.9543,0.9543,0.86316,1,1,"-2.55,0.05,0.0",0.86316,0.62,1,"-2.55,0.05,0.0",0.362527,0.25,0,"-2.55,0.05,0.0",0.05,0.0,0,"-2.55,0.05,0.0",0.05,0.0,0,0.3025,0.0,12,12,0.235268,33,29,"{""mark"": 31, ""spill"": 2}",0.230859,0.409598,1,0,OBSERVE,DUPLICATION_GUIDE,0.5333,4.5419,0.0167,0.0,"-0.789718,0.851874,0.149129",0.0,"2.135789,-1.185146,0.0"
20260526-193544-sentence-script-a-single-cell-sphere-gra-d3516f,135,2026-05-26T19:35:59.048,13.5005,60.0,1,14.0721,26.0,S,0.884018,0,0,1.0,0.9614,0.9614,0.864948,1,1,"-2.55,0.05,0.0",0.864948,0.62,1,"-2.55,0.05,0.0",0.363278,0.25,0,"-2.55,0.05,0.0",0.05,0.0,0,"-2.55,0.05,0.0",0.05,0.0,0,0.3025,0.0,12,12,0.239152,32,28,"{""mark"": 30, ""spill"": 2}",0.22469,0.409694,1,0,OBSERVE,DUPLICATION_GUIDE,0.6167,4.5419,0.0,0.0,"-0.566344,0.892045,0.18156",0.0,"2.111039,-1.178841,0.0"
20260526-193544-sentence-script-a-single-cell-sphere-gra-d3516f,136,2026-05-26T19:35:59.149,13.6009,60.0,1,14.1687,26.0,S,0.896089,0,0,1.0,0.9685,0.9685,0.867109,1,1,"-2.55,0.05,0.0",0.867109,0.62,1,"-2.55,0.05,0.0",0.364186,0.25,0,"-2.55,0.05,0.0",0.05,0.0,0,"-2.55,0.05,0.0",0.05,0.0,0,0.3025,0.0,12,12,0.243869,30,26,"{""mark"": 28, ""spill"": 2}",0.21568,0.407854,1,0,OBSERVE,DUPLICATION_GUIDE,0.7167,4.5419,0.0,0.0,"-0.351298,0.936596,0.216466",0.0,"2.08129,-1.170583,0.0"
20260526-193544-sentence-script-a-single-cell-sphere-gra-d3516f,137,2026-05-26T19:35:59.251,13.7016,60.0,1,14.2659,26.0,S,0.908239,0,0,1.0,0.9743,0.9743,0.869285,1,1,"-2.55,0.05,0.0",0.869285,0.62,1,"-2.55,0.05,0.0",0.3651,0.25,0,"-2.55,0.05,0.0",0.05,0.0,0,"-2.55,0.05,0.0",0.05,0.0,0,0.3025,0.0,12,12,0.248385,29,26,"{""mark"": 27, ""spill"": 2}",0.210575,0.408886,1,0,OBSERVE,DUPLICATION_GUIDE,0.8167,4.5419,0.0667,0.0,"-0.186684,0.977624,0.247406",0.0,"2.05155,-1.161573,0.0"
20260526-193544-sentence-script-a-single-cell-sphere-gra-d3516f,138,2026-05-26T19:35:59.351,13.8028,60.0,1,14.3636,26.0,S,0.920453,0,0,1.0,0.979,0.979,0.871472,1,1,"-2.55,0.05,0.0",0.871472,0.62,1,"-2.55,0.05,0.0",0.366018,0.25,0,"-2.55,0.05,0.0",0.05,0.0,0,"-2.55,0.05,0.0",0.05,0.0,0,0.3025,0.0,12,12,0.252536,27,25,"{""mark"": 25, ""spill"": 2}",0.203009,0.41052,1,0,OBSERVE,DUPLICATION_GUIDE,0.9167,4.5419,0.0,0.0,"-0.065678,1.015528,0.274754",0.0,"2.021873,-1.151813,0.0"
20260526-193544-sentence-script-a-single-cell-sphere-gra-d3516f,139,2026-05-26T19:35:59.451,13.9034,60.0,1,14.4618,26.0,S,0.93272,0,0,1.0,0.9829,0.9829,0.873668,1,1,"-2.55,0.05,0.0",0.873668,0.62,1,"-2.55,0.05,0.0",0.366941,0.25,0,"-2.55,0.05,0.0",0.05,0.0,0,"-2.55,0.05,0.0",0.05,0.0,0,0.3025,0.0,12,12,0.256163,25,24,"{""mark"": 24, ""spill"": 1}",0.138403,0.412006,1,0,OBSERVE,DUPLICATION_GUIDE,1.0167,4.5419,0.0167,0.0,"0.017642,1.050631,0.298827",0.0,"1.992309,-1.141309,0.0"
20260526-193544-sentence-script-a-single-cell-sphere-gra-d3516f,140,2026-05-26T19:35:59.551,14.0038,60.0,1,14.5602,26.0,S,0.94503,0,0,1.0,0.986,0.986,0.875872,1,1,"-2.55,0.05,0.0",0.875872,0.62,1,"-2.55,0.05,0.0",0.367866,0.25,0,"-2.55,0.05,0.0",0.05,0.0,0,"-2.55,0.05,0.0",0.05,0.0,0,0.3025,0.0,12,12,0.259175,25,24,"{""mark"": 24, ""spill"": 1}",0.139236,0.411584,1,0,OBSERVE,DUPLICATION_GUIDE,1.1167,4.5419,0.0833,0.0,"0.068428,1.083186,0.319898",0.0,"1.962901,-1.130066,0.0"
20260526-193544-sentence-script-a-single-cell-sphere-gra-d3516f,141,2026-05-26T19:35:59.652,14.1046,60.0,1,14.659,26.0,S,0.957374,0,0,1.0,0.9886,0.9886,0.878082,1,1,"-2.55,0.05,0.0",0.878082,0.62,1,"-2.55,0.05,0.0",0.368795,0.25,0,"-2.55,0.05,0.0",0.05,0.0,0,"-2.55,0.05,0.0",0.05,0.0,0,0.3025,0.0,12,12,0.26181,24,24,"{""mark"": 24}",0.171606,0.406517,1,0,OBSERVE,DUPLICATION_GUIDE,1.2167,4.5419,0.0167,0.0,"0.091167,1.11339,0.338198",0.0,"1.933685,-1.118092,0.0"
20260526-193544-sentence-script-a-single-cell-sphere-gra-d3516f,142,2026-05-26T19:35:59.753,14.2054,60.0,1,14.758,26.0,S,0.969748,0,0,1.0,0.9907,0.9907,0.880298,1,1,"-2.55,0.05,0.0",0.880298,0.62,1,"-2.55,0.05,0.0",0.369725,0.25,0,"-2.55,0.05,0.0",0.05,0.0,0,"-2.55,0.05,0.0",0.05,0.0,0,0.3025,0.0,12,12,0.264118,24,24,"{""mark"": 24}",0.171184,0.406517,1,0,OBSERVE,DUPLICATION_GUIDE,1.3167,4.5419,0.0833,0.0,"0.089778,1.141392,0.353926",0.0,"1.904698,-1.105394,0.0"
20260526-193544-sentence-script-a-single-cell-sphere-gra-d3516f,143,2026-05-26T19:35:59.854,14.3061,60.0,1,14.8572,26.0,S,0.982144,0,0,1.0,0.9924,0.9924,0.882517,1,1,"-2.55,0.05,0.0",0.882517,0.62,1,"-2.55,0.05,0.0",0.370657,0.25,0,"-2.55,0.05,0.0",0.05,0.0,0,"-2.55,0.05,0.0",0.05,0.0,0,0.3025,0.0,12,12,0.266146,21,21,"{""mark"": 21}",0.185676,0.401208,1,0,OBSERVE,DUPLICATION_GUIDE,1.4167,4.5419,0.0333,0.0,"0.067692,1.167305,0.367253",0.0,"1.875968,-1.09198,0.0"
20260526-193544-sentence-script-a-single-cell-sphere-gra-d3516f,144,2026-05-26T19:35:59.955,14.4076,60.0,1,14.9565,26.0,S,0.99456,0,0,1.0,0.9938,0.9938,0.88474,1,1,"-2.55,0.05,0.0",0.88474,0.62,1,"-2.55,0.05,0.0",0.371591,0.25,0,"-2.55,0.05,0.0",0.05,0.0,0,"-2.55,0.05,0.0",0.05,0.0,0,0.3025,0.0,12,12,0.267939,20,20,"{""mark"": 20}",0.195285,0.401636,1,0,OBSERVE,DUPLICATION_GUIDE,1.5167,4.5419,0.0667,0.0,"0.027916,1.191206,0.378326",0.0,"1.847525,-1.077859,0.0"
20260526-193544-sentence-script-a-single-cell-sphere-gra-d3516f,145,2026-05-26T19:36:00.061,14.5129,60.0,1,15.0559,26.0,G2,0.009322,0,0,1.0,0.995,0.995,0.886966,1,1,"-2.55,0.05,0.0",0.886966,0.62,1,"-2.55,0.05,0.0",0.372526,0.25,0,"-2.55,0.05,0.0",0.05,0.0,0,"-2.55,0.05,0.0",0.05,0.0,0,0.3025,0.0,12,12,0.269537,19,19,"{""mark"": 19}",0.195996,0.408661,1,0,OBSERVE,DUPLICATION_GUIDE,1.6167,4.5419,0.0,0.0,"-0.0269,1.213148,0.387273",0.0,"1.819394,-1.063041,0.0"
20260526-193544-sentence-script-a-single-cell-sphere-gra-d3516f,146,2026-05-26T19:36:00.161,14.6139,60.0,1,15.1555,26.0,G2,0.025914,0,0,1.0,0.9959,0.9959,0.889194,1,1,"-2.55,0.05,0.0",0.889194,0.62,1,"-2.55,0.05,0.0",0.373462,0.25,0,"-2.55,0.05,0.0",0.05,0.0,0,"-2.55,0.05,0.0",0.05,0.0,0,0.3025,0.0,12,12,0.270973,18,18,"{""mark"": 18}",0.189693,0.414106,1,0,OBSERVE,DUPLICATION_GUIDE,1.7167,4.5419,0.0333,0.0,"-0.094418,1.233166,0.394205",0.0,"1.791599,-1.047535,0.0"
20260526-193544-sentence-script-a-single-cell-sphere-gra-d3516f,147,2026-05-26T19:36:00.249,14.7019,60.0,1,15.2385,26.0,G2,0.039751,0,0,1.0,0.9965,0.9965,0.891052,1,1,"-2.55,0.05,0.0",0.891052,0.62,1,"-2.55,0.05,0.0",0.374242,0.25,0,"-2.55,0.05,0.0",0.05,0.0,0,"-2.55,0.05,0.0",0.05,0.0,0,0.3025,0.0,12,12,0.272066,18,18,"{""mark"": 18}",0.190445,0.414106,1,0,OBSERVE,DUPLICATION_GUIDE,1.8,4.5419,0.0667,0.0,"-0.158887,1.248391,0.398514",0.0,"1.76871,-1.034096,0.0"
20260526-193544-sentence-script-a-single-cell-sphere-gra-d3516f,148,2026-05-26T19:36:00.350,14.8026,60.0,1,15.3382,26.0,G2,0.056366,0,0,1.0,0.9972,0.9972,0.893283,1,1,"-2.55,0.05,0.0",0.893283,0.62,1,"-2.55,0.05,0.0",0.375179,0.25,0,"-2.55,0.05,0.0",0.05,0.0,0,"-2.55,0.05,0.0",0.05,0.0,0,0.3025,0.0,12,12,0.273275,17,17,"{""mark"": 17}",0.177258,0.420684,1,0,OBSERVE,DUPLICATION_GUIDE,1.9,4.5419,0.0,0.0,"-0.244486,1.264921,0.401998",0.0,"1.741589,-1.017355,0.0"
20260526-193544-sentence-script-a-single-cell-sphere-gra-d3516f,149,2026-05-26T19:36:00.451,14.9034,60.0,1,15.4379,26.0,G2,0.07299,0,0,1.0,0.9977,0.9977,0.895516,1,1,"-2.55,0.05,0.0",0.895516,0.62,1,"-2.55,0.05,0.0",0.376117,0.25,0,"-2.55,0.05,0.0",0.05,0.0,0,"-2.55,0.05,0.0",0.05,0.0,0,0.3025,0.0,12,12,0.274391,16,16,"{""mark"": 16}",0.162564,0.416265,1,0,OBSERVE,DUPLICATION_GUIDE,2.0,4.5419,0.0,0.0,"-0.3375,1.279554,0.403718",0.0,"1.714863,-0.999956,0.0"
20260526-193544-sentence-script-a-single-cell-sphere-gra-d3516f,150,2026-05-26T19:36:00.551,15.0036,60.0,1,15.5377,26.0,G2,0.089623,0,0,1.0,0.9981,0.9981,0.897749,1,1,"-2.55,0.05,0.0",0.897749,0.62,1,"-2.55,0.05,0.0",0.377055,0.25,0,"-2.55,0.05,0.0",0.05,0.0,0,"-2.55,0.05,0.0",0.05,0.0,0,0.3025,0.0,12,12,0.275429,16,16,"{""mark"": 16}",0.163576,0.416265,1,0,OBSERVE,DUPLICATION_GUIDE,2.1,4.5419,0.0667,0.0,"-0.436434,1.292288,0.403746",0.0,"1.688552,-0.981909,0.0"
20260526-193544-sentence-script-a-single-cell-sphere-gra-d3516f,151,2026-05-26T19:36:00.652,15.1039,60.0,1,15.6376,26.0,G2,0.106261,0,0,1.0,0.9985,0.9985,0.899984,1,1,"-2.55,0.05,0.0",0.899984,0.62,1,"-2.55,0.05,0.0",0.377993,0.25,0,"-2.55,0.05,0.0",0.05,0.0,0,"-2.55,0.05,0.0",0.05,0.0,0,0.3025,0.0,12,12,0.276402,15,15,"{""mark"": 15}",0.158804,0.416795,1,0,OBSERVE,DUPLICATION_GUIDE,2.2,4.5419,0.05,0.0,"-0.539948,1.30312,0.402148",0.0,"1.662675,-0.963225,0.0"
20260526-193544-sentence-script-a-single-cell-sphere-gra-d3516f,152,2026-05-26T19:36:00.752,15.2047,60.0,1,15.7374,26.0,G2,0.122905,0,0,1.0,0.9987,0.9987,0.902219,1,1,"-2.55,0.05,0.0",0.902219,0.62,1,"-2.55,0.05,0.0",0.378932,0.25,0,"-2.55,0.05,0.0",0.05,0.0,0,"-2.55,0.05,0.0",0.05,0.0,0,0.3025,0.0,12,12,0.277322,12,12,"{""mark"": 12}",0.180765,0.427399,1,0,OBSERVE,DUPLICATION_GUIDE,2.3,4.5419,0.0167,0.0,"-0.646832,1.312049,0.398985",0.0,"1.637248,-0.943917,0.0"
20260526-193544-sentence-script-a-single-cell-sphere-gra-d3516f,153,2026-05-26T19:36:00.853,15.3054,60.0,1,15.8373,26.0,G2,0.139553,0,0,1.0,0.999,0.999,0.904454,1,1,"-2.55,0.05,0.0",0.904454,0.62,1,"-2.55,0.05,0.0",0.379871,0.25,0,"-2.55,0.05,0.0",0.05,0.0,0,"-2.55,0.05,0.0",0.05,0.0,0,0.3025,0.0,12,12,0.278197,11,11,"{""mark"": 11}",0.179851,0.438312,1,0,OBSERVE,DUPLICATION_GUIDE,2.4,4.5419,0.05,0.0,"-0.755995,1.319076,0.394318",0.0,"1.612288,-0.923996,0.0"
20260526-193544-sentence-script-a-single-cell-sphere-gra-d3516f,154,2026-05-26T19:36:00.956,15.4083,60.0,1,15.9372,26.0,G2,0.156205,0,0,1.0,0.9992,0.9992,0.90669,1,1,"-2.55,0.05,0.0",0.90669,0.62,1,"-2.55,0.05,0.0",0.38081,0.25,0,"-2.55,0.05,0.0",0.05,0.0,0,"-2.55,0.05,0.0",0.05,0.0,0,0.3025,0.0,12,12,0.279034,9,9,"{""mark"": 9}",0.199521,0.42259,1,0,OBSERVE,DUPLICATION_GUIDE,2.5,4.5419,0.0,0.0,"-0.866445,1.324208,0.388201",0.0,"1.587811,-0.903474,0.0"
20260526-193544-sentence-script-a-single-cell-sphere-gra-d3516f,155,2026-05-26T19:36:01.057,15.5093,60.0,1,16.0372,26.0,G2,0.172859,0,0,1.0,0.9993,0.9993,0.908927,1,1,"-2.55,0.05,0.0",0.908927,0.62,1,"-2.55,0.05,0.0",0.381749,0.25,0,"-2.55,0.05,0.0",0.05,0.0,0,"-2.55,0.05,0.0",0.05,0.0,0,0.3025,0.0,12,12,0.279839,9,9,"{""mark"": 9}",0.199576,0.42259,1,0,OBSERVE,DUPLICATION_GUIDE,2.6,4.5419,0.0667,0.0,"-0.977281,1.327459,0.38069",0.0,"1.563833,-0.882363,0.0"
20260526-193544-sentence-script-a-single-cell-sphere-gra-d3516f,156,2026-05-26T19:36:01.161,15.6132,60.0,1,16.1371,26.0,G2,0.189516,0,0,1.0,0.9994,0.9994,0.911164,1,1,"-2.55,0.05,0.0",0.911164,0.62,1,"-2.55,0.05,0.0",0.382689,0.25,0,"-2.55,0.05,0.0",0.05,0.0,0,"-2.55,0.05,0.0",0.05,0.0,0,0.3025,0.0,12,12,0.280617,9,9,"{""mark"": 9}",0.19944,0.42259,1,0,OBSERVE,DUPLICATION_GUIDE,2.7,4.5419,0.0667,0.0,"-1.08768,1.328852,0.371838",0.0,"1.540368,-0.860676,0.0"
20260526-193544-sentence-script-a-single-cell-sphere-gra-d3516f,157,2026-05-26T19:36:01.261,15.7139,60.0,1,16.237,26.0,G2,0.206174,0,0,1.0,0.9995,0.9995,0.9134,1,1,"-2.55,0.05,0.0",0.9134,0.62,1,"-2.55,0.05,0.0",0.383628,0.25,0,"-2.55,0.05,0.0",0.05,0.0,0,"-2.55,0.05,0.0",0.05,0.0,0,0.3025,0.0,12,12,0.281371,5,5,"{""mark"": 5}",0.218816,0.412462,1,0,OBSERVE,DUPLICATION_GUIDE,2.8,4.5419,0.0167,0.0,"-1.19689,1.328418,0.361698",0.0,"1.517431,-0.838427,0.0"
20260526-193544-sentence-script-a-single-cell-sphere-gra-d3516f,158,2026-05-26T19:36:01.362,15.8144,60.0,1,16.337,26.0,G2,0.222834,0,0,1.0,0.9996,0.9996,0.915638,1,1,"-2.55,0.05,0.0",0.915638,0.62,1,"-2.55,0.05,0.0",0.384568,0.25,0,"-2.55,0.05,0.0",0.05,0.0,0,"-2.55,0.05,0.0",0.05,0.0,0,0.3025,0.0,12,12,0.282104,4,4,"{""mark"": 4}",0.162884,0.395018,1,0,OBSERVE,DUPLICATION_GUIDE,2.9,4.5419,0.0667,0.0,"-1.30422,1.326197,0.350325",0.0,"1.495037,-0.815628,0.0"
20260526-193544-sentence-script-a-single-cell-sphere-gra-d3516f,159,2026-05-26T19:36:01.463,15.9152,60.0,1,16.437,26.0,G2,0.239495,0,0,1.0,0.9997,0.9997,0.917875,1,1,"-2.55,0.05,0.0",0.917875,0.62,1,"-2.55,0.05,0.0",0.385508,0.25,0,"-2.55,0.05,0.0",0.05,0.0,0,"-2.55,0.05,0.0",0.05,0.0,0,0.3025,0.0,12,12,0.282819,3,3,"{""mark"": 3}",0.259288,0.409836,1,0,OBSERVE,DUPLICATION_GUIDE,3.0,4.5419,0.05,0.0,"-1.409036,1.322242,0.337773",0.0,"1.473198,-0.792293,0.0"
20260526-193544-sentence-script-a-single-cell-sphere-gra-d3516f,160,2026-05-26T19:36:01.565,16.0156,60.0,1,16.5369,26.0,G2,0.256157,0,0,1.0,0.9998,0.9998,0.920113,1,1,"-2.55,0.05,0.0",0.920113,0.62,1,"-2.55,0.05,0.0",0.386447,0.25,0,"-2.55,0.05,0.0",0.05,0.0,0,"-2.55,0.05,0.0",0.05,0.0,0,0.3025,0.0,12,12,0.283518,2,2,"{""mark"": 2}",0.312473,0.346949,1,0,OBSERVE,DUPLICATION_GUIDE,3.1,4.5419,0.0667,0.0,"-1.510757,1.316614,0.324096",0.0,"1.451927,-0.768436,0.0"
20260526-193544-sentence-script-a-single-cell-sphere-gra-d3516f,161,2026-05-26T19:36:01.664,16.1163,60.0,1,16.6369,26.0,G2,0.27282,0,0,1.0,0.9998,0.9998,0.92235,1,1,"-2.55,0.05,0.0",0.92235,0.62,1,"-2.55,0.05,0.0",0.387387,0.25,0,"-2.55,0.05,0.0",0.05,0.0,0,"-2.55,0.05,0.0",0.05,0.0,0,0.3025,0.0,12,12,0.284203,2,2,"{""mark"": 2}",0.309351,0.346949,1,0,OBSERVE,DUPLICATION_GUIDE,3.2,4.5419,0.0667,0.0,"-1.608845,1.309386,0.30935",0.0,"1.431239,-0.74407,0.0"
20260526-193544-sentence-script-a-single-cell-sphere-gra-d3516f,162,2026-05-26T19:36:01.748,16.2002,60.0,1,16.7202,26.0,G2,0.286707,0,0,1.0,0.9998,0.9998,0.924215,1,1,"-2.55,0.05,0.0",0.924215,0.62,1,"-2.55,0.05,0.0",0.38817,0.25,0,"-2.55,0.05,0.0",0.05,0.0,0,"-2.55,0.05,0.0",0.05,0.0,0,0.3025,0.0,12,12,0.284763,1,1,"{""mark"": 1}",0.575464,0.399326,1,0,OBSERVE,DUPLICATION_GUIDE,3.2833,4.5419,0.0333,0.0,"-1.687455,1.302201,0.296286",0.0,"1.414451,-0.723388,0.0"
20260526-193544-sentence-script-a-single-cell-sphere-gra-d3516f,163,2026-05-26T19:36:01.853,16.3052,60.0,1,16.8202,26.0,G2,0.303371,0,0,1.0,0.9999,0.9999,0.926453,1,1,"-2.55,0.05,0.0",0.926453,0.62,1,"-2.55,0.05,0.0",0.38911,0.25,0,"-2.55,0.05,0.0",0.05,0.0,0,"-2.55,0.05,0.0",0.05,0.0,0,0.3025,0.0,12,12,0.285425,1,1,"{""mark"": 1}",0.577669,0.399326,1,0,OBSERVE,DUPLICATION_GUIDE,3.3833,4.5419,0.05,0.0,"-1.777634,1.292265,0.27973",0.0,"1.39486,-0.698129,0.0"
20260526-193544-sentence-script-a-single-cell-sphere-gra-d3516f,164,2026-05-26T19:36:01.954,16.406,60.0,1,16.9202,26.0,G2,0.320035,0,0,1.0,0.9999,0.9999,0.92869,1,1,"-2.55,0.05,0.0",0.92869,0.62,1,"-2.55,0.05,0.0",0.39005,0.25,0,"-2.55,0.05,0.0",0.05,0.0,0,"-2.55,0.05,0.0",0.05,0.0,0,0.3025,0.0,12,12,0.286076,1,1,"{""mark"": 1}",0.57883,0.399326,1,0,OBSERVE,DUPLICATION_GUIDE,3.4833,4.5419,0.05,0.0,"-1.862888,1.280992,0.26227",0.0,"1.375885,-0.672403,0.0"
20260526-193544-sentence-script-a-single-cell-sphere-gra-d3516f,165,2026-05-26T19:36:02.058,16.51,60.0,1,17.0202,26.0,G2,0.3367,0,0,1.0,0.9999,0.9999,0.930928,1,1,"-2.55,0.05,0.0",0.930928,0.62,1,"-2.55,0.05,0.0",0.39099,0.25,0,"-2.55,0.05,0.0",0.05,0.0,0,"-2.55,0.05,0.0",0.05,0.0,0,0.3025,0.0,12,12,0.286717,1,1,"{""mark"": 1}",0.57894,0.399326,1,0,OBSERVE,DUPLICATION_GUIDE,3.5833,4.5419,0.05,0.0,"-1.942832,1.268494,0.243968",0.0,"1.357536,-0.646225,0.0"
20260526-193544-sentence-script-a-single-cell-sphere-gra-d3516f,166,2026-05-26T19:36:02.163,16.6151,60.0,1,17.1202,26.0,G2,0.353366,0,0,1.0,0.9999,0.9999,0.933166,1,1,"-2.55,0.05,0.0",0.933166,0.62,1,"-2.55,0.05,0.0",0.39193,0.25,0,"-2.55,0.05,0.0",0.05,0.0,0,"-2.55,0.05,0.0",0.05,0.0,0,0.3025,0.0,12,12,0.287348,1,1,"{""mark"": 1}",0.577998,0.399326,1,0,OBSERVE,DUPLICATION_GUIDE,3.6833,4.5419,0.05,0.0,"-2.017114,1.254892,0.224885",0.0,"1.339825,-0.619612,0.0"
20260526-193544-sentence-script-a-single-cell-sphere-gra-d3516f,167,2026-05-26T19:36:02.248,16.7007,60.0,1,17.2035,26.0,G2,0.367254,0,0,1.0,0.9999,0.9999,0.935031,1,1,"-2.55,0.05,0.0",0.935031,0.62,1,"-2.55,0.05,0.0",0.392713,0.25,0,"-2.55,0.05,0.0",0.05,0.0,0,"-2.55,0.05,0.0",0.05,0.0,0,0.3025,0.0,12,12,0.287868,0,0,{},0.0,0.0,1,0,OBSERVE,DUPLICATION_GUIDE,3.7667,4.5419,0.0,0.0,"-2.07446,1.242806,0.208432",0.0,"1.32556,-0.597112,0.0"
20260526-193544-sentence-script-a-single-cell-sphere-gra-d3516f,168,2026-05-26T19:36:02.350,16.8014,60.0,1,17.3035,26.0,G2,0.383919,0,0,1.0,0.9999,0.9999,0.937269,1,1,"-2.55,0.05,0.0",0.937269,0.62,1,"-2.55,0.05,0.0",0.393653,0.25,0,"-2.55,0.05,0.0",0.05,0.0,0,"-2.55,0.05,0.0",0.05,0.0,0,0.3025,0.0,12,12,0.288484,0,0,{},0.0,0.0,1,0,OBSERVE,DUPLICATION_GUIDE,3.8667,4.5419,0.0333,0.0,"-2.137556,1.227518,0.188085",0.0,"1.309045,-0.569739,0.0"
20260526-193544-sentence-script-a-single-cell-sphere-gra-d3516f,169,2026-05-26T19:36:02.450,16.9023,60.0,1,17.4035,26.0,G2,0.400585,0,0,1.0,1.0,1.0,0.939507,1,1,"-2.55,0.05,0.0",0.939507,0.62,1,"-2.55,0.05,0.0",0.394593,0.25,0,"-2.55,0.05,0.0",0.05,0.0,0,"-2.55,0.05,0.0",0.05,0.0,0,0.3025,0.0,12,12,0.289092,0,0,{},0.0,0.0,1,0,OBSERVE,DUPLICATION_GUIDE,3.9667,4.5419,0.0333,0.0,"-2.194169,1.211508,0.167142",0.0,"1.293195,-0.541975,0.0"
20260526-193544-sentence-script-a-single-cell-sphere-gra-d3516f,170,2026-05-26T19:36:02.550,17.0028,60.0,1,17.5035,26.0,G2,0.417251,0,0,1.0,1.0,1.0,0.941745,1,1,"-2.55,0.05,0.0",0.941745,0.62,1,"-2.55,0.05,0.0",0.395533,0.25,0,"-2.55,0.05,0.0",0.05,0.0,0,"-2.55,0.05,0.0",0.05,0.0,0,0.3025,0.0,12,12,0.289693,0,0,{},0.0,0.0,1,0,OBSERVE,DUPLICATION_GUIDE,4.0667,4.5419,0.0333,0.0,"-2.244065,1.194923,0.145669",0.0,"1.278021,-0.513836,0.0"
20260526-193544-sentence-script-a-single-cell-sphere-gra-d3516f,171,2026-05-26T19:36:02.651,17.1035,60.0,1,17.6035,26.0,G2,0.433917,0,0,1.0,1.0,1.0,0.943983,1,1,"-2.55,0.05,0.0",0.943983,0.62,1,"-2.55,0.05,0.0",0.396473,0.25,0,"-2.55,0.05,0.0",0.05,0.0,0,"-2.55,0.05,0.0",0.05,0.0,0,0.3025,0.0,12,12,0.290287,0,0,{},0.0,0.0,1,0,OBSERVE,DUPLICATION_GUIDE,4.1667,4.5419,0.0333,0.0,"-2.287041,1.177911,0.123735",0.0,"1.263531,-0.485338,0.0"
20260526-193544-sentence-script-a-single-cell-sphere-gra-d3516f,172,2026-05-26T19:36:02.751,17.2035,60.0,1,17.7035,26.0,G2,0.450584,0,0,1.0,1.0,1.0,0.946221,1,1,"-2.55,0.05,0.0",0.946221,0.62,1,"-2.55,0.05,0.0",0.397413,0.25,0,"-2.55,0.05,0.0",0.05,0.0,0,"-2.55,0.05,0.0",0.05,0.0,0,0.3025,0.0,12,12,0.290874,0,0,{},0.0,0.0,1,0,OBSERVE,DUPLICATION_GUIDE,4.2667,4.5419,0.0333,0.0,"-2.322922,1.160627,0.10141",0.0,"1.249734,-0.456498,0.0"
20260526-193544-sentence-script-a-single-cell-sphere-gra-d3516f,173,2026-05-26T19:36:02.851,17.3036,60.0,1,17.8035,26.0,G2,0.46725,0,0,1.0,1.0,1.0,0.948459,1,1,"-2.55,0.05,0.0",0.948459,0.62,1,"-2.55,0.05,0.0",0.398353,0.25,0,"-2.55,0.05,0.0",0.05,0.0,0,"-2.55,0.05,0.0",0.05,0.0,0,0.3025,0.0,12,12,0.291455,0,0,{},0.0,0.0,1,0,OBSERVE,DUPLICATION_GUIDE,4.3667,4.5419,0.0333,0.0,"-2.351561,1.143226,0.078762",0.0,"1.236638,-0.427333,0.0"
20260526-193544-sentence-script-a-single-cell-sphere-gra-d3516f,174,2026-05-26T19:36:02.951,17.4038,60.0,1,17.9035,26.0,G2,0.483916,0,0,1.0,1.0,1.0,0.950697,1,1,"-2.55,0.05,0.0",0.950697,0.62,1,"-2.55,0.05,0.0",0.399293,0.25,0,"-2.55,0.05,0.0",0.05,0.0,0,"-2.55,0.05,0.0",0.05,0.0,0,0.3025,0.0,12,12,0.29203,0,0,{},0.0,0.0,1,0,OBSERVE,DUPLICATION_GUIDE,4.4667,4.5419,0.0333,0.0,"-2.372837,1.125863,0.055864",0.0,"1.22425,-0.397861,0.0"
20260526-193544-sentence-script-a-single-cell-sphere-gra-d3516f,175,2026-05-26T19:36:03.051,17.5038,60.0,1,18.0039,26.0,G2,0.500645,0,0,1.0,1.015,1.015,0.952944,1,1,"-2.55,0.05,0.0",0.952944,0.62,1,"-2.55,0.05,0.0",0.400236,0.25,0,"-2.55,0.05,0.0",0.05,0.0,0,"-2.55,0.05,0.0",0.05,0.0,0,0.3025,0.0,12,12,0.292601,0,0,{},0.0,0.0,1,0,MITOSIS_HELPER,OBSERVE,0.0167,5.3797,0.0333,0.0,"-2.416511,1.101283,0.041075",0.0,"1.212535,-0.367984,0.0"
20260526-193544-sentence-script-a-single-cell-sphere-gra-d3516f,176,2026-05-26T19:36:03.151,17.6039,60.0,1,18.1078,26.0,G2,0.51797,0,0,1.0,1.0562,1.0562,0.95527,1,1,"-2.55,0.05,0.0",0.95527,0.62,1,"-2.55,0.05,0.0",0.401214,0.25,0,"-2.55,0.05,0.0",0.05,0.0,0,"-2.55,0.05,0.0",0.05,0.0,0,0.3025,0.0,12,12,0.293186,0,0,{},0.0,0.0,1,0,MITOSIS_HELPER,OBSERVE,0.1167,5.3797,0.0333,0.0,"-2.503553,1.061864,0.044498",0.0,"1.201171,-0.336754,0.0"
20260526-193544-sentence-script-a-single-cell-sphere-gra-d3516f,177,2026-05-26T19:36:03.252,17.7041,60.0,1,18.2156,26.0,G2,0.535933,0,0,1.0,1.0924,1.0924,0.957682,1,1,"-2.55,0.05,0.0",0.957682,0.62,1,"-2.55,0.05,0.0",0.402227,0.25,0,"-2.55,0.05,0.0",0.05,0.0,0,"-2.55,0.05,0.0",0.05,0.0,0,0.3025,0.0,12,12,0.293785,2,0,"{""spill"": 2}",0.843609,0.100025,1,0,MITOSIS_HELPER,OBSERVE,0.2167,5.3797,0.0,0.0,"-2.573117,1.02162,0.049945",0.0,"1.19022,-0.304084,0.0"
20260526-193544-sentence-script-a-single-cell-sphere-gra-d3516f,178,2026-05-26T19:36:03.352,17.8042,60.0,1,18.3267,26.0,G2,0.554454,0,0,1.0,1.1241,1.1241,0.96017,1,1,"-2.55,0.05,0.0",0.96017,0.62,1,"-2.55,0.05,0.0",0.403271,0.25,0,"-2.55,0.05,0.0",0.05,0.0,0,"-2.55,0.05,0.0",0.05,0.0,0,0.3025,0.0,12,12,0.294396,3,0,"{""spill"": 3}",0.563792,0.082392,1,0,MITOSIS_HELPER,OBSERVE,0.3167,5.3797,0.0333,0.0,"-2.628713,0.980512,0.056868",0.0,"1.179824,-0.270111,0.0"
20260526-193544-sentence-script-a-single-cell-sphere-gra-d3516f,179,2026-05-26T19:36:03.452,17.9042,60.0,1,18.4408,26.0,G2,0.573465,0,0,1.0,1.152,1.152,0.962722,1,1,"-2.55,0.05,0.0",0.962722,0.62,1,"-2.55,0.05,0.0",0.404343,0.25,0,"-2.55,0.05,0.0",0.05,0.0,0,"-2.55,0.05,0.0",0.05,0.0,0,0.3025,0.0,12,12,0.295016,4,0,"{""spill"": 4}",0.341398,0.10195,1,0,MITOSIS_HELPER,OBSERVE,0.4167,5.3797,0.0167,0.0,"-2.673146,0.939308,0.0648",0.0,"1.170106,-0.234962,0.0"
20260526-193544-sentence-script-a-single-cell-sphere-gra-d3516f,180,2026-05-26T19:36:03.552,18.0044,60.0,1,18.5574,26.0,G2,0.592906,0,0,1.0,1.1764,1.1764,0.965333,1,1,"-2.55,0.05,0.0",0.965333,0.62,1,"-2.55,0.05,0.0",0.40544,0.25,0,"-2.55,0.05,0.0",0.05,0.0,0,"-2.55,0.05,0.0",0.05,0.0,0,0.3025,0.0,12,12,0.295644,4,0,"{""spill"": 4}",0.340437,0.064361,1,0,MITOSIS_HELPER,OBSERVE,0.5167,5.3797,0.0667,0.0,"-2.708657,0.899365,0.073345",0.0,"1.161173,-0.198755,0.0"
20260526-193544-sentence-script-a-single-cell-sphere-gra-d3516f,181,2026-05-26T19:36:03.652,18.1045,60.0,1,18.6763,26.0,G2,0.612724,0,0,1.0,1.1977,1.1977,0.967994,1,1,"-2.55,0.05,0.0",0.967994,0.62,1,"-2.55,0.05,0.0",0.406558,0.25,0,"-2.55,0.05,0.0",0.05,0.0,0,"-2.55,0.05,0.0",0.05,0.0,0,0.3025,0.0,12,12,0.296277,4,0,"{""spill"": 4}",0.33926,0.0608,1,0,MITOSIS_HELPER,OBSERVE,0.6167,5.3797,0.0,0.0,"-2.737037,0.862397,0.082165",0.0,"1.153122,-0.161603,0.0"
20260526-193544-sentence-script-a-single-cell-sphere-gra-d3516f,182,2026-05-26T19:36:03.754,18.2046,60.0,1,18.7972,26.0,G2,0.632871,0,0,1.0,1.2165,1.2165,0.9707,1,1,"-2.55,0.05,0.0",0.9707,0.62,1,"-2.55,0.05,0.0",0.407694,0.25,0,"-2.55,0.05,0.0",0.05,0.0,0,"-2.55,0.05,0.0",0.05,0.0,0,0.3025,0.0,12,12,0.296914,7,0,"{""spill"": 7}",0.440612,0.094321,1,0,MITOSIS_HELPER,OBSERVE,0.7167,5.3797,0.0167,0.0,"-2.759719,0.830224,0.090969",0.0,"1.146034,-0.12361,0.0"
20260526-193544-sentence-script-a-single-cell-sphere-gra-d3516f,183,2026-05-26T19:36:03.853,18.3054,60.0,1,18.9199,26.0,G2,0.653309,0,0,1.0,1.2329,1.2329,0.973444,1,1,"-2.55,0.05,0.0",0.973444,0.62,1,"-2.55,0.05,0.0",0.408847,0.25,0,"-2.55,0.05,0.0",0.05,0.0,0,"-2.55,0.05,0.0",0.05,0.0,0,0.3025,0.0,12,12,0.297554,7,0,"{""spill"": 7}",0.439814,0.045021,1,0,MITOSIS_HELPER,OBSERVE,0.8167,5.3797,0.0333,0.0,"-2.777847,0.804534,0.099508",0.0,"1.139981,-0.084876,0.0"
20260526-193544-sentence-script-a-single-cell-sphere-gra-d3516f,184,2026-05-26T19:36:03.954,18.4063,60.0,1,19.044,26.0,G2,0.674001,0,0,1.0,1.2474,1.2474,0.976223,1,1,"-2.55,0.05,0.0",0.976223,0.62,1,"-2.55,0.05,0.0",0.410014,0.25,0,"-2.55,0.05,0.0",0.05,0.0,0,"-2.55,0.05,0.0",0.05,0.0,0,0.3025,0.0,12,12,0.298195,8,0,"{""spill"": 8}",0.26611,0.04065,1,0,MITOSIS_HELPER,OBSERVE,0.9167,5.3797,0.05,0.0,"-2.728725,0.786675,0.107567",0.0,"1.135025,-0.045495,0.0"
20260526-193544-sentence-script-a-single-cell-sphere-gra-d3516f,185,2026-05-26T19:36:04.058,18.5102,60.0,1,19.1695,26.0,G2,0.694915,0,0,1.0,1.26,1.26,0.979031,1,1,"-2.55,0.05,0.0",0.979031,0.62,1,"-2.55,0.05,0.0",0.411193,0.25,0,"-2.55,0.05,0.0",0.05,0.0,0,"-2.55,0.05,0.0",0.05,0.0,0,0.3025,0.0,12,12,0.298836,10,0,"{""spill"": 10}",0.288159,0.078411,1,0,MITOSIS_HELPER,OBSERVE,1.0167,5.3797,0.0,0.0,"-2.632601,0.777486,0.114962",0.0,"1.131218,-0.005557,0.0"
20260526-193544-sentence-script-a-single-cell-sphere-gra-d3516f,186,2026-05-26T19:36:04.160,18.6113,60.0,1,19.2961,26.0,G2,0.716025,0,0,1.0,1.2711,1.2711,0.981866,1,1,"-2.55,0.05,0.0",0.981866,0.62,1,"-2.55,0.05,0.0",0.412384,0.25,0,"-2.55,0.05,0.0",0.05,0.0,0,"-2.55,0.05,0.0",0.05,0.0,0,0.3025,0.0,12,12,0.299477,10,0,"{""spill"": 10}",0.286845,0.03664,1,0,MITOSIS_HELPER,OBSERVE,1.1167,5.3797,0.0167,0.0,"-2.555777,0.777181,0.121537",0.0,"1.128605,0.034852,0.0"
20260526-193544-sentence-script-a-single-cell-sphere-gra-d3516f,187,2026-05-26T19:36:04.264,18.7168,60.0,1,19.4238,26.0,G2,0.737306,0,0,1.0,1.2808,1.2808,0.984724,1,1,"-2.55,0.05,0.0",0.984724,0.62,1,"-2.55,0.05,0.0",0.413584,0.25,0,"-2.55,0.05,0.0",0.05,0.0,0,"-2.55,0.05,0.0",0.05,0.0,0,0.3025,0.0,12,12,0.300116,10,0,"{""spill"": 10}",0.285473,0.032074,1,0,MITOSIS_HELPER,OBSERVE,1.2167,5.3797,0.0333,0.0,"-2.49438,0.785306,0.12716",0.0,"1.127224,0.07565,0.0"
20260526-193544-sentence-script-a-single-cell-sphere-gra-d3516f,188,2026-05-26T19:36:04.349,18.8011,60.0,1,19.5309,26.0,G2,0.755155,0,0,1.0,1.288,1.288,0.987121,1,1,"-2.55,0.05,0.0",0.987121,0.62,1,"-2.55,0.05,0.0",0.414591,0.25,0,"-2.55,0.05,0.0",0.05,0.0,0,"-2.55,0.05,0.0",0.05,0.0,0,0.3025,0.0,12,12,0.300647,11,0,"{""spill"": 11}",0.277245,0.050779,1,0,MITOSIS_HELPER,OBSERVE,1.3,5.3797,0.0333,0.0,"-2.452744,0.797731,0.13104",0.0,"1.127037,0.109889,0.0"
20260526-193544-sentence-script-a-single-cell-sphere-gra-d3516f,189,2026-05-26T19:36:04.450,18.9021,60.0,1,19.6602,26.0,G2,0.776697,0,0,1.0,1.2956,1.2956,0.990014,1,1,"-2.55,0.05,0.0",0.990014,0.62,1,"-2.55,0.05,0.0",0.415806,0.25,0,"-2.55,0.05,0.0",0.05,0.0,0,"-2.55,0.05,0.0",0.05,0.0,0,0.3025,0.0,12,12,0.301282,12,0,"{""spill"": 12}",0.3226,0.068014,1,0,MITOSIS_HELPER,OBSERVE,1.4,5.3797,0.0,0.0,"-2.412034,0.818001,0.134651",0.0,"1.127991,0.151201,0.0"
20260526-193544-sentence-script-a-single-cell-sphere-gra-d3516f,190,2026-05-26T19:36:04.550,19.0026,60.0,1,19.7901,26.0,G2,0.798357,0,0,1.0,1.3023,1.3023,0.992922,1,1,"-2.55,0.05,0.0",0.992922,0.62,1,"-2.55,0.05,0.0",0.417027,0.25,0,"-2.55,0.05,0.0",0.05,0.0,0,"-2.55,0.05,0.0",0.05,0.0,0,0.3025,0.0,12,12,0.301913,13,0,"{""spill"": 13}",0.236815,0.065317,1,0,MITOSIS_HELPER,OBSERVE,1.5,5.3797,0.0,0.0,"-2.379499,0.84215,0.137056",0.0,"1.130251,0.192688,0.0"
20260526-193544-sentence-script-a-single-cell-sphere-gra-d3516f,191,2026-05-26T19:36:04.651,19.1029,60.0,1,19.9207,26.0,G2,0.82012,0,0,1.0,1.3082,1.3082,0.995845,1,1,"-2.55,0.05,0.0",0.995845,0.62,1,"-2.55,0.05,0.0",0.418255,0.25,0,"-2.55,0.05,0.0",0.05,0.0,0,"-2.55,0.05,0.0",0.05,0.0,0,0.3025,0.0,12,12,0.302541,14,0,"{""spill"": 14}",0.248585,0.080795,1,0,MITOSIS_HELPER,OBSERVE,1.6,5.3797,0.0333,0.0,"-2.353497,0.867814,0.138202",0.0,"1.133832,0.234281,0.0"
20260526-193544-sentence-script-a-single-cell-sphere-gra-d3516f,192,2026-05-26T19:36:04.751,19.2034,60.0,1,20.0518,26.0,G2,0.841975,0,0,1.0,1.3133,1.3133,0.998779,1,1,"-2.55,0.05,0.0",0.998779,0.62,1,"-2.55,0.05,0.0",0.419487,0.25,0,"-2.55,0.05,0.0",0.05,0.0,0,"-2.55,0.05,0.0",0.05,0.0,0,0.3025,0.0,12,12,0.303165,14,0,"{""spill"": 14}",0.246101,0.08218,1,0,MITOSIS_HELPER,OBSERVE,1.7,5.3797,0.05,0.0,"-2.332715,0.892539,0.138057",0.0,"1.138747,0.275913,0.0"
20260526-193544-sentence-script-a-single-cell-sphere-gra-d3516f,193,2026-05-26T19:36:04.853,19.3043,60.0,1,20.1834,26.0,G2,0.863908,0,0,1.0,1.3179,1.3179,1.001725,1,1,"-2.55,0.05,0.0",1.001725,0.62,1,"-2.55,0.05,0.0",0.420724,0.25,0,"-2.55,0.05,0.0",0.05,0.0,0,"-2.55,0.05,0.0",0.05,0.0,0,0.3025,0.0,12,12,0.303785,16,0,"{""spill"": 16}",0.343951,0.096128,1,0,MITOSIS_HELPER,OBSERVE,1.8,5.3797,0.0,0.0,"-2.316107,0.913984,0.136603",0.0,"1.145004,0.317519,0.0"
20260526-193544-sentence-script-a-single-cell-sphere-gra-d3516f,194,2026-05-26T19:36:04.954,19.4064,60.0,1,20.3155,26.0,G2,0.885912,0,0,1.0,1.3218,1.3218,1.00468,1,1,"-2.55,0.05,0.0",1.00468,0.62,1,"-2.55,0.05,0.0",0.421965,0.25,0,"-2.55,0.05,0.0",0.05,0.0,0,"-2.55,0.05,0.0",0.05,0.0,0,0.3025,0.0,12,12,0.304399,18,0,"{""spill"": 18}",0.214346,0.083268,1,0,MITOSIS_HELPER,OBSERVE,1.9,5.3797,0.0167,0.0,"-2.302833,0.93013,0.133841",0.0,"1.152607,0.359036,0.0"
20260526-193544-sentence-script-a-single-cell-sphere-gra-d3516f,195,2026-05-26T19:36:05.056,19.508,60.0,1,20.4479,26.0,G2,0.907976,0,0,1.0,1.3253,1.3253,1.007643,1,1,"-2.55,0.05,0.0",1.007643,0.62,1,"-2.55,0.05,0.0",0.42321,0.25,0,"-2.55,0.05,0.0",0.05,0.0,0,"-2.55,0.05,0.0",0.05,0.0,0,0.3025,0.0,12,12,0.305009,20,0,"{""spill"": 20}",0.1952,0.084277,1,0,MITOSIS_HELPER,OBSERVE,2.0,5.3797,0.0167,0.0,"-2.292225,0.93945,0.129787",0.0,"1.161556,0.400403,0.0"
20260526-193544-sentence-script-a-single-cell-sphere-gra-d3516f,196,2026-05-26T19:36:05.164,19.6149,60.0,1,20.5806,26.0,G2,0.930094,0,0,1.0,1.3283,1.3283,1.010613,1,1,"-2.55,0.05,0.0",1.010613,0.62,1,"-2.55,0.05,0.0",0.424457,0.25,0,"-2.55,0.05,0.0",0.05,0.0,0,"-2.55,0.05,0.0",0.05,0.0,0,0.3025,0.0,12,12,0.305614,20,0,"{""spill"": 20}",0.192199,0.066815,1,0,MITOSIS_HELPER,OBSERVE,2.1,5.3797,0.0,0.0,"-2.283746,0.941046,0.124472",0.0,"1.171851,0.441563,0.0"
20260526-193544-sentence-script-a-single-cell-sphere-gra-d3516f,197,2026-05-26T19:36:05.256,19.7081,60.0,1,20.6914,26.0,G2,0.948562,0,0,1.0,1.3306,1.3306,1.013093,1,1,"-2.55,0.05,0.0",1.013093,0.62,1,"-2.55,0.05,0.0",0.425499,0.25,0,"-2.55,0.05,0.0",0.05,0.0,0,"-2.55,0.05,0.0",0.05,0.0,0,0.3025,0.0,12,12,0.306114,20,0,"{""spill"": 20}",0.189441,0.065976,1,0,MITOSIS_HELPER,OBSERVE,2.1833,5.3797,0.0,0.0,"-2.277997,0.936312,0.119113",0.0,"1.181455,0.475663,0.0"
20260526-193544-sentence-script-a-single-cell-sphere-gra-d3516f,198,2026-05-26T19:36:05.358,19.8098,60.0,1,20.8246,26.0,G2,0.970762,0,0,1.0,1.333,1.333,1.016074,1,1,"-2.55,0.05,0.0",1.016074,0.62,1,"-2.55,0.05,0.0",0.426751,0.25,0,"-2.55,0.05,0.0",0.05,0.0,0,"-2.55,0.05,0.0",0.05,0.0,0,0.3025,0.0,12,12,0.306708,22,0,"{""spill"": 22}",0.174755,0.069851,1,0,MITOSIS_HELPER,OBSERVE,2.2833,5.3797,0.0167,0.0,"-2.272375,0.923757,0.111616",0.0,"1.194202,0.516294,0.0"
20260526-193544-sentence-script-a-single-cell-sphere-gra-d3516f,199,2026-05-26T19:36:05.463,19.9156,60.0,1,20.958,26.0,G2,0.992999,0,0,1.0,1.3351,1.3351,1.01906,1,1,"-2.55,0.05,0.0",1.01906,0.62,1,"-2.55,0.05,0.0",0.428005,0.25,0,"-2.55,0.05,0.0",0.05,0.0,0,"-2.55,0.05,0.0",0.05,0.0,0,0.3025,0.0,12,12,0.307297,22,0,"{""spill"": 22}",0.171198,0.064343,1,0,MITOSIS_HELPER,OBSERVE,2.3833,5.3797,0.05,0.0,"-2.267882,0.904754,0.103024",0.0,"1.208275,0.556561,0.0"
20260526-193544-sentence-script-a-single-cell-sphere-gra-d3516f,200,2026-05-26T19:36:05.548,20.0003,60.0,1,21.0675,26.0,M,0.013491,0,0,1.0,1.281,1.281,1.02,1,1,"-2.55,0.05,0.0",1.011455,0.611906,1,"-2.55,0.05,0.0",0.352184,0.217032,1,"-2.555425,0.05,0.0",0.16,0.01403,1,"-2.544575,0.05,0.0",0.16,0.01403,1,0.737032,0.023727,12,12,0.189422,23,0,"{""spill"": 23}",0.125153,0.07412,1,0,MITOSIS_HELPER,OBSERVE,2.4667,5.3797,0.0333,0.0,"-2.264229,0.885182,0.095085",0.0,"1.220785,0.589244,0.0"
20260526-193544-sentence-script-a-single-cell-sphere-gra-d3516f,201,2026-05-26T19:36:05.656,20.1081,60.0,1,21.19,26.0,M,0.037998,0,0,1.0,1.1885,1.1885,1.02,1,1,"-2.55,0.05,0.0",0.995931,0.597201,1,"-2.55,0.05,0.0",0.343435,0.21164,1,"-2.569796,0.05,0.0",0.16,0.039518,1,"-2.530204,0.05,0.0",0.16,0.039518,1,0.723283,0.06669,12,12,0.185476,26,0,"{""spill"": 26}",0.151402,0.101486,1,0,MITOSIS_HELPER,OBSERVE,2.5667,5.3797,0.0,0.0,"-2.255761,0.859011,0.084703",0.0,"1.235809,0.625423,0.0"
20260526-193544-sentence-script-a-single-cell-sphere-gra-d3516f,202,2026-05-26T19:36:05.760,20.2124,60.0,1,21.3044,26.0,M,0.060877,0,0,1.0,1.1145,1.1145,1.02,1,1,"-2.55,0.05,0.0",0.981439,0.583474,1,"-2.55,0.05,0.0",0.335267,0.206607,1,"-2.585682,0.05,0.0",0.16,0.063312,1,"-2.514318,0.05,0.0",0.16,0.063312,1,0.710448,0.106449,12,12,0.181743,26,0,"{""spill"": 26}",0.146218,0.107604,1,0,MITOSIS_HELPER,OBSERVE,2.6667,5.3797,0.0167,0.0,"-2.243506,0.83211,0.073486",0.0,"1.250797,0.658785,0.0"
20260526-193544-sentence-script-a-single-cell-sphere-gra-d3516f,203,2026-05-26T19:36:05.862,20.3137,60.0,1,21.4123,26.0,M,0.082455,0,0,1.0,1.0553,1.0553,1.02,3,1,"-2.55,0.05,0.0",0.967771,0.570527,1,"-2.55,0.05,0.0",0.327563,0.20186,1,"-2.602138,0.05,0.0",0.161967,0.085753,1,"-2.497862,0.05,0.0",0.161967,0.085753,1,0.698343,0.143446,12,12,0.178215,29,0,"{""spill"": 29}",0.224216,0.127182,1,0,MITOSIS_HELPER,OBSERVE,2.7667,5.3797,0.0,0.0,"-2.310575,0.806867,0.061543",0.0,"1.265772,0.689858,0.0"
20260526-193544-sentence-script-a-single-cell-sphere-gra-d3516f,204,2026-05-26T19:36:05.963,20.4149,60.0,1,21.515,26.0,M,0.102994,0,0,1.0,1.0081,1.0081,1.02,3,1,"-2.55,0.05,0.0",0.954762,0.558204,1,"-2.55,0.05,0.0",0.320231,0.197341,1,"-2.618849,0.05,0.0",0.178426,0.107113,1,"-2.481151,0.05,0.0",0.178426,0.107113,1,0.686821,0.178051,12,12,0.174939,30,0,"{""spill"": 30}",0.231505,0.134935,1,0,MITOSIS_HELPER,OBSERVE,2.8667,5.3797,0.0,0.0,"-2.440007,0.785524,0.048991",0.0,"1.280773,0.719062,0.0"
20260526-193544-sentence-script-a-single-cell-sphere-gra-d3516f,205,2026-05-26T19:36:06.064,20.5161,60.0,1,21.6135,26.0,M,0.122701,0,0,1.0,0.9703,0.9703,1.02,3,1,"-2.55,0.05,0.0",0.942279,0.546379,1,"-2.55,0.05,0.0",0.313196,0.193006,1,"-2.635693,0.05,0.0",0.194218,0.127609,1,"-2.464307,0.05,0.0",0.194218,0.127609,1,0.675765,0.210561,12,12,0.172009,32,0,"{""spill"": 32}",0.203544,0.151598,1,0,MITOSIS_HELPER,OBSERVE,2.9667,5.3797,0.0,0.0,"-2.548106,0.769978,0.035955",0.0,"1.295845,0.746727,0.0"
20260526-193544-sentence-script-a-single-cell-sphere-gra-d3516f,206,2026-05-26T19:36:06.148,20.6006,60.0,1,21.6931,26.0,M,0.138611,0,0,1.0,0.9447,0.9447,1.02,3,1,"-2.55,0.05,0.0",0.932201,0.536834,1,"-2.55,0.05,0.0",0.307516,0.189506,1,"-2.649799,0.05,0.0",0.206967,0.144155,1,"-2.450201,0.05,0.0",0.206967,0.144155,1,0.666839,0.236223,12,12,0.169823,34,0,"{""spill"": 34}",0.159905,0.163111,1,0,MITOSIS_HELPER,OBSERVE,3.05,5.3797,0.0,0.0,"-2.624881,0.762467,0.024814",0.0,"1.30849,0.768793,0.0"
20260526-193544-sentence-script-a-single-cell-sphere-gra-d3516f,207,2026-05-26T19:36:06.250,20.702,60.0,1,21.786,26.0,M,0.157204,0,0,1.0,0.9197,0.9197,1.02,3,1,"-2.55,0.05,0.0",0.920424,0.525678,1,"-2.55,0.05,0.0",0.300878,0.185415,1,"-2.666805,0.05,0.0",0.221866,0.163492,1,"-2.433195,0.05,0.0",0.221866,0.163492,1,0.656409,0.265461,12,12,0.167456,37,0,"{""spill"": 37}",0.149744,0.176188,1,0,MITOSIS_HELPER,OBSERVE,3.15,5.3797,0.0167,0.0,"-2.703966,0.760678,0.011229",0.0,"1.323802,0.794267,0.0"
20260526-193544-sentence-script-a-single-cell-sphere-gra-d3516f,208,2026-05-26T19:36:06.352,20.8037,60.0,1,21.8768,26.0,M,0.175357,0,0,1.0,0.8997,0.8997,1.02,3,1,"-2.55,0.05,0.0",0.908926,0.514786,1,"-2.55,0.05,0.0",0.294398,0.181422,1,"-2.683901,0.05,0.0",0.236412,0.182371,1,"-2.416099,0.05,0.0",0.236412,0.182371,1,0.646225,0.293134,12,12,0.165374,37,0,"{""spill"": 37}",0.141375,0.175639,1,0,MITOSIS_HELPER,OBSERVE,3.25,5.3797,0.0,0.0,"-2.771419,0.766889,-0.002467",0.0,"1.3393,0.8188,0.0"
20260526-193544-sentence-script-a-single-cell-sphere-gra-d3516f,209,2026-05-26T19:36:06.453,20.9055,60.0,1,21.9658,26.0,M,0.193157,0,0,1.0,0.8837,0.8837,1.02,3,1,"-2.55,0.05,0.0",0.89765,0.504106,1,"-2.55,0.05,0.0",0.288043,0.177505,1,"-2.701102,0.05,0.0",0.250677,0.200884,1,"-2.398898,0.05,0.0",0.250677,0.200884,1,0.636239,0.319345,12,12,0.163622,39,0,"{""spill"": 39}",0.145361,0.181862,1,0,MITOSIS_HELPER,OBSERVE,3.35,5.3797,0.0,0.0,"-2.829483,0.780539,-0.016135",0.0,"1.355016,0.842522,0.0"
20260526-193544-sentence-script-a-single-cell-sphere-gra-d3516f,210,2026-05-26T19:36:06.560,21.0126,60.0,1,22.0534,26.0,M,0.210677,0,0,1.0,0.8709,0.8709,1.02,3,1,"-2.55,0.05,0.0",0.886553,0.493594,1,"-2.55,0.05,0.0",0.281788,0.173651,1,"-2.718424,0.05,0.0",0.264716,0.219104,1,"-2.381576,0.05,0.0",0.264716,0.219104,1,0.62641,0.344168,12,12,0.162278,40,0,"{""spill"": 40}",0.107533,0.188197,1,0,MITOSIS_HELPER,OBSERVE,3.45,5.3797,0.0,0.0,"-2.879968,0.800407,-0.02964",0.0,"1.370978,0.865533,0.0"
20260526-193544-sentence-script-a-single-cell-sphere-gra-d3516f,211,2026-05-26T19:36:06.661,21.113,60.0,1,22.1399,26.0,M,0.227971,0,0,1.0,0.8607,0.8607,1.02,3,1,"-2.55,0.05,0.0",0.875598,0.483217,1,"-2.55,0.05,0.0",0.275614,0.169846,1,"-2.73588,0.05,0.0",0.278574,0.23709,1,"-2.36412,0.05,0.0",0.278574,0.23709,1,0.616708,0.36765,12,12,0.161446,40,0,"{""spill"": 40}",0.096996,0.189886,1,0,MITOSIS_HELPER,OBSERVE,3.55,5.3797,0.0833,0.0,"-2.924339,0.824715,-0.042848",0.0,"1.38721,0.887913,0.0"
20260526-193544-sentence-script-a-single-cell-sphere-gra-d3516f,212,2026-05-26T19:36:06.763,21.2136,60.0,1,22.2254,26.0,M,0.245087,0,0,1.0,0.8525,0.8525,1.02,3,1,"-2.55,0.05,0.0",0.864757,0.472948,1,"-2.55,0.05,0.0",0.269504,0.166081,1,"-2.753484,0.05,0.0",0.292289,0.25489,1,"-2.346516,0.05,0.0",0.292289,0.25489,1,0.607106,0.38982,12,12,0.161241,43,0,"{""spill"": 43}",0.080198,0.196691,1,0,MITOSIS_HELPER,OBSERVE,3.65,5.3797,0.0333,0.0,"-2.963775,0.85129,-0.055626",0.0,"1.403731,0.909722,0.0"
20260526-193544-sentence-script-a-single-cell-sphere-gra-d3516f,213,2026-05-26T19:36:06.863,21.3145,60.0,1,22.3103,26.0,M,0.262058,0,0,1.0,0.846,0.846,1.02,3,1,"-2.55,0.05,0.0",0.854007,0.462765,1,"-2.55,0.05,0.0",0.263445,0.162347,1,"-2.771248,0.05,0.0",0.305889,0.27254,1,"-2.328752,0.05,0.0",0.305889,0.27254,1,0.597585,0.410692,12,12,0.161773,44,0,"{""spill"": 44}",0.054993,0.206124,1,0,MITOSIS_HELPER,OBSERVE,3.75,5.3797,0.05,0.0,"-2.999229,0.877757,-0.067848",0.0,"1.420554,0.931006,0.0"
20260526-193544-sentence-script-a-single-cell-sphere-gra-d3516f,214,2026-05-26T19:36:06.963,21.4155,60.0,1,22.3946,26.0,M,0.278915,0,0,1.0,0.8408,0.8408,1.02,3,1,"-2.55,0.05,0.0",0.84333,0.452651,1,"-2.55,0.05,0.0",0.257427,0.158639,1,"-2.789178,0.05,0.0",0.319397,0.290071,1,"-2.310822,0.05,0.0",0.319397,0.290071,1,0.588129,0.430268,12,12,0.163129,46,0,"{""spill"": 46}",0.024259,0.208651,1,0,MITOSIS_HELPER,OBSERVE,3.85,5.3797,0.0,0.0,"-3.031472,0.901749,-0.079392",0.0,"1.437692,0.9518,0.0"
20260526-193544-sentence-script-a-single-cell-sphere-gra-d3516f,215,2026-05-26T19:36:07.064,21.5164,60.0,1,22.4784,26.0,M,0.29568,0,0,1.0,0.8366,0.8366,1.02,3,1,"-2.55,0.05,0.0",0.832711,0.442592,1,"-2.55,0.05,0.0",0.251442,0.15495,1,"-2.807282,0.05,0.0",0.332831,0.307507,1,"-2.292718,0.05,0.0",0.332831,0.307507,1,0.578724,0.44854,12,12,0.165381,46,0,"{""spill"": 46}",-0.026518,0.218514,1,0,MITOSIS_HELPER,OBSERVE,3.95,5.3797,0.0167,0.0,"-3.061123,0.921123,-0.090141",0.0,"1.455154,0.97213,0.0"
20260526-193544-sentence-script-a-single-cell-sphere-gra-d3516f,216,2026-05-26T19:36:07.148,21.6006,60.0,1,22.548,26.0,M,0.309594,0,0,1.0,0.8338,0.8338,1.02,3,1,"-2.55,0.05,0.0",0.823897,0.434244,1,"-2.55,0.05,0.0",0.246475,0.151889,1,"-2.822504,0.05,0.0",0.343981,0.321978,1,"-2.277496,0.05,0.0",0.343981,0.321978,1,0.570918,0.462763,12,12,0.167989,47,0,"{""spill"": 47}",-0.013241,0.220145,1,0,MITOSIS_HELPER,OBSERVE,4.0333,5.3797,0.0333,0.0,"-3.084218,0.932475,-0.098415",0.0,"1.469957,0.988732,0.0"
20260526-193544-sentence-script-a-single-cell-sphere-gra-d3516f,217,2026-05-26T19:36:07.250,21.7025,60.0,1,22.6312,26.0,M,0.326236,0,0,1.0,0.831,0.831,1.02,3,1,"-2.55,0.05,0.0",0.813356,0.424258,1,"-2.55,0.05,0.0",0.240534,0.148228,1,"-2.840936,0.05,0.0",0.357317,0.339285,1,"-2.259064,0.05,0.0",0.357317,0.339285,1,0.561582,0.478611,12,12,0.17206,48,0,"{""spill"": 48}",-0.020348,0.222432,1,0,MITOSIS_HELPER,OBSERVE,4.1333,5.3797,0.0,0.0,"-3.110349,0.93929,-0.107436",0.0,"1.488025,1.008258,0.0"
20260526-193544-sentence-script-a-single-cell-sphere-gra-d3516f,218,2026-05-26T19:36:07.353,21.8034,60.0,1,22.7141,26.0,M,0.342829,0,0,1.0,0.8288,0.8288,1.02,3,1,"-2.55,0.05,0.0",0.802845,0.414302,1,"-2.55,0.05,0.0",0.23461,0.144578,1,"-2.859549,0.05,0.0",0.370614,0.356543,1,"-2.240451,0.05,0.0",0.370614,0.356543,1,0.552273,0.49311,12,12,0.177262,49,0,"{""spill"": 49}",0.02477,0.219775,1,0,MITOSIS_HELPER,OBSERVE,4.2333,5.3797,0.0,0.0,"-3.135071,0.938132,-0.115384",0.0,"1.506428,1.027362,0.0"
20260526-193544-sentence-script-a-single-cell-sphere-gra-d3516f,219,2026-05-26T19:36:07.452,21.9044,60.0,1,22.7969,26.0,M,0.359384,0,0,1.0,0.827,0.827,1.02,3,1,"-2.55,0.05,0.0",0.792359,0.40437,1,"-2.55,0.05,0.0",0.2287,0.140936,1,"-2.878345,0.05,0.0",0.38388,0.373759,1,"-2.221655,0.05,0.0",0.38388,0.373759,1,0.542986,0.506241,12,12,0.183774,50,0,"{""spill"": 50}",0.014775,0.216248,1,0,MITOSIS_HELPER,OBSERVE,4.3333,5.3797,0.0,0.0,"-3.158657,0.929103,-0.122179",0.0,"1.525165,1.046049,0.0"
20260526-193544-sentence-script-a-single-cell-sphere-gra-d3516f,220,2026-05-26T19:36:07.553,22.0055,60.0,1,22.8795,26.0,M,0.375908,0,0,1.0,0.8256,0.8256,1.02,3,1,"-2.55,0.05,0.0",0.781893,0.394455,1,"-2.55,0.05,0.0",0.222801,0.1373,1,"-2.897323,0.05,0.0",0.397121,0.390944,1,"-2.202677,0.05,0.0",0.397121,0.390944,1,0.533716,0.517981,12,12,0.191699,54,0,"{""spill"": 54}",-0.018657,0.214807,1,0,MITOSIS_HELPER,OBSERVE,4.4333,5.3797,0.0,0.0,"-3.181327,0.91301,-0.127753",0.0,"1.544236,1.064324,0.0"
20260526-193544-sentence-script-a-single-cell-sphere-gra-d3516f,221,2026-05-26T19:36:07.654,22.1059,60.0,1,22.962,26.0,M,0.392406,0,0,1.0,0.8245,0.8245,1.02,3,1,"-2.55,0.05,0.0",0.771442,0.384556,1,"-2.55,0.05,0.0",0.216911,0.133671,1,"-2.916481,0.05,0.0",0.410342,0.408103,1,"-2.183519,0.05,0.0",0.410342,0.408103,1,0.52446,0.528312,12,12,0.200933,54,0,"{""spill"": 54}",-0.028815,0.216477,1,0,MITOSIS_HELPER,OBSERVE,4.5333,5.3797,0.0833,0.0,"-3.203257,0.891289,-0.132051",0.0,"1.563639,1.082188,0.0"
20260526-193544-sentence-script-a-single-cell-sphere-gra-d3516f,222,2026-05-26T19:36:07.755,22.2069,60.0,1,23.0444,26.0,M,0.408885,0,0,1.0,0.8236,0.8236,1.02,3,1,"-2.55,0.05,0.0",0.761004,0.374669,1,"-2.55,0.05,0.0",0.211028,0.130045,1,"-2.935819,0.05,0.0",0.423547,0.425241,1,"-2.164181,0.05,0.0",0.423547,0.425241,1,0.515215,0.537214,12,12,0.211371,54,0,"{""spill"": 54}",-0.03889,0.212425,1,0,MITOSIS_HELPER,OBSERVE,4.6333,5.3797,0.0833,0.0,"-3.012937,0.865881,-0.135028",0.0,"1.583371,1.099641,0.0"
20260526-193544-sentence-script-a-single-cell-sphere-gra-d3516f,223,2026-05-26T19:36:07.857,22.308,60.0,1,23.1267,26.0,M,0.425348,0,0,1.0,0.8229,0.8229,1.02,3,1,"-2.55,0.05,0.0",0.750576,0.364791,1,"-2.55,0.05,0.0",0.205151,0.126423,1,"-2.955334,0.05,0.0",0.436739,0.442362,1,"-2.144666,0.05,0.0",0.436739,0.442362,1,0.50598,0.54467,12,12,0.222959,54,0,"{""spill"": 54}",-0.048081,0.211489,1,0,MITOSIS_HELPER,OBSERVE,4.7333,5.3797,0.0667,0.0,"-2.763675,0.839055,-0.136657",0.0,"1.603426,1.116682,0.0"
20260526-193544-sentence-script-a-single-cell-sphere-gra-d3516f,224,2026-05-26T19:36:07.957,22.4093,60.0,1,23.209,26.0,M,0.441799,0,0,1.0,0.8223,0.8223,1.02,3,1,"-2.55,0.05,0.0",0.740156,0.354921,1,"-2.55,0.05,0.0",0.199278,0.122804,1,"-2.975023,0.05,0.0",0.449921,0.459471,1,"-2.124977,0.05,0.0",0.449921,0.459471,1,0.496751,0.550665,12,12,0.235661,53,0,"{""spill"": 53}",-0.032847,0.2081,1,0,MITOSIS_HELPER,OBSERVE,4.8333,5.3797,0.0167,0.0,"-2.560663,0.813207,-0.13692",0.0,"1.623801,1.133307,0.0"
20260526-193544-sentence-script-a-single-cell-sphere-gra-d3516f,225,2026-05-26T19:36:08.059,22.5108,60.0,1,23.2912,26.0,M,0.458239,0,0,1.0,0.8218,0.8218,1.02,3,1,"-2.55,0.05,0.0",0.729742,0.345057,1,"-2.55,0.05,0.0",0.193409,0.119187,1,"-2.994884,0.05,0.0",0.463096,0.476569,1,"-2.105116,0.05,0.0",0.463096,0.476569,1,0.487528,0.555187,12,12,0.249444,53,0,"{""spill"": 53}",-0.068808,0.207403,1,0,MITOSIS_HELPER,OBSERVE,4.9333,5.3797,0.0333,0.0,"-2.394617,0.790646,-0.135815",0.0,"1.644489,1.149515,0.0"
20260526-193544-sentence-script-a-single-cell-sphere-gra-d3516f,226,2026-05-26T19:36:08.160,22.6125,60.0,1,23.3734,26.0,M,0.474671,0,0,1.0,0.8215,0.8215,1.02,3,1,"-2.55,0.05,0.0",0.719334,0.335197,1,"-2.55,0.05,0.0",0.187542,0.115572,1,"-3.014914,0.05,0.0",0.476263,0.493658,1,"-2.085086,0.05,0.0",0.476263,0.493658,1,0.478309,0.558228,12,12,0.264281,54,0,"{""spill"": 54}",-0.057741,0.209243,1,0,MITOSIS_HELPER,OBSERVE,5.0333,5.3797,0.0,0.0,"-2.258117,0.773388,-0.133353",0.0,"1.665485,1.1653,0.0"
20260526-193544-sentence-script-a-single-cell-sphere-gra-d3516f,227,2026-05-26T19:36:08.262,22.7141,60.0,1,23.4555,26.0,M,0.491097,0,0,1.0,0.8212,0.8212,1.02,3,1,"-2.55,0.05,0.0",0.708929,0.325342,1,"-2.55,0.05,0.0",0.181678,0.111959,1,"-3.035111,0.05,0.0",0.489426,0.510741,1,"-2.064889,0.05,0.0",0.489426,0.510741,1,0.469095,0.559781,12,12,0.280148,55,0,"{""spill"": 55}",-0.04625,0.209414,1,0,MITOSIS_HELPER,OBSERVE,5.1333,5.3797,0.0333,0.0,"-2.145231,0.762973,-0.129558",0.0,"1.686781,1.18066,0.0"
20260526-193544-sentence-script-a-single-cell-sphere-gra-d3516f,228,2026-05-26T19:36:08.364,22.8157,60.0,1,23.5376,26.0,M,0.507517,0,0,1.0,0.8209,0.8209,1.02,3,1,"-2.55,0.05,0.0",0.698528,0.31549,1,"-2.55,0.05,0.0",0.175816,0.108346,1,"-3.05547,0.05,0.0",0.502584,0.527818,1,"-2.04453,0.05,0.0",0.502584,0.527818,1,0.459883,0.559844,12,12,0.297026,55,0,"{""spill"": 55}",-0.055219,0.209827,1,0,MITOSIS_HELPER,OBSERVE,5.2333,5.3797,0.0833,0.0,"-2.051219,0.760333,-0.124469",0.0,"1.708371,1.195589,0.0"
20260526-193544-sentence-script-a-single-cell-sphere-gra-d3516f,229,2026-05-26T19:36:08.450,22.9008,60.0,1,23.606,26.0,M,0.521198,0,0,1.0,0.8208,0.8208,1.02,3,1,"-2.55,0.05,0.0",0.689863,0.307281,1,"-2.55,0.05,0.0",0.170932,0.105336,1,"-3.072559,0.05,0.0",0.513547,0.542046,1,"-2.027441,0.05,0.0",0.513547,0.542046,1,0.452208,0.558759,12,12,0.31185,54,0,"{""spill"": 54}",-0.047555,0.209354,1,0,MITOSIS_HELPER,OBSERVE,5.3167,5.3797,0.05,0.0,"-1.984536,0.764263,-0.119275",0.0,"1.726582,1.207698,0.0"
20260526-193544-sentence-script-a-single-cell-sphere-gra-d3516f,230,2026-05-26T19:36:08.551,23.0031,60.0,1,23.6895,26.0,M,0.537892,0,0,1.0,0.8622,0.8622,1.02,3,1,"-2.55,0.05,0.0",0.679288,0.297265,1,"-2.55,0.05,0.0",0.164973,0.101664,1,"-3.093564,0.05,0.0",0.526924,0.559408,1,"-2.006436,0.05,0.0",0.526924,0.559408,1,0.442843,0.556037,12,12,0.330868,52,0,"{""spill"": 52}",-0.054643,0.216777,1,0,CLOCK_SPIN,MITOSIS_HELPER,0.0333,4.2723,0.0167,0.0,"-1.627253,0.575757,-0.078787",0.0,"1.744589,1.219252,0.0"
20260526-193544-sentence-script-a-single-cell-sphere-gra-d3516f,231,2026-05-26T19:36:08.652,23.1042,60.0,1,23.78,26.0,M,0.555992,0,0,1.0,0.9336,0.9336,1.02,3,1,"-2.55,0.05,0.0",0.667823,0.286405,1,"-2.55,0.05,0.0",0.158511,0.097682,1,"-3.116524,0.05,0.0",0.541429,0.578232,1,"-1.983476,0.05,0.0",0.541429,0.578232,1,0.432688,0.551358,12,12,0.352629,51,0,"{""spill"": 51}",-0.077539,0.222275,1,0,CLOCK_SPIN,MITOSIS_HELPER,0.1333,4.2723,0.0,0.0,"-1.057351,0.207516,-0.013152",0.0,"1.760181,1.228928,0.0"
20260526-193544-sentence-script-a-single-cell-sphere-gra-d3516f,232,2026-05-26T19:36:08.752,23.2046,60.0,1,23.8768,26.0,M,0.575363,0,0,1.0,0.9918,0.9918,1.02,3,1,"-2.55,0.05,0.0",0.655554,0.274782,1,"-2.55,0.05,0.0",0.151595,0.09342,1,"-3.141302,0.05,0.0",0.556951,0.598377,1,"-1.958698,0.05,0.0",0.556951,0.598377,1,0.421821,0.544378,12,12,0.377218,51,0,"{""orbit"": 1, ""spill"": 50}",-0.09614,0.230284,1,0,CLOCK_SPIN,MITOSIS_HELPER,0.2333,4.2723,0.0,0.0,"-0.558731,-0.132994,0.038137",0.0,"1.777654,1.239421,0.0"
20260526-193544-sentence-script-a-single-cell-sphere-gra-d3516f,233,2026-05-26T19:36:08.854,23.3048,60.0,1,23.9788,26.0,M,0.595769,0,0,1.0,1.0393,1.0393,1.02,3,1,"-2.55,0.05,0.0",0.642628,0.262538,1,"-2.55,0.05,0.0",0.14431,0.088931,1,"-3.167632,0.05,0.0",0.573303,0.6196,1,"-1.932368,0.05,0.0",0.573303,0.6196,1,0.410373,0.534845,12,12,0.404564,51,0,"{""orbit"": 2, ""spill"": 49}",-0.094539,0.23003,1,0,CLOCK_SPIN,MITOSIS_HELPER,0.3333,4.2723,0.0,0.0,"-0.107397,-0.441549,0.071988",0.0,"1.796726,1.250462,0.0"
20260526-193544-sentence-script-a-single-cell-sphere-gra-d3516f,234,2026-05-26T19:36:08.953,23.4051,60.0,1,24.0851,26.0,M,0.617021,0,0,1.0,1.0781,1.0781,1.02,3,1,"-2.55,0.05,0.0",0.629166,0.249787,1,"-2.55,0.05,0.0",0.136723,0.084255,1,"-3.195293,0.05,0.0",0.590333,0.641702,1,"-1.904707,0.05,0.0",0.590333,0.641702,1,0.398451,0.522581,12,12,0.434603,51,0,"{""orbit"": 3, ""spill"": 48}",-0.101841,0.218941,1,0,CLOCK_SPIN,MITOSIS_HELPER,0.4333,4.2723,0.0,0.0,"0.313458,-0.713487,0.086786",0.0,"1.817166,1.26183,0.0"
20260526-193544-sentence-script-a-single-cell-sphere-gra-d3516f,235,2026-05-26T19:36:09.053,23.5052,60.0,1,24.1948,26.0,M,0.638963,0,0,1.0,1.1098,1.1098,1.02,3,1,"-2.55,0.05,0.0",0.615268,0.236622,1,"-2.55,0.05,0.0",0.12889,0.079428,1,"-3.224104,0.05,0.0",0.607916,0.65,1,"-1.875896,0.05,0.0",0.607916,0.65,1,0.386142,0.507477,12,12,0.467277,51,0,"{""orbit"": 4, ""spill"": 47}",-0.151945,0.220574,1,0,CLOCK_SPIN,MITOSIS_HELPER,0.5333,4.2723,0.0167,0.0,"0.714809,-0.944172,0.082768",0.0,"1.838781,1.273346,0.0"
20260526-193544-sentence-script-a-single-cell-sphere-gra-d3516f,236,2026-05-26T19:36:09.153,23.6053,60.0,1,24.3073,26.0,M,0.661468,0,0,1.0,1.1356,1.1356,1.02,3,1,"-2.55,0.05,0.0",0.601013,0.223119,1,"-2.55,0.05,0.0",0.120856,0.074477,1,"-3.253911,0.05,0.0",0.62595,0.65,1,"-1.846089,0.05,0.0",0.62595,0.65,1,0.373517,0.489483,12,12,0.502528,51,0,"{""orbit"": 5, ""spill"": 46}",-0.161984,0.214464,1,0,CLOCK_SPIN,MITOSIS_HELPER,0.6333,4.2723,0.0333,0.0,"1.102923,-1.129403,0.062121",0.0,"1.861412,1.28486,0.0"
20260526-193544-sentence-script-a-single-cell-sphere-gra-d3516f,237,2026-05-26T19:36:09.255,23.7054,60.0,1,24.4222,26.0,M,0.684432,0,0,1.0,1.1566,1.1566,1.02,3,1,"-2.55,0.05,0.0",0.586467,0.209341,1,"-2.55,0.05,0.0",0.112658,0.069425,1,"-3.284589,0.05,0.0",0.644351,0.65,1,"-1.815411,0.05,0.0",0.644351,0.65,1,0.360634,0.4686,12,12,0.540304,48,0,"{""orbit"": 6, ""spill"": 42}",-0.200597,0.230287,1,0,CLOCK_SPIN,MITOSIS_HELPER,0.7333,4.2723,0.0,0.0,"1.480315,-1.265739,0.028798",0.0,"1.884923,1.296251,0.0"
20260526-193544-sentence-script-a-single-cell-sphere-gra-d3516f,238,2026-05-26T19:36:09.353,23.8055,60.0,1,24.5389,26.0,M,0.70777,0,0,1.0,1.1738,1.1738,1.02,3,1,"-2.55,0.05,0.0",0.571684,0.195338,1,"-2.55,0.05,0.0",0.104326,0.064291,1,"-3.316033,0.05,0.0",0.663053,0.65,1,"-1.783967,0.05,0.0",0.663053,0.65,1,0.347541,0.44488,12,12,0.580556,45,0,"{""orbit"": 6, ""spill"": 39}",-0.20101,0.237593,1,0,CLOCK_SPIN,MITOSIS_HELPER,0.8333,4.2723,0.0333,0.0,"1.846575,-1.350767,-0.011905",0.0,"1.909201,1.307421,0.0"
20260526-193544-sentence-script-a-single-cell-sphere-gra-d3516f,239,2026-05-26T19:36:09.454,23.9056,60.0,1,24.6571,26.0,M,0.731415,0,0,1.0,1.1878,1.1878,1.02,3,1,"-2.55,0.05,0.0",0.556707,0.181151,0,"-2.55,0.05,0.0",0.095885,0.059089,1,"-3.348154,0.05,0.0",0.682,0.65,1,"-1.751846,0.05,0.0",0.682,0.65,1,0.334276,0.418412,12,12,0.623236,47,0,"{""orbit"": 9, ""spill"": 38}",-0.267244,0.236917,1,0,CLOCK_SPIN,MITOSIS_HELPER,0.9333,4.2723,0.0167,0.0,"2.199093,-1.383298,-0.053968",0.0,"1.93415,1.318289,0.0"
20260526-193544-sentence-script-a-single-cell-sphere-gra-d3516f,240,2026-05-26T19:36:09.554,24.0064,60.0,1,24.7765,26.0,M,0.755309,0,0,1.0,1.1993,1.1993,1.02,3,1,"-2.55,0.05,0.0",0.5508,0.166815,0,"-2.55,0.05,0.0",0.087355,0.053832,1,"-3.380879,0.05,0.0",0.701148,0.65,1,"-1.719121,0.05,0.0",0.701148,0.65,1,0.320872,0.389321,12,12,0.668302,45,0,"{""orbit"": 9, ""spill"": 36}",-0.332346,0.252718,1,0,CLOCK_SPIN,MITOSIS_HELPER,1.0333,4.2723,0.0,0.0,"2.533701,-1.363502,-0.091372",0.0,"1.959688,1.328789,0.0"
20260526-193544-sentence-script-a-single-cell-sphere-gra-d3516f,241,2026-05-26T19:36:09.655,24.107,60.0,1,24.897,26.0,M,0.779406,0,0,1.0,1.2086,1.2086,1.02,3,1,"-2.55,0.05,0.0",0.5508,0.152356,0,"-2.55,0.05,0.0",0.078752,0.048531,1,"-3.414146,0.05,0.0",0.720458,0.65,1,"-1.685854,0.05,0.0",0.720458,0.65,1,0.307353,0.357762,12,12,0.715716,44,0,"{""orbit"": 9, ""spill"": 35}",-0.329825,0.261235,1,0,CLOCK_SPIN,MITOSIS_HELPER,1.1333,4.2723,0.0167,0.0,"2.845238,-1.292975,-0.11883",0.0,"1.985744,1.338869,0.0"
20260526-193544-sentence-script-a-single-cell-sphere-gra-d3516f,242,2026-05-26T19:36:09.755,24.2072,60.0,1,25.0183,26.0,M,0.80367,0,0,1.0,1.2162,1.2162,1.02,3,1,"-2.55,0.05,0.0",0.5508,0.137798,0,"-2.55,0.05,0.0",0.07009,0.043193,1,"-3.447903,0.05,0.0",0.739901,0.65,1,"-1.652097,0.05,0.0",0.739901,0.65,1,0.293741,0.323914,12,12,0.76544,42,0,"{""orbit"": 9, ""spill"": 33}",-0.327317,0.250817,1,0,CLOCK_SPIN,MITOSIS_HELPER,1.2333,4.2723,0.0,0.0,"3.128062,-1.174742,-0.132437",0.0,"2.012258,1.348483,0.0"
20260526-193544-sentence-script-a-single-cell-sphere-gra-d3516f,243,2026-05-26T19:36:09.855,24.3071,60.0,1,25.1403,26.0,M,0.828069,0,0,1.0,1.2224,1.2224,1.02,3,1,"-2.55,0.05,0.0",0.5508,0.123159,0,"-2.55,0.05,0.0",0.061379,0.037825,1,"-3.482106,0.05,0.0",0.759453,0.65,1,"-1.617894,0.05,0.0",0.759453,0.65,1,0.280053,0.287982,12,12,0.817444,42,0,"{""orbit"": 9, ""spill"": 33}",-0.340638,0.257318,1,0,CLOCK_SPIN,MITOSIS_HELPER,1.3333,4.2723,0.05,0.0,"3.376498,-1.013209,-0.130149",0.0,"2.039176,1.357598,0.0"
20260526-193544-sentence-script-a-single-cell-sphere-gra-d3516f,244,2026-05-26T19:36:09.956,24.407,60.0,1,25.2629,26.0,M,0.852579,0,0,1.0,1.2275,1.2275,1.02,3,1,"-2.55,0.05,0.0",0.5508,0.108453,0,"-2.55,0.05,0.0",0.052629,0.032433,1,"-3.516719,0.05,0.0",0.761,0.65,1,"-1.583281,0.05,0.0",0.761,0.65,1,0.266303,0.250184,12,12,0.871697,42,0,"{""orbit"": 10, ""spill"": 32}",-0.349264,0.255355,1,0,CLOCK_SPIN,MITOSIS_HELPER,1.4333,4.2723,0.0667,0.0,"3.585228,-0.814055,-0.112023",0.0,"2.066453,1.366184,0.0"
20260526-193544-sentence-script-a-single-cell-sphere-gra-d3516f,245,2026-05-26T19:36:10.055,24.5069,60.0,1,25.3859,26.0,M,0.877179,0,0,1.0,1.2317,1.2317,1.02,3,1,"-2.55,0.05,0.0",0.5508,0.093693,0,"-2.55,0.05,0.0",0.043847,0.027021,1,"-3.551711,0.05,0.0",0.761,0.65,1,"-1.548289,0.05,0.0",0.761,0.65,1,0.252503,0.210756,12,12,0.928174,41,0,"{""orbit"": 10, ""spill"": 31}",-0.341012,0.253647,1,0,CLOCK_SPIN,MITOSIS_HELPER,1.5333,4.2723,0.0,0.0,"3.74963,-0.584073,-0.080199",0.0,"2.094048,1.374216,0.0"
20260526-193544-sentence-script-a-single-cell-sphere-gra-d3516f,246,2026-05-26T19:36:10.154,24.6066,60.0,1,25.5093,26.0,M,0.901853,0,0,1.0,1.235,1.235,1.02,2,1,"-2.55,0.05,0.0",0.5508,0.078888,0,"-2.55,0.05,0.0",0.035039,0.021592,1,"-3.587054,0.05,0.0",0.761,0.65,1,"-1.512946,0.05,0.0",0.761,0.65,0,0.238661,0.169947,12,12,0.986851,41,0,"{""orbit"": 10, ""spill"": 31}",-0.350573,0.248555,1,0,CLOCK_SPIN,MITOSIS_HELPER,1.6333,4.2723,0.0167,0.0,"3.866054,-0.330975,-0.038613",0.0,"2.121926,1.381677,0.0"
20260526-193544-sentence-script-a-single-cell-sphere-gra-d3516f,247,2026-05-26T19:36:10.254,24.7065,60.0,1,25.6329,26.0,M,0.926586,0,0,1.0,1.2378,1.2378,1.02,2,1,"-2.55,0.05,0.0",0.5508,0.064048,0,"-2.55,0.05,0.0",0.026209,0.016151,1,"-3.622727,0.05,0.0",0.761,0.65,1,"-1.477273,0.05,0.0",0.761,0.65,0,0.224785,0.128014,12,12,1.047708,39,0,"{""orbit"": 11, ""spill"": 28}",-0.404346,0.265009,1,0,CLOCK_SPIN,MITOSIS_HELPER,1.7333,4.2723,0.0,0.0,"3.932036,-0.063159,0.007517",0.0,"2.150053,1.38855,0.0"
20260526-193544-sentence-script-a-single-cell-sphere-gra-d3516f,248,2026-05-26T19:36:10.354,24.8065,60.0,1,25.7568,26.0,M,0.951369,0,0,1.0,1.24,1.24,1.02,2,1,"-2.55,0.05,0.0",0.5508,0.049179,0,"-2.55,0.05,0.0",0.017361,0.010699,1,"-3.658711,0.05,0.0",0.761,0.65,1,"-1.441289,0.05,0.0",0.761,0.65,0,0.210882,0.085224,12,12,1.110725,37,0,"{""orbit"": 12, ""spill"": 25}",-0.398378,0.261579,1,0,CLOCK_SPIN,MITOSIS_HELPER,1.8333,4.2723,0.0,0.0,"3.946463,0.210548,0.052365",0.0,"2.1784,1.394821,0.0"
20260526-193544-sentence-script-a-single-cell-sphere-gra-d3516f,249,2026-05-26T19:36:10.455,24.9062,60.0,1,25.881,26.0,M,0.976192,0,0,1.0,1.2419,1.2419,1.02,2,1,"-2.55,0.05,0.0",0.5508,0.034285,0,"-2.55,0.05,0.0",0.0085,0.005238,1,"-3.694988,0.05,0.0",0.761,0.65,1,"-1.405012,0.05,0.0",0.761,0.65,0,0.196957,0.041847,12,12,1.175887,35,0,"{""orbit"": 12, ""spill"": 23}",-0.369133,0.264217,1,0,CLOCK_SPIN,MITOSIS_HELPER,1.9333,4.2723,0.0,0.0,"3.909665,0.481169,0.090249",0.0,"2.206941,1.400481,0.0"
20260526-193544-sentence-script-a-single-cell-sphere-gra-d3516f,250,2026-05-26T19:36:10.554,25.006,60.0,1,26.0,26.0,M,1.0,1,0,1.0,1.2434,1.2434,1.02,2,1,"-2.55,0.05,0.0",0.5508,0.02,0,"-2.55,0.05,0.0",0.0,0.0,1,"-3.73,0.05,0.0",0.761,0.65,1,"-1.37,0.05,0.0",0.761,0.65,0,0.1836,0.0,12,12,1.240302,36,0,"{""orbit"": 13, ""spill"": 23}",-0.340277,0.265888,1,0,CLOCK_SPIN,MITOSIS_HELPER,2.0333,4.2723,0.0167,0.0,"3.823454,0.739853,0.116369",0.0,"2.233999,1.405248,0.0"
20260526-193544-sentence-script-a-single-cell-sphere-gra-d3516f,251,2026-05-26T19:36:10.655,25.1067,60.0,1,26.0,26.0,M,1.0,1,0,1.0,1.2446,1.2446,1.02,2,1,"-2.55,0.05,0.0",0.5508,0.02,0,"-2.55,0.05,0.0",0.0,0.0,1,"-3.73,0.05,0.0",0.761,0.65,1,"-1.37,0.05,0.0",0.761,0.65,0,0.1836,0.0,12,12,1.240302,35,0,"{""orbit"": 13, ""spill"": 22}",-0.32975,0.267233,1,0,CLOCK_SPIN,MITOSIS_HELPER,2.1333,4.2723,0.0958,0.1,"3.691105,0.978158,0.127416",0.0,"2.223564,1.403478,0.0"
20260526-193544-sentence-script-a-single-cell-sphere-gra-d3516f,252,2026-05-26T19:36:10.755,25.2075,60.0,1,26.0,26.0,M,1.0,1,0,1.0,1.2456,1.2456,1.02,2,1,"-2.55,0.05,0.0",0.5508,0.02,0,"-2.55,0.05,0.0",0.0,0.0,1,"-3.73,0.05,0.0",0.761,0.65,1,"-1.37,0.05,0.0",0.761,0.65,0,0.1836,0.0,12,12,1.240302,34,0,"{""orbit"": 13, ""spill"": 21}",-0.368018,0.285532,1,0,CLOCK_SPIN,MITOSIS_HELPER,2.2333,4.2723,0.0283,0.2,"3.517276,1.188321,0.122008",0.0,"2.213144,1.401625,0.0"
20260526-193544-sentence-script-a-single-cell-sphere-gra-d3516f,253,2026-05-26T19:36:10.856,25.3077,60.0,1,26.0,26.0,M,1.0,1,0,1.0,1.2464,1.2464,1.02,2,1,"-2.55,0.05,0.0",0.5508,0.02,0,"-2.55,0.05,0.0",0.0,0.0,1,"-3.73,0.05,0.0",0.761,0.65,1,"-1.37,0.05,0.0",0.761,0.65,0,0.1836,0.0,12,12,1.240302,31,0,"{""orbit"": 14, ""spill"": 17}",-0.348175,0.292489,1,0,CLOCK_SPIN,MITOSIS_HELPER,2.3333,4.2723,0.0283,0.3,"3.307883,1.3635,0.100865",0.0,"2.202739,1.399689,0.0"
20260526-193544-sentence-script-a-single-cell-sphere-gra-d3516f,254,2026-05-26T19:36:10.957,25.4085,60.0,1,26.0,26.0,M,1.0,1,0,1.0,1.2471,1.2471,1.02,2,1,"-2.55,0.05,0.0",0.5508,0.02,0,"-2.55,0.05,0.0",0.0,0.0,1,"-3.73,0.05,0.0",0.761,0.65,1,"-1.37,0.05,0.0",0.761,0.65,0,0.1836,0.0,12,12,1.240302,31,0,"{""orbit"": 14, ""spill"": 17}",-0.345101,0.301226,1,0,CLOCK_SPIN,MITOSIS_HELPER,2.4333,4.2723,0.1633,0.4,"3.069926,1.497994,0.066716",0.0,"2.192349,1.397669,0.0"
20260526-193544-sentence-script-a-single-cell-sphere-gra-d3516f,255,2026-05-26T19:36:11.059,25.5102,60.0,1,26.0,26.0,M,1.0,1,0,1.0,1.2476,1.2476,1.02,2,1,"-2.55,0.05,0.0",0.5508,0.02,0,"-2.55,0.05,0.0",0.0,0.0,1,"-3.73,0.05,0.0",0.761,0.65,1,"-1.37,0.05,0.0",0.761,0.65,0,0.1836,0.0,12,12,1.240302,29,0,"{""orbit"": 14, ""spill"": 15}",-0.42387,0.326061,1,0,CLOCK_SPIN,MITOSIS_HELPER,2.5333,4.2723,0.0283,0.5,"2.811278,1.587427,0.023957",0.0,"2.181976,1.395566,0.0"
20260526-193544-sentence-script-a-single-cell-sphere-gra-d3516f,256,2026-05-26T19:36:11.159,25.6113,60.0,1,26.0,26.0,M,1.0,1,0,1.0,1.248,1.248,1.02,2,1,"-2.55,0.05,0.0",0.5508,0.02,0,"-2.55,0.05,0.0",0.0,0.0,1,"-3.73,0.05,0.0",0.761,0.65,1,"-1.37,0.05,0.0",0.761,0.65,0,0.1836,0.0,12,12,1.240302,28,0,"{""orbit"": 14, ""spill"": 14}",-0.469088,0.33885,1,0,CLOCK_SPIN,MITOSIS_HELPER,2.6333,4.2723,0.0958,0.6,"2.540439,1.628884,-0.021918",0.0,"2.17162,1.393381,0.0"
20260526-193544-sentence-script-a-single-cell-sphere-gra-d3516f,257,2026-05-26T19:36:11.260,25.7121,60.0,1,26.0,26.0,M,1.0,1,0,1.0,1.2484,1.2484,1.02,2,1,"-2.55,0.05,0.0",0.5508,0.02,0,"-2.55,0.05,0.0",0.0,0.0,1,"-3.73,0.05,0.0",0.761,0.65,1,"-1.37,0.05,0.0",0.761,0.65,0,0.1836,0.0,12,12,1.240302,28,0,"{""orbit"": 14, ""spill"": 14}",-0.460276,0.353093,1,0,CLOCK_SPIN,MITOSIS_HELPER,2.7333,4.2723,0.2308,0.7,"2.266273,1.621008,-0.065019",0.0,"2.161282,1.391112,0.0"
20260526-193544-sentence-script-a-single-cell-sphere-gra-d3516f,258,2026-05-26T19:36:11.361,25.8128,60.0,1,26.0,26.0,M,1.0,1,0,1.0,1.2487,1.2487,1.02,2,1,"-2.55,0.05,0.0",0.5508,0.02,0,"-2.55,0.05,0.0",0.0,0.0,1,"-3.73,0.05,0.0",0.761,0.65,1,"-1.37,0.05,0.0",0.761,0.65,0,0.1836,0.0,12,12,1.240302,24,0,"{""orbit"": 15, ""spill"": 9}",-0.351996,0.367098,1,0,CLOCK_SPIN,MITOSIS_HELPER,2.8333,4.2723,0.0058,0.8,"1.997727,1.564037,-0.099811",0.0,"2.150963,1.388761,0.0"
20260526-193544-sentence-script-a-single-cell-sphere-gra-d3516f,259,2026-05-26T19:36:11.461,25.9134,60.0,1,26.0,26.0,M,1.0,1,0,1.0,1.2489,1.2489,1.02,2,1,"-2.55,0.05,0.0",0.5508,0.02,0,"-2.55,0.05,0.0",0.0,0.0,1,"-3.73,0.05,0.0",0.761,0.65,1,"-1.37,0.05,0.0",0.761,0.65,0,0.1836,0.0,12,12,1.240302,24,0,"{""orbit"": 15, ""spill"": 9}",-0.334857,0.375882,1,0,CLOCK_SPIN,MITOSIS_HELPER,2.9333,4.2723,0.1183,0.9,"1.743547,1.459802,-0.121828",0.0,"2.140662,1.386328,0.0"
20260526-193544-sentence-script-a-single-cell-sphere-gra-d3516f,260,2026-05-26T19:36:11.562,26.0141,60.0,1,26.0,26.0,M,1.0,1,0,1.0,1.2491,1.2491,1.02,2,1,"-2.55,0.05,0.0",0.5508,0.02,0,"-2.55,0.05,0.0",0.0,0.0,1,"-3.73,0.05,0.0",0.761,0.65,1,"-1.37,0.05,0.0",0.761,0.65,0,0.1836,0.0,12,12,1.240302,23,0,"{""orbit"": 15, ""spill"": 8}",-0.281878,0.382365,1,0,CLOCK_SPIN,MITOSIS_HELPER,3.0333,4.2723,0.2533,1.0,"1.512001,1.31166,-0.128243",0.0,"2.130382,1.383812,0.0"
20260526-193544-sentence-script-a-single-cell-sphere-gra-d3516f,261,2026-05-26T19:36:11.663,26.1147,60.0,1,26.0,26.0,M,1.0,1,0,1.0,1.2493,1.2493,1.02,2,1,"-2.55,0.05,0.0",0.5508,0.02,0,"-2.55,0.05,0.0",0.0,0.0,1,"-3.73,0.05,0.0",0.761,0.65,1,"-1.37,0.05,0.0",0.761,0.65,0,0.1836,0.0,12,12,1.240302,25,0,"{""orbit"": 17, ""spill"": 8}",-0.138188,0.392999,1,0,CLOCK_SPIN,MITOSIS_HELPER,3.1333,4.2723,0.0508,1.1,"1.310612,1.124392,-0.11823",0.0,"2.120121,1.381214,0.0"
20260526-193544-sentence-script-a-single-cell-sphere-gra-d3516f,262,2026-05-26T19:36:11.763,26.215,60.0,1,26.0,26.0,M,1.0,1,0,1.0,1.2494,1.2494,1.02,2,1,"-2.55,0.05,0.0",0.5508,0.02,0,"-2.55,0.05,0.0",0.0,0.0,1,"-3.73,0.05,0.0",0.761,0.65,1,"-1.37,0.05,0.0",0.761,0.65,0,0.1836,0.0,12,12,1.240302,25,0,"{""orbit"": 18, ""spill"": 7}",-0.037941,0.414556,1,0,CLOCK_SPIN,MITOSIS_HELPER,3.2333,4.2723,0.0508,1.2,"1.14592,0.904044,-0.093069",0.0,"2.109882,1.378534,0.0"
20260526-193544-sentence-script-a-single-cell-sphere-gra-d3516f,263,2026-05-26T19:36:11.864,26.3153,60.0,1,26.0,26.0,M,1.0,1,0,1.0,1.2495,1.2495,1.02,2,1,"-2.55,0.05,0.0",0.5508,0.02,0,"-2.55,0.05,0.0",0.0,0.0,1,"-3.73,0.05,0.0",0.761,0.65,1,"-1.37,0.05,0.0",0.761,0.65,0,0.1836,0.0,12,12,1.240302,26,0,"{""orbit"": 20, ""spill"": 6}",0.094598,0.425294,1,0,CLOCK_SPIN,MITOSIS_HELPER,3.3333,4.2723,0.0058,1.3,"1.023274,0.65773,-0.055984",0.0,"2.099665,1.375772,0.0"
20260526-193544-sentence-script-a-single-cell-sphere-gra-d3516f,264,2026-05-26T19:36:11.964,26.4158,60.0,1,26.0,26.0,M,1.0,1,0,1.0,1.2496,1.2496,1.02,2,1,"-2.55,0.05,0.0",0.5508,0.02,0,"-2.55,0.05,0.0",0.0,0.0,1,"-3.73,0.05,0.0",0.761,0.65,1,"-1.37,0.05,0.0",0.761,0.65,0,0.1836,0.0,12,12,1.240302,26,0,"{""orbit"": 20, ""spill"": 6}",0.117597,0.45073,1,0,CLOCK_SPIN,MITOSIS_HELPER,3.4333,4.2723,0.1408,1.4,"0.946657,0.393408,-0.011728",0.0,"2.08947,1.372929,0.0"
20260526-193544-sentence-script-a-single-cell-sphere-gra-d3516f,265,2026-05-26T19:36:12.064,26.5163,60.0,1,26.0,26.0,M,1.0,1,0,1.0,1.2497,1.2497,1.02,2,1,"-2.55,0.05,0.0",0.5508,0.02,0,"-2.55,0.05,0.0",0.0,0.0,1,"-3.73,0.05,0.0",0.761,0.65,1,"-1.37,0.05,0.0",0.761,0.65,0,0.1836,0.0,12,12,1.240302,27,0,"{""orbit"": 22, ""spill"": 5}",0.199918,0.443567,1,0,CLOCK_SPIN,MITOSIS_HELPER,3.5333,4.2723,0.0733,1.5,"0.918559,0.119614,0.034027",0.0,"2.079299,1.370004,0.0"
20260526-193544-sentence-script-a-single-cell-sphere-gra-d3516f,266,2026-05-26T19:36:12.148,26.6001,60.0,1,26.0,26.0,M,1.0,1,0,1.0,1.2497,1.2497,1.02,2,1,"-2.55,0.05,0.0",0.5508,0.02,0,"-2.55,0.05,0.0",0.0,0.0,1,"-3.73,0.05,0.0",0.761,0.65,1,"-1.37,0.05,0.0",0.761,0.65,0,0.1836,0.0,12,12,1.240302,26,0,"{""orbit"": 22, ""spill"": 4}",0.270311,0.471411,1,0,CLOCK_SPIN,MITOSIS_HELPER,3.6167,4.2723,0.0958,1.5833,"0.93292,-0.109404,0.069057",0.0,"2.07084,1.367504,0.0"
20260526-193544-sentence-script-a-single-cell-sphere-gra-d3516f,267,2026-05-26T19:36:12.249,26.7008,60.0,1,26.0,26.0,M,1.0,1,0,1.0,1.2498,1.2498,1.02,2,1,"-2.55,0.05,0.0",0.5508,0.02,0,"-2.55,0.05,0.0",0.0,0.0,1,"-3.73,0.05,0.0",0.761,0.65,1,"-1.37,0.05,0.0",0.761,0.65,0,0.1836,0.0,12,12,1.240302,27,0,"{""orbit"": 23, ""spill"": 4}",0.280812,0.489418,1,0,CLOCK_SPIN,MITOSIS_HELPER,3.7167,4.2723,0.0958,1.6833,"0.995011,-0.377566,0.102709",0.0,"2.060712,1.36443,0.0"
20260526-193544-sentence-script-a-single-cell-sphere-gra-d3516f,268,2026-05-26T19:36:12.351,26.8014,60.0,1,26.0,26.0,M,1.0,1,0,1.0,1.2498,1.2498,1.02,2,1,"-2.55,0.05,0.0",0.5508,0.02,0,"-2.55,0.05,0.0",0.0,0.0,1,"-3.73,0.05,0.0",0.761,0.65,1,"-1.37,0.05,0.0",0.761,0.65,0,0.1836,0.0,12,12,1.240302,27,0,"{""orbit"": 23, ""spill"": 4}",0.307857,0.509697,1,0,CLOCK_SPIN,MITOSIS_HELPER,3.8167,4.2723,0.2308,1.7833,"1.104088,-0.630292,0.123191",0.0,"2.050609,1.361276,0.0"
20260526-193544-sentence-script-a-single-cell-sphere-gra-d3516f,269,2026-05-26T19:36:12.450,26.9023,60.0,1,26.0,26.0,M,1.0,1,0,1.0,1.2499,1.2499,1.02,2,1,"-2.55,0.05,0.0",0.5508,0.02,0,"-2.55,0.05,0.0",0.0,0.0,1,"-3.73,0.05,0.0",0.761,0.65,1,"-1.37,0.05,0.0",0.761,0.65,0,0.1836,0.0,12,12,1.240302,28,0,"{""orbit"": 24, ""spill"": 4}",0.293482,0.525509,1,0,CLOCK_SPIN,MITOSIS_HELPER,3.9167,4.2723,0.3658,1.8833,"1.256632,-0.859417,0.127877",0.0,"2.040532,1.35804,0.0"
20260526-193544-sentence-script-a-single-cell-sphere-gra-d3516f,270,2026-05-26T19:36:12.551,27.0033,60.0,1,26.0,26.0,M,1.0,1,0,1.0,1.2499,1.2499,1.02,2,1,"-2.55,0.05,0.0",0.5508,0.02,0,"-2.55,0.05,0.0",0.0,0.0,1,"-3.73,0.05,0.0",0.761,0.65,1,"-1.37,0.05,0.0",0.761,0.65,0,0.1836,0.0,12,12,1.240302,27,0,"{""orbit"": 23, ""spill"": 4}",0.32932,0.562462,1,0,CLOCK_SPIN,MITOSIS_HELPER,4.0167,4.2723,0.0733,1.9833,"1.44772,-1.057537,0.116166",0.0,"2.030481,1.354724,0.0"
20260526-193544-sentence-script-a-single-cell-sphere-gra-d3516f,271,2026-05-26T19:36:12.652,27.1038,60.0,1,26.0,26.0,M,1.0,1,0,1.0,1.2499,1.2499,1.02,2,1,"-2.55,0.05,0.0",0.5508,0.02,0,"-2.55,0.05,0.0",0.0,0.0,1,"-3.73,0.05,0.0",0.761,0.65,1,"-1.37,0.05,0.0",0.761,0.65,0,0.1836,0.0,12,12,1.240302,27,0,"{""orbit"": 24, ""spill"": 3}",0.351809,0.589503,1,0,CLOCK_SPIN,MITOSIS_HELPER,4.1167,4.2723,0.0058,2.0833,"1.671181,-1.218251,0.089561",0.0,"2.020457,1.351328,0.0"
20260526-193544-sentence-script-a-single-cell-sphere-gra-d3516f,272,2026-05-26T19:36:12.752,27.204,60.0,1,26.0,26.0,M,1.0,1,0,1.0,1.2499,1.2499,1.02,2,1,"-2.55,0.05,0.0",0.5508,0.02,0,"-2.55,0.05,0.0",0.0,0.0,1,"-3.73,0.05,0.0",0.761,0.65,1,"-1.37,0.05,0.0",0.761,0.65,0,0.1836,0.0,12,12,1.240302,26,0,"{""orbit"": 24, ""spill"": 2}",0.427978,0.624129,1,0,CLOCK_SPIN,MITOSIS_HELPER,4.2167,4.2723,0.0733,2.1833,"1.919797,-1.336368,0.051473",0.0,"2.01046,1.347852,0.0"
20260526-193544-sentence-script-a-single-cell-sphere-gra-d3516f,273,2026-05-26T19:36:12.853,27.3044,60.0,1,26.0,26.0,M,1.0,1,0,1.0,1.2499,1.2499,1.02,2,1,"-2.55,0.05,0.0",0.5508,0.02,0,"-2.55,0.05,0.0",0.0,0.0,1,"-3.73,0.05,0.0",0.761,0.65,1,"-1.37,0.05,0.0",0.761,0.65,0,0.1836,0.0,12,12,1.240302,27,0,"{""orbit"": 25, ""spill"": 2}",0.391384,0.632176,1,0,RESET_LOOP,CLOCK_SPIN,0.0333,1.0,0.0508,2.2833,"2.051053,-1.378202,0.029608",0.0,"2.005472,1.346083,0.0"
20260526-193544-sentence-script-a-single-cell-sphere-gra-d3516f,274,2026-05-26T19:36:12.953,27.4052,60.0,1,26.0,26.0,M,1.0,1,0,1.0,1.2499,1.2499,1.02,2,1,"-2.55,0.05,0.0",0.5508,0.02,0,"-2.55,0.05,0.0",0.0,0.0,1,"-3.73,0.05,0.0",0.761,0.65,1,"-1.37,0.05,0.0",0.761,0.65,0,0.1836,0.0,12,12,1.240302,25,0,"{""orbit"": 24, ""spill"": 1}",0.464902,0.670659,1,0,RESET_LOOP,CLOCK_SPIN,0.1333,1.0,0.0733,2.3833,"2.051053,-1.378202,0.029608",0.0,"2.005472,1.346083,0.0"
20260526-193544-sentence-script-a-single-cell-sphere-gra-d3516f,275,2026-05-26T19:36:13.054,27.506,60.0,1,26.0,26.0,M,1.0,1,0,1.0,1.2499,1.2499,1.02,2,1,"-2.55,0.05,0.0",0.5508,0.02,0,"-2.55,0.05,0.0",0.0,0.0,1,"-3.73,0.05,0.0",0.761,0.65,1,"-1.37,0.05,0.0",0.761,0.65,0,0.1836,0.0,12,12,1.240302,25,0,"{""orbit"": 24, ""spill"": 1}",0.495904,0.697886,1,0,RESET_LOOP,CLOCK_SPIN,0.2333,1.0,0.2083,2.4833,"2.051053,-1.378202,0.029608",0.0,"2.005472,1.346083,0.0"
20260526-193544-sentence-script-a-single-cell-sphere-gra-d3516f,276,2026-05-26T19:36:13.154,27.6067,60.0,1,26.0,26.0,M,1.0,1,0,1.0,1.2499,1.2499,1.02,2,1,"-2.55,0.05,0.0",0.5508,0.02,0,"-2.55,0.05,0.0",0.0,0.0,1,"-3.73,0.05,0.0",0.761,0.65,1,"-1.37,0.05,0.0",0.761,0.65,0,0.1836,0.0,12,12,1.240302,24,0,"{""orbit"": 23, ""spill"": 1}",0.55384,0.733282,1,0,RESET_LOOP,CLOCK_SPIN,0.3333,1.0,0.0733,2.5833,"2.051053,-1.378202,0.029608",0.0,"2.005472,1.346083,0.0"
20260526-193544-sentence-script-a-single-cell-sphere-gra-d3516f,277,2026-05-26T19:36:13.255,27.7074,60.0,1,26.0,26.0,M,1.0,1,0,1.0,1.2499,1.2499,1.02,2,1,"-2.55,0.05,0.0",0.5508,0.02,0,"-2.55,0.05,0.0",0.0,0.0,1,"-3.73,0.05,0.0",0.761,0.65,1,"-1.37,0.05,0.0",0.761,0.65,0,0.1836,0.0,12,12,1.240302,21,0,"{""orbit"": 21}",0.65604,0.785491,1,0,RESET_LOOP,CLOCK_SPIN,0.4333,1.0,0.0283,2.6833,"2.051053,-1.378202,0.029608",0.0,"2.005472,1.346083,0.0"
20260526-193544-sentence-script-a-single-cell-sphere-gra-d3516f,278,2026-05-26T19:36:13.356,27.8081,60.0,1,26.0,26.0,M,1.0,1,0,1.0,1.2499,1.2499,1.02,2,1,"-2.55,0.05,0.0",0.5508,0.02,0,"-2.55,0.05,0.0",0.0,0.0,1,"-3.73,0.05,0.0",0.761,0.65,1,"-1.37,0.05,0.0",0.761,0.65,0,0.1836,0.0,12,12,1.240302,19,0,"{""orbit"": 19}",0.736128,0.835335,1,0,RESET_LOOP,CLOCK_SPIN,0.5333,1.0,0.0733,2.7833,"2.051053,-1.378202,0.029608",0.0,"2.005472,1.346083,0.0"
20260526-193544-sentence-script-a-single-cell-sphere-gra-d3516f,279,2026-05-26T19:36:13.456,27.9087,60.0,1,26.0,26.0,M,1.0,1,0,1.0,1.2499,1.2499,1.02,2,1,"-2.55,0.05,0.0",0.5508,0.02,0,"-2.55,0.05,0.0",0.0,0.0,1,"-3.73,0.05,0.0",0.761,0.65,1,"-1.37,0.05,0.0",0.761,0.65,0,0.1836,0.0,12,12,1.240302,18,0,"{""orbit"": 18}",0.740265,0.823475,1,0,RESET_LOOP,CLOCK_SPIN,0.6333,1.0,0.0958,2.8833,"2.051053,-1.378202,0.029608",0.0,"2.005472,1.346083,0.0"
20260526-193544-sentence-script-a-single-cell-sphere-gra-d3516f,280,2026-05-26T19:36:13.557,28.0092,60.0,1,26.0,26.0,M,1.0,1,0,1.0,1.2499,1.2499,1.02,2,1,"-2.55,0.05,0.0",0.5508,0.02,0,"-2.55,0.05,0.0",0.0,0.0,1,"-3.73,0.05,0.0",0.761,0.65,1,"-1.37,0.05,0.0",0.761,0.65,0,0.1836,0.0,12,12,1.240302,18,0,"{""orbit"": 18}",0.768166,0.849935,1,0,RESET_LOOP,CLOCK_SPIN,0.7333,1.0,0.2308,2.9833,"2.051053,-1.378202,0.029608",0.0,"2.005472,1.346083,0.0"
20260526-193544-sentence-script-a-single-cell-sphere-gra-d3516f,281,2026-05-26T19:36:13.659,28.11,60.0,2,0.1,26.0,G1,0.014286,0,0,1.0,1.0,1.0,0.552238,1,1,"-2.55,0.05,0.0",0.552238,0.62,1,"-2.55,0.05,0.0",0.23194,0.25,0,"-2.55,0.05,0.0",0.05,0.0,0,"-2.55,0.05,0.0",0.05,0.0,0,0.3025,0.0,12,0,0.131291,22,0,"{""attach"": 22}",0.000893,0.159657,1,0,OBSERVE,RESET_LOOP,0.0833,6.2879,0.0333,0.0,"1.515696,-1.054159,0.040401",0.0,"2.035712,1.356461,0.0"
20260526-193544-sentence-script-a-single-cell-sphere-gra-d3516f,282,2026-05-26T19:36:13.756,28.2085,60.0,2,0.2,26.0,G1,0.028571,0,0,1.0,1.0,1.0,0.554476,1,1,"-2.55,0.05,0.0",0.554476,0.62,1,"-2.55,0.05,0.0",0.23288,0.25,0,"-2.55,0.05,0.0",0.05,0.0,0,"-2.55,0.05,0.0",0.05,0.0,0,0.3025,0.0,12,0,0.131823,22,0,"{""attach"": 22}",-0.000149,0.159657,1,0,OBSERVE,RESET_LOOP,0.1833,6.2879,0.0167,0.0,"0.951944,-0.714675,0.048558",0.0,"2.066194,1.366105,0.0"
20260526-193544-sentence-script-a-single-cell-sphere-gra-d3516f,283,2026-05-26T19:36:13.854,28.3062,60.0,2,0.3,26.0,G1,0.042857,0,0,1.0,1.0,1.0,0.556714,1,1,"-2.55,0.05,0.0",0.556714,0.62,1,"-2.55,0.05,0.0",0.23382,0.25,0,"-2.55,0.05,0.0",0.05,0.0,0,"-2.55,0.05,0.0",0.05,0.0,0,0.3025,0.0,12,0,0.132355,22,0,"{""attach"": 22}",-0.001191,0.159657,1,0,OBSERVE,RESET_LOOP,0.2833,6.2879,0.0167,0.0,"0.463636,-0.422104,0.052143",0.0,"2.0969,1.375009,0.0"
20260526-193544-sentence-script-a-single-cell-sphere-gra-d3516f,284,2026-05-26T19:36:13.951,28.4035,60.0,2,0.4,26.0,G1,0.057143,0,0,1.0,1.0,1.0,0.558952,1,1,"-2.55,0.05,0.0",0.558952,0.62,1,"-2.55,0.05,0.0",0.23476,0.25,0,"-2.55,0.05,0.0",0.05,0.0,0,"-2.55,0.05,0.0",0.05,0.0,0,0.3025,0.0,12,0,0.132887,22,0,"{""attach"": 22}",-0.002234,0.159657,1,0,OBSERVE,RESET_LOOP,0.3833,6.2879,0.0167,0.0,"0.041274,-0.170093,0.051768",0.0,"2.127812,1.383169,0.0"
20260526-193544-sentence-script-a-single-cell-sphere-gra-d3516f,285,2026-05-26T19:36:14.050,28.5009,60.0,2,0.5,26.0,G1,0.071429,0,0,1.0,1.0,1.0,0.56119,1,1,"-2.55,0.05,0.0",0.56119,0.62,1,"-2.55,0.05,0.0",0.2357,0.25,0,"-2.55,0.05,0.0",0.05,0.0,0,"-2.55,0.05,0.0",0.05,0.0,0,0.3025,0.0,12,0,0.13342,22,0,"{""attach"": 22}",-0.003276,0.159657,1,0,OBSERVE,RESET_LOOP,0.4833,6.2879,0.0167,0.0,"-0.323293,0.046808,0.047971",0.0,"2.158912,1.39058,0.0"
20260526-193544-sentence-script-a-single-cell-sphere-gra-d3516f,286,2026-05-26T19:36:14.161,28.6136,60.0,2,0.6167,26.0,G1,0.088095,0,0,1.0,1.0,1.0,0.563802,1,1,"-2.55,0.05,0.0",0.563802,0.62,1,"-2.55,0.05,0.0",0.236797,0.25,0,"-2.55,0.05,0.0",0.05,0.0,0,"-2.55,0.05,0.0",0.05,0.0,0,0.3025,0.0,12,0,0.13404,22,0,"{""attach"": 22}",-0.004492,0.159657,1,0,OBSERVE,RESET_LOOP,0.6,6.2879,0.05,0.0,"-0.68485,0.261687,0.039842",0.0,"2.195409,1.398273,0.0"
20260526-193544-sentence-script-a-single-cell-sphere-gra-d3516f,287,2026-05-26T19:36:14.258,28.7101,60.0,2,0.7167,26.0,G1,0.102381,0,0,1.0,1.0,1.0,0.56604,1,1,"-2.55,0.05,0.0",0.56604,0.62,1,"-2.55,0.05,0.0",0.237737,0.25,0,"-2.55,0.05,0.0",0.05,0.0,0,"-2.55,0.05,0.0",0.05,0.0,0,0.3025,0.0,12,0,0.134572,22,0,"{""attach"": 22}",-0.005535,0.159657,1,0,OBSERVE,RESET_LOOP,0.7,6.2879,0.05,0.0,"-0.946885,0.417689,0.030174",0.0,"2.226855,1.404046,0.0"
20260526-193544-sentence-script-a-single-cell-sphere-gra-d3516f,288,2026-05-26T19:36:14.354,28.8061,60.0,2,0.8167,26.0,G1,0.116667,0,0,1.0,1.0,1.0,0.568278,1,1,"-2.55,0.05,0.0",0.568278,0.62,1,"-2.55,0.05,0.0",0.238677,0.25,0,"-2.55,0.05,0.0",0.05,0.0,0,"-2.55,0.05,0.0",0.05,0.0,0,0.3025,0.0,12,0,0.135105,22,0,"{""attach"": 22}",-0.006577,0.159657,1,0,OBSERVE,RESET_LOOP,0.8,6.2879,0.05,0.0,"-1.170079,0.551257,0.018395",0.0,"2.25843,1.409057,0.0"
20260526-193544-sentence-script-a-single-cell-sphere-gra-d3516f,289,2026-05-26T19:36:14.450,28.9022,60.0,2,0.9167,26.0,G1,0.130952,0,0,1.0,1.0,1.0,0.570516,1,1,"-2.55,0.05,0.0",0.570516,0.62,1,"-2.55,0.05,0.0",0.239617,0.25,0,"-2.55,0.05,0.0",0.05,0.0,0,"-2.55,0.05,0.0",0.05,0.0,0,0.3025,0.0,12,0,0.135637,22,0,"{""attach"": 22}",-0.007619,0.159657,1,0,OBSERVE,RESET_LOOP,0.9,6.2879,0.05,0.0,"-1.358764,0.665288,0.004827",0.0,"2.290118,1.413304,0.0"
20260526-193544-sentence-script-a-single-cell-sphere-gra-d3516f,290,2026-05-26T19:36:14.563,29.0151,60.0,2,1.0333,26.0,G1,0.147619,0,0,1.0,1.0,1.0,0.573127,1,1,"-2.55,0.05,0.0",0.573127,0.62,1,"-2.55,0.05,0.0",0.240713,0.25,0,"-2.55,0.05,0.0",0.05,0.0,0,"-2.55,0.05,0.0",0.05,0.0,0,0.3025,0.0,12,0,0.136257,22,0,"{""attach"": 22}",-0.008835,0.159657,1,0,OBSERVE,RESET_LOOP,1.0167,6.2879,0.0667,0.0,"-1.540229,0.776938,-0.012886",0.0,"2.327204,1.417289,0.0"
20260526-193544-sentence-script-a-single-cell-sphere-gra-d3516f,291,2026-05-26T19:36:14.663,29.1154,60.0,2,1.1333,26.0,G1,0.161905,0,0,1.0,1.0,1.0,0.575365,1,1,"-2.55,0.05,0.0",0.575365,0.62,1,"-2.55,0.05,0.0",0.241653,0.25,0,"-2.55,0.05,0.0",0.05,0.0,0,"-2.55,0.05,0.0",0.05,0.0,0,0.3025,0.0,12,0,0.136789,22,0,"{""attach"": 22}",-0.009878,0.159657,1,0,OBSERVE,RESET_LOOP,1.1167,6.2879,0.0667,0.0,"-1.666262,0.856739,-0.029392",0.0,"2.35907,1.419871,0.0"
20260526-193544-sentence-script-a-single-cell-sphere-gra-d3516f,292,2026-05-26T19:36:14.764,29.2159,60.0,2,1.2333,26.0,G1,0.17619,0,0,1.0,1.0,1.0,0.577603,1,1,"-2.55,0.05,0.0",0.577603,0.62,1,"-2.55,0.05,0.0",0.242593,0.25,0,"-2.55,0.05,0.0",0.05,0.0,0,"-2.55,0.05,0.0",0.05,0.0,0,0.3025,0.0,12,0,0.137322,22,0,"{""attach"": 22}",-0.01092,0.159657,1,0,OBSERVE,RESET_LOOP,1.2167,6.2879,0.0667,0.0,"-1.767939,0.923791,-0.046882",0.0,"2.39099,1.421683,0.0"
20260526-193544-sentence-script-a-single-cell-sphere-gra-d3516f,293,2026-05-26T19:36:14.866,29.3173,60.0,2,1.3333,26.0,G1,0.190476,0,0,1.0,1.0,1.0,0.579841,1,1,"-2.55,0.05,0.0",0.579841,0.62,1,"-2.55,0.05,0.0",0.243533,0.25,0,"-2.55,0.05,0.0",0.05,0.0,0,"-2.55,0.05,0.0",0.05,0.0,0,0.3025,0.0,12,0,0.137854,22,0,"{""attach"": 22}",-0.011963,0.159657,1,0,OBSERVE,RESET_LOOP,1.3167,6.2879,0.0667,0.0,"-1.84761,0.979667,-0.065151",0.0,"2.422944,1.422723,0.0"
20260526-193544-sentence-script-a-single-cell-sphere-gra-d3516f,294,2026-05-26T19:36:14.949,29.4017,60.0,2,1.4167,26.0,G1,0.202381,0,0,1.0,1.0,1.0,0.581706,1,1,"-2.55,0.05,0.0",0.581706,0.62,1,"-2.55,0.05,0.0",0.244317,0.25,0,"-2.55,0.05,0.0",0.05,0.0,0,"-2.55,0.05,0.0",0.05,0.0,0,0.3025,0.0,12,0,0.138297,22,0,"{""attach"": 22}",-0.012831,0.159657,1,0,OBSERVE,RESET_LOOP,1.4,6.2879,0.05,0.0,"-1.898675,1.018684,-0.080837",0.0,"2.449585,1.423,0.0"
20260526-193544-sentence-script-a-single-cell-sphere-gra-d3516f,295,2026-05-26T19:36:15.055,29.5074,60.0,2,1.5167,26.0,G1,0.216667,0,0,1.0,1.0,1.0,0.583944,1,1,"-2.55,0.05,0.0",0.583944,0.62,1,"-2.55,0.05,0.0",0.245257,0.25,0,"-2.55,0.05,0.0",0.05,0.0,0,"-2.55,0.05,0.0",0.05,0.0,0,0.3025,0.0,12,0,0.138829,22,0,"{""attach"": 22}",-0.013873,0.159657,1,0,OBSERVE,RESET_LOOP,1.5,6.2879,0.0333,0.0,"-1.943119,1.057488,-0.100066",0.0,"2.481554,1.422624,0.0"
20260526-193544-sentence-script-a-single-cell-sphere-gra-d3516f,296,2026-05-26T19:36:15.158,29.6105,60.0,2,1.6167,26.0,G1,0.230952,0,0,1.0,1.0,1.0,0.586183,1,1,"-2.55,0.05,0.0",0.586183,0.62,1,"-2.55,0.05,0.0",0.246197,0.25,0,"-2.55,0.05,0.0",0.05,0.0,0,"-2.55,0.05,0.0",0.05,0.0,0,0.3025,0.0,12,0,0.139361,22,0,"{""attach"": 22}",-0.014916,0.159657,1,0,OBSERVE,RESET_LOOP,1.6,6.2879,0.0333,0.0,"-1.970696,1.088549,-0.119591",0.0,"2.513504,1.421475,0.0"
20260526-193544-sentence-script-a-single-cell-sphere-gra-d3516f,297,2026-05-26T19:36:15.262,29.7139,60.0,2,1.7167,26.0,G1,0.245238,0,0,1.0,1.0,1.0,0.588421,1,1,"-2.55,0.05,0.0",0.588421,0.62,1,"-2.55,0.05,0.0",0.247137,0.25,0,"-2.55,0.05,0.0",0.05,0.0,0,"-2.55,0.05,0.0",0.05,0.0,0,0.3025,0.0,12,0,0.139893,22,0,"{""attach"": 22}",-0.015958,0.159657,1,0,OBSERVE,RESET_LOOP,1.7,6.2879,0.0333,0.0,"-1.982807,1.112799,-0.139269",0.0,"2.545417,1.419555,0.0"
20260526-193544-sentence-script-a-single-cell-sphere-gra-d3516f,298,2026-05-26T19:36:15.364,29.815,60.0,2,1.8167,26.0,G1,0.259524,0,0,1.0,1.0,1.0,0.590659,1,1,"-2.55,0.05,0.0",0.590659,0.62,1,"-2.55,0.05,0.0",0.248077,0.25,0,"-2.55,0.05,0.0",0.05,0.0,0,"-2.55,0.05,0.0",0.05,0.0,0,0.3025,0.0,12,0,0.140425,22,0,"{""attach"": 22}",-0.017001,0.159657,1,0,OBSERVE,RESET_LOOP,1.8,6.2879,0.0333,0.0,"-1.980692,1.131063,-0.158968",0.0,"2.577275,1.416864,0.0"
20260526-193544-sentence-script-a-single-cell-sphere-gra-d3516f,299,2026-05-26T19:36:15.453,29.9039,60.0,2,1.9,26.0,G1,0.271429,0,0,1.0,1.0,1.0,0.592524,1,1,"-2.55,0.05,0.0",0.592524,0.62,1,"-2.55,0.05,0.0",0.24886,0.25,0,"-2.55,0.05,0.0",0.05,0.0,0,"-2.55,0.05,0.0",0.05,0.0,0,0.3025,0.0,12,0,0.140869,22,0,"{""attach"": 22}",-0.017869,0.159657,1,0,OBSERVE,RESET_LOOP,1.8833,6.2879,0.0167,0.0,"-1.96886,1.142238,-0.175311",0.0,"2.603767,1.414034,0.0"
20260526-193544-sentence-script-a-single-cell-sphere-gra-d3516f,300,2026-05-26T19:36:15.561,30.0135,60.0,2,2.0,26.0,G1,0.285714,0,0,1.0,1.0,1.0,0.594762,1,1,"-2.55,0.05,0.0",0.594762,0.62,1,"-2.55,0.05,0.0",0.2498,0.25,0,"-2.55,0.05,0.0",0.05,0.0,0,"-2.55,0.05,0.0",0.05,0.0,0,0.3025,0.0,12,0,0.141401,22,0,"{""attach"": 22}",-0.018912,0.159657,1,0,OBSERVE,RESET_LOOP,1.9833,6.2879,0.0167,0.0,"-1.943442,1.151364,-0.194738",0.0,"2.635474,1.409935,0.0"
20260526-193544-sentence-script-a-single-cell-sphere-gra-d3516f,301,2026-05-26T19:36:15.663,30.1143,60.0,2,2.1,26.0,G1,0.3,0,0,1.0,1.0,1.0,0.597,1,1,"-2.55,0.05,0.0",0.597,0.62,1,"-2.55,0.05,0.0",0.25074,0.25,0,"-2.55,0.05,0.0",0.05,0.0,0,"-2.55,0.05,0.0",0.05,0.0,0,0.3025,0.0,12,0,0.141933,22,0,"{""attach"": 22}",-0.019954,0.159657,1,0,OBSERVE,RESET_LOOP,2.0833,6.2879,0.0167,0.0,"-1.906636,1.156374,-0.213863",0.0,"2.667073,1.40507,0.0"
20260526-193544-sentence-script-a-single-cell-sphere-gra-d3516f,302,2026-05-26T19:36:15.762,30.2145,60.0,2,2.2,26.0,G1,0.314286,0,0,1.0,1.0,1.0,0.599238,1,1,"-2.55,0.05,0.0",0.599238,0.62,1,"-2.55,0.05,0.0",0.25168,0.25,0,"-2.55,0.05,0.0",0.05,0.0,0,"-2.55,0.05,0.0",0.05,0.0,0,0.3025,0.0,12,0,0.142465,22,0,"{""attach"": 22}",-0.020996,0.159657,1,0,OBSERVE,RESET_LOOP,2.1833,6.2879,0.0167,0.0,"-1.859267,1.157802,-0.232588",0.0,"2.698545,1.399444,0.0"
20260526-193544-sentence-script-a-single-cell-sphere-gra-d3516f,303,2026-05-26T19:36:15.862,30.3145,60.0,2,2.3,26.0,G1,0.328571,0,0,1.0,1.0,1.0,0.601476,1,1,"-2.55,0.05,0.0",0.601476,0.62,1,"-2.55,0.05,0.0",0.25262,0.25,0,"-2.55,0.05,0.0",0.05,0.0,0,"-2.55,0.05,0.0",0.05,0.0,0,0.3025,0.0,12,0,0.142997,22,0,"{""attach"": 22}",-0.022039,0.159657,1,0,OBSERVE,RESET_LOOP,2.2833,6.2879,0.0167,0.0,"-1.802089,1.156134,-0.250823",0.0,"2.729872,1.393059,0.0"
20260526-193544-sentence-script-a-single-cell-sphere-gra-d3516f,304,2026-05-26T19:36:15.962,30.4144,60.0,2,2.4,26.0,G1,0.342857,0,0,1.0,1.0,1.0,0.603714,1,1,"-2.55,0.05,0.0",0.603714,0.62,1,"-2.55,0.05,0.0",0.25356,0.25,0,"-2.55,0.05,0.0",0.05,0.0,0,"-2.55,0.05,0.0",0.05,0.0,0,0.3025,0.0,12,0,0.143529,22,0,"{""attach"": 22}",-0.023081,0.159657,1,0,OBSERVE,RESET_LOOP,2.3833,6.2879,0.0167,0.0,"-1.735802,1.15181,-0.26848",0.0,"2.761035,1.385918,0.0"
20260526-193544-sentence-script-a-single-cell-sphere-gra-d3516f,305,2026-05-26T19:36:16.062,30.5142,60.0,2,2.5,26.0,G1,0.357143,0,0,1.0,1.0,1.0,0.605952,1,1,"-2.55,0.05,0.0",0.605952,0.62,1,"-2.55,0.05,0.0",0.2545,0.25,0,"-2.55,0.05,0.0",0.05,0.0,0,"-2.55,0.05,0.0",0.05,0.0,0,0.3025,0.0,12,0,0.144061,22,0,"{""attach"": 22}",-0.024123,0.159657,1,0,OBSERVE,RESET_LOOP,2.4833,6.2879,0.0167,0.0,"-1.661058,1.145234,-0.285483",0.0,"2.792017,1.378027,0.0"
20260526-193544-sentence-script-a-single-cell-sphere-gra-d3516f,306,2026-05-26T19:36:16.161,30.6138,60.0,2,2.6,26.0,G1,0.371429,0,0,1.0,1.0,1.0,0.60819,1,1,"-2.55,0.05,0.0",0.60819,0.62,1,"-2.55,0.05,0.0",0.25544,0.25,0,"-2.55,0.05,0.0",0.05,0.0,0,"-2.55,0.05,0.0",0.05,0.0,0,0.3025,0.0,12,0,0.144593,22,0,"{""attach"": 22}",-0.025166,0.159657,1,0,OBSERVE,RESET_LOOP,2.5833,6.2879,0.0167,0.0,"-1.578471,1.13678,-0.301756",0.0,"2.822799,1.36939,0.0"
20260526-193544-sentence-script-a-single-cell-sphere-gra-d3516f,307,2026-05-26T19:36:16.261,30.7132,60.0,2,2.7,26.0,G1,0.385714,0,0,1.0,1.0,1.0,0.610429,1,1,"-2.55,0.05,0.0",0.610429,0.62,1,"-2.55,0.05,0.0",0.25638,0.25,0,"-2.55,0.05,0.0",0.05,0.0,0,"-2.55,0.05,0.0",0.05,0.0,0,0.3025,0.0,12,0,0.145126,22,0,"{""attach"": 22}",-0.026208,0.159657,1,0,OBSERVE,RESET_LOOP,2.6833,6.2879,0.0167,0.0,"-1.488624,1.126792,-0.317232",0.0,"2.853363,1.360011,0.0"
20260526-193544-sentence-script-a-single-cell-sphere-gra-d3516f,308,2026-05-26T19:36:16.361,30.813,60.0,2,2.8,26.0,G1,0.4,0,0,1.0,1.0,1.0,0.612667,1,1,"-2.55,0.05,0.0",0.612667,0.62,1,"-2.55,0.05,0.0",0.25732,0.25,0,"-2.55,0.05,0.0",0.05,0.0,0,"-2.55,0.05,0.0",0.05,0.0,0,0.3025,0.0,12,0,0.145658,22,0,"{""attach"": 22}",-0.02725,0.159657,1,0,OBSERVE,RESET_LOOP,2.7833,6.2879,0.0167,0.0,"-1.392075,1.11559,-0.331849",0.0,"2.883692,1.349896,0.0"
20260526-193544-sentence-script-a-single-cell-sphere-gra-d3516f,309,2026-05-26T19:36:16.460,30.9128,60.0,2,2.9,26.0,G1,0.414286,0,0,1.0,1.0,1.0,0.614905,1,1,"-2.55,0.05,0.0",0.614905,0.62,1,"-2.55,0.05,0.0",0.25826,0.25,0,"-2.55,0.05,0.0",0.05,0.0,0,"-2.55,0.05,0.0",0.05,0.0,0,0.3025,0.0,12,0,0.14619,22,0,"{""attach"": 22}",-0.028293,0.159657,1,0,OBSERVE,RESET_LOOP,2.8833,6.2879,0.0167,0.0,"-1.289363,1.103471,-0.345546",0.0,"2.913768,1.339052,0.0"
20260526-193544-sentence-script-a-single-cell-sphere-gra-d3516f,310,2026-05-26T19:36:16.560,31.0126,60.0,2,3.0,26.0,G1,0.428571,0,0,1.0,1.0,1.0,0.617143,1,1,"-2.55,0.05,0.0",0.617143,0.62,1,"-2.55,0.05,0.0",0.2592,0.25,0,"-2.55,0.05,0.0",0.05,0.0,0,"-2.55,0.05,0.0",0.05,0.0,0,0.3025,0.0,12,0,0.146722,22,0,"{""attach"": 22}",-0.029335,0.159657,1,0,OBSERVE,RESET_LOOP,2.9833,6.2879,0.0167,0.0,"-1.181009,1.090712,-0.358272",0.0,"2.943572,1.327483,0.0"
20260526-193544-sentence-script-a-single-cell-sphere-gra-d3516f,311,2026-05-26T19:36:16.662,31.1128,60.0,2,3.1,26.0,G1,0.442857,0,0,1.0,1.0,1.0,0.619381,1,1,"-2.55,0.05,0.0",0.619381,0.62,1,"-2.55,0.05,0.0",0.26014,0.25,0,"-2.55,0.05,0.0",0.05,0.0,0,"-2.55,0.05,0.0",0.05,0.0,0,0.3025,0.0,12,0,0.147254,22,0,"{""attach"": 22}",-0.030378,0.159657,1,0,OBSERVE,RESET_LOOP,3.0833,6.2879,0.0167,0.0,"-1.067523,1.077573,-0.369978",0.0,"2.973089,1.315198,0.0"
20260526-193544-sentence-script-a-single-cell-sphere-gra-d3516f,312,2026-05-26T19:36:16.761,31.2132,60.0,2,3.2,26.0,G1,0.457143,0,0,1.0,1.0,1.0,0.621619,1,1,"-2.55,0.05,0.0",0.621619,0.62,1,"-2.55,0.05,0.0",0.26108,0.25,0,"-2.55,0.05,0.0",0.05,0.0,0,"-2.55,0.05,0.0",0.05,0.0,0,0.3025,0.0,12,0,0.147786,22,0,"{""attach"": 22}",-0.03142,0.159657,1,0,OBSERVE,RESET_LOOP,3.1833,6.2879,0.0167,0.0,"-0.949404,1.064294,-0.380618",0.0,"3.0023,1.302204,0.0"
20260526-193544-sentence-script-a-single-cell-sphere-gra-d3516f,313,2026-05-26T19:36:16.861,31.3135,60.0,2,3.3,26.0,G1,0.471429,0,0,1.0,1.0,1.0,0.623857,1,1,"-2.55,0.05,0.0",0.623857,0.62,1,"-2.55,0.05,0.0",0.26202,0.25,0,"-2.55,0.05,0.0",0.05,0.0,0,"-2.55,0.05,0.0",0.05,0.0,0,0.3025,0.0,12,0,0.148318,22,0,"{""attach"": 22}",-0.032462,0.159657,1,0,OBSERVE,RESET_LOOP,3.2833,6.2879,0.0167,0.0,"-0.827143,1.051101,-0.390154",0.0,"3.031188,1.288507,0.0"
20260526-193544-sentence-script-a-single-cell-sphere-gra-d3516f,314,2026-05-26T19:36:16.962,31.4144,60.0,2,3.4,26.0,G1,0.485714,0,0,1.0,1.0,1.0,0.626095,1,1,"-2.55,0.05,0.0",0.626095,0.62,1,"-2.55,0.05,0.0",0.26296,0.25,0,"-2.55,0.05,0.0",0.05,0.0,0,"-2.55,0.05,0.0",0.05,0.0,0,0.3025,0.0,12,0,0.14885,22,0,"{""attach"": 22}",-0.033505,0.159657,1,0,OBSERVE,RESET_LOOP,3.3833,6.2879,0.0167,0.0,"-0.701225,1.038203,-0.39855",0.0,"3.059737,1.274116,0.0"
20260526-193544-sentence-script-a-single-cell-sphere-gra-d3516f,315,2026-05-26T19:36:17.065,31.5176,60.0,2,3.5,26.0,G1,0.5,0,0,1.0,1.0,1.0,0.628333,1,1,"-2.55,0.05,0.0",0.628333,0.62,1,"-2.55,0.05,0.0",0.2639,0.25,0,"-2.55,0.05,0.0",0.05,0.0,0,"-2.55,0.05,0.0",0.05,0.0,0,0.3025,0.0,12,0,0.149382,22,0,"{""attach"": 22}",-0.034547,0.159657,1,0,OBSERVE,RESET_LOOP,3.4833,6.2879,0.0167,0.0,"-0.57213,1.025792,-0.405775",0.0,"3.08793,1.25904,0.0"
20260526-193544-sentence-script-a-single-cell-sphere-gra-d3516f,316,2026-05-26T19:36:17.150,31.602,60.0,2,3.5833,26.0,G1,0.511905,0,0,1.0,1.0,1.0,0.630198,1,1,"-2.55,0.05,0.0",0.630198,0.62,1,"-2.55,0.05,0.0",0.264683,0.25,0,"-2.55,0.05,0.0",0.05,0.0,0,"-2.55,0.05,0.0",0.05,0.0,0,0.3025,0.0,12,0,0.149826,22,0,"{""attach"": 22}",-0.035416,0.159657,1,0,OBSERVE,RESET_LOOP,3.5667,6.2879,0.0,0.0,"-0.462466,1.01595,-0.410882",0.0,"3.111141,1.245959,0.0"
20260526-193544-sentence-script-a-single-cell-sphere-gra-d3516f,317,2026-05-26T19:36:17.259,31.7116,60.0,2,3.6833,26.0,G1,0.52619,0,0,1.0,1.0,1.0,0.632437,1,1,"-2.55,0.05,0.0",0.632437,0.62,1,"-2.55,0.05,0.0",0.265623,0.25,0,"-2.55,0.05,0.0",0.05,0.0,0,"-2.55,0.05,0.0",0.05,0.0,0,0.3025,0.0,12,0,0.150358,21,0,"{""attach"": 21}",-0.0422,0.162361,1,0,OBSERVE,RESET_LOOP,3.6667,6.2879,0.0,0.0,"-0.328778,1.004882,-0.415894",0.0,"3.138638,1.229649,0.0"
20260526-193544-sentence-script-a-single-cell-sphere-gra-d3516f,318,2026-05-26T19:36:17.360,31.8127,60.0,2,3.7833,26.0,G1,0.540476,0,0,1.0,1.0,1.0,0.634675,1,1,"-2.55,0.05,0.0",0.634675,0.62,1,"-2.55,0.05,0.0",0.266563,0.25,0,"-2.55,0.05,0.0",0.05,0.0,0,"-2.55,0.05,0.0",0.05,0.0,0,0.3025,0.0,12,0,0.15089,20,0,"{""attach"": 20}",-0.025778,0.159185,1,0,OBSERVE,RESET_LOOP,3.7667,6.2879,0.0,0.0,"-0.19325,0.994763,-0.41967",0.0,"3.165734,1.212679,0.0"
20260526-193544-sentence-script-a-single-cell-sphere-gra-d3516f,319,2026-05-26T19:36:17.449,31.9016,60.0,2,3.8667,26.0,G1,0.552381,0,0,1.0,1.0,1.0,0.63654,1,1,"-2.55,0.05,0.0",0.63654,0.62,1,"-2.55,0.05,0.0",0.267347,0.25,0,"-2.55,0.05,0.0",0.05,0.0,0,"-2.55,0.05,0.0",0.05,0.0,0,0.3025,0.0,12,0,0.151333,20,0,"{""attach"": 20}",-0.026461,0.159185,1,0,OBSERVE,RESET_LOOP,3.85,6.2879,0.0833,0.0,"-0.07924,0.987153,-0.421863",0.0,"3.187995,1.19804,0.0"
20260526-193544-sentence-script-a-single-cell-sphere-gra-d3516f,320,2026-05-26T19:36:17.555,32.0074,60.0,2,3.9667,26.0,G1,0.566667,0,0,1.0,1.0,1.0,0.638778,1,1,"-2.55,0.05,0.0",0.638778,0.62,1,"-2.55,0.05,0.0",0.268287,0.25,0,"-2.55,0.05,0.0",0.05,0.0,0,"-2.55,0.05,0.0",0.05,0.0,0,0.3025,0.0,12,0,0.151865,20,0,"{""attach"": 20}",-0.027281,0.159185,1,0,OBSERVE,RESET_LOOP,3.95,6.2879,0.0833,0.0,"0.058455,0.97911,-0.423339",0.0,"3.214312,1.179887,0.0"
20260526-193544-sentence-script-a-single-cell-sphere-gra-d3516f,321,2026-05-26T19:36:17.660,32.1124,60.0,2,4.0667,26.0,G1,0.580952,0,0,1.0,1.0,1.0,0.641016,1,1,"-2.55,0.05,0.0",0.641016,0.62,1,"-2.55,0.05,0.0",0.269227,0.25,0,"-2.55,0.05,0.0",0.05,0.0,0,"-2.55,0.05,0.0",0.05,0.0,0,0.3025,0.0,12,0,0.152398,20,0,"{""attach"": 20}",-0.028101,0.159185,1,0,OBSERVE,RESET_LOOP,4.05,6.2879,0.0833,0.0,"0.196683,0.972353,-0.42355",0.0,"3.240183,1.161103,0.0"
20260526-193544-sentence-script-a-single-cell-sphere-gra-d3516f,322,2026-05-26T19:36:17.760,32.2127,60.0,2,4.1667,26.0,G1,0.595238,0,0,1.0,1.0,1.0,0.643254,1,1,"-2.55,0.05,0.0",0.643254,0.62,1,"-2.55,0.05,0.0",0.270167,0.25,0,"-2.55,0.05,0.0",0.05,0.0,0,"-2.55,0.05,0.0",0.05,0.0,0,0.3025,0.0,12,0,0.15293,18,0,"{""attach"": 18}",-0.032933,0.154331,1,0,OBSERVE,RESET_LOOP,4.15,6.2879,0.0,0.0,"0.334989,0.96697,-0.422492",0.0,"3.265592,1.1417,0.0"
20260526-193544-sentence-script-a-single-cell-sphere-gra-d3516f,323,2026-05-26T19:36:17.861,32.3138,60.0,2,4.2667,26.0,G1,0.609524,0,0,1.0,1.0,1.0,0.645492,1,1,"-2.55,0.05,0.0",0.645492,0.62,1,"-2.55,0.05,0.0",0.271107,0.25,0,"-2.55,0.05,0.0",0.05,0.0,0,"-2.55,0.05,0.0",0.05,0.0,0,0.3025,0.0,12,0,0.153462,18,0,"{""attach"": 18}",-0.033787,0.154331,1,0,OBSERVE,RESET_LOOP,4.25,6.2879,0.0833,0.0,"0.472923,0.963033,-0.420167",0.0,"3.290526,1.121688,0.0"
20260526-193544-sentence-script-a-single-cell-sphere-gra-d3516f,324,2026-05-26T19:36:17.962,32.4147,60.0,2,4.3667,26.0,G1,0.62381,0,0,1.0,1.0,1.0,0.64773,1,1,"-2.55,0.05,0.0",0.64773,0.62,1,"-2.55,0.05,0.0",0.272047,0.25,0,"-2.55,0.05,0.0",0.05,0.0,0,"-2.55,0.05,0.0",0.05,0.0,0,0.3025,0.0,12,0,0.153994,16,0,"{""attach"": 16}",-0.014389,0.154439,1,0,OBSERVE,RESET_LOOP,4.35,6.2879,0.0333,0.0,"0.610042,0.960598,-0.416581",0.0,"3.314968,1.101079,0.0"
20260526-193544-sentence-script-a-single-cell-sphere-gra-d3516f,325,2026-05-26T19:36:18.063,32.5155,60.0,2,4.4667,26.0,G1,0.638095,0,0,1.0,1.0,1.0,0.649968,1,1,"-2.55,0.05,0.0",0.649968,0.62,1,"-2.55,0.05,0.0",0.272987,0.25,0,"-2.55,0.05,0.0",0.05,0.0,0,"-2.55,0.05,0.0",0.05,0.0,0,0.3025,0.0,12,0,0.154526,16,0,"{""attach"": 16}",-0.015033,0.154439,1,0,OBSERVE,RESET_LOOP,4.45,6.2879,0.0833,0.0,"0.745909,0.959705,-0.411742",0.0,"3.338905,1.079886,0.0"
20260526-193544-sentence-script-a-single-cell-sphere-gra-d3516f,326,2026-05-26T19:36:18.164,32.6165,60.0,2,4.5667,26.0,G1,0.652381,0,0,1.0,1.0,1.0,0.652206,1,1,"-2.55,0.05,0.0",0.652206,0.62,1,"-2.55,0.05,0.0",0.273927,0.25,0,"-2.55,0.05,0.0",0.05,0.0,0,"-2.55,0.05,0.0",0.05,0.0,0,0.3025,0.0,12,0,0.155058,15,0,"{""attach"": 15}",0.057568,0.152967,1,0,OBSERVE,RESET_LOOP,4.55,6.2879,0.0,0.0,"0.880093,0.960378,-0.405666",0.0,"3.362323,1.058121,0.0"
20260526-193544-sentence-script-a-single-cell-sphere-gra-d3516f,327,2026-05-26T19:36:18.248,32.7006,60.0,2,4.65,26.0,G1,0.664286,0,0,1.0,1.0,1.0,0.654071,1,1,"-2.55,0.05,0.0",0.654071,0.62,1,"-2.55,0.05,0.0",0.27471,0.25,0,"-2.55,0.05,0.0",0.05,0.0,0,"-2.55,0.05,0.0",0.05,0.0,0,0.3025,0.0,12,0,0.155501,14,0,"{""attach"": 14}",0.117203,0.157881,1,0,OBSERVE,RESET_LOOP,4.6333,6.2879,0.05,0.0,"0.990322,0.962141,-0.399668",0.0,"3.381432,1.039555,0.0"
20260526-193544-sentence-script-a-single-cell-sphere-gra-d3516f,328,2026-05-26T19:36:18.349,32.8015,60.0,2,4.75,26.0,G1,0.678571,0,0,1.0,1.0,1.0,0.65631,1,1,"-2.55,0.05,0.0",0.65631,0.62,1,"-2.55,0.05,0.0",0.27565,0.25,0,"-2.55,0.05,0.0",0.05,0.0,0,"-2.55,0.05,0.0",0.05,0.0,0,0.3025,0.0,12,0,0.156034,14,0,"{""attach"": 14}",0.118011,0.157881,1,0,OBSERVE,RESET_LOOP,4.7333,6.2879,0.0667,0.0,"1.120329,0.965693,-0.391369",0.0,"3.403863,1.016774,0.0"
20260526-193544-sentence-script-a-single-cell-sphere-gra-d3516f,329,2026-05-26T19:36:18.452,32.9021,60.0,2,4.85,26.0,G1,0.692857,0,0,1.0,1.0,1.0,0.658548,1,1,"-2.55,0.05,0.0",0.658548,0.62,1,"-2.55,0.05,0.0",0.27659,0.25,0,"-2.55,0.05,0.0",0.05,0.0,0,"-2.55,0.05,0.0",0.05,0.0,0,0.3025,0.0,12,0,0.156566,13,0,"{""attach"": 13}",0.046899,0.155182,1,0,OBSERVE,RESET_LOOP,4.8333,6.2879,0.0667,0.0,"1.247479,0.970792,-0.381891",0.0,"3.425738,0.993457,0.0"
20260526-193544-sentence-script-a-single-cell-sphere-gra-d3516f,330,2026-05-26T19:36:18.555,33.0074,60.0,2,4.95,26.0,G1,0.707143,0,0,1.0,1.0,1.0,0.660786,1,1,"-2.55,0.05,0.0",0.660786,0.62,1,"-2.55,0.05,0.0",0.27753,0.25,0,"-2.55,0.05,0.0",0.05,0.0,0,"-2.55,0.05,0.0",0.05,0.0,0,0.3025,0.0,12,0,0.157098,12,0,"{""attach"": 12}",0.073111,0.154719,1,0,OBSERVE,RESET_LOOP,4.9333,6.2879,0.0667,0.0,"1.371377,0.977403,-0.371261",0.0,"3.447042,0.969619,0.0"
20260526-193544-sentence-script-a-single-cell-sphere-gra-d3516f,331,2026-05-26T19:36:18.656,33.1084,60.0,2,5.05,26.0,G1,0.721429,0,0,1.0,1.0,1.0,0.663024,1,1,"-2.55,0.05,0.0",0.663024,0.62,1,"-2.55,0.05,0.0",0.27847,0.25,0,"-2.55,0.05,0.0",0.05,0.0,0,"-2.55,0.05,0.0",0.05,0.0,0,0.3025,0.0,12,0,0.15763,12,0,"{""attach"": 12}",0.073308,0.154719,1,0,OBSERVE,RESET_LOOP,5.0333,6.2879,0.0667,0.0,"1.491638,0.985474,-0.359512",0.0,"3.467764,0.945272,0.0"
20260526-193544-sentence-script-a-single-cell-sphere-gra-d3516f,332,2026-05-26T19:36:18.756,33.2083,60.0,2,5.15,26.0,G1,0.735714,0,0,1.0,1.0,1.0,0.665262,1,1,"-2.55,0.05,0.0",0.665262,0.62,1,"-2.55,0.05,0.0",0.27941,0.25,0,"-2.55,0.05,0.0",0.05,0.0,0,"-2.55,0.05,0.0",0.05,0.0,0,0.3025,0.0,12,0,0.158162,8,0,"{""attach"": 8}",0.178825,0.158307,1,0,OBSERVE,RESET_LOOP,5.1333,6.2879,0.0333,0.0,"1.607892,0.994944,-0.346679",0.0,"3.487892,0.920433,0.0"
20260526-193544-sentence-script-a-single-cell-sphere-gra-d3516f,333,2026-05-26T19:36:18.856,33.3086,60.0,2,5.25,26.0,G1,0.75,0,0,1.0,1.0,1.0,0.6675,1,1,"-2.55,0.05,0.0",0.6675,0.62,1,"-2.55,0.05,0.0",0.28035,0.25,0,"-2.55,0.05,0.0",0.05,0.0,0,"-2.55,0.05,0.0",0.05,0.0,0,0.3025,0.0,12,0,0.158694,5,0,"{""attach"": 5}",-0.063635,0.170612,1,0,OBSERVE,RESET_LOOP,5.2333,6.2879,0.0167,0.0,"1.719778,1.005733,-0.332799",0.0,"3.507413,0.895114,0.0"
20260526-193544-sentence-script-a-single-cell-sphere-gra-d3516f,334,2026-05-26T19:36:18.958,33.4088,60.0,2,5.35,26.0,G1,0.764286,0,0,1.0,1.0,1.0,0.669738,1,1,"-2.55,0.05,0.0",0.669738,0.62,1,"-2.55,0.05,0.0",0.28129,0.25,0,"-2.55,0.05,0.0",0.05,0.0,0,"-2.55,0.05,0.0",0.05,0.0,0,0.3025,0.0,12,0,0.159226,5,0,"{""attach"": 5}",-0.065245,0.170612,1,0,OBSERVE,RESET_LOOP,5.3333,6.2879,0.0667,0.0,"1.826953,1.017754,-0.317916",0.0,"3.526318,0.86933,0.0"
20260526-193544-sentence-script-a-single-cell-sphere-gra-d3516f,335,2026-05-26T19:36:19.057,33.5091,60.0,2,5.45,26.0,G1,0.778571,0,0,1.0,1.0,1.0,0.671976,1,1,"-2.55,0.05,0.0",0.671976,0.62,1,"-2.55,0.05,0.0",0.28223,0.25,0,"-2.55,0.05,0.0",0.05,0.0,0,"-2.55,0.05,0.0",0.05,0.0,0,0.3025,0.0,12,0,0.159758,5,0,"{""attach"": 5}",-0.066855,0.170612,1,0,OBSERVE,RESET_LOOP,5.4333,6.2879,0.0667,0.0,"1.929088,1.030904,-0.302072",0.0,"3.544593,0.843098,0.0"
20260526-193544-sentence-script-a-single-cell-sphere-gra-d3516f,336,2026-05-26T19:36:19.157,33.6096,60.0,2,5.55,26.0,G1,0.792857,0,0,1.0,1.0,1.0,0.674214,1,1,"-2.55,0.05,0.0",0.674214,0.62,1,"-2.55,0.05,0.0",0.28317,0.25,0,"-2.55,0.05,0.0",0.05,0.0,0,"-2.55,0.05,0.0",0.05,0.0,0,0.3025,0.0,12,0,0.16029,5,0,"{""attach"": 5}",-0.068464,0.170612,1,0,OBSERVE,RESET_LOOP,5.5333,6.2879,0.0667,0.0,"2.025869,1.045073,-0.285316",0.0,"3.56223,0.816432,0.0"
20260526-193544-sentence-script-a-single-cell-sphere-gra-d3516f,337,2026-05-26T19:36:19.258,33.7102,60.0,2,5.65,26.0,G1,0.807143,0,0,1.0,1.0,1.0,0.676452,1,1,"-2.55,0.05,0.0",0.676452,0.62,1,"-2.55,0.05,0.0",0.28411,0.25,0,"-2.55,0.05,0.0",0.05,0.0,0,"-2.55,0.05,0.0",0.05,0.0,0,0.3025,0.0,12,0,0.160822,5,0,"{""attach"": 5}",-0.070074,0.170612,1,0,OBSERVE,RESET_LOOP,5.6333,6.2879,0.0667,0.0,"2.117001,1.06014,-0.267699",0.0,"3.579217,0.789347,0.0"
20260526-193544-sentence-script-a-single-cell-sphere-gra-d3516f,338,2026-05-26T19:36:19.359,33.8108,60.0,2,5.75,26.0,G1,0.821429,0,0,1.0,1.0,1.0,0.67869,1,1,"-2.55,0.05,0.0",0.67869,0.62,1,"-2.55,0.05,0.0",0.28505,0.25,0,"-2.55,0.05,0.0",0.05,0.0,0,"-2.55,0.05,0.0",0.05,0.0,0,0.3025,0.0,12,0,0.161354,5,0,"{""attach"": 5}",-0.071684,0.170612,1,0,OBSERVE,RESET_LOOP,5.7333,6.2879,0.0667,0.0,"2.202203,1.075976,-0.249274",0.0,"3.595544,0.761859,0.0"
20260526-193544-sentence-script-a-single-cell-sphere-gra-d3516f,339,2026-05-26T19:36:19.460,33.9122,60.0,2,5.85,26.0,G1,0.835714,0,0,1.0,1.0,1.0,0.680929,1,1,"-2.55,0.05,0.0",0.680929,0.62,1,"-2.55,0.05,0.0",0.28599,0.25,0,"-2.55,0.05,0.0",0.05,0.0,0,"-2.55,0.05,0.0",0.05,0.0,0,0.3025,0.0,12,0,0.161887,4,0,"{""attach"": 4}",0.234366,0.157017,1,0,OBSERVE,RESET_LOOP,5.8333,6.2879,0.0,0.0,"2.281216,1.092445,-0.230095",0.0,"3.611203,0.733985,0.0"
20260526-193544-sentence-script-a-single-cell-sphere-gra-d3516f,340,2026-05-26T19:36:19.561,34.0129,60.0,2,5.95,26.0,G1,0.85,0,0,1.0,1.0,1.0,0.683167,1,1,"-2.55,0.05,0.0",0.683167,0.62,1,"-2.55,0.05,0.0",0.28693,0.25,0,"-2.55,0.05,0.0",0.05,0.0,0,"-2.55,0.05,0.0",0.05,0.0,0,0.3025,0.0,12,0,0.162419,3,0,"{""attach"": 3}",-0.225994,0.144886,1,0,OBSERVE,RESET_LOOP,5.9333,6.2879,0.0333,0.0,"2.353798,1.109404,-0.210222",0.0,"3.626183,0.705741,0.0"
20260526-193544-sentence-script-a-single-cell-sphere-gra-d3516f,341,2026-05-26T19:36:19.661,34.1135,60.0,2,6.05,26.0,G1,0.864286,0,0,1.0,1.0,1.0,0.685405,1,1,"-2.55,0.05,0.0",0.685405,0.62,1,"-2.55,0.05,0.0",0.28787,0.25,0,"-2.55,0.05,0.0",0.05,0.0,0,"-2.55,0.05,0.0",0.05,0.0,0,0.3025,0.0,12,0,0.162951,3,0,"{""attach"": 3}",-0.22138,0.144886,1,0,OBSERVE,RESET_LOOP,6.0333,6.2879,0.0667,0.0,"2.419728,1.126709,-0.189713",0.0,"3.640477,0.677143,0.0"
20260526-193544-sentence-script-a-single-cell-sphere-gra-d3516f,342,2026-05-26T19:36:19.762,34.2139,60.0,2,6.15,26.0,G1,0.878571,0,0,1.0,1.0,1.0,0.687643,1,1,"-2.55,0.05,0.0",0.687643,0.62,1,"-2.55,0.05,0.0",0.28881,0.25,0,"-2.55,0.05,0.0",0.05,0.0,0,"-2.55,0.05,0.0",0.05,0.0,0,0.3025,0.0,12,0,0.163483,3,0,"{""attach"": 3}",-0.216766,0.144886,1,0,OBSERVE,RESET_LOOP,6.1333,6.2879,0.0667,0.0,"2.478805,1.144208,-0.168631",0.0,"3.654075,0.648209,0.0"
20260526-193544-sentence-script-a-single-cell-sphere-gra-d3516f,343,2026-05-26T19:36:19.862,34.3144,60.0,2,6.25,26.0,G1,0.892857,0,0,1.0,1.0,1.0,0.689881,1,1,"-2.55,0.05,0.0",0.689881,0.62,1,"-2.55,0.05,0.0",0.28975,0.25,0,"-2.55,0.05,0.0",0.05,0.0,0,"-2.55,0.05,0.0",0.05,0.0,0,0.3025,0.0,12,0,0.164015,2,0,"{""attach"": 2}",-0.199381,0.118085,1,0,OBSERVE,RESET_LOOP,6.2333,6.2879,0.0667,0.0,"2.530847,1.16175,-0.14704",0.0,"3.66697,0.618954,0.0"
20260526-193544-sentence-script-a-single-cell-sphere-gra-d3516f,344,2026-05-26T19:36:19.963,34.4152,60.0,2,6.3492,26.0,G1,0.907026,0,0,1.0,0.9758,0.9758,0.692101,1,1,"-2.55,0.05,0.0",0.692101,0.62,1,"-2.55,0.05,0.0",0.290682,0.25,0,"-2.55,0.05,0.0",0.05,0.0,0,"-2.55,0.05,0.0",0.05,0.0,0,0.3025,0.0,12,0,0.164543,2,0,"{""attach"": 2}",-0.190909,0.118085,1,0,ORGANIZE,OBSERVE,0.0333,7.5894,0.0667,0.0,"2.737045,1.080103,-0.122915",0.0,"3.679058,0.589638,0.0"
20260526-193544-sentence-script-a-single-cell-sphere-gra-d3516f,345,2026-05-26T19:36:20.053,34.5036,60.0,2,6.4287,26.0,G1,0.918386,0,0,1.0,0.9406,0.9406,0.693881,1,1,"-2.55,0.05,0.0",0.693881,0.62,1,"-2.55,0.05,0.0",0.29143,0.25,0,"-2.55,0.05,0.0",0.05,0.0,0,"-2.55,0.05,0.0",0.05,0.0,0,0.3025,0.0,12,0,0.164966,2,0,"{""attach"": 1, ""organize"": 1}",-0.128472,0.244606,1,0,ORGANIZE,OBSERVE,0.1167,7.5894,0.0167,0.0,"3.000881,0.971444,-0.10375",0.0,"3.68824,0.56593,0.0"
20260526-193544-sentence-script-a-single-cell-sphere-gra-d3516f,346,2026-05-26T19:36:20.160,34.6119,60.0,2,6.5207,26.0,G1,0.931523,0,0,1.0,0.9055,0.9055,0.695939,1,1,"-2.55,0.05,0.0",0.695939,0.62,1,"-2.55,0.05,0.0",0.292294,0.25,0,"-2.55,0.05,0.0",0.05,0.0,0,"-2.55,0.05,0.0",0.05,0.0,0,0.3025,0.0,12,0,0.165455,2,0,"{""organize"": 2}",0.948807,0.369251,1,0,ORGANIZE,OBSERVE,0.2167,7.5894,0.05,0.0,"3.256563,0.89977,-0.084654",0.0,"3.698287,0.538301,0.0"
20260526-193544-sentence-script-a-single-cell-sphere-gra-d3516f,347,2026-05-26T19:36:20.264,34.7162,60.0,2,6.6095,26.0,G1,0.944214,0,0,1.0,0.8769,0.8769,0.697927,1,1,"-2.55,0.05,0.0",0.697927,0.62,1,"-2.55,0.05,0.0",0.293129,0.25,0,"-2.55,0.05,0.0",0.05,0.0,0,"-2.55,0.05,0.0",0.05,0.0,0,0.3025,0.0,12,0,0.165928,4,0,"{""organize"": 4}",0.900435,0.413363,1,0,ORGANIZE,OBSERVE,0.3167,7.5894,0.0,0.0,"3.453287,0.879951,-0.069073",0.0,"3.707409,0.511403,0.0"
20260526-193544-sentence-script-a-single-cell-sphere-gra-d3516f,348,2026-05-26T19:36:20.351,34.8037,60.0,2,6.6816,26.0,G1,0.954509,0,0,1.0,0.8571,0.8571,0.69954,1,1,"-2.55,0.05,0.0",0.69954,0.62,1,"-2.55,0.05,0.0",0.293807,0.25,0,"-2.55,0.05,0.0",0.05,0.0,0,"-2.55,0.05,0.0",0.05,0.0,0,0.3025,0.0,12,0,0.166311,5,0,"{""organize"": 5}",0.877842,0.429549,1,0,ORGANIZE,OBSERVE,0.4,7.5894,0.0167,0.0,"3.577039,0.895,-0.058303",0.0,"3.714382,0.489444,0.0"
20260526-193544-sentence-script-a-single-cell-sphere-gra-d3516f,349,2026-05-26T19:36:20.461,34.9132,60.0,2,6.7661,26.0,G1,0.966584,0,0,1.0,0.8374,0.8374,0.701432,1,1,"-2.55,0.05,0.0",0.701432,0.62,1,"-2.55,0.05,0.0",0.294601,0.25,0,"-2.55,0.05,0.0",0.05,0.0,0,"-2.55,0.05,0.0",0.05,0.0,0,0.3025,0.0,12,0,0.166761,5,0,"{""organize"": 5}",0.853042,0.447127,1,0,ORGANIZE,OBSERVE,0.5,7.5894,0.0,0.0,"3.682267,0.942617,-0.047572",0.0,"3.722073,0.463537,0.0"
20260526-193544-sentence-script-a-single-cell-sphere-gra-d3516f,350,2026-05-26T19:36:20.553,35.0056,60.0,2,6.8352,26.0,G1,0.976454,0,0,1.0,0.8238,0.8238,0.702978,1,1,"-2.55,0.05,0.0",0.702978,0.62,1,"-2.55,0.05,0.0",0.295251,0.25,0,"-2.55,0.05,0.0",0.05,0.0,0,"-2.55,0.05,0.0",0.05,0.0,0,0.3025,0.0,12,0,0.167129,5,0,"{""organize"": 5}",0.830891,0.477283,1,0,ORGANIZE,OBSERVE,0.5833,7.5894,0.0833,0.0,"3.737265,1.001248,-0.040155",0.0,"3.727965,0.442249,0.0"
20260526-193544-sentence-script-a-single-cell-sphere-gra-d3516f,351,2026-05-26T19:36:20.663,35.1149,60.0,2,6.9167,26.0,G1,0.988106,0,0,1.0,0.8102,0.8102,0.704803,1,1,"-2.55,0.05,0.0",0.704803,0.62,1,"-2.55,0.05,0.0",0.296017,0.25,0,"-2.55,0.05,0.0",0.05,0.0,0,"-2.55,0.05,0.0",0.05,0.0,0,0.3025,0.0,12,0,0.167563,5,0,"{""organize"": 5}",0.804116,0.524562,1,0,ORGANIZE,OBSERVE,0.6833,7.5894,0.05,0.0,"3.767819,1.088007,-0.032764",0.0,"3.734462,0.416995,0.0"
20260526-193544-sentence-script-a-single-cell-sphere-gra-d3516f,352,2026-05-26T19:36:20.764,35.2153,60.0,2,6.9971,26.0,G1,0.999585,0,0,1.0,0.7991,0.7991,0.706602,1,1,"-2.55,0.05,0.0",0.706602,0.62,1,"-2.55,0.05,0.0",0.296773,0.25,0,"-2.55,0.05,0.0",0.05,0.0,0,"-2.55,0.05,0.0",0.05,0.0,0,0.3025,0.0,12,0,0.16799,5,0,"{""organize"": 5}",0.777335,0.565179,1,0,ORGANIZE,OBSERVE,0.7833,7.5894,0.0333,0.0,"3.763399,1.186634,-0.026734",0.0,"3.740375,0.391994,0.0"
20260526-193544-sentence-script-a-single-cell-sphere-gra-d3516f,353,2026-05-26T19:36:20.864,35.3159,60.0,2,7.0765,26.0,S,0.009558,0,0,1.0,0.7901,0.7901,0.708378,1,1,"-2.55,0.05,0.0",0.708378,0.62,1,"-2.55,0.05,0.0",0.297519,0.25,0,"-2.55,0.05,0.0",0.05,0.0,0,"-2.55,0.05,0.0",0.05,0.0,0,0.3025,0.0,12,0,0.168412,7,0,"{""organize"": 7}",0.890492,0.51805,1,0,ORGANIZE,OBSERVE,0.8833,7.5894,0.0167,0.0,"3.727563,1.291556,-0.021813",0.0,"3.745738,0.367192,0.0"
20260526-193544-sentence-script-a-single-cell-sphere-gra-d3516f,354,2026-05-26T19:36:20.948,35.4,60.0,2,7.142,26.0,S,0.017748,0,0,1.0,0.7838,0.7838,0.709844,1,1,"-2.55,0.05,0.0",0.709844,0.62,1,"-2.55,0.05,0.0",0.298135,0.25,0,"-2.55,0.05,0.0",0.05,0.0,0,"-2.55,0.05,0.0",0.05,0.0,0,0.3025,0.0,12,0,0.168761,8,0,"{""organize"": 8}",0.924081,0.524193,1,0,ORGANIZE,OBSERVE,0.9667,7.5894,0.05,0.0,"3.676083,1.380283,-0.018412",0.0,"3.749806,0.346643,0.0"
20260526-193544-sentence-script-a-single-cell-sphere-gra-d3516f,355,2026-05-26T19:36:21.049,35.5009,60.0,2,7.22,26.0,S,0.027499,0,0,1.0,0.7776,0.7776,0.71159,1,1,"-2.55,0.05,0.0",0.71159,0.62,1,"-2.55,0.05,0.0",0.298868,0.25,0,"-2.55,0.05,0.0",0.05,0.0,0,"-2.55,0.05,0.0",0.05,0.0,0,0.3025,0.0,12,1,0.168184,8,0,"{""organize"": 8}",0.90077,0.55073,1,0,ORGANIZE,OBSERVE,1.0667,7.5894,0.0667,0.0,"3.591069,1.484625,-0.015023",0.0,"3.754225,0.322097,0.0"
20260526-193544-sentence-script-a-single-cell-sphere-gra-d3516f,356,2026-05-26T19:36:21.153,35.6056,60.0,2,7.2974,26.0,S,0.037181,0,0,1.0,0.7725,0.7725,0.713324,1,1,"-2.55,0.05,0.0",0.713324,0.62,1,"-2.55,0.05,0.0",0.299596,0.25,0,"-2.55,0.05,0.0",0.05,0.0,0,"-2.55,0.05,0.0",0.05,0.0,0,0.3025,0.0,12,1,0.168496,8,0,"{""organize"": 8}",0.875938,0.540107,1,0,ORGANIZE,OBSERVE,1.1667,7.5894,0.0333,0.0,"3.483528,1.583149,-0.012258",0.0,"3.758153,0.297647,0.0"
20260526-193544-sentence-script-a-single-cell-sphere-gra-d3516f,357,2026-05-26T19:36:21.256,35.7067,60.0,2,7.3745,26.0,S,0.046806,0,0,1.0,0.7684,0.7684,0.715047,1,1,"-2.55,0.05,0.0",0.715047,0.62,1,"-2.55,0.05,0.0",0.30032,0.25,0,"-2.55,0.05,0.0",0.05,0.0,0,"-2.55,0.05,0.0",0.05,0.0,0,0.3025,0.0,12,1,0.168827,9,0,"{""organize"": 9}",0.931991,0.524549,1,0,ORGANIZE,OBSERVE,1.2667,7.5894,0.0,0.0,"3.356369,1.672652,-0.010002",0.0,"3.761604,0.273271,0.0"
20260526-193544-sentence-script-a-single-cell-sphere-gra-d3516f,358,2026-05-26T19:36:21.359,35.8109,60.0,2,7.4511,26.0,S,0.056386,0,0,1.0,0.765,0.765,0.716762,1,1,"-2.55,0.05,0.0",0.716762,0.62,1,"-2.55,0.05,0.0",0.30104,0.25,0,"-2.55,0.05,0.0",0.05,0.0,0,"-2.55,0.05,0.0",0.05,0.0,0,0.3025,0.0,12,1,0.169179,10,0,"{""organize"": 10}",0.98817,0.534943,1,0,ORGANIZE,OBSERVE,1.3667,7.5894,0.1,0.0,"3.212441,1.750415,-0.008161",0.0,"3.764588,0.248953,0.0"
20260526-193544-sentence-script-a-single-cell-sphere-gra-d3516f,359,2026-05-26T19:36:21.463,35.9151,60.0,2,7.5274,26.0,S,0.065928,0,0,1.0,0.7622,0.7622,0.718471,1,1,"-2.55,0.05,0.0",0.718471,0.62,1,"-2.55,0.05,0.0",0.301758,0.25,0,"-2.55,0.05,0.0",0.05,0.0,0,"-2.55,0.05,0.0",0.05,0.0,0,0.3025,0.0,12,1,0.16955,11,0,"{""organize"": 11}",1.032557,0.552965,1,0,ORGANIZE,OBSERVE,1.4667,7.5894,0.0167,0.0,"3.054552,1.814159,-0.006659",0.0,"3.767112,0.224679,0.0"
20260526-193544-sentence-script-a-single-cell-sphere-gra-d3516f,360,2026-05-26T19:36:21.553,36.0052,60.0,2,7.5908,26.0,S,0.073855,0,0,1.0,0.7603,0.7603,0.71989,1,1,"-2.55,0.05,0.0",0.71989,0.62,1,"-2.55,0.05,0.0",0.302354,0.25,0,"-2.55,0.05,0.0",0.05,0.0,0,"-2.55,0.05,0.0",0.05,0.0,0,0.3025,0.0,12,2,0.170579,11,0,"{""organize"": 11}",1.005336,0.585406,1,0,ORGANIZE,OBSERVE,1.55,7.5894,0.0333,0.0,"2.914321,1.855215,-0.005621",0.0,"3.768868,0.204478,0.0"
20260526-193544-sentence-script-a-single-cell-sphere-gra-d3516f,361,2026-05-26T19:36:21.656,36.1081,60.0,2,7.6668,26.0,S,0.083345,0,0,1.0,0.7584,0.7584,0.721589,1,1,"-2.55,0.05,0.0",0.721589,0.62,1,"-2.55,0.05,0.0",0.303068,0.25,0,"-2.55,0.05,0.0",0.05,0.0,0,"-2.55,0.05,0.0",0.05,0.0,0,0.3025,0.0,12,2,0.171413,11,0,"{""organize"": 11}",0.971157,0.618422,1,0,ORGANIZE,OBSERVE,1.65,7.5894,0.0,0.0,"2.738045,1.888705,-0.004586",0.0,"3.770563,0.180265,0.0"
20260526-193544-sentence-script-a-single-cell-sphere-gra-d3516f,362,2026-05-26T19:36:21.757,36.2089,60.0,2,7.7425,26.0,S,0.092814,0,0,1.0,0.7569,0.7569,0.723285,1,1,"-2.55,0.05,0.0",0.723285,0.62,1,"-2.55,0.05,0.0",0.30378,0.25,0,"-2.55,0.05,0.0",0.05,0.0,0,"-2.55,0.05,0.0",0.05,0.0,0,0.3025,0.0,12,2,0.172267,11,0,"{""organize"": 11}",0.937107,0.62146,1,0,ORGANIZE,OBSERVE,1.75,7.5894,0.1,0.0,"2.555621,1.903907,-0.003742",0.0,"3.771811,0.156079,0.0"
20260526-193544-sentence-script-a-single-cell-sphere-gra-d3516f,363,2026-05-26T19:36:21.857,36.3092,60.0,2,7.8181,26.0,S,0.102265,0,0,1.0,0.7556,0.7556,0.724977,1,1,"-2.55,0.05,0.0",0.724977,0.62,1,"-2.55,0.05,0.0",0.30449,0.25,0,"-2.55,0.05,0.0",0.05,0.0,0,"-2.55,0.05,0.0",0.05,0.0,0,0.3025,0.0,12,2,0.173143,12,0,"{""organize"": 12}",0.986015,0.589011,1,0,ORGANIZE,OBSERVE,1.85,7.5894,0.05,0.0,"2.369745,1.900023,-0.003053",0.0,"3.772615,0.131918,0.0"
20260526-193544-sentence-script-a-single-cell-sphere-gra-d3516f,364,2026-05-26T19:36:21.957,36.4097,60.0,2,7.8936,26.0,S,0.111703,0,0,1.0,0.7546,0.7546,0.726667,1,1,"-2.55,0.05,0.0",0.726667,0.62,1,"-2.55,0.05,0.0",0.3052,0.25,0,"-2.55,0.05,0.0",0.05,0.0,0,"-2.55,0.05,0.0",0.05,0.0,0,0.3025,0.0,12,2,0.174038,13,0,"{""organize"": 13}",1.025165,0.580737,1,0,ORGANIZE,OBSERVE,1.95,7.5894,0.0333,0.0,"2.183065,1.876599,-0.002491",0.0,"3.772977,0.107783,0.0"
20260526-193544-sentence-script-a-single-cell-sphere-gra-d3516f,365,2026-05-26T19:36:22.058,36.5104,60.0,2,7.969,26.0,S,0.121129,0,0,1.0,0.7537,0.7537,0.728354,1,1,"-2.55,0.05,0.0",0.728354,0.62,1,"-2.55,0.05,0.0",0.305909,0.25,0,"-2.55,0.05,0.0",0.05,0.0,0,"-2.55,0.05,0.0",0.05,0.0,0,0.3025,0.0,12,2,0.174955,13,0,"{""organize"": 13}",0.994529,0.606921,1,0,ORGANIZE,OBSERVE,2.05,7.5894,0.0,0.0,"1.998163,1.833511,-0.002033",0.0,"3.772899,0.083674,0.0"
20260526-193544-sentence-script-a-single-cell-sphere-gra-d3516f,366,2026-05-26T19:36:22.163,36.6156,60.0,2,8.0444,26.0,S,0.130545,0,0,1.0,0.753,0.753,0.73004,1,1,"-2.55,0.05,0.0",0.73004,0.62,1,"-2.55,0.05,0.0",0.306617,0.25,0,"-2.55,0.05,0.0",0.05,0.0,0,"-2.55,0.05,0.0",0.05,0.0,0,0.3025,0.0,12,3,0.17161,13,0,"{""organize"": 13}",0.964373,0.640202,1,0,ORGANIZE,OBSERVE,2.15,7.5894,0.1,0.0,"1.817541,1.770946,-0.001659",0.0,"3.772383,0.059595,0.0"
20260526-193544-sentence-script-a-single-cell-sphere-gra-d3516f,367,2026-05-26T19:36:22.264,36.7165,60.0,2,8.1196,26.0,S,0.139954,0,0,1.0,0.7525,0.7525,0.731725,1,1,"-2.55,0.05,0.0",0.731725,0.62,1,"-2.55,0.05,0.0",0.307325,0.25,0,"-2.55,0.05,0.0",0.05,0.0,0,"-2.55,0.05,0.0",0.05,0.0,0,0.3025,0.0,12,3,0.172557,15,0,"{""organize"": 15}",1.038179,0.628304,1,0,ORGANIZE,OBSERVE,2.25,7.5894,0.0,0.0,"1.6436,1.689388,-0.001353",0.0,"3.771429,0.035549,0.0"
20260526-193544-sentence-script-a-single-cell-sphere-gra-d3516f,368,2026-05-26T19:36:22.348,36.8007,60.0,2,8.1823,26.0,S,0.14779,0,0,1.0,0.7521,0.7521,0.733128,1,1,"-2.55,0.05,0.0",0.733128,0.62,1,"-2.55,0.05,0.0",0.307914,0.25,0,"-2.55,0.05,0.0",0.05,0.0,0,"-2.55,0.05,0.0",0.05,0.0,0,0.3025,0.0,12,3,0.17338,15,0,"{""organize"": 15}",1.013762,0.654654,1,0,ORGANIZE,OBSERVE,2.3333,7.5894,0.0167,0.0,"1.505402,1.607459,-0.001142",0.0,"3.770301,0.015539,0.0"
20260526-193544-sentence-script-a-single-cell-sphere-gra-d3516f,369,2026-05-26T19:36:22.450,36.9018,60.0,2,8.2575,26.0,S,0.157188,0,0,1.0,0.7517,0.7517,0.734811,1,1,"-2.55,0.05,0.0",0.734811,0.62,1,"-2.55,0.05,0.0",0.308621,0.25,0,"-2.55,0.05,0.0",0.05,0.0,0,"-2.55,0.05,0.0",0.05,0.0,0,0.3025,0.0,12,3,0.174407,15,0,"{""organize"": 15}",0.984577,0.684634,1,0,ORGANIZE,OBSERVE,2.4333,7.5894,0.1167,0.0,"1.34953,1.493254,-0.000932",0.0,"3.768549,-0.008435,0.0"
20260526-193544-sentence-script-a-single-cell-sphere-gra-d3516f,370,2026-05-26T19:36:22.555,37.0072,60.0,2,8.3327,26.0,S,0.166582,0,0,1.0,0.7514,0.7514,0.736493,1,1,"-2.55,0.05,0.0",0.736493,0.62,1,"-2.55,0.05,0.0",0.309327,0.25,0,"-2.55,0.05,0.0",0.05,0.0,0,"-2.55,0.05,0.0",0.05,0.0,0,0.3025,0.0,12,3,0.175476,15,0,"{""organize"": 15}",0.955617,0.712587,1,0,ORGANIZE,OBSERVE,2.5333,7.5894,0.0833,0.0,"1.206418,1.362886,-0.000761",0.0,"3.766362,-0.032363,0.0"
20260526-193544-sentence-script-a-single-cell-sphere-gra-d3516f,371,2026-05-26T19:36:22.656,37.1083,60.0,2,8.4078,26.0,S,0.175973,0,0,1.0,0.7511,0.7511,0.738174,1,1,"-2.55,0.05,0.0",0.738174,0.62,1,"-2.55,0.05,0.0",0.310033,0.25,0,"-2.55,0.05,0.0",0.05,0.0,0,"-2.55,0.05,0.0",0.05,0.0,0,0.3025,0.0,12,4,0.179054,16,0,"{""organize"": 16}",0.949798,0.713703,1,0,ORGANIZE,OBSERVE,2.6333,7.5894,0.05,0.0,"1.077897,1.217805,-0.000621",0.0,"3.763742,-0.056238,0.0"
20260526-193544-sentence-script-a-single-cell-sphere-gra-d3516f,372,2026-05-26T19:36:22.757,37.2093,60.0,2,8.4829,26.0,S,0.18536,0,0,1.0,0.7509,0.7509,0.739855,1,1,"-2.55,0.05,0.0",0.739855,0.62,1,"-2.55,0.05,0.0",0.310739,0.25,0,"-2.55,0.05,0.0",0.05,0.0,0,"-2.55,0.05,0.0",0.05,0.0,0,0.3025,0.0,12,4,0.180425,16,0,"{""organize"": 16}",0.921613,0.730303,1,0,ORGANIZE,OBSERVE,2.7333,7.5894,0.0167,0.0,"0.9656,1.059663,-0.000506",0.0,"3.76069,-0.080054,0.0"
20260526-193544-sentence-script-a-single-cell-sphere-gra-d3516f,373,2026-05-26T19:36:22.857,37.3095,60.0,2,8.558,26.0,S,0.194746,0,0,1.0,0.7508,0.7508,0.741535,1,1,"-2.55,0.05,0.0",0.741535,0.62,1,"-2.55,0.05,0.0",0.311445,0.25,0,"-2.55,0.05,0.0",0.05,0.0,0,"-2.55,0.05,0.0",0.05,0.0,0,0.3025,0.0,12,4,0.18184,18,0,"{""organize"": 18}",0.896287,0.688374,1,0,ORGANIZE,OBSERVE,2.8333,7.5894,0.0167,0.0,"0.870953,0.890289,-0.000413",0.0,"3.757208,-0.103805,0.0"
20260526-193544-sentence-script-a-single-cell-sphere-gra-d3516f,374,2026-05-26T19:36:22.958,37.4102,60.0,2,8.633,26.0,S,0.204129,0,0,1.0,0.7506,0.7506,0.743216,1,1,"-2.55,0.05,0.0",0.743216,0.62,1,"-2.55,0.05,0.0",0.312151,0.25,0,"-2.55,0.05,0.0",0.05,0.0,0,"-2.55,0.05,0.0",0.05,0.0,0,0.3025,0.0,12,4,0.183297,18,0,"{""organize"": 18}",0.87044,0.700577,1,0,ORGANIZE,OBSERVE,2.9333,7.5894,0.0833,0.0,"0.795152,0.711662,-0.000337",0.0,"3.753296,-0.127484,0.0"
20260526-193544-sentence-script-a-single-cell-sphere-gra-d3516f,375,2026-05-26T19:36:23.059,37.5115,60.0,2,8.7081,26.0,S,0.213511,0,0,1.0,0.7505,0.7505,0.744895,1,1,"-2.55,0.05,0.0",0.744895,0.62,1,"-2.55,0.05,0.0",0.312856,0.25,0,"-2.55,0.05,0.0",0.05,0.0,0,"-2.55,0.05,0.0",0.05,0.0,0,0.3025,0.0,12,4,0.184794,19,0,"{""organize"": 19}",0.833646,0.663712,1,0,ORGANIZE,OBSERVE,3.0333,7.5894,0.0167,0.0,"0.739159,0.525886,-0.000275",0.0,"3.748956,-0.151084,0.0"
20260526-193544-sentence-script-a-single-cell-sphere-gra-d3516f,376,2026-05-26T19:36:23.160,37.6126,60.0,2,8.7831,26.0,S,0.222892,0,0,1.0,0.7504,0.7504,0.746575,1,1,"-2.55,0.05,0.0",0.746575,0.62,1,"-2.55,0.05,0.0",0.313561,0.25,0,"-2.55,0.05,0.0",0.05,0.0,0,"-2.55,0.05,0.0",0.05,0.0,0,0.3025,0.0,12,4,0.186329,20,0,"{""organize"": 20}",0.790236,0.627721,1,0,ORGANIZE,OBSERVE,3.1333,7.5894,0.0,0.0,"0.703687,0.335163,-0.000224",0.0,"3.744189,-0.174599,0.0"
20260526-193544-sentence-script-a-single-cell-sphere-gra-d3516f,377,2026-05-26T19:36:23.264,37.7137,60.0,2,8.8582,26.0,S,0.232271,0,0,1.0,0.7503,0.7503,0.748254,1,1,"-2.55,0.05,0.0",0.748254,0.62,1,"-2.55,0.05,0.0",0.314267,0.25,0,"-2.55,0.05,0.0",0.05,0.0,0,"-2.55,0.05,0.0",0.05,0.0,0,0.3025,0.0,12,5,0.18955,21,0,"{""organize"": 21}",0.747747,0.583605,1,0,ORGANIZE,OBSERVE,3.2333,7.5894,0.05,0.0,"0.689193,0.14176,-0.000183",0.0,"3.738997,-0.198021,0.0"
20260526-193544-sentence-script-a-single-cell-sphere-gra-d3516f,378,2026-05-26T19:36:23.354,37.8067,60.0,2,8.9207,26.0,S,0.240087,0,0,1.0,0.7503,0.7503,0.749654,1,1,"-2.55,0.05,0.0",0.749654,0.62,1,"-2.55,0.05,0.0",0.314855,0.25,0,"-2.55,0.05,0.0",0.05,0.0,0,"-2.55,0.05,0.0",0.05,0.0,0,0.3025,0.0,12,5,0.190829,21,0,"{""organize"": 21}",0.733344,0.569468,1,0,ORGANIZE,OBSERVE,3.3167,7.5894,0.0667,0.0,"0.693291,-0.019792,-0.000155",0.0,"3.734347,-0.217463,0.0"
20260526-193544-sentence-script-a-single-cell-sphere-gra-d3516f,379,2026-05-26T19:36:23.456,37.908,60.0,2,8.9957,26.0,S,0.249465,0,0,1.0,0.7502,0.7502,0.751333,1,1,"-2.55,0.05,0.0",0.751333,0.62,1,"-2.55,0.05,0.0",0.31556,0.25,0,"-2.55,0.05,0.0",0.05,0.0,0,"-2.55,0.05,0.0",0.05,0.0,0,0.3025,0.0,12,5,0.192402,22,0,"{""organize"": 22}",0.675044,0.5689,1,0,ORGANIZE,OBSERVE,3.4167,7.5894,0.0,0.0,"0.717587,-0.212105,-0.000126",0.0,"3.72838,-0.240695,0.0"
20260526-193544-sentence-script-a-single-cell-sphere-gra-d3516f,380,2026-05-26T19:36:23.558,38.0098,60.0,2,9.0707,26.0,S,0.258843,0,0,1.0,0.7502,0.7502,0.753012,1,1,"-2.55,0.05,0.0",0.753012,0.62,1,"-2.55,0.05,0.0",0.316265,0.25,0,"-2.55,0.05,0.0",0.05,0.0,0,"-2.55,0.05,0.0",0.05,0.0,0,0.3025,0.0,12,5,0.194015,23,0,"{""organize"": 23}",0.614576,0.582243,1,0,ORGANIZE,OBSERVE,3.5167,7.5894,0.0,0.0,"0.762752,-0.400555,-0.000103",0.0,"3.721994,-0.263814,0.0"
20260526-193544-sentence-script-a-single-cell-sphere-gra-d3516f,381,2026-05-26T19:36:23.668,38.1198,60.0,2,9.1458,26.0,S,0.26822,0,0,1.0,0.7502,0.7502,0.754691,1,1,"-2.55,0.05,0.0",0.754691,0.62,1,"-2.55,0.05,0.0",0.31697,0.25,0,"-2.55,0.05,0.0",0.05,0.0,0,"-2.55,0.05,0.0",0.05,0.0,0,0.3025,0.0,12,5,0.195666,23,0,"{""organize"": 23}",0.597647,0.605737,1,0,ORGANIZE,OBSERVE,3.6167,7.5894,0.1,0.0,"0.828251,-0.582878,-8.4e-05",0.0,"3.71519,-0.286813,0.0"
20260526-193544-sentence-script-a-single-cell-sphere-gra-d3516f,382,2026-05-26T19:36:23.756,38.2082,60.0,2,9.2083,26.0,S,0.276034,0,0,1.0,0.7501,0.7501,0.75609,1,1,"-2.55,0.05,0.0",0.75609,0.62,1,"-2.55,0.05,0.0",0.317558,0.25,0,"-2.55,0.05,0.0",0.05,0.0,0,"-2.55,0.05,0.0",0.05,0.0,0,0.3025,0.0,12,5,0.197069,23,0,"{""organize"": 23}",0.583303,0.617652,1,0,ORGANIZE,OBSERVE,3.7,7.5894,0.05,0.0,"0.897812,-0.728553,-7.1e-05",0.0,"3.709202,-0.305881,0.0"
20260526-193544-sentence-script-a-single-cell-sphere-gra-d3516f,383,2026-05-26T19:36:23.856,38.3085,60.0,2,9.2833,26.0,S,0.28541,0,0,1.0,0.7501,0.7501,0.757769,1,1,"-2.55,0.05,0.0",0.757769,0.62,1,"-2.55,0.05,0.0",0.318263,0.25,0,"-2.55,0.05,0.0",0.05,0.0,0,"-2.55,0.05,0.0",0.05,0.0,0,0.3025,0.0,12,6,0.20007,23,0,"{""organize"": 23}",0.566033,0.615001,1,0,ORGANIZE,OBSERVE,3.8,7.5894,0.0167,0.0,"0.998392,-0.894029,-5.8e-05",0.0,"3.701638,-0.328639,0.0"
20260526-193544-sentence-script-a-single-cell-sphere-gra-d3516f,384,2026-05-26T19:36:23.957,38.4089,60.0,2,9.3583,26.0,S,0.294786,0,0,1.0,0.7501,0.7501,0.759447,1,1,"-2.55,0.05,0.0",0.759447,0.62,1,"-2.55,0.05,0.0",0.318968,0.25,0,"-2.55,0.05,0.0",0.05,0.0,0,"-2.55,0.05,0.0",0.05,0.0,0,0.3025,0.0,12,6,0.201458,23,0,"{""organize"": 23}",0.549429,0.61838,1,0,ORGANIZE,OBSERVE,3.9,7.5894,0.1167,0.0,"1.116486,-1.047447,-4.7e-05",0.0,"3.693663,-0.351255,0.0"
20260526-193544-sentence-script-a-single-cell-sphere-gra-d3516f,385,2026-05-26T19:36:24.059,38.5094,60.0,2,9.4333,26.0,S,0.304162,0,0,1.0,0.7501,0.7501,0.761126,1,1,"-2.55,0.05,0.0",0.761126,0.62,1,"-2.55,0.05,0.0",0.319673,0.25,0,"-2.55,0.05,0.0",0.05,0.0,0,"-2.55,0.05,0.0",0.05,0.0,0,0.3025,0.0,12,6,0.202878,23,0,"{""organize"": 23}",0.532814,0.624491,1,0,ORGANIZE,OBSERVE,4.0,7.5894,0.0833,0.0,"1.250672,-1.18696,-3.9e-05",0.0,"3.685279,-0.373723,0.0"
20260526-193544-sentence-script-a-single-cell-sphere-gra-d3516f,386,2026-05-26T19:36:24.158,38.61,60.0,2,9.5083,26.0,S,0.313538,0,0,1.0,0.7501,0.7501,0.762805,1,1,"-2.55,0.05,0.0",0.762805,0.62,1,"-2.55,0.05,0.0",0.320378,0.25,0,"-2.55,0.05,0.0",0.05,0.0,0,"-2.55,0.05,0.0",0.05,0.0,0,0.3025,0.0,12,6,0.204328,25,0,"{""organize"": 25}",0.378492,0.59113,1,0,ORGANIZE,OBSERVE,4.1,7.5894,0.05,0.0,"1.399332,-1.310889,-3.1e-05",0.0,"3.67649,-0.396035,0.0"
20260526-193544-sentence-script-a-single-cell-sphere-gra-d3516f,387,2026-05-26T19:36:24.258,38.7106,60.0,2,9.5833,26.0,S,0.322914,0,0,1.0,0.75,0.75,0.764484,1,1,"-2.55,0.05,0.0",0.764484,0.62,1,"-2.55,0.05,0.0",0.321083,0.25,0,"-2.55,0.05,0.0",0.05,0.0,0,"-2.55,0.05,0.0",0.05,0.0,0,0.3025,0.0,12,6,0.205809,25,0,"{""organize"": 25}",0.364783,0.576628,1,0,ORGANIZE,OBSERVE,4.2,7.5894,0.0167,0.0,"1.560675,-1.417741,-2.6e-05",0.0,"3.667298,-0.418183,0.0"
20260526-193544-sentence-script-a-single-cell-sphere-gra-d3516f,388,2026-05-26T19:36:24.359,38.8114,60.0,2,9.6583,26.0,S,0.332289,0,0,1.0,0.75,0.75,0.766162,1,1,"-2.55,0.05,0.0",0.766162,0.62,1,"-2.55,0.05,0.0",0.321788,0.25,0,"-2.55,0.05,0.0",0.05,0.0,0,"-2.55,0.05,0.0",0.05,0.0,0,0.3025,0.0,12,7,0.207706,25,0,"{""organize"": 25}",0.352247,0.558032,1,0,ORGANIZE,OBSERVE,4.3,7.5894,0.1167,0.0,"1.732753,-1.506228,-2.1e-05",0.0,"3.657706,-0.440161,0.0"
20260526-193544-sentence-script-a-single-cell-sphere-gra-d3516f,389,2026-05-26T19:36:24.460,38.9121,60.0,2,9.7333,26.0,S,0.341665,0,0,1.0,0.75,0.75,0.767841,1,1,"-2.55,0.05,0.0",0.767841,0.62,1,"-2.55,0.05,0.0",0.322493,0.25,0,"-2.55,0.05,0.0",0.05,0.0,0,"-2.55,0.05,0.0",0.05,0.0,0,0.3025,0.0,12,7,0.209273,25,0,"{""organize"": 25}",0.341239,0.53687,1,0,ORGANIZE,OBSERVE,4.4,7.5894,0.0833,0.0,"1.913488,-1.575284,-1.7e-05",0.0,"3.647718,-0.461962,0.0"
20260526-193544-sentence-script-a-single-cell-sphere-gra-d3516f,390,2026-05-26T19:36:24.562,39.0126,60.0,2,9.8083,26.0,S,0.35104,0,0,1.0,0.75,0.75,0.76952,1,1,"-2.55,0.05,0.0",0.76952,0.62,1,"-2.55,0.05,0.0",0.323198,0.25,0,"-2.55,0.05,0.0",0.05,0.0,0,"-2.55,0.05,0.0",0.05,0.0,0,0.3025,0.0,12,7,0.210877,26,0,"{""organize"": 26}",0.266815,0.510561,1,0,ORGANIZE,OBSERVE,4.5,7.5894,0.0,0.0,"2.100699,-1.624077,-1.4e-05",0.0,"3.637336,-0.483577,0.0"
20260526-193544-sentence-script-a-single-cell-sphere-gra-d3516f,391,2026-05-26T19:36:24.661,39.1133,60.0,2,9.8833,26.0,S,0.360415,0,0,1.0,0.75,0.75,0.771198,1,1,"-2.55,0.05,0.0",0.771198,0.62,1,"-2.55,0.05,0.0",0.323903,0.25,0,"-2.55,0.05,0.0",0.05,0.0,0,"-2.55,0.05,0.0",0.05,0.0,0,0.3025,0.0,12,7,0.212506,26,0,"{""organize"": 26}",0.256955,0.52049,1,0,ORGANIZE,OBSERVE,4.6,7.5894,0.0167,0.0,"2.292124,-1.652019,-1.1e-05",0.0,"3.626564,-0.505001,0.0"
20260526-193544-sentence-script-a-single-cell-sphere-gra-d3516f,392,2026-05-26T19:36:24.762,39.2142,60.0,2,9.9583,26.0,S,0.369791,0,0,1.0,0.75,0.75,0.772877,1,1,"-2.55,0.05,0.0",0.772877,0.62,1,"-2.55,0.05,0.0",0.324608,0.25,0,"-2.55,0.05,0.0",0.05,0.0,0,"-2.55,0.05,0.0",0.05,0.0,0,0.3025,0.0,12,7,0.213919,27,0,"{""organize"": 27}",0.1906,0.535216,1,0,ORGANIZE,OBSERVE,4.7,7.5894,0.0333,0.0,"2.48545,-1.658775,-9e-06",0.0,"3.615406,-0.526225,0.0"
20260526-193544-sentence-script-a-single-cell-sphere-gra-d3516f,393,2026-05-26T19:36:24.862,39.3146,60.0,2,10.0333,26.0,S,0.379166,0,0,1.0,0.75,0.75,0.774555,1,1,"-2.55,0.05,0.0",0.774555,0.62,1,"-2.55,0.05,0.0",0.325313,0.25,0,"-2.55,0.05,0.0",0.05,0.0,0,"-2.55,0.05,0.0",0.05,0.0,0,0.3025,0.0,12,7,0.215363,27,0,"{""organize"": 27}",0.184115,0.580988,1,0,ORGANIZE,OBSERVE,4.8,7.5894,0.0833,0.0,"2.678343,-1.644265,-8e-06",0.0,"3.603865,-0.547244,0.0"
20260526-193544-sentence-script-a-single-cell-sphere-gra-d3516f,394,2026-05-26T19:36:24.963,39.415,60.0,2,10.1083,26.0,S,0.388541,0,0,1.0,0.75,0.75,0.776234,1,1,"-2.55,0.05,0.0",0.776234,0.62,1,"-2.55,0.05,0.0",0.326018,0.25,0,"-2.55,0.05,0.0",0.05,0.0,0,"-2.55,0.05,0.0",0.05,0.0,0,0.3025,0.0,12,8,0.213711,27,0,"{""organize"": 27}",0.178822,0.61684,1,0,ORGANIZE,OBSERVE,4.9,7.5894,0.05,0.0,"2.868471,-1.608665,-6e-06",0.0,"3.591945,-0.56805,0.0"
20260526-193544-sentence-script-a-single-cell-sphere-gra-d3516f,395,2026-05-26T19:36:25.065,39.5155,60.0,2,10.1833,26.0,S,0.397916,0,0,1.0,0.75,0.75,0.777913,1,1,"-2.55,0.05,0.0",0.777913,0.62,1,"-2.55,0.05,0.0",0.326723,0.25,0,"-2.55,0.05,0.0",0.05,0.0,0,"-2.55,0.05,0.0",0.05,0.0,0,0.3025,0.0,12,8,0.21542,28,0,"{""organize"": 28}",0.121443,0.623053,1,0,ORGANIZE,OBSERVE,5.0,7.5894,0.0,0.0,"3.053538,-1.552407,-5e-06",0.0,"3.57965,-0.588637,0.0"
20260526-193544-sentence-script-a-single-cell-sphere-gra-d3516f,396,2026-05-26T19:36:25.164,39.6162,60.0,2,10.2583,26.0,S,0.407291,0,0,1.0,0.75,0.75,0.779591,1,1,"-2.55,0.05,0.0",0.779591,0.62,1,"-2.55,0.05,0.0",0.327428,0.25,0,"-2.55,0.05,0.0",0.05,0.0,0,"-2.55,0.05,0.0",0.05,0.0,0,0.3025,0.0,12,8,0.217165,29,0,"{""organize"": 29}",0.071205,0.619363,1,0,ORGANIZE,OBSERVE,5.1,7.5894,0.05,0.0,"3.231306,-1.47617,-4e-06",0.0,"3.566983,-0.608997,0.0"
20260526-193544-sentence-script-a-single-cell-sphere-gra-d3516f,397,2026-05-26T19:36:25.248,39.7,60.0,2,10.3208,26.0,S,0.415104,0,0,1.0,0.75,0.75,0.78099,1,1,"-2.55,0.05,0.0",0.78099,0.62,1,"-2.55,0.05,0.0",0.328016,0.25,0,"-2.55,0.05,0.0",0.05,0.0,0,"-2.55,0.05,0.0",0.05,0.0,0,0.3025,0.0,12,8,0.218526,29,0,"{""organize"": 29}",0.07259,0.63305,1,0,ORGANIZE,OBSERVE,5.1833,7.5894,0.0667,0.0,"3.372317,-1.398038,-3e-06",0.0,"3.556148,-0.625787,0.0"
20260526-193544-sentence-script-a-single-cell-sphere-gra-d3516f,398,2026-05-26T19:36:25.349,39.8007,60.0,2,10.3958,26.0,S,0.424479,0,0,1.0,0.75,0.75,0.782669,1,1,"-2.55,0.05,0.0",0.782669,0.62,1,"-2.55,0.05,0.0",0.328721,0.25,0,"-2.55,0.05,0.0",0.05,0.0,0,"-2.55,0.05,0.0",0.05,0.0,0,0.3025,0.0,12,8,0.22001,30,0,"{""organize"": 30}",0.029982,0.637589,1,0,ORGANIZE,OBSERVE,5.2833,7.5894,0.0,0.0,"3.531207,-1.287738,-3e-06",0.0,"3.542812,-0.645715,0.0"
20260526-193544-sentence-script-a-single-cell-sphere-gra-d3516f,399,2026-05-26T19:36:25.450,39.9021,60.0,2,10.4708,26.0,S,0.433854,0,0,1.0,0.75,0.75,0.784347,1,1,"-2.55,0.05,0.0",0.784347,0.62,1,"-2.55,0.05,0.0",0.329426,0.25,0,"-2.55,0.05,0.0",0.05,0.0,0,"-2.55,0.05,0.0",0.05,0.0,0,0.3025,0.0,12,9,0.215318,31,0,"{""organize"": 31}",-0.059467,0.614911,1,0,ORGANIZE,OBSERVE,5.3833,7.5894,0.0,0.0,"3.677025,-1.160661,-2e-06",0.0,"3.529117,-0.665398,0.0"
20260526-193544-sentence-script-a-single-cell-sphere-gra-d3516f,400,2026-05-26T19:36:25.551,40.0036,60.0,2,10.5458,26.0,S,0.443229,0,0,1.0,0.75,0.75,0.786026,1,1,"-2.55,0.05,0.0",0.786026,0.62,1,"-2.55,0.05,0.0",0.330131,0.25,0,"-2.55,0.05,0.0",0.05,0.0,0,"-2.55,0.05,0.0",0.05,0.0,0,0.3025,0.0,12,9,0.217056,31,0,"{""organize"": 31}",-0.054969,0.62682,1,0,ORGANIZE,OBSERVE,5.4833,7.5894,0.0833,0.0,"3.80801,-1.018344,-2e-06",0.0,"3.515068,-0.68483,0.0"
20260526-193544-sentence-script-a-single-cell-sphere-gra-d3516f,401,2026-05-26T19:36:25.655,40.1069,60.0,2,10.6208,26.0,S,0.452604,0,0,1.0,0.75,0.75,0.787704,1,1,"-2.55,0.05,0.0",0.787704,0.62,1,"-2.55,0.05,0.0",0.330836,0.25,0,"-2.55,0.05,0.0",0.05,0.0,0,"-2.55,0.05,0.0",0.05,0.0,0,0.3025,0.0,12,9,0.218832,31,0,"{""organize"": 31}",-0.050216,0.638973,1,0,ORGANIZE,OBSERVE,5.5833,7.5894,0.0667,0.0,"3.922579,-0.862507,-2e-06",0.0,"3.500669,-0.704004,0.0"
20260526-193544-sentence-script-a-single-cell-sphere-gra-d3516f,402,2026-05-26T19:36:25.756,40.2082,60.0,2,10.6958,26.0,S,0.461979,0,0,1.0,0.75,0.75,0.789383,1,1,"-2.55,0.05,0.0",0.789383,0.62,1,"-2.55,0.05,0.0",0.331541,0.25,0,"-2.55,0.05,0.0",0.05,0.0,0,"-2.55,0.05,0.0",0.05,0.0,0,0.3025,0.0,12,9,0.220644,32,0,"{""organize"": 32}",-0.067752,0.643069,1,0,ORGANIZE,OBSERVE,5.6833,7.5894,0.0167,0.0,"4.019346,-0.695034,-1e-06",0.0,"3.485925,-0.722914,0.0"
20260526-193544-sentence-script-a-single-cell-sphere-gra-d3516f,403,2026-05-26T19:36:25.857,40.3089,60.0,2,10.7708,26.0,S,0.471354,0,0,1.0,0.75,0.75,0.791061,1,1,"-2.55,0.05,0.0",0.791061,0.62,1,"-2.55,0.05,0.0",0.332246,0.25,0,"-2.55,0.05,0.0",0.05,0.0,0,"-2.55,0.05,0.0",0.05,0.0,0,0.3025,0.0,12,9,0.222247,32,0,"{""organize"": 32}",-0.062481,0.657785,1,0,ORGANIZE,OBSERVE,5.7833,7.5894,0.0,0.0,"4.097143,-0.51795,-1e-06",0.0,"3.470841,-0.741554,0.0"
20260526-193544-sentence-script-a-single-cell-sphere-gra-d3516f,404,2026-05-26T19:36:25.957,40.4093,60.0,2,10.8458,26.0,S,0.480729,0,0,1.0,0.75,0.75,0.79274,1,1,"-2.55,0.05,0.0",0.79274,0.62,1,"-2.55,0.05,0.0",0.332951,0.25,0,"-2.55,0.05,0.0",0.05,0.0,0,"-2.55,0.05,0.0",0.05,0.0,0,0.3025,0.0,12,9,0.223842,31,0,"{""organize"": 31}",-0.07193,0.640933,1,0,ORGANIZE,OBSERVE,5.8833,7.5894,0.0667,0.0,"4.155029,-0.333396,-1e-06",0.0,"3.455421,-0.759917,0.0"
20260526-193544-sentence-script-a-single-cell-sphere-gra-d3516f,405,2026-05-26T19:36:26.060,40.5103,60.0,2,10.9208,26.0,S,0.490104,0,0,1.0,0.75,0.75,0.794419,1,1,"-2.55,0.05,0.0",0.794419,0.62,1,"-2.55,0.05,0.0",0.333656,0.25,0,"-2.55,0.05,0.0",0.05,0.0,0,"-2.55,0.05,0.0",0.05,0.0,0,0.3025,0.0,12,10,0.222509,32,0,"{""organize"": 32}",-0.068058,0.614403,1,0,ORGANIZE,OBSERVE,5.9833,7.5894,0.0167,0.0,"4.192304,-0.143603,-1e-06",0.0,"3.439671,-0.777997,0.0"
20260526-193544-sentence-script-a-single-cell-sphere-gra-d3516f,406,2026-05-26T19:36:26.164,40.616,60.0,2,10.9958,26.0,S,0.499479,0,0,1.0,0.75,0.75,0.796097,1,1,"-2.55,0.05,0.0",0.796097,0.62,1,"-2.55,0.05,0.0",0.334361,0.25,0,"-2.55,0.05,0.0",0.05,0.0,0,"-2.55,0.05,0.0",0.05,0.0,0,0.3025,0.0,12,10,0.224099,31,0,"{""organize"": 31}",-0.087968,0.612607,1,0,ORGANIZE,OBSERVE,6.0833,7.5894,0.0,0.0,"4.208519,0.049136,-1e-06",0.0,"3.423596,-0.79579,0.0"
20260526-193544-sentence-script-a-single-cell-sphere-gra-d3516f,407,2026-05-26T19:36:26.248,40.7005,60.0,2,11.0583,26.0,S,0.507292,0,0,1.0,0.75,0.75,0.797496,1,1,"-2.55,0.05,0.0",0.797496,0.62,1,"-2.55,0.05,0.0",0.334948,0.25,0,"-2.55,0.05,0.0",0.05,0.0,0,"-2.55,0.05,0.0",0.05,0.0,0,0.3025,0.0,12,10,0.225455,31,0,"{""organize"": 31}",-0.08273,0.614661,1,0,ORGANIZE,OBSERVE,6.1667,7.5894,0.0833,0.0,"4.205793,0.210321,-0.0",0.0,"3.409956,-0.810392,0.0"
20260526-193544-sentence-script-a-single-cell-sphere-gra-d3516f,408,2026-05-26T19:36:26.351,40.8026,60.0,2,11.1333,26.0,S,0.516667,0,0,1.0,0.75,0.75,0.799175,1,1,"-2.55,0.05,0.0",0.799175,0.62,1,"-2.55,0.05,0.0",0.335653,0.25,0,"-2.55,0.05,0.0",0.05,0.0,0,"-2.55,0.05,0.0",0.05,0.0,0,0.3025,0.0,12,10,0.22707,31,0,"{""organize"": 31}",-0.077718,0.6215,1,0,ORGANIZE,OBSERVE,6.2667,7.5894,0.0833,0.0,"4.183072,0.402402,-0.0",0.0,"3.393299,-0.82764,0.0"
20260526-193544-sentence-script-a-single-cell-sphere-gra-d3516f,409,2026-05-26T19:36:26.456,40.9078,60.0,2,11.2083,26.0,S,0.526042,0,0,1.0,0.75,0.75,0.800853,1,1,"-2.55,0.05,0.0",0.800853,0.62,1,"-2.55,0.05,0.0",0.336358,0.25,0,"-2.55,0.05,0.0",0.05,0.0,0,"-2.55,0.05,0.0",0.05,0.0,0,0.3025,0.0,12,10,0.228491,30,0,"{""organize"": 30}",-0.070188,0.626041,1,0,ORGANIZE,OBSERVE,6.3667,7.5894,0.0333,0.0,"4.139402,0.590827,-0.0",0.0,"3.376332,-0.844584,0.0"
20260526-193544-sentence-script-a-single-cell-sphere-gra-d3516f,410,2026-05-26T19:36:26.557,41.0092,60.0,2,11.2833,26.0,S,0.535417,0,0,1.0,0.75,0.75,0.802532,1,1,"-2.55,0.05,0.0",0.802532,0.62,1,"-2.55,0.05,0.0",0.337063,0.25,0,"-2.55,0.05,0.0",0.05,0.0,0,"-2.55,0.05,0.0",0.05,0.0,0,0.3025,0.0,12,10,0.229952,30,0,"{""organize"": 30}",-0.065983,0.625298,1,0,ORGANIZE,OBSERVE,6.4667,7.5894,0.0167,0.0,"4.07531,0.77332,-0.0",0.0,"3.35906,-0.861217,0.0"
20260526-193544-sentence-script-a-single-cell-sphere-gra-d3516f,411,2026-05-26T19:36:26.658,41.1106,60.0,2,11.3583,26.0,S,0.544792,0,0,1.0,0.75,0.75,0.80421,1,1,"-2.55,0.05,0.0",0.80421,0.62,1,"-2.55,0.05,0.0",0.337768,0.25,0,"-2.55,0.05,0.0",0.05,0.0,0,"-2.55,0.05,0.0",0.05,0.0,0,0.3025,0.0,12,11,0.232013,30,0,"{""organize"": 30}",-0.061767,0.600051,1,0,ORGANIZE,OBSERVE,6.5667,7.5894,0.1167,0.0,"3.991572,0.947674,-0.0",0.0,"3.34149,-0.877535,0.0"
20260526-193544-sentence-script-a-single-cell-sphere-gra-d3516f,412,2026-05-26T19:36:26.761,41.2118,60.0,2,11.4333,26.0,S,0.554167,0,0,1.0,0.75,0.75,0.805889,1,1,"-2.55,0.05,0.0",0.805889,0.62,1,"-2.55,0.05,0.0",0.338473,0.25,0,"-2.55,0.05,0.0",0.05,0.0,0,"-2.55,0.05,0.0",0.05,0.0,0,0.3025,0.0,12,11,0.233565,29,0,"{""organize"": 29}",-0.087071,0.557649,1,0,ORGANIZE,OBSERVE,6.6667,7.5894,0.0833,0.0,"3.889199,1.111781,-0.0",0.0,"3.323627,-0.893531,0.0"
20260526-193544-sentence-script-a-single-cell-sphere-gra-d3516f,413,2026-05-26T19:36:26.861,41.3126,60.0,2,11.5083,26.0,S,0.563542,0,0,1.0,0.75,0.75,0.807567,1,1,"-2.55,0.05,0.0",0.807567,0.62,1,"-2.55,0.05,0.0",0.339178,0.25,0,"-2.55,0.05,0.0",0.05,0.0,0,"-2.55,0.05,0.0",0.05,0.0,0,0.3025,0.0,12,11,0.235164,29,0,"{""organize"": 29}",-0.086917,0.525984,1,0,ORGANIZE,OBSERVE,6.7667,7.5894,0.05,0.0,"3.76943,1.263659,-0.0",0.0,"3.305477,-0.909201,0.0"
20260526-193544-sentence-script-a-single-cell-sphere-gra-d3516f,414,2026-05-26T19:36:26.961,41.4132,60.0,2,11.5833,26.0,S,0.572917,0,0,1.0,0.75,0.75,0.809246,1,1,"-2.55,0.05,0.0",0.809246,0.62,1,"-2.55,0.05,0.0",0.339883,0.25,0,"-2.55,0.05,0.0",0.05,0.0,0,"-2.55,0.05,0.0",0.05,0.0,0,0.3025,0.0,12,11,0.23667,29,0,"{""organize"": 29}",-0.087148,0.523116,1,0,ORGANIZE,OBSERVE,6.8667,7.5894,0.0167,0.0,"3.633711,1.401471,-0.0",0.0,"3.287047,-0.92454,0.0"
20260526-193544-sentence-script-a-single-cell-sphere-gra-d3516f,415,2026-05-26T19:36:27.062,41.5141,60.0,2,11.6583,26.0,S,0.582292,0,0,1.0,0.75,0.75,0.810925,1,1,"-2.55,0.05,0.0",0.810925,0.62,1,"-2.55,0.05,0.0",0.340588,0.25,0,"-2.55,0.05,0.0",0.05,0.0,0,"-2.55,0.05,0.0",0.05,0.0,0,0.3025,0.0,12,11,0.23815,29,0,"{""organize"": 29}",-0.087655,0.530153,1,0,ORGANIZE,OBSERVE,6.9667,7.5894,0.1167,0.0,"3.483684,1.52355,-0.0",0.0,"3.268341,-0.939542,0.0"
20260526-193544-sentence-script-a-single-cell-sphere-gra-d3516f,416,2026-05-26T19:36:27.164,41.6159,60.0,2,11.7333,26.0,S,0.591667,0,0,1.0,0.75,0.75,0.812603,1,1,"-2.55,0.05,0.0",0.812603,0.62,1,"-2.55,0.05,0.0",0.341293,0.25,0,"-2.55,0.05,0.0",0.05,0.0,0,"-2.55,0.05,0.0",0.05,0.0,0,0.3025,0.0,12,12,0.239037,28,0,"{""organize"": 28}",-0.108549,0.510331,1,0,ORGANIZE,OBSERVE,7.0667,7.5894,0.0,0.0,"3.321162,1.628422,-0.0",0.0,"3.249366,-0.954202,0.0"
20260526-193544-sentence-script-a-single-cell-sphere-gra-d3516f,417,2026-05-26T19:36:27.248,41.7001,60.0,2,11.7958,26.0,S,0.599479,0,0,1.0,0.75,0.75,0.814002,1,1,"-2.55,0.05,0.0",0.814002,0.62,1,"-2.55,0.05,0.0",0.341881,0.25,0,"-2.55,0.05,0.0",0.05,0.0,0,"-2.55,0.05,0.0",0.05,0.0,0,0.3025,0.0,12,12,0.240086,26,0,"{""organize"": 26}",-0.166407,0.52851,1,0,ORGANIZE,OBSERVE,7.15,7.5894,0.0167,0.0,"3.177595,1.70175,-0.0",0.0,"3.233353,-0.966155,0.0"
20260526-193544-sentence-script-a-single-cell-sphere-gra-d3516f,418,2026-05-26T19:36:27.349,41.8011,60.0,2,11.8708,26.0,S,0.608854,0,0,1.0,0.75,0.75,0.815681,1,1,"-2.55,0.05,0.0",0.815681,0.62,1,"-2.55,0.05,0.0",0.342586,0.25,0,"-2.55,0.05,0.0",0.05,0.0,0,"-2.55,0.05,0.0",0.05,0.0,0,0.3025,0.0,12,12,0.24138,27,0,"{""organize"": 27}",-0.097762,0.546714,1,0,ORGANIZE,OBSERVE,7.25,7.5894,0.0,0.0,"2.997361,1.771943,-0.0",0.0,"3.213902,-0.980177,0.0"
20260526-193544-sentence-script-a-single-cell-sphere-gra-d3516f,419,2026-05-26T19:36:27.450,41.9021,60.0,2,11.9458,26.0,S,0.618229,0,0,1.0,0.75,0.75,0.817359,1,1,"-2.55,0.05,0.0",0.817359,0.62,1,"-2.55,0.05,0.0",0.343291,0.25,0,"-2.55,0.05,0.0",0.05,0.0,0,"-2.55,0.05,0.0",0.05,0.0,0,0.3025,0.0,12,12,0.242714,26,0,"{""organize"": 26}",-0.118325,0.545805,1,0,ORGANIZE,OBSERVE,7.35,7.5894,0.05,0.0,"2.81051,1.821927,-0.0",0.0,"3.1942,-0.993844,0.0"
20260526-193544-sentence-script-a-single-cell-sphere-gra-d3516f,420,2026-05-26T19:36:27.552,42.0034,60.0,2,12.0208,26.0,S,0.627604,0,0,1.0,0.75,0.75,0.819038,1,1,"-2.55,0.05,0.0",0.819038,0.62,1,"-2.55,0.05,0.0",0.343996,0.25,0,"-2.55,0.05,0.0",0.05,0.0,0,"-2.55,0.05,0.0",0.05,0.0,0,0.3025,0.0,12,12,0.244004,26,0,"{""organize"": 26}",-0.122301,0.553283,1,0,ORGANIZE,OBSERVE,7.45,7.5894,0.0667,0.0,"2.619301,1.851096,-0.0",0.0,"3.174253,-1.007152,0.0"
20260526-193544-sentence-script-a-single-cell-sphere-gra-d3516f,421,2026-05-26T19:36:27.656,42.1065,60.0,2,12.0958,26.0,S,0.636979,0,0,1.0,0.75,0.75,0.820716,1,1,"-2.55,0.05,0.0",0.820716,0.62,1,"-2.55,0.05,0.0",0.344701,0.25,0,"-2.55,0.05,0.0",0.05,0.0,0,"-2.55,0.05,0.0",0.05,0.0,0,0.3025,0.0,12,12,0.245315,25,0,"{""organize"": 25}",-0.083529,0.542325,1,0,ORGANIZE,OBSERVE,7.55,7.5894,0.0167,0.0,"2.426045,1.859098,-0.0",0.0,"3.154069,-1.020097,0.0"
20260526-193544-sentence-script-a-single-cell-sphere-gra-d3516f,422,2026-05-26T19:36:27.760,42.2123,60.0,2,12.1723,26.0,S,0.646536,0,0,1.0,0.7842,0.7842,0.822427,1,1,"-2.55,0.05,0.0",0.822427,0.62,1,"-2.55,0.05,0.0",0.345419,0.25,0,"-2.55,0.05,0.0",0.05,0.0,0,"-2.55,0.05,0.0",0.05,0.0,0,0.3025,0.0,12,12,0.246675,26,0,"{""attach"": 1, ""organize"": 25}",-0.018134,0.538377,1,0,ARTISTIC_WRAP,ORGANIZE,0.05,8.7051,0.0,0.0,"1.524876,1.564554,0.180681",0.0,"3.133256,-1.032912,0.0"
20260526-193544-sentence-script-a-single-cell-sphere-gra-d3516f,423,2026-05-26T19:36:27.848,42.3001,60.0,2,12.2395,26.0,S,0.65494,0,0,1.0,0.821,0.821,0.823932,1,1,"-2.55,0.05,0.0",0.823932,0.62,1,"-2.55,0.05,0.0",0.346051,0.25,0,"-2.55,0.05,0.0",0.05,0.0,0,"-2.55,0.05,0.0",0.05,0.0,0,0.3025,0.0,12,12,0.247889,26,0,"{""attach"": 1, ""organize"": 25}",-0.021874,0.550281,1,0,ARTISTIC_WRAP,ORGANIZE,0.1333,8.7051,0.0833,0.0,"0.622264,1.255527,0.350811",0.0,"3.114759,-1.043864,0.0"
20260526-193544-sentence-script-a-single-cell-sphere-gra-d3516f,424,2026-05-26T19:36:27.948,42.4002,60.0,2,12.3238,26.0,S,0.665477,0,0,1.0,0.8576,0.8576,0.825819,1,1,"-2.55,0.05,0.0",0.825819,0.62,1,"-2.55,0.05,0.0",0.346844,0.25,0,"-2.55,0.05,0.0",0.05,0.0,0,"-2.55,0.05,0.0",0.05,0.0,0,0.3025,0.0,12,12,0.249434,25,0,"{""attach"": 1, ""organize"": 24}",-0.046264,0.577539,1,0,ARTISTIC_WRAP,ORGANIZE,0.2333,8.7051,0.0667,0.0,"-0.283939,0.956532,0.483246",0.0,"3.091321,-1.057167,0.0"
20260526-193544-sentence-script-a-single-cell-sphere-gra-d3516f,425,2026-05-26T19:36:28.049,42.5006,60.0,2,12.4114,26.0,S,0.676421,0,0,1.0,0.8875,0.8875,0.827778,1,1,"-2.55,0.05,0.0",0.827778,0.62,1,"-2.55,0.05,0.0",0.347667,0.25,0,"-2.55,0.05,0.0",0.05,0.0,0,"-2.55,0.05,0.0",0.05,0.0,0,0.3025,0.0,12,12,0.250904,24,0,"{""attach"": 1, ""organize"": 23}",-0.011046,0.586919,1,0,ARTISTIC_WRAP,ORGANIZE,0.3333,8.7051,0.0167,0.0,"-1.029893,0.724625,0.548216",0.0,"3.066695,-1.070477,0.0"
20260526-193544-sentence-script-a-single-cell-sphere-gra-d3516f,426,2026-05-26T19:36:28.149,42.601,60.0,2,12.5016,26.0,S,0.687698,0,0,1.0,0.9119,0.9119,0.829797,1,1,"-2.55,0.05,0.0",0.829797,0.62,1,"-2.55,0.05,0.0",0.348515,0.25,0,"-2.55,0.05,0.0",0.05,0.0,0,"-2.55,0.05,0.0",0.05,0.0,0,0.3025,0.0,12,12,0.252324,24,0,"{""attach"": 1, ""organize"": 23}",-0.015474,0.604647,1,0,ARTISTIC_WRAP,ORGANIZE,0.4333,8.7051,0.0333,0.0,"-1.642649,0.549838,0.555747",0.0,"3.041033,-1.083642,0.0"
20260526-193544-sentence-script-a-single-cell-sphere-gra-d3516f,427,2026-05-26T19:36:28.251,42.7016,60.0,2,12.594,26.0,S,0.699246,0,0,1.0,0.9318,0.9318,0.831865,1,1,"-2.55,0.05,0.0",0.831865,0.62,1,"-2.55,0.05,0.0",0.349383,0.25,0,"-2.55,0.05,0.0",0.05,0.0,0,"-2.55,0.05,0.0",0.05,0.0,0,0.3025,0.0,12,12,0.253804,24,0,"{""attach"": 1, ""organize"": 23}",-0.015991,0.623048,1,0,ARTISTIC_WRAP,ORGANIZE,0.5333,8.7051,0.0167,0.0,"-2.14304,0.423473,0.514801",0.0,"3.014462,-1.096541,0.0"
20260526-193544-sentence-script-a-single-cell-sphere-gra-d3516f,428,2026-05-26T19:36:28.351,42.8034,60.0,2,12.6881,26.0,S,0.711015,0,0,1.0,0.948,0.948,0.833972,1,1,"-2.55,0.05,0.0",0.833972,0.62,1,"-2.55,0.05,0.0",0.350268,0.25,0,"-2.55,0.05,0.0",0.05,0.0,0,"-2.55,0.05,0.0",0.05,0.0,0,0.3025,0.0,12,12,0.25534,26,2,"{""attach"": 3, ""organize"": 23}",0.023081,0.605283,1,0,ARTISTIC_WRAP,ORGANIZE,0.6333,8.7051,0.0167,0.0,"-2.547147,0.337527,0.433583",0.0,"2.987094,-1.109074,0.0"
20260526-193544-sentence-script-a-single-cell-sphere-gra-d3516f,429,2026-05-26T19:36:28.453,42.9044,60.0,2,12.7837,26.0,S,0.722965,0,0,1.0,0.9613,0.9613,0.836112,1,1,"-2.55,0.05,0.0",0.836112,0.62,1,"-2.55,0.05,0.0",0.351167,0.25,0,"-2.55,0.05,0.0",0.05,0.0,0,"-2.55,0.05,0.0",0.05,0.0,0,0.3025,0.0,12,12,0.256889,23,2,"{""attach"": 3, ""organize"": 20}",-0.091019,0.608882,1,0,ARTISTIC_WRAP,ORGANIZE,0.7333,8.7051,0.0,0.0,"-2.867468,0.28434,0.319742",0.0,"2.959021,-1.121158,0.0"
20260526-193544-sentence-script-a-single-cell-sphere-gra-d3516f,430,2026-05-26T19:36:28.553,43.0052,60.0,2,12.8805,26.0,S,0.735062,0,0,1.0,0.9721,0.9721,0.838278,1,1,"-2.55,0.05,0.0",0.838278,0.62,1,"-2.55,0.05,0.0",0.352077,0.25,0,"-2.55,0.05,0.0",0.05,0.0,0,"-2.55,0.05,0.0",0.05,0.0,0,0.3025,0.0,12,12,0.258158,23,2,"{""attach"": 3, ""organize"": 20}",-0.089438,0.621003,1,0,ARTISTIC_WRAP,ORGANIZE,0.8333,8.7051,0.0,0.0,"-3.113847,0.256444,0.180518",0.0,"2.930325,-1.132728,0.0"
20260526-193544-sentence-script-a-single-cell-sphere-gra-d3516f,431,2026-05-26T19:36:28.655,43.106,60.0,2,12.9782,26.0,S,0.747279,0,0,1.0,0.9809,0.9809,0.840465,1,1,"-2.55,0.05,0.0",0.840465,0.62,1,"-2.55,0.05,0.0",0.352995,0.25,0,"-2.55,0.05,0.0",0.05,0.0,0,"-2.55,0.05,0.0",0.05,0.0,0,0.3025,0.0,12,12,0.259469,24,3,"{""attach"": 4, ""organize"": 20}",-0.070882,0.600687,1,0,ARTISTIC_WRAP,ORGANIZE,0.9333,8.7051,0.0,0.0,"-3.294219,0.246579,0.022815",0.0,"2.901077,-1.143728,0.0"
20260526-193544-sentence-script-a-single-cell-sphere-gra-d3516f,432,2026-05-26T19:36:28.755,43.2073,60.0,2,13.0768,26.0,S,0.759594,0,0,1.0,0.9881,0.9881,0.84267,1,1,"-2.55,0.05,0.0",0.84267,0.62,1,"-2.55,0.05,0.0",0.353921,0.25,0,"-2.55,0.05,0.0",0.05,0.0,0,"-2.55,0.05,0.0",0.05,0.0,0,0.3025,0.0,12,12,0.260821,25,4,"{""attach"": 5, ""organize"": 20}",-0.054123,0.580066,1,0,ARTISTIC_WRAP,ORGANIZE,1.0333,8.7051,0.0,0.0,"-3.415181,0.247832,-0.146759",0.0,"2.87134,-1.154114,0.0"
20260526-193544-sentence-script-a-single-cell-sphere-gra-d3516f,433,2026-05-26T19:36:28.857,43.3088,60.0,2,13.1759,26.0,S,0.771989,0,0,1.0,0.994,0.994,0.84489,1,1,"-2.55,0.05,0.0",0.84489,0.62,1,"-2.55,0.05,0.0",0.354854,0.25,0,"-2.55,0.05,0.0",0.05,0.0,0,"-2.55,0.05,0.0",0.05,0.0,0,0.3025,0.0,12,12,0.262213,25,4,"{""attach"": 5, ""organize"": 20}",-0.051447,0.590486,1,0,ARTISTIC_WRAP,ORGANIZE,1.1333,8.7051,0.0,0.0,"-3.482453,0.253861,-0.321895",0.0,"2.841169,-1.16385,0.0"
20260526-193544-sentence-script-a-single-cell-sphere-gra-d3516f,434,2026-05-26T19:36:28.958,43.4102,60.0,2,13.2756,26.0,S,0.78445,0,0,1.0,0.9988,0.9988,0.847121,1,1,"-2.55,0.05,0.0",0.847121,0.62,1,"-2.55,0.05,0.0",0.355791,0.25,0,"-2.55,0.05,0.0",0.05,0.0,0,"-2.55,0.05,0.0",0.05,0.0,0,0.3025,0.0,12,12,0.263303,25,4,"{""attach"": 5, ""organize"": 20}",-0.050204,0.599523,1,0,ARTISTIC_WRAP,ORGANIZE,1.2333,8.7051,0.0,0.0,"-3.501221,0.259159,-0.496608",0.0,"2.810613,-1.172905,0.0"
20260526-193544-sentence-script-a-single-cell-sphere-gra-d3516f,435,2026-05-26T19:36:29.060,43.5109,60.0,2,13.3757,26.0,S,0.796964,0,0,1.0,1.0027,1.0027,0.849361,1,1,"-2.55,0.05,0.0",0.849361,0.62,1,"-2.55,0.05,0.0",0.356732,0.25,0,"-2.55,0.05,0.0",0.05,0.0,0,"-2.55,0.05,0.0",0.05,0.0,0,0.3025,0.0,12,12,0.264391,26,4,"{""attach"": 7, ""organize"": 19}",0.009253,0.563612,1,0,ARTISTIC_WRAP,ORGANIZE,1.3333,8.7051,0.0,0.0,"-3.476394,0.259306,-0.665279",0.0,"2.779715,-1.181256,0.0"
20260526-193544-sentence-script-a-single-cell-sphere-gra-d3516f,436,2026-05-26T19:36:29.160,43.6119,60.0,2,13.4762,26.0,S,0.809521,0,0,1.0,1.0059,1.0059,0.851609,1,1,"-2.55,0.05,0.0",0.851609,0.62,1,"-2.55,0.05,0.0",0.357676,0.25,0,"-2.55,0.05,0.0",0.05,0.0,0,"-2.55,0.05,0.0",0.05,0.0,0,0.3025,0.0,12,12,0.26552,26,4,"{""attach"": 7, ""organize"": 19}",0.009772,0.563643,1,0,ARTISTIC_WRAP,ORGANIZE,1.4333,8.7051,0.0,0.0,"-3.412792,0.251178,-0.822718",0.0,"2.748516,-1.188882,0.0"
20260526-193544-sentence-script-a-single-cell-sphere-gra-d3516f,437,2026-05-26T19:36:29.261,43.713,60.0,2,13.5769,26.0,S,0.822114,0,0,1.0,1.0085,1.0085,0.853864,1,1,"-2.55,0.05,0.0",0.853864,0.62,1,"-2.55,0.05,0.0",0.358623,0.25,0,"-2.55,0.05,0.0",0.05,0.0,0,"-2.55,0.05,0.0",0.05,0.0,0,0.3025,0.0,12,12,0.266693,26,4,"{""attach"": 7, ""organize"": 19}",0.012383,0.557127,1,0,ARTISTIC_WRAP,ORGANIZE,1.5333,8.7051,0.0,0.0,"-3.31527,0.233081,-0.964223",0.0,"2.717052,-1.195767,0.0"
20260526-193544-sentence-script-a-single-cell-sphere-gra-d3516f,438,2026-05-26T19:36:29.362,43.814,60.0,2,13.6779,26.0,S,0.834735,0,0,1.0,1.0106,1.0106,0.856124,1,1,"-2.55,0.05,0.0",0.856124,0.62,1,"-2.55,0.05,0.0",0.359572,0.25,0,"-2.55,0.05,0.0",0.05,0.0,0,"-2.55,0.05,0.0",0.05,0.0,0,0.3025,0.0,12,12,0.267659,26,4,"{""attach"": 8, ""organize"": 18}",-0.002091,0.51959,1,0,ARTISTIC_WRAP,ORGANIZE,1.6333,8.7051,0.0,0.0,"-3.188794,0.204776,-1.085646",0.0,"2.685357,-1.201897,0.0"
20260526-193544-sentence-script-a-single-cell-sphere-gra-d3516f,439,2026-05-26T19:36:29.463,43.9152,60.0,2,13.779,26.0,S,0.847381,0,0,1.0,1.0123,1.0123,0.858388,1,1,"-2.55,0.05,0.0",0.858388,0.62,1,"-2.55,0.05,0.0",0.360523,0.25,0,"-2.55,0.05,0.0",0.05,0.0,0,"-2.55,0.05,0.0",0.05,0.0,0,0.3025,0.0,12,12,0.268594,28,4,"{""attach"": 10, ""organize"": 18}",0.014115,0.492148,1,0,ARTISTIC_WRAP,ORGANIZE,1.7333,8.7051,0.0,0.0,"-3.038467,0.167405,-1.183458",0.0,"2.653463,-1.207261,0.0"
20260526-193544-sentence-script-a-single-cell-sphere-gra-d3516f,440,2026-05-26T19:36:29.566,44.0168,60.0,2,13.8804,26.0,S,0.860045,0,0,1.0,1.0137,1.0137,0.860656,1,1,"-2.55,0.05,0.0",0.860656,0.62,1,"-2.55,0.05,0.0",0.361475,0.25,0,"-2.55,0.05,0.0",0.05,0.0,0,"-2.55,0.05,0.0",0.05,0.0,0,0.3025,0.0,12,12,0.269571,27,4,"{""attach"": 10, ""organize"": 17}",0.010728,0.460643,1,0,ARTISTIC_WRAP,ORGANIZE,1.8333,8.7051,0.0,0.0,"-2.869533,0.123299,-1.2548",0.0,"2.621398,-1.211851,0.0"
20260526-193544-sentence-script-a-single-cell-sphere-gra-d3516f,441,2026-05-26T19:36:29.650,44.1016,60.0,2,13.9649,26.0,S,0.870611,0,0,1.0,1.0147,1.0147,0.862548,1,1,"-2.55,0.05,0.0",0.862548,0.62,1,"-2.55,0.05,0.0",0.36227,0.25,0,"-2.55,0.05,0.0",0.05,0.0,0,"-2.55,0.05,0.0",0.05,0.0,0,0.3025,0.0,12,12,0.27042,27,4,"{""attach"": 10, ""organize"": 17}",0.011231,0.433446,1,0,ARTISTIC_WRAP,ORGANIZE,1.9167,8.7051,0.0833,0.0,"-2.718397,0.083712,-1.292467",0.0,"2.594566,-1.215078,0.0"
20260526-193544-sentence-script-a-single-cell-sphere-gra-d3516f,442,2026-05-26T19:36:29.751,44.2032,60.0,2,14.0664,26.0,S,0.883302,0,0,1.0,1.0157,1.0157,0.86482,1,1,"-2.55,0.05,0.0",0.86482,0.62,1,"-2.55,0.05,0.0",0.363224,0.25,0,"-2.55,0.05,0.0",0.05,0.0,0,"-2.55,0.05,0.0",0.05,0.0,0,0.3025,0.0,12,12,0.271319,27,4,"{""attach"": 10, ""organize"": 17}",0.010993,0.403274,1,0,ARTISTIC_WRAP,ORGANIZE,2.0167,8.7051,0.0833,0.0,"-2.529281,0.03606,-1.310271",0.0,"2.56226,-1.218229,0.0"
20260526-193544-sentence-script-a-single-cell-sphere-gra-d3516f,443,2026-05-26T19:36:29.853,44.305,60.0,2,14.168,26.0,S,0.896004,0,0,1.0,1.0165,1.0165,0.867094,1,1,"-2.55,0.05,0.0",0.867094,0.62,1,"-2.55,0.05,0.0",0.36418,0.25,0,"-2.55,0.05,0.0",0.05,0.0,0,"-2.55,0.05,0.0",0.05,0.0,0,0.3025,0.0,12,12,0.27211,26,4,"{""attach"": 10, ""organize"": 16}",0.060136,0.357843,1,0,ARTISTIC_WRAP,ORGANIZE,2.1167,8.7051,0.0,0.0,"-2.336799,-0.008043,-1.297518",0.0,"2.529858,-1.220588,0.0"
20260526-193544-sentence-script-a-single-cell-sphere-gra-d3516f,444,2026-05-26T19:36:29.954,44.4058,60.0,2,14.2697,26.0,S,0.908715,0,0,1.0,1.0171,1.0171,0.86937,1,1,"-2.55,0.05,0.0",0.86937,0.62,1,"-2.55,0.05,0.0",0.365135,0.25,0,"-2.55,0.05,0.0",0.05,0.0,0,"-2.55,0.05,0.0",0.05,0.0,0,0.3025,0.0,12,12,0.272938,26,4,"{""attach"": 10, ""organize"": 16}",0.06143,0.352342,1,0,ARTISTIC_WRAP,ORGANIZE,2.2167,8.7051,0.0,0.0,"-2.146256,-0.044867,-1.254247",0.0,"2.497385,-1.222151,0.0"
20260526-193544-sentence-script-a-single-cell-sphere-gra-d3516f,445,2026-05-26T19:36:30.055,44.5069,60.0,2,14.3715,26.0,S,0.921433,0,0,1.0,1.0177,1.0177,0.871647,1,1,"-2.55,0.05,0.0",0.871647,0.62,1,"-2.55,0.05,0.0",0.366092,0.25,0,"-2.55,0.05,0.0",0.05,0.0,0,"-2.55,0.05,0.0",0.05,0.0,0,0.3025,0.0,12,12,0.2738,25,5,"{""attach"": 11, ""organize"": 14}",0.048419,0.349456,1,0,ARTISTIC_WRAP,ORGANIZE,2.3167,8.7051,0.0,0.0,"-1.962781,-0.071265,-1.181267",0.0,"2.464866,-1.222916,0.0"
20260526-193544-sentence-script-a-single-cell-sphere-gra-d3516f,446,2026-05-26T19:36:30.156,44.608,60.0,2,14.4733,26.0,S,0.934157,0,0,1.0,1.0181,1.0181,0.873925,1,1,"-2.55,0.05,0.0",0.873925,0.62,1,"-2.55,0.05,0.0",0.367049,0.25,0,"-2.55,0.05,0.0",0.05,0.0,0,"-2.55,0.05,0.0",0.05,0.0,0,0.3025,0.0,12,12,0.274618,24,5,"{""attach"": 11, ""organize"": 13}",-0.027353,0.376424,1,0,ARTISTIC_WRAP,ORGANIZE,2.4167,8.7051,0.0,0.0,"-1.791235,-0.084997,-1.08013",0.0,"2.432322,-1.222882,0.0"
20260526-193544-sentence-script-a-single-cell-sphere-gra-d3516f,447,2026-05-26T19:36:30.257,44.7088,60.0,2,14.5751,26.0,S,0.946886,0,0,1.0,1.0184,1.0184,0.876204,1,1,"-2.55,0.05,0.0",0.876204,0.62,1,"-2.55,0.05,0.0",0.368006,0.25,0,"-2.55,0.05,0.0",0.05,0.0,0,"-2.55,0.05,0.0",0.05,0.0,0,0.3025,0.0,12,12,0.275354,23,5,"{""attach"": 11, ""organize"": 12}",-0.006929,0.385226,1,0,ARTISTIC_WRAP,ORGANIZE,2.5167,8.7051,0.0,0.0,"-1.636115,-0.084956,-0.953097",0.0,"2.399777,-1.222046,0.0"
20260526-193544-sentence-script-a-single-cell-sphere-gra-d3516f,448,2026-05-26T19:36:30.358,44.8104,60.0,2,14.6769,26.0,S,0.959619,0,0,1.0,1.0187,1.0187,0.878484,1,1,"-2.55,0.05,0.0",0.878484,0.62,1,"-2.55,0.05,0.0",0.368963,0.25,0,"-2.55,0.05,0.0",0.05,0.0,0,"-2.55,0.05,0.0",0.05,0.0,0,0.3025,0.0,12,12,0.27609,22,5,"{""attach"": 11, ""organize"": 11}",0.051227,0.380491,1,0,ARTISTIC_WRAP,ORGANIZE,2.6167,8.7051,0.0,0.0,"-1.501466,-0.071301,-0.803072",0.0,"2.367252,-1.22041,0.0"
20260526-193544-sentence-script-a-single-cell-sphere-gra-d3516f,449,2026-05-26T19:36:30.460,44.9116,60.0,2,14.7788,26.0,S,0.972354,0,0,1.0,1.019,1.019,0.880764,1,1,"-2.55,0.05,0.0",0.880764,0.62,1,"-2.55,0.05,0.0",0.369921,0.25,0,"-2.55,0.05,0.0",0.05,0.0,0,"-2.55,0.05,0.0",0.05,0.0,0,0.3025,0.0,12,12,0.276825,21,5,"{""attach"": 11, ""organize"": 10}",0.028154,0.353175,1,0,ARTISTIC_WRAP,ORGANIZE,2.7167,8.7051,0.0,0.0,"-1.390795,-0.045449,-0.633535",0.0,"2.334769,-1.217972,0.0"
20260526-193544-sentence-script-a-single-cell-sphere-gra-d3516f,450,2026-05-26T19:36:30.561,45.0128,60.0,2,14.8807,26.0,S,0.985093,0,0,1.0,1.0192,1.0192,0.883045,1,1,"-2.55,0.05,0.0",0.883045,0.62,1,"-2.55,0.05,0.0",0.370879,0.25,0,"-2.55,0.05,0.0",0.05,0.0,0,"-2.55,0.05,0.0",0.05,0.0,0,0.3025,0.0,12,12,0.27756,19,5,"{""attach"": 11, ""organize"": 8}",0.087162,0.302229,1,0,ARTISTIC_WRAP,ORGANIZE,2.8167,8.7051,0.0,0.0,"-1.307,-0.009952,-0.44846",0.0,"2.30235,-1.214735,0.0"
20260526-193544-sentence-script-a-single-cell-sphere-gra-d3516f,451,2026-05-26T19:36:30.662,45.1141,60.0,2,14.9827,26.0,S,0.997833,0,0,1.0,1.0193,1.0193,0.885326,1,1,"-2.55,0.05,0.0",0.885326,0.62,1,"-2.55,0.05,0.0",0.371837,0.25,0,"-2.55,0.05,0.0",0.05,0.0,0,"-2.55,0.05,0.0",0.05,0.0,0,0.3025,0.0,12,12,0.278294,18,5,"{""attach"": 11, ""organize"": 7}",0.159432,0.288941,1,0,ARTISTIC_WRAP,ORGANIZE,2.9167,8.7051,0.0,0.0,"-1.252304,0.031733,-0.25221",0.0,"2.270014,-1.2107,0.0"
20260526-193544-sentence-script-a-single-cell-sphere-gra-d3516f,452,2026-05-26T19:36:30.766,45.2163,60.0,2,15.0846,26.0,G2,0.014101,0,0,1.0,1.0194,1.0194,0.887608,1,1,"-2.55,0.05,0.0",0.887608,0.62,1,"-2.55,0.05,0.0",0.372795,0.25,0,"-2.55,0.05,0.0",0.05,0.0,0,"-2.55,0.05,0.0",0.05,0.0,0,0.3025,0.0,12,12,0.279027,19,5,"{""attach"": 12, ""organize"": 7}",0.150587,0.296895,1,0,ARTISTIC_WRAP,ORGANIZE,3.0167,8.7051,0.0167,0.0,"-1.228213,0.075567,-0.04944",0.0,"2.237784,-1.205869,0.0"
20260526-193544-sentence-script-a-single-cell-sphere-gra-d3516f,453,2026-05-26T19:36:30.849,45.3008,60.0,2,15.1696,26.0,G2,0.028261,0,0,1.0,1.0195,1.0195,0.889509,1,1,"-2.55,0.05,0.0",0.889509,0.62,1,"-2.55,0.05,0.0",0.373594,0.25,0,"-2.55,0.05,0.0",0.05,0.0,0,"-2.55,0.05,0.0",0.05,0.0,0,0.3025,0.0,12,12,0.279638,19,5,"{""attach"": 12, ""organize"": 7}",0.147292,0.303358,1,0,ARTISTIC_WRAP,ORGANIZE,3.1,8.7051,0.0,0.0,"-1.23208,0.110678,0.121034",0.0,"2.21102,-1.201237,0.0"
20260526-193544-sentence-script-a-single-cell-sphere-gra-d3516f,454,2026-05-26T19:36:30.949,45.4013,60.0,2,15.2715,26.0,G2,0.045254,0,0,1.0,1.0196,1.0196,0.891791,1,1,"-2.55,0.05,0.0",0.891791,0.62,1,"-2.55,0.05,0.0",0.374552,0.25,0,"-2.55,0.05,0.0",0.05,0.0,0,"-2.55,0.05,0.0",0.05,0.0,0,0.3025,0.0,12,12,0.280371,20,7,"{""attach"": 13, ""organize"": 7}",0.144379,0.300919,1,0,ARTISTIC_WRAP,ORGANIZE,3.2,8.7051,0.0,0.0,"-1.265492,0.147577,0.323168",0.0,"2.179034,-1.194954,0.0"
20260526-193544-sentence-script-a-single-cell-sphere-gra-d3516f,455,2026-05-26T19:36:31.051,45.5015,60.0,2,15.3735,26.0,G2,0.062248,0,0,1.0,1.0197,1.0197,0.894073,1,1,"-2.55,0.05,0.0",0.894073,0.62,1,"-2.55,0.05,0.0",0.375511,0.25,0,"-2.55,0.05,0.0",0.05,0.0,0,"-2.55,0.05,0.0",0.05,0.0,0,0.3025,0.0,12,12,0.281103,21,8,"{""attach"": 14, ""organize"": 7}",0.141579,0.302585,1,0,ARTISTIC_WRAP,ORGANIZE,3.3,8.7051,0.0,0.0,"-1.32964,0.175415,0.518071",0.0,"2.14721,-1.187885,0.0"
20260526-193544-sentence-script-a-single-cell-sphere-gra-d3516f,456,2026-05-26T19:36:31.150,45.6021,60.0,2,15.4755,26.0,G2,0.079243,0,0,1.0,1.0197,1.0197,0.896355,1,1,"-2.55,0.05,0.0",0.896355,0.62,1,"-2.55,0.05,0.0",0.376469,0.25,0,"-2.55,0.05,0.0",0.05,0.0,0,"-2.55,0.05,0.0",0.05,0.0,0,0.3025,0.0,12,12,0.281834,22,8,"{""attach"": 15, ""organize"": 7}",0.138379,0.285573,1,0,ARTISTIC_WRAP,ORGANIZE,3.4,8.7051,0.0,0.0,"-1.423116,0.191475,0.701052",0.0,"2.115569,-1.180033,0.0"
20260526-193544-sentence-script-a-single-cell-sphere-gra-d3516f,457,2026-05-26T19:36:31.251,45.7027,60.0,2,15.5774,26.0,G2,0.096239,0,0,1.0,1.0198,1.0198,0.898638,1,1,"-2.55,0.05,0.0",0.898638,0.62,1,"-2.55,0.05,0.0",0.377428,0.25,0,"-2.55,0.05,0.0",0.05,0.0,0,"-2.55,0.05,0.0",0.05,0.0,0,0.3025,0.0,12,12,0.282565,22,8,"{""attach"": 16, ""organize"": 6}",0.168385,0.259576,1,0,ARTISTIC_WRAP,ORGANIZE,3.5,8.7051,0.0,0.0,"-1.543793,0.194166,0.86769",0.0,"2.084129,-1.171404,0.0"
20260526-193544-sentence-script-a-single-cell-sphere-gra-d3516f,458,2026-05-26T19:36:31.351,45.8035,60.0,2,15.6794,26.0,G2,0.113236,0,0,1.0,1.0198,1.0198,0.90092,1,1,"-2.55,0.05,0.0",0.90092,0.62,1,"-2.55,0.05,0.0",0.378387,0.25,0,"-2.55,0.05,0.0",0.05,0.0,0,"-2.55,0.05,0.0",0.05,0.0,0,0.3025,0.0,12,12,0.283296,23,8,"{""attach"": 17, ""organize"": 6}",0.163372,0.236868,1,0,ARTISTIC_WRAP,ORGANIZE,3.6,8.7051,0.0,0.0,"-1.688878,0.183174,1.013943",0.0,"2.052909,-1.162002,0.0"
20260526-193544-sentence-script-a-single-cell-sphere-gra-d3516f,459,2026-05-26T19:36:31.452,45.9045,60.0,2,15.7814,26.0,G2,0.130234,0,0,1.0,1.0199,1.0199,0.903203,1,1,"-2.55,0.05,0.0",0.903203,0.62,1,"-2.55,0.05,0.0",0.379345,0.25,0,"-2.55,0.05,0.0",0.05,0.0,0,"-2.55,0.05,0.0",0.05,0.0,0,0.3025,0.0,12,12,0.284026,22,8,"{""attach"": 17, ""organize"": 5}",0.226346,0.221164,1,0,ARTISTIC_WRAP,ORGANIZE,3.7,8.7051,0.0,0.0,"-1.854976,0.159494,1.136246",0.0,"2.02193,-1.151833,0.0"
20260526-193544-sentence-script-a-single-cell-sphere-gra-d3516f,460,2026-05-26T19:36:31.555,46.0057,60.0,2,15.8834,26.0,G2,0.147231,0,0,1.0,1.0199,1.0199,0.905485,1,1,"-2.55,0.05,0.0",0.905485,0.62,1,"-2.55,0.05,0.0",0.380304,0.25,0,"-2.55,0.05,0.0",0.05,0.0,0,"-2.55,0.05,0.0",0.05,0.0,0,0.3025,0.0,12,12,0.284755,23,8,"{""attach"": 18, ""organize"": 5}",0.223408,0.210522,1,0,ARTISTIC_WRAP,ORGANIZE,3.8,8.7051,0.0,0.0,"-2.038177,0.125338,1.231596",0.0,"1.99121,-1.140903,0.0"
20260526-193544-sentence-script-a-single-cell-sphere-gra-d3516f,461,2026-05-26T19:36:31.655,46.1066,60.0,2,15.9854,26.0,G2,0.16423,0,0,1.0,1.0199,1.0199,0.907768,1,1,"-2.55,0.05,0.0",0.907768,0.62,1,"-2.55,0.05,0.0",0.381263,0.25,0,"-2.55,0.05,0.0",0.05,0.0,0,"-2.55,0.05,0.0",0.05,0.0,0,0.3025,0.0,12,12,0.285485,23,8,"{""attach"": 18, ""organize"": 5}",0.223092,0.208788,1,0,ARTISTIC_WRAP,ORGANIZE,3.9,8.7051,0.0167,0.0,"-2.234142,0.083928,1.29763",0.0,"1.960768,-1.12922,0.0"
20260526-193544-sentence-script-a-single-cell-sphere-gra-d3516f,462,2026-05-26T19:36:31.756,46.2074,60.0,2,16.0874,26.0,G2,0.181228,0,0,1.0,1.0199,1.0199,0.910051,1,1,"-2.55,0.05,0.0",0.910051,0.62,1,"-2.55,0.05,0.0",0.382221,0.25,0,"-2.55,0.05,0.0",0.05,0.0,0,"-2.55,0.05,0.0",0.05,0.0,0,0.3025,0.0,12,12,0.286213,24,8,"{""attach"": 19, ""organize"": 5}",0.215383,0.223799,1,0,ARTISTIC_WRAP,ORGANIZE,4.0,8.7051,0.0167,0.0,"-2.438212,0.03919,1.332681",0.0,"1.930623,-1.116789,0.0"
20260526-193544-sentence-script-a-single-cell-sphere-gra-d3516f,463,2026-05-26T19:36:31.856,46.3082,60.0,2,16.1894,26.0,G2,0.198227,0,0,1.0,1.0199,1.0199,0.912333,1,1,"-2.55,0.05,0.0",0.912333,0.62,1,"-2.55,0.05,0.0",0.38318,0.25,0,"-2.55,0.05,0.0",0.05,0.0,0,"-2.55,0.05,0.0",0.05,0.0,0,0.3025,0.0,12,12,0.286941,22,9,"{""attach"": 19, ""organize"": 3}",0.299709,0.236351,1,0,ARTISTIC_WRAP,ORGANIZE,4.1,8.7051,0.0,0.0,"-2.645516,-0.004621,1.335821",0.0,"1.900792,-1.103619,0.0"
20260526-193544-sentence-script-a-single-cell-sphere-gra-d3516f,464,2026-05-26T19:36:31.957,46.4088,60.0,2,16.2914,26.0,G2,0.215226,0,0,1.0,1.0199,1.0199,0.914616,1,1,"-2.55,0.05,0.0",0.914616,0.62,1,"-2.55,0.05,0.0",0.384139,0.25,0,"-2.55,0.05,0.0",0.05,0.0,0,"-2.55,0.05,0.0",0.05,0.0,0,0.3025,0.0,12,12,0.287669,22,10,"{""attach"": 19, ""organize"": 3}",0.297078,0.239233,1,0,ARTISTIC_WRAP,ORGANIZE,4.2,8.7051,0.0167,0.0,"-2.851093,-0.043325,1.306886",0.0,"1.871295,-1.089718,0.0"
20260526-193544-sentence-script-a-single-cell-sphere-gra-d3516f,465,2026-05-26T19:36:32.057,46.5086,60.0,2,16.3934,26.0,G2,0.232226,0,0,1.0,1.02,1.02,0.916899,1,1,"-2.55,0.05,0.0",0.916899,0.62,1,"-2.55,0.05,0.0",0.385098,0.25,0,"-2.55,0.05,0.0",0.05,0.0,0,"-2.55,0.05,0.0",0.05,0.0,0,0.3025,0.0,12,12,0.288397,22,10,"{""attach"": 19, ""organize"": 3}",0.29695,0.221146,1,0,ARTISTIC_WRAP,ORGANIZE,4.3,8.7051,0.0167,0.0,"-3.050003,-0.073214,1.246479",0.0,"1.842149,-1.075094,0.0"
20260526-193544-sentence-script-a-single-cell-sphere-gra-d3516f,466,2026-05-26T19:36:32.156,46.6082,60.0,2,16.4953,26.0,G2,0.249225,0,0,1.0,1.02,1.02,0.919182,1,1,"-2.55,0.05,0.0",0.919182,0.62,1,"-2.55,0.05,0.0",0.386056,0.25,0,"-2.55,0.05,0.0",0.05,0.0,0,"-2.55,0.05,0.0",0.05,0.0,0,0.3025,0.0,12,12,0.289124,23,10,"{""attach"": 20, ""organize"": 3}",0.281608,0.199317,1,0,ARTISTIC_WRAP,ORGANIZE,4.4,8.7051,0.0,0.0,"-3.237456,-0.091414,1.155965",0.0,"1.813373,-1.059756,0.0"
20260526-193544-sentence-script-a-single-cell-sphere-gra-d3516f,467,2026-05-26T19:36:32.256,46.7082,60.0,2,16.5973,26.0,G2,0.266224,0,0,1.0,1.02,1.02,0.921464,1,1,"-2.55,0.05,0.0",0.921464,0.62,1,"-2.55,0.05,0.0",0.387015,0.25,0,"-2.55,0.05,0.0",0.05,0.0,0,"-2.55,0.05,0.0",0.05,0.0,0,0.3025,0.0,12,12,0.28985,23,10,"{""attach"": 20, ""organize"": 3}",0.28279,0.194404,1,0,ARTISTIC_WRAP,ORGANIZE,4.5,8.7051,0.0167,0.0,"-3.40892,-0.096156,1.037431",0.0,"1.784982,-1.043714,0.0"
20260526-193544-sentence-script-a-single-cell-sphere-gra-d3516f,468,2026-05-26T19:36:32.359,46.8083,60.0,2,16.6993,26.0,G2,0.283224,0,0,1.0,1.02,1.02,0.923747,1,1,"-2.55,0.05,0.0",0.923747,0.62,1,"-2.55,0.05,0.0",0.387974,0.25,0,"-2.55,0.05,0.0",0.05,0.0,0,"-2.55,0.05,0.0",0.05,0.0,0,0.3025,0.0,12,12,0.290577,23,11,"{""attach"": 20, ""organize"": 3}",0.284206,0.194178,1,0,ARTISTIC_WRAP,ORGANIZE,4.6,8.7051,0.0167,0.0,"-3.560233,-0.086951,0.893647",0.0,"1.756996,-1.026976,0.0"
20260526-193544-sentence-script-a-single-cell-sphere-gra-d3516f,469,2026-05-26T19:36:32.457,46.909,60.0,2,16.8013,26.0,G2,0.300224,0,0,1.0,1.02,1.02,0.92603,1,1,"-2.55,0.05,0.0",0.92603,0.62,1,"-2.55,0.05,0.0",0.388933,0.25,0,"-2.55,0.05,0.0",0.05,0.0,0,"-2.55,0.05,0.0",0.05,0.0,0,0.3025,0.0,12,12,0.291303,23,11,"{""attach"": 21, ""organize"": 2}",0.21658,0.19558,1,0,ARTISTIC_WRAP,ORGANIZE,4.7,8.7051,0.0167,0.0,"-3.687708,-0.06464,0.727994",0.0,"1.729431,-1.009553,0.0"
20260526-193544-sentence-script-a-single-cell-sphere-gra-d3516f,470,2026-05-26T19:36:32.557,47.0093,60.0,2,16.9033,26.0,G2,0.317223,0,0,1.0,1.02,1.02,0.928313,1,1,"-2.55,0.05,0.0",0.928313,0.62,1,"-2.55,0.05,0.0",0.389891,0.25,0,"-2.55,0.05,0.0",0.05,0.0,0,"-2.55,0.05,0.0",0.05,0.0,0,0.3025,0.0,12,12,0.292029,22,12,"{""attach"": 21, ""organize"": 1}",0.286396,0.205171,1,0,ARTISTIC_WRAP,ORGANIZE,4.8,8.7051,0.0,0.0,"-3.788216,-0.031317,0.544391",0.0,"1.702303,-0.991457,0.0"
20260526-193544-sentence-script-a-single-cell-sphere-gra-d3516f,471,2026-05-26T19:36:32.658,47.1096,60.0,2,17.0053,26.0,G2,0.334223,0,0,1.0,1.02,1.02,0.930596,1,1,"-2.55,0.05,0.0",0.930596,0.62,1,"-2.55,0.05,0.0",0.39085,0.25,0,"-2.55,0.05,0.0",0.05,0.0,0,"-2.55,0.05,0.0",0.05,0.0,0,0.3025,0.0,12,12,0.292754,23,12,"{""attach"": 22, ""organize"": 1}",0.273481,0.21328,1,0,ARTISTIC_WRAP,ORGANIZE,4.9,8.7051,0.0333,0.0,"-3.859268,0.009866,0.347195",0.0,"1.675629,-0.972697,0.0"
20260526-193544-sentence-script-a-single-cell-sphere-gra-d3516f,472,2026-05-26T19:36:32.757,47.2094,60.0,2,17.1073,26.0,G2,0.351223,0,0,1.0,1.02,1.02,0.932879,1,1,"-2.55,0.05,0.0",0.932879,0.62,1,"-2.55,0.05,0.0",0.391809,0.25,0,"-2.55,0.05,0.0",0.05,0.0,0,"-2.55,0.05,0.0",0.05,0.0,0,0.3025,0.0,12,12,0.29348,23,13,"{""attach"": 23}",0.208884,0.199522,1,0,ARTISTIC_WRAP,ORGANIZE,5.0,8.7051,0.0333,0.0,"-3.899077,0.054999,0.141106",0.0,"1.649426,-0.953286,0.0"
20260526-193544-sentence-script-a-single-cell-sphere-gra-d3516f,473,2026-05-26T19:36:32.857,47.309,60.0,2,17.2093,26.0,G2,0.368223,0,0,1.0,1.02,1.02,0.935161,1,1,"-2.55,0.05,0.0",0.935161,0.62,1,"-2.55,0.05,0.0",0.392768,0.25,0,"-2.55,0.05,0.0",0.05,0.0,0,"-2.55,0.05,0.0",0.05,0.0,0,0.3025,0.0,12,12,0.294205,23,14,"{""attach"": 23}",0.210724,0.199522,1,0,ARTISTIC_WRAP,ORGANIZE,5.1,8.7051,0.0333,0.0,"-3.906599,0.099784,-0.068951",0.0,"1.623709,-0.933234,0.0"
20260526-193544-sentence-script-a-single-cell-sphere-gra-d3516f,474,2026-05-26T19:36:32.960,47.4102,60.0,2,17.3113,26.0,G2,0.385223,0,0,1.0,1.02,1.02,0.937444,1,1,"-2.55,0.05,0.0",0.937444,0.62,1,"-2.55,0.05,0.0",0.393727,0.25,0,"-2.55,0.05,0.0",0.05,0.0,0,"-2.55,0.05,0.0",0.05,0.0,0,0.3025,0.0,12,12,0.29493,23,14,"{""attach"": 23}",0.164028,0.194206,1,0,ARTISTIC_WRAP,ORGANIZE,5.2,8.7051,0.0,0.0,"-3.881564,0.139943,-0.277944",0.0,"1.598494,-0.912555,0.0"
20260526-193544-sentence-script-a-single-cell-sphere-gra-d3516f,475,2026-05-26T19:36:33.065,47.5166,60.0,2,17.4133,26.0,G2,0.402223,0,0,1.0,1.02,1.02,0.939727,1,1,"-2.55,0.05,0.0",0.939727,0.62,1,"-2.55,0.05,0.0",0.394685,0.25,0,"-2.55,0.05,0.0",0.05,0.0,0,"-2.55,0.05,0.0",0.05,0.0,0,0.3025,0.0,12,12,0.295655,24,14,"{""attach"": 24}",0.166313,0.192479,1,0,ARTISTIC_WRAP,ORGANIZE,5.3,8.7051,0.0,0.0,"-3.824481,0.171629,-0.480848",0.0,"1.573797,-0.89126,0.0"
20260526-193544-sentence-script-a-single-cell-sphere-gra-d3516f,476,2026-05-26T19:36:33.149,47.6015,60.0,2,17.4983,26.0,G2,0.416389,0,0,1.0,1.02,1.02,0.941629,1,1,"-2.55,0.05,0.0",0.941629,0.62,1,"-2.55,0.05,0.0",0.395484,0.25,0,"-2.55,0.05,0.0",0.05,0.0,0,"-2.55,0.05,0.0",0.05,0.0,0,0.3025,0.0,12,12,0.296259,25,16,"{""attach"": 25}",0.168504,0.190439,1,0,ARTISTIC_WRAP,ORGANIZE,5.3833,8.7051,0.0167,0.0,"-3.753333,0.189331,-0.64175",0.0,"1.553622,-0.873054,0.0"
20260526-193544-sentence-script-a-single-cell-sphere-gra-d3516f,477,2026-05-26T19:36:33.251,47.703,60.0,2,17.6003,26.0,G2,0.433389,0,0,1.0,1.02,1.02,0.943912,1,1,"-2.55,0.05,0.0",0.943912,0.62,1,"-2.55,0.05,0.0",0.396443,0.25,0,"-2.55,0.05,0.0",0.05,0.0,0,"-2.55,0.05,0.0",0.05,0.0,0,0.3025,0.0,12,12,0.296984,26,15,"{""attach"": 26}",0.155669,0.186316,1,0,ARTISTIC_WRAP,ORGANIZE,5.4833,8.7051,0.0,0.0,"-3.641362,0.198345,-0.82097",0.0,"1.529911,-0.850666,0.0"
20260526-193544-sentence-script-a-single-cell-sphere-gra-d3516f,478,2026-05-26T19:36:33.354,47.8048,60.0,2,17.7023,26.0,G2,0.450389,0,0,1.0,1.02,1.02,0.946195,1,1,"-2.55,0.05,0.0",0.946195,0.62,1,"-2.55,0.05,0.0",0.397402,0.25,0,"-2.55,0.05,0.0",0.05,0.0,0,"-2.55,0.05,0.0",0.05,0.0,0,0.3025,0.0,12,12,0.297709,26,15,"{""attach"": 26}",0.157009,0.186316,1,0,ARTISTIC_WRAP,ORGANIZE,5.5833,8.7051,0.0333,0.0,"-3.50287,0.193224,-0.980976",0.0,"1.50676,-0.8277,0.0"
20260526-193544-sentence-script-a-single-cell-sphere-gra-d3516f,479,2026-05-26T19:36:33.456,47.9064,60.0,2,17.8043,26.0,G2,0.467389,0,0,1.0,1.02,1.02,0.948478,1,1,"-2.55,0.05,0.0",0.948478,0.62,1,"-2.55,0.05,0.0",0.398361,0.25,0,"-2.55,0.05,0.0",0.05,0.0,0,"-2.55,0.05,0.0",0.05,0.0,0,0.3025,0.0,12,12,0.298434,26,15,"{""attach"": 26}",0.158331,0.186316,1,0,ARTISTIC_WRAP,ORGANIZE,5.6833,8.7051,0.0333,0.0,"-3.341111,0.174415,-1.117872",0.0,"1.484181,-0.80417,0.0"
20260526-193544-sentence-script-a-single-cell-sphere-gra-d3516f,480,2026-05-26T19:36:33.556,48.0081,60.0,2,17.9063,26.0,G2,0.484389,0,0,1.0,1.02,1.02,0.950761,1,1,"-2.55,0.05,0.0",0.950761,0.62,1,"-2.55,0.05,0.0",0.39932,0.25,0,"-2.55,0.05,0.0",0.05,0.0,0,"-2.55,0.05,0.0",0.05,0.0,0,0.3025,0.0,12,12,0.299159,28,15,"{""attach"": 28}",0.159058,0.187642,1,0,ARTISTIC_WRAP,ORGANIZE,5.7833,8.7051,0.0,0.0,"-3.159903,0.143677,-1.228307",0.0,"1.46219,-0.780091,0.0"
20260526-193544-sentence-script-a-single-cell-sphere-gra-d3516f,481,2026-05-26T19:36:33.658,48.1097,60.0,2,18.0083,26.0,G2,0.501389,0,0,1.0,1.02,1.02,0.953044,1,1,"-2.55,0.05,0.0",0.953044,0.62,1,"-2.55,0.05,0.0",0.400278,0.25,0,"-2.55,0.05,0.0",0.05,0.0,0,"-2.55,0.05,0.0",0.05,0.0,0,0.3025,0.0,12,12,0.299884,29,15,"{""attach"": 29}",0.158645,0.185811,1,0,ARTISTIC_WRAP,ORGANIZE,5.8833,8.7051,0.0167,0.0,"-2.963545,0.103911,-1.309553",0.0,"1.440798,-0.755477,0.0"
20260526-193544-sentence-script-a-single-cell-sphere-gra-d3516f,482,2026-05-26T19:36:33.759,48.2112,60.0,2,18.1103,26.0,G2,0.518389,0,0,1.0,1.02,1.02,0.955327,1,1,"-2.55,0.05,0.0",0.955327,0.62,1,"-2.55,0.05,0.0",0.401237,0.25,0,"-2.55,0.05,0.0",0.05,0.0,0,"-2.55,0.05,0.0",0.05,0.0,0,0.3025,0.0,12,12,0.300609,29,15,"{""attach"": 29}",0.159589,0.185811,1,0,ARTISTIC_WRAP,ORGANIZE,5.9833,8.7051,0.0333,0.0,"-2.75671,0.058888,-1.359579",0.0,"1.42002,-0.730344,0.0"
20260526-193544-sentence-script-a-single-cell-sphere-gra-d3516f,483,2026-05-26T19:36:33.861,48.3126,60.0,2,18.2123,26.0,G2,0.535389,0,0,1.0,1.02,1.02,0.957609,1,1,"-2.55,0.05,0.0",0.957609,0.62,1,"-2.55,0.05,0.0",0.402196,0.25,0,"-2.55,0.05,0.0",0.05,0.0,0,"-2.55,0.05,0.0",0.05,0.0,0,0.3025,0.0,12,12,0.301335,30,15,"{""attach"": 30}",0.155811,0.187279,1,0,ARTISTIC_WRAP,ORGANIZE,6.0833,8.7051,0.0,0.0,"-2.544338,0.012893,-1.377097",0.0,"1.399868,-0.704706,0.0"
20260526-193544-sentence-script-a-single-cell-sphere-gra-d3516f,484,2026-05-26T19:36:33.961,48.4135,60.0,2,18.3143,26.0,G2,0.552389,0,0,1.0,1.02,1.02,0.959892,1,1,"-2.55,0.05,0.0",0.959892,0.62,1,"-2.55,0.05,0.0",0.403155,0.25,0,"-2.55,0.05,0.0",0.05,0.0,0,"-2.55,0.05,0.0",0.05,0.0,0,0.3025,0.0,12,12,0.30206,30,15,"{""attach"": 30}",0.144078,0.188062,1,0,ARTISTIC_WRAP,ORGANIZE,6.1833,8.7051,0.0333,0.0,"-2.331514,-0.029687,-1.361595",0.0,"1.380353,-0.678579,0.0"
20260526-193544-sentence-script-a-single-cell-sphere-gra-d3516f,485,2026-05-26T19:36:34.063,48.5147,60.0,2,18.4163,26.0,G2,0.569389,0,0,1.0,1.02,1.02,0.962175,1,1,"-2.55,0.05,0.0",0.962175,0.62,1,"-2.55,0.05,0.0",0.404114,0.25,0,"-2.55,0.05,0.0",0.05,0.0,0,"-2.55,0.05,0.0",0.05,0.0,0,0.3025,0.0,12,12,0.302786,30,13,"{""attach"": 30}",0.130576,0.188749,1,0,ARTISTIC_WRAP,ORGANIZE,6.2833,8.7051,0.0,0.0,"-2.123347,-0.064778,-1.313355",0.0,"1.361489,-0.651979,0.0"
20260526-193544-sentence-script-a-single-cell-sphere-gra-d3516f,486,2026-05-26T19:36:34.165,48.6154,60.0,2,18.5183,26.0,G2,0.586389,0,0,1.0,1.02,1.02,0.964458,1,1,"-2.55,0.05,0.0",0.964458,0.62,1,"-2.55,0.05,0.0",0.405072,0.25,0,"-2.55,0.05,0.0",0.05,0.0,0,"-2.55,0.05,0.0",0.05,0.0,0,0.3025,0.0,12,12,0.303513,30,14,"{""attach"": 30}",0.115542,0.186441,1,0,ARTISTIC_WRAP,ORGANIZE,6.3833,8.7051,0.0,0.0,"-1.92485,-0.089007,-1.233445",0.0,"1.343285,-0.624922,0.0"
20260526-193544-sentence-script-a-single-cell-sphere-gra-d3516f,487,2026-05-26T19:36:34.265,48.7166,60.0,2,18.6203,26.0,G2,0.603389,0,0,1.0,1.02,1.02,0.966741,1,1,"-2.55,0.05,0.0",0.966741,0.62,1,"-2.55,0.05,0.0",0.406031,0.25,0,"-2.55,0.05,0.0",0.05,0.0,0,"-2.55,0.05,0.0",0.05,0.0,0,0.3025,0.0,12,12,0.30424,30,14,"{""attach"": 30}",0.103478,0.185588,1,0,ARTISTIC_WRAP,ORGANIZE,6.4833,8.7051,0.0,0.0,"-1.740817,-0.100033,-1.123695",0.0,"1.325754,-0.597424,0.0"
20260526-193544-sentence-script-a-single-cell-sphere-gra-d3516f,488,2026-05-26T19:36:34.350,48.8008,60.0,2,18.7053,26.0,G2,0.617556,0,0,1.0,1.02,1.02,0.968643,1,1,"-2.55,0.05,0.0",0.968643,0.62,1,"-2.55,0.05,0.0",0.40683,0.25,0,"-2.55,0.05,0.0",0.05,0.0,0,"-2.55,0.05,0.0",0.05,0.0,0,0.3025,0.0,12,12,0.304846,30,14,"{""attach"": 30}",0.104489,0.185588,1,0,ARTISTIC_WRAP,ORGANIZE,6.5667,8.7051,0.0333,0.0,"-1.601735,-0.098308,-1.011266",0.0,"1.311667,-0.574186,0.0"
20260526-193544-sentence-script-a-single-cell-sphere-gra-d3516f,489,2026-05-26T19:36:34.450,48.902,60.0,2,18.8073,26.0,G2,0.634556,0,0,1.0,1.02,1.02,0.970926,1,1,"-2.55,0.05,0.0",0.970926,0.62,1,"-2.55,0.05,0.0",0.407789,0.25,0,"-2.55,0.05,0.0",0.05,0.0,0,"-2.55,0.05,0.0",0.05,0.0,0,0.3025,0.0,12,12,0.305573,31,14,"{""attach"": 31}",0.099512,0.183676,1,0,ARTISTIC_WRAP,ORGANIZE,6.6667,8.7051,0.0333,0.0,"-1.455485,-0.083281,-0.853925",0.0,"1.295396,-0.545924,0.0"
20260526-193544-sentence-script-a-single-cell-sphere-gra-d3516f,490,2026-05-26T19:36:34.551,49.0035,60.0,2,18.9093,26.0,G2,0.651556,0,0,1.0,1.02,1.02,0.973209,1,1,"-2.55,0.05,0.0",0.973209,0.62,1,"-2.55,0.05,0.0",0.408748,0.25,0,"-2.55,0.05,0.0",0.05,0.0,0,"-2.55,0.05,0.0",0.05,0.0,0,0.3025,0.0,12,12,0.306301,31,14,"{""attach"": 31}",0.100562,0.183676,1,0,ARTISTIC_WRAP,ORGANIZE,6.7667,8.7051,0.0333,0.0,"-1.335116,-0.055489,-0.675647",0.0,"1.279827,-0.517271,0.0"
20260526-193544-sentence-script-a-single-cell-sphere-gra-d3516f,491,2026-05-26T19:36:34.653,49.1048,60.0,2,19.0113,26.0,G2,0.668556,0,0,1.0,1.02,1.02,0.975492,1,1,"-2.55,0.05,0.0",0.975492,0.62,1,"-2.55,0.05,0.0",0.409707,0.25,0,"-2.55,0.05,0.0",0.05,0.0,0,"-2.55,0.05,0.0",0.05,0.0,0,0.3025,0.0,12,12,0.30703,32,14,"{""attach"": 32}",0.097409,0.183787,1,0,ARTISTIC_WRAP,ORGANIZE,6.8667,8.7051,0.0167,0.0,"-1.243589,-0.01755,-0.480656",0.0,"1.264968,-0.488242,0.0"
20260526-193544-sentence-script-a-single-cell-sphere-gra-d3516f,492,2026-05-26T19:36:34.754,49.206,60.0,2,19.1133,26.0,G2,0.685556,0,0,1.0,1.02,1.02,0.977775,1,1,"-2.55,0.05,0.0",0.977775,0.62,1,"-2.55,0.05,0.0",0.410665,0.25,0,"-2.55,0.05,0.0",0.05,0.0,0,"-2.55,0.05,0.0",0.05,0.0,0,0.3025,0.0,12,12,0.307759,33,14,"{""attach"": 33}",0.095691,0.18608,1,0,ARTISTIC_WRAP,ORGANIZE,6.9667,8.7051,0.0167,0.0,"-1.183181,0.026941,-0.273588",0.0,"1.25083,-0.458856,0.0"
20260526-193544-sentence-script-a-single-cell-sphere-gra-d3516f,493,2026-05-26T19:36:34.856,49.3075,60.0,2,19.2153,26.0,G2,0.702556,0,0,1.0,1.02,1.02,0.980057,1,1,"-2.55,0.05,0.0",0.980057,0.62,1,"-2.55,0.05,0.0",0.411624,0.25,0,"-2.55,0.05,0.0",0.05,0.0,0,"-2.55,0.05,0.0",0.05,0.0,0,0.3025,0.0,12,12,0.308489,32,14,"{""attach"": 32}",0.080749,0.185053,1,0,ARTISTIC_WRAP,ORGANIZE,7.0667,8.7051,0.0,0.0,"-1.155428,0.073755,-0.059385",0.0,"1.23742,-0.42913,0.0"
20260526-193544-sentence-script-a-single-cell-sphere-gra-d3516f,494,2026-05-26T19:36:34.957,49.4085,60.0,2,19.3173,26.0,G2,0.719556,0,0,1.0,1.02,1.02,0.98234,1,1,"-2.55,0.05,0.0",0.98234,0.62,1,"-2.55,0.05,0.0",0.412583,0.25,0,"-2.55,0.05,0.0",0.05,0.0,0,"-2.55,0.05,0.0",0.05,0.0,0,0.3025,0.0,12,12,0.30922,34,14,"{""attach"": 34}",0.081719,0.183517,1,0,ARTISTIC_WRAP,ORGANIZE,7.1667,8.7051,0.0333,0.0,"-1.161086,0.118429,0.15683",0.0,"1.224747,-0.399083,0.0"
20260526-193544-sentence-script-a-single-cell-sphere-gra-d3516f,495,2026-05-26T19:36:35.058,49.5087,60.0,2,19.4193,26.0,G2,0.736556,0,0,1.0,1.02,1.02,0.984623,1,1,"-2.55,0.05,0.0",0.984623,0.62,1,"-2.55,0.05,0.0",0.413542,0.25,0,"-2.55,0.05,0.0",0.05,0.0,0,"-2.55,0.05,0.0",0.05,0.0,0,0.3025,0.0,12,12,0.309951,34,14,"{""attach"": 34}",0.08023,0.183854,1,0,ARTISTIC_WRAP,ORGANIZE,7.2667,8.7051,0.0,0.0,"-1.20011,0.156692,0.369869",0.0,"1.212818,-0.368733,0.0"
20260526-193544-sentence-script-a-single-cell-sphere-gra-d3516f,496,2026-05-26T19:36:35.158,49.6098,60.0,2,19.5213,26.0,G2,0.753556,0,0,1.0,1.02,1.02,0.986906,1,1,"-2.55,0.05,0.0",0.986906,0.62,1,"-2.55,0.05,0.0",0.414501,0.25,0,"-2.55,0.05,0.0",0.05,0.0,0,"-2.55,0.05,0.0",0.05,0.0,0,0.3025,0.0,12,12,0.310684,35,14,"{""attach"": 35}",0.082599,0.185751,1,0,ARTISTIC_WRAP,ORGANIZE,7.3667,8.7051,0.0167,0.0,"-1.271654,0.184874,0.574607",0.0,"1.201641,-0.338098,0.0"
20260526-193544-sentence-script-a-single-cell-sphere-gra-d3516f,497,2026-05-26T19:36:35.259,49.7103,60.0,2,19.6233,26.0,G2,0.770556,0,0,1.0,1.02,1.02,0.989189,1,1,"-2.55,0.05,0.0",0.989189,0.62,1,"-2.55,0.05,0.0",0.415459,0.25,0,"-2.55,0.05,0.0",0.05,0.0,0,"-2.55,0.05,0.0",0.05,0.0,0,0.3025,0.0,12,12,0.311417,35,13,"{""attach"": 35}",0.078403,0.182759,1,0,ARTISTIC_WRAP,ORGANIZE,7.4667,8.7051,0.0,0.0,"-1.374089,0.200257,0.766105",0.0,"1.191223,-0.307197,0.0"
20260526-193544-sentence-script-a-single-cell-sphere-gra-d3516f,498,2026-05-26T19:36:35.359,49.811,60.0,2,19.7253,26.0,G2,0.787556,0,0,1.0,1.02,1.02,0.991472,1,1,"-2.55,0.05,0.0",0.991472,0.62,1,"-2.55,0.05,0.0",0.416418,0.25,0,"-2.55,0.05,0.0",0.05,0.0,0,"-2.55,0.05,0.0",0.05,0.0,0,0.3025,0.0,12,12,0.312151,35,14,"{""attach"": 35}",0.077628,0.182759,1,0,ARTISTIC_WRAP,ORGANIZE,7.5667,8.7051,0.05,0.0,"-1.505038,0.201338,0.939728",0.0,"1.181569,-0.276048,0.0"
20260526-193544-sentence-script-a-single-cell-sphere-gra-d3516f,499,2026-05-26T19:36:35.461,49.9117,60.0,2,19.8273,26.0,G2,0.804556,0,0,1.0,1.02,1.02,0.993755,1,1,"-2.55,0.05,0.0",0.993755,0.62,1,"-2.55,0.05,0.0",0.417377,0.25,0,"-2.55,0.05,0.0",0.05,0.0,0,"-2.55,0.05,0.0",0.05,0.0,0,0.3025,0.0,12,12,0.312886,36,17,"{""attach"": 36}",0.079978,0.182315,1,0,ARTISTIC_WRAP,ORGANIZE,7.6667,8.7051,0.05,0.0,"-1.661435,0.187974,1.091257",0.0,"1.172686,-0.244671,0.0"
20260526-193544-sentence-script-a-single-cell-sphere-gra-d3516f,500,2026-05-26T19:36:35.561,50.013,60.0,2,19.9293,26.0,G2,0.821556,0,0,1.0,1.02,1.02,0.996037,1,1,"-2.55,0.05,0.0",0.996037,0.62,1,"-2.55,0.05,0.0",0.418336,0.25,0,"-2.55,0.05,0.0",0.05,0.0,0,"-2.55,0.05,0.0",0.05,0.0,0,0.3025,0.0,12,12,0.313621,36,17,"{""attach"": 36}",0.077252,0.183086,1,0,ARTISTIC_WRAP,ORGANIZE,7.7667,8.7051,0.05,0.0,"-1.839591,0.161403,1.216993",0.0,"1.164579,-0.213084,0.0"
20260526-193544-sentence-script-a-single-cell-sphere-gra-d3516f,501,2026-05-26T19:36:35.662,50.1137,60.0,2,20.0313,26.0,G2,0.838556,0,0,1.0,1.02,1.02,0.99832,1,1,"-2.55,0.05,0.0",0.99832,0.62,1,"-2.55,0.05,0.0",0.419295,0.25,0,"-2.55,0.05,0.0",0.05,0.0,0,"-2.55,0.05,0.0",0.05,0.0,0,0.3025,0.0,12,12,0.314358,36,20,"{""attach"": 36}",0.075787,0.183086,1,0,ARTISTIC_WRAP,ORGANIZE,7.8667,8.7051,0.05,0.0,"-2.035288,0.124125,1.313848",0.0,"1.157253,-0.181307,0.0"
20260526-193544-sentence-script-a-single-cell-sphere-gra-d3516f,502,2026-05-26T19:36:35.762,50.2144,60.0,2,20.1333,26.0,G2,0.855556,0,0,1.0,1.02,1.02,1.000603,1,1,"-2.55,0.05,0.0",1.000603,0.62,1,"-2.55,0.05,0.0",0.420253,0.25,0,"-2.55,0.05,0.0",0.05,0.0,0,"-2.55,0.05,0.0",0.05,0.0,0,0.3025,0.0,12,12,0.315096,35,18,"{""attach"": 35}",0.072651,0.183367,1,0,ARTISTIC_WRAP,ORGANIZE,7.9667,8.7051,0.0,0.0,"-2.243873,0.079671,1.379416",0.0,"1.150712,-0.14936,0.0"
20260526-193544-sentence-script-a-single-cell-sphere-gra-d3516f,503,2026-05-26T19:36:35.863,50.315,60.0,2,20.2353,26.0,G2,0.872556,0,0,1.0,1.02,1.02,1.002886,1,1,"-2.55,0.05,0.0",1.002886,0.62,1,"-2.55,0.05,0.0",0.421212,0.25,0,"-2.55,0.05,0.0",0.05,0.0,0,"-2.55,0.05,0.0",0.05,0.0,0,0.3025,0.0,12,12,0.315835,34,18,"{""attach"": 34}",0.061186,0.185093,1,0,ARTISTIC_WRAP,ORGANIZE,8.0667,8.7051,0.05,0.0,"-2.460372,0.032264,1.41204",0.0,"1.144961,-0.117261,0.0"
20260526-193544-sentence-script-a-single-cell-sphere-gra-d3516f,504,2026-05-26T19:36:35.964,50.4157,60.0,2,20.3373,26.0,G2,0.889556,0,0,1.0,1.02,1.02,1.005169,1,1,"-2.55,0.05,0.0",1.005169,0.62,1,"-2.55,0.05,0.0",0.422171,0.25,0,"-2.55,0.05,0.0",0.05,0.0,0,"-2.55,0.05,0.0",0.05,0.0,0,0.3025,0.0,12,12,0.316575,34,18,"{""attach"": 34}",0.059192,0.185093,1,0,ARTISTIC_WRAP,ORGANIZE,8.1667,8.7051,0.0667,0.0,"-2.679606,-0.013577,1.410845",0.0,"1.140003,-0.085029,0.0"
20260526-193544-sentence-script-a-single-cell-sphere-gra-d3516f,505,2026-05-26T19:36:36.064,50.516,60.0,2,20.4393,26.0,G2,0.906556,0,0,1.0,1.02,1.02,1.007452,1,1,"-2.55,0.05,0.0",1.007452,0.62,1,"-2.55,0.05,0.0",0.42313,0.25,0,"-2.55,0.05,0.0",0.05,0.0,0,"-2.55,0.05,0.0",0.05,0.0,0,0.3025,0.0,12,12,0.317316,33,18,"{""attach"": 33}",0.051801,0.18347,1,0,ARTISTIC_WRAP,ORGANIZE,8.2667,8.7051,0.05,0.0,"-2.896319,-0.053472,1.375771",0.0,"1.13584,-0.052686,0.0"
20260526-193544-sentence-script-a-single-cell-sphere-gra-d3516f,506,2026-05-26T19:36:36.148,50.6004,60.0,2,20.5243,26.0,G2,0.920722,0,0,1.0,1.02,1.02,1.009354,1,1,"-2.55,0.05,0.0",1.009354,0.62,1,"-2.55,0.05,0.0",0.423929,0.25,0,"-2.55,0.05,0.0",0.05,0.0,0,"-2.55,0.05,0.0",0.05,0.0,0,0.3025,0.0,12,12,0.317934,32,20,"{""attach"": 32}",0.06001,0.18292,1,0,ARTISTIC_WRAP,ORGANIZE,8.35,8.7051,0.0333,0.0,"-3.071223,-0.079391,1.321179",0.0,"1.132981,-0.025661,0.0"
20260526-193544-sentence-script-a-single-cell-sphere-gra-d3516f,507,2026-05-26T19:36:36.250,50.7023,60.0,2,20.6263,26.0,G2,0.937722,0,0,1.0,1.02,1.02,1.011637,1,1,"-2.55,0.05,0.0",1.011637,0.62,1,"-2.55,0.05,0.0",0.424888,0.25,0,"-2.55,0.05,0.0",0.05,0.0,0,"-2.55,0.05,0.0",0.05,0.0,0,0.3025,0.0,12,12,0.318678,33,21,"{""attach"": 33}",0.054797,0.183911,1,0,ARTISTIC_WRAP,ORGANIZE,8.45,8.7051,0.0333,0.0,"-3.269897,-0.099109,1.226519",0.0,"1.130284,0.006838,0.0"
20260526-193544-sentence-script-a-single-cell-sphere-gra-d3516f,508,2026-05-26T19:36:36.354,50.8047,60.0,2,20.7283,26.0,G2,0.954722,0,0,1.0,1.02,1.02,1.01392,1,1,"-2.55,0.05,0.0",1.01392,0.62,1,"-2.55,0.05,0.0",0.425846,0.25,0,"-2.55,0.05,0.0",0.05,0.0,0,"-2.55,0.05,0.0",0.05,0.0,0,0.3025,0.0,12,12,0.319422,33,21,"{""attach"": 33}",0.054206,0.183911,1,0,ARTISTIC_WRAP,ORGANIZE,8.55,8.7051,0.05,0.0,"-3.451819,-0.104644,1.102154",0.0,"1.128389,0.039393,0.0"
20260526-193544-sentence-script-a-single-cell-sphere-gra-d3516f,509,2026-05-26T19:36:36.455,50.9069,60.0,2,20.8303,26.0,G2,0.971722,0,0,1.0,1.02,1.02,1.016203,1,1,"-2.55,0.05,0.0",1.016203,0.62,1,"-2.55,0.05,0.0",0.426805,0.25,0,"-2.55,0.05,0.0",0.05,0.0,0,"-2.55,0.05,0.0",0.05,0.0,0,0.3025,0.0,12,12,0.320168,34,22,"{""attach"": 34}",0.049015,0.186711,1,0,ARTISTIC_WRAP,ORGANIZE,8.65,8.7051,0.0333,0.0,"-3.612574,-0.095432,0.950992",0.0,"1.127297,0.071985,0.0"
20260526-193544-sentence-script-a-single-cell-sphere-gra-d3516f,510,2026-05-26T19:36:36.561,51.0128,60.0,2,20.9323,26.0,G2,0.988711,0,0,1.0,1.0181,1.0181,1.018484,1,1,"-2.55,0.05,0.0",1.018484,0.62,1,"-2.55,0.05,0.0",0.427763,0.25,0,"-2.55,0.05,0.0",0.05,0.0,0,"-2.55,0.05,0.0",0.05,0.0,0,0.3025,0.0,12,12,0.320914,35,23,"{""attach"": 35}",0.044257,0.187437,1,0,OBSERVE,ARTISTIC_WRAP,0.0333,4.8439,0.05,0.0,"-3.583942,0.001128,0.816398",0.0,"1.127008,0.104573,0.0"
20260526-193544-sentence-script-a-single-cell-sphere-gra-d3516f,511,2026-05-26T19:36:36.649,51.1012,60.0,2,21.017,26.0,M,0.003393,0,0,1.0,1.0152,1.0152,1.02,1,1,"-2.55,0.05,0.0",1.017851,0.617964,1,"-2.55,0.05,0.0",0.355789,0.219254,1,"-2.550966,0.05,0.0",0.16,0.003528,1,"-2.549034,0.05,0.0",0.16,0.003528,1,0.742697,0.005968,12,12,0.202955,35,25,"{""attach"": 35}",0.043335,0.187437,1,0,OBSERVE,ARTISTIC_WRAP,0.1167,4.8439,0.0,0.0,"-3.43811,0.130081,0.739156",0.0,"1.127379,0.131649,0.0"
20260526-193544-sentence-script-a-single-cell-sphere-gra-d3516f,512,2026-05-26T19:36:36.756,51.2076,60.0,2,21.1183,26.0,M,0.023664,0,0,1.0,1.0124,1.0124,1.02,1,1,"-2.55,0.05,0.0",1.005011,0.605802,1,"-2.55,0.05,0.0",0.348552,0.214794,1,"-2.560952,0.05,0.0",0.16,0.02461,1,"-2.539048,0.05,0.0",0.16,0.02461,1,0.731325,0.041593,12,12,0.200083,35,25,"{""attach"": 35}",0.041887,0.187437,1,0,OBSERVE,ARTISTIC_WRAP,0.2167,4.8439,0.05,0.0,"-3.292486,0.262236,0.655478",0.0,"1.12855,0.164032,0.0"
20260526-193544-sentence-script-a-single-cell-sphere-gra-d3516f,513,2026-05-26T19:36:36.857,51.3087,60.0,2,21.2194,26.0,M,0.043885,0,0,1.0,1.0102,1.0102,1.02,1,1,"-2.55,0.05,0.0",0.992202,0.593669,1,"-2.55,0.05,0.0",0.341333,0.210345,1,"-2.573702,0.05,0.0",0.16,0.045641,1,"-2.526298,0.05,0.0",0.16,0.045641,1,0.71998,0.076963,12,12,0.197118,35,25,"{""attach"": 35}",0.040426,0.187437,1,0,OBSERVE,ARTISTIC_WRAP,0.3167,4.8439,0.05,0.0,"-3.173599,0.373132,0.580263",0.0,"1.130509,0.196297,0.0"
20260526-193544-sentence-script-a-single-cell-sphere-gra-d3516f,514,2026-05-26T19:36:36.958,51.4097,60.0,2,21.3203,26.0,M,0.064066,0,0,1.0,1.0083,1.0083,1.02,1,1,"-2.55,0.05,0.0",0.979419,0.58156,1,"-2.55,0.05,0.0",0.334128,0.205906,1,"-2.588033,0.05,0.0",0.16,0.066629,1,"-2.511967,0.05,0.0",0.16,0.066629,1,0.708659,0.111951,12,12,0.194051,34,24,"{""attach"": 34}",0.044636,0.189136,1,0,OBSERVE,ARTISTIC_WRAP,0.4167,4.8439,0.0,0.0,"-3.076574,0.465891,0.512266",0.0,"1.133249,0.228441,0.0"
20260526-193544-sentence-script-a-single-cell-sphere-gra-d3516f,515,2026-05-26T19:36:37.058,51.5098,60.0,2,21.4211,26.0,M,0.084213,0,0,1.0,1.0068,1.0068,1.02,3,1,"-2.55,0.05,0.0",0.966658,0.569472,1,"-2.55,0.05,0.0",0.326936,0.201473,1,"-2.603531,0.05,0.0",0.163376,0.087582,1,"-2.496469,0.05,0.0",0.163376,0.087582,1,0.697356,0.146433,12,12,0.190889,34,25,"{""attach"": 34}",0.043201,0.189136,1,0,OBSERVE,ARTISTIC_WRAP,0.5167,4.8439,0.0167,0.0,"-2.997207,0.543214,0.450429",0.0,"1.136766,0.260455,0.0"
20260526-193544-sentence-script-a-single-cell-sphere-gra-d3516f,516,2026-05-26T19:36:37.158,51.6104,60.0,2,21.5217,26.0,M,0.104334,0,0,1.0,1.0055,1.0055,1.02,3,1,"-2.55,0.05,0.0",0.953913,0.5574,1,"-2.55,0.05,0.0",0.319753,0.197047,1,"-2.61997,0.05,0.0",0.179499,0.108507,1,"-2.48003,0.05,0.0",0.179499,0.108507,1,0.686069,0.180284,12,12,0.187652,34,25,"{""attach"": 34}",0.041607,0.189136,1,0,OBSERVE,ARTISTIC_WRAP,0.6167,4.8439,0.05,0.0,"-2.931874,0.607443,0.393852",0.0,"1.141055,0.292331,0.0"
20260526-193544-sentence-script-a-single-cell-sphere-gra-d3516f,517,2026-05-26T19:36:37.261,51.7114,60.0,2,21.6222,26.0,M,0.124432,0,0,1.0,1.0045,1.0045,1.02,3,1,"-2.55,0.05,0.0",0.941182,0.545341,1,"-2.55,0.05,0.0",0.312578,0.192625,1,"-2.637206,0.05,0.0",0.195605,0.129409,1,"-2.462794,0.05,0.0",0.195605,0.129409,1,0.674794,0.213379,12,12,0.184381,33,24,"{""attach"": 33}",0.042418,0.190766,1,0,OBSERVE,ARTISTIC_WRAP,0.7167,4.8439,0.05,0.0,"-2.877453,0.66061,0.341773",0.0,"1.146111,0.324058,0.0"
20260526-193544-sentence-script-a-single-cell-sphere-gra-d3516f,518,2026-05-26T19:36:37.365,51.817,60.0,2,21.7226,26.0,M,0.144512,0,0,1.0,1.0037,1.0037,1.02,3,1,"-2.55,0.05,0.0",0.928463,0.533293,1,"-2.55,0.05,0.0",0.305409,0.188207,1,"-2.655138,0.05,0.0",0.211695,0.150292,1,"-2.444862,0.05,0.0",0.211695,0.150292,1,0.663529,0.245594,12,12,0.181133,33,25,"{""attach"": 33}",0.040923,0.190766,1,0,OBSERVE,ARTISTIC_WRAP,0.8167,4.8439,0.05,0.0,"-2.831258,0.704477,0.293548",0.0,"1.15193,0.355625,0.0"
20260526-193544-sentence-script-a-single-cell-sphere-gra-d3516f,519,2026-05-26T19:36:37.449,51.9015,60.0,2,21.8062,26.0,M,0.161234,0,0,1.0,1.0031,1.0031,1.02,3,1,"-2.55,0.05,0.0",0.917871,0.52326,1,"-2.55,0.05,0.0",0.29944,0.184529,1,"-2.67056,0.05,0.0",0.225095,0.167683,1,"-2.42944,0.05,0.0",0.225095,0.167683,1,0.654148,0.271682,12,12,0.1785,33,26,"{""attach"": 33}",0.039776,0.190766,1,0,OBSERVE,ARTISTIC_WRAP,0.9,4.8439,0.0333,0.0,"-2.797368,0.735039,0.255909",0.0,"1.15736,0.381799,0.0"
20260526-193544-sentence-script-a-single-cell-sphere-gra-d3516f,520,2026-05-26T19:36:37.552,52.0028,60.0,2,21.9064,26.0,M,0.181289,0,0,1.0,1.0025,1.0025,1.02,3,1,"-2.55,0.05,0.0",0.905168,0.511227,1,"-2.55,0.05,0.0",0.29228,0.180116,1,"-2.689587,0.05,0.0",0.241166,0.18854,1,"-2.410413,0.05,0.0",0.241166,0.18854,1,0.642897,0.301975,12,12,0.175518,31,24,"{""attach"": 31}",0.034692,0.192551,1,0,OBSERVE,ARTISTIC_WRAP,1.0,4.8439,0.0167,0.0,"-2.760492,0.765684,0.213402",0.0,"1.164568,0.413037,0.0"
20260526-193544-sentence-script-a-single-cell-sphere-gra-d3516f,521,2026-05-26T19:36:37.652,52.1041,60.0,2,22.0067,26.0,M,0.201334,0,0,1.0,1.0021,1.0021,1.02,3,1,"-2.55,0.05,0.0",0.892471,0.4992,1,"-2.55,0.05,0.0",0.285124,0.175707,1,"-2.70914,0.05,0.0",0.257229,0.209387,1,"-2.39086,0.05,0.0",0.257229,0.209387,1,0.631652,0.331055,12,12,0.17285,31,24,"{""attach"": 31}",0.033861,0.192551,1,0,OBSERVE,ARTISTIC_WRAP,1.1,4.8439,0.0333,0.0,"-2.726115,0.790859,0.173427",0.0,"1.172526,0.444076,0.0"
20260526-193544-sentence-script-a-single-cell-sphere-gra-d3516f,522,2026-05-26T19:36:37.753,52.2055,60.0,2,22.1069,26.0,M,0.221371,0,0,1.0,1.0017,1.0017,1.02,3,1,"-2.55,0.05,0.0",0.879779,0.487178,1,"-2.55,0.05,0.0",0.277971,0.171298,1,"-2.729177,0.05,0.0",0.273285,0.230225,1,"-2.370823,0.05,0.0",0.273285,0.230225,1,0.620411,0.358812,12,12,0.170656,30,25,"{""attach"": 30}",0.044493,0.193856,1,0,OBSERVE,ARTISTIC_WRAP,1.2,4.8439,0.0333,0.0,"-2.692749,0.811589,0.135658",0.0,"1.18123,0.474901,0.0"
20260526-193544-sentence-script-a-single-cell-sphere-gra-d3516f,523,2026-05-26T19:36:37.855,52.3068,60.0,2,22.207,26.0,M,0.241401,0,0,1.0,1.0014,1.0014,1.02,3,1,"-2.55,0.05,0.0",0.867092,0.47516,1,"-2.55,0.05,0.0",0.27082,0.166892,1,"-2.749666,0.05,0.0",0.289336,0.251057,1,"-2.350334,0.05,0.0",0.289336,0.251057,1,0.609174,0.385139,12,12,0.169136,30,26,"{""attach"": 30}",0.043703,0.193856,1,0,OBSERVE,ARTISTIC_WRAP,1.3,4.8439,0.0333,0.0,"-2.659128,0.82876,0.099824",0.0,"1.190674,0.505495,0.0"
20260526-193544-sentence-script-a-single-cell-sphere-gra-d3516f,524,2026-05-26T19:36:37.958,52.4105,60.0,2,22.3071,26.0,M,0.261425,0,0,1.0,1.0011,1.0011,1.02,3,1,"-2.55,0.05,0.0",0.854408,0.463145,1,"-2.55,0.05,0.0",0.263671,0.162487,1,"-2.77058,0.05,0.0",0.305382,0.271882,1,"-2.32942,0.05,0.0",0.305382,0.271882,1,0.597941,0.409934,12,12,0.168533,30,26,"{""attach"": 30}",0.042949,0.193856,1,0,OBSERVE,ARTISTIC_WRAP,1.4,4.8439,0.0333,0.0,"-2.624176,0.843141,0.065702",0.0,"1.200852,0.535843,0.0"
20260526-193544-sentence-script-a-single-cell-sphere-gra-d3516f,525,2026-05-26T19:36:38.059,52.5106,60.0,2,22.4072,26.0,M,0.281445,0,0,1.0,1.0009,1.0009,1.02,3,1,"-2.55,0.05,0.0",0.841727,0.451133,1,"-2.55,0.05,0.0",0.256524,0.158082,1,"-2.791893,0.05,0.0",0.321425,0.292703,1,"-2.308107,0.05,0.0",0.321425,0.292703,1,0.586709,0.433103,12,12,0.169122,30,27,"{""attach"": 30}",0.042153,0.193856,1,0,OBSERVE,ARTISTIC_WRAP,1.5,4.8439,0.0333,0.0,"-2.58699,0.855396,0.033113",0.0,"1.21176,0.56593,0.0"
20260526-193544-sentence-script-a-single-cell-sphere-gra-d3516f,526,2026-05-26T19:36:38.159,52.611,60.0,2,22.5073,26.0,M,0.301461,0,0,1.0,1.0007,1.0007,1.02,3,1,"-2.55,0.05,0.0",0.829048,0.439123,1,"-2.55,0.05,0.0",0.249378,0.153679,1,"-2.813585,0.05,0.0",0.337464,0.31352,1,"-2.286415,0.05,0.0",0.337464,0.31352,1,0.57548,0.454556,12,12,0.171171,30,28,"{""attach"": 30}",0.041451,0.193856,1,0,OBSERVE,ARTISTIC_WRAP,1.6,4.8439,0.0333,0.0,"-2.546815,0.866094,0.001911",0.0,"1.22339,0.595739,0.0"
20260526-193544-sentence-script-a-single-cell-sphere-gra-d3516f,527,2026-05-26T19:36:38.261,52.7113,60.0,2,22.6074,26.0,M,0.321474,0,0,1.0,1.0006,1.0006,1.02,3,1,"-2.55,0.05,0.0",0.816372,0.427115,1,"-2.55,0.05,0.0",0.242234,0.149276,1,"-2.835637,0.05,0.0",0.353502,0.334333,1,"-2.264363,0.05,0.0",0.353502,0.334333,1,0.564253,0.474209,12,12,0.174897,30,29,"{""attach"": 30}",0.040603,0.193856,1,0,OBSERVE,ARTISTIC_WRAP,1.7,4.8439,0.0333,0.0,"-2.503027,0.875724,-0.02802",0.0,"1.235735,0.625253,0.0"
20260526-193544-sentence-script-a-single-cell-sphere-gra-d3516f,528,2026-05-26T19:36:38.360,52.8117,60.0,2,22.7074,26.0,M,0.341485,0,0,1.0,1.0005,1.0005,1.02,3,1,"-2.55,0.05,0.0",0.803696,0.415109,1,"-2.55,0.05,0.0",0.23509,0.144873,1,"-2.858033,0.05,0.0",0.369537,0.355145,1,"-2.241967,0.05,0.0",0.369537,0.355145,1,0.553027,0.491985,12,12,0.180477,28,27,"{""attach"": 28}",0.034978,0.190968,1,0,OBSERVE,ARTISTIC_WRAP,1.8,4.8439,0.0,0.0,"-2.455119,0.884702,-0.056769",0.0,"1.248789,0.654456,0.0"
20260526-193544-sentence-script-a-single-cell-sphere-gra-d3516f,529,2026-05-26T19:36:38.460,52.912,60.0,2,22.8075,26.0,M,0.361494,0,0,1.0,1.0004,1.0004,1.02,3,1,"-2.55,0.05,0.0",0.791022,0.403104,1,"-2.55,0.05,0.0",0.227947,0.140471,1,"-2.880757,0.05,0.0",0.385571,0.375954,1,"-2.219243,0.05,0.0",0.385571,0.375954,1,0.541802,0.507817,12,12,0.188044,27,27,"{""attach"": 27}",0.027964,0.192491,1,0,OBSERVE,ARTISTIC_WRAP,1.9,4.8439,0.0,0.0,"-2.402684,0.893379,-0.084404",0.0,"1.262544,0.683333,0.0"
20260526-193544-sentence-script-a-single-cell-sphere-gra-d3516f,530,2026-05-26T19:36:38.560,53.0121,60.0,2,22.9075,26.0,M,0.381501,0,0,1.0,1.0003,1.0003,1.02,3,1,"-2.55,0.05,0.0",0.778349,0.391099,1,"-2.55,0.05,0.0",0.220804,0.13607,1,"-2.903795,0.05,0.0",0.401603,0.396761,1,"-2.196205,0.05,0.0",0.401603,0.396761,1,0.530578,0.521641,12,12,0.197637,27,27,"{""attach"": 27}",0.026532,0.192491,1,0,OBSERVE,ARTISTIC_WRAP,2.0,4.8439,0.0333,0.0,"-2.34541,0.902049,-0.110973",0.0,"1.276992,0.711866,0.0"
20260526-193544-sentence-script-a-single-cell-sphere-gra-d3516f,531,2026-05-26T19:36:38.660,53.1123,60.0,2,23.0075,26.0,M,0.401507,0,0,1.0,1.0003,1.0003,1.02,3,1,"-2.55,0.05,0.0",0.765677,0.379096,1,"-2.55,0.05,0.0",0.213662,0.131668,1,"-2.927137,0.05,0.0",0.417634,0.417568,1,"-2.172863,0.05,0.0",0.417634,0.417568,1,0.519354,0.533405,12,12,0.209183,27,27,"{""attach"": 27}",0.025,0.192491,1,0,OBSERVE,ARTISTIC_WRAP,2.1,4.8439,0.0333,0.0,"-2.283063,0.910953,-0.136511",0.0,"1.292124,0.74004,0.0"
20260526-193544-sentence-script-a-single-cell-sphere-gra-d3516f,532,2026-05-26T19:36:38.762,53.2123,60.0,2,23.1076,26.0,M,0.421512,0,0,1.0,1.0002,1.0002,1.02,3,1,"-2.55,0.05,0.0",0.753006,0.367093,1,"-2.55,0.05,0.0",0.20652,0.127267,1,"-2.950769,0.05,0.0",0.433665,0.438373,1,"-2.149231,0.05,0.0",0.433665,0.438373,1,0.508132,0.543062,12,12,0.222572,27,27,"{""attach"": 27}",0.023386,0.192491,1,0,OBSERVE,ARTISTIC_WRAP,2.2,4.8439,0.0333,0.0,"-2.215483,0.920284,-0.161039",0.0,"1.307931,0.767839,0.0"
20260526-193544-sentence-script-a-single-cell-sphere-gra-d3516f,533,2026-05-26T19:36:38.861,53.3132,60.0,2,23.2076,26.0,M,0.441516,0,0,1.0,1.0002,1.0002,1.02,3,1,"-2.55,0.05,0.0",0.740335,0.35509,1,"-2.55,0.05,0.0",0.199379,0.122866,1,"-2.974683,0.05,0.0",0.449695,0.459177,1,"-2.125317,0.05,0.0",0.449695,0.459177,1,0.49691,0.550574,12,12,0.237706,26,26,"{""attach"": 26}",0.010575,0.194719,1,0,OBSERVE,ARTISTIC_WRAP,2.3,4.8439,0.0333,0.0,"-2.142576,0.930197,-0.184566",0.0,"1.324406,0.795245,0.0"
20260526-193544-sentence-script-a-single-cell-sphere-gra-d3516f,534,2026-05-26T19:36:38.962,53.4137,60.0,2,23.3076,26.0,M,0.461519,0,0,1.0,1.0001,1.0001,1.02,3,1,"-2.55,0.05,0.0",0.727665,0.343089,1,"-2.55,0.05,0.0",0.192238,0.118466,1,"-2.998869,0.05,0.0",0.465724,0.47998,1,"-2.101131,0.05,0.0",0.465724,0.47998,1,0.485688,0.555913,12,12,0.254511,25,25,"{""attach"": 25}",0.004767,0.192265,1,0,OBSERVE,ARTISTIC_WRAP,2.4,4.8439,0.0333,0.0,"-2.064303,0.940804,-0.207094",0.0,"1.341537,0.822245,0.0"
20260526-193544-sentence-script-a-single-cell-sphere-gra-d3516f,535,2026-05-26T19:36:39.064,53.5146,60.0,2,23.4076,26.0,M,0.481522,0,0,1.0,1.0001,1.0001,1.02,3,1,"-2.55,0.05,0.0",0.714994,0.331087,1,"-2.55,0.05,0.0",0.185097,0.114065,1,"-3.023317,0.05,0.0",0.481753,0.500783,1,"-2.076683,0.05,0.0",0.481753,0.500783,1,0.474466,0.559057,12,12,0.272936,25,25,"{""attach"": 25}",0.003135,0.192265,1,0,OBSERVE,ARTISTIC_WRAP,2.5,4.8439,0.0333,0.0,"-1.980682,0.952186,-0.228616",0.0,"1.359315,0.848823,0.0"
20260526-193544-sentence-script-a-single-cell-sphere-gra-d3516f,536,2026-05-26T19:36:39.164,53.6152,60.0,2,23.5076,26.0,M,0.501524,0,0,1.0,1.0001,1.0001,1.02,3,1,"-2.55,0.05,0.0",0.702325,0.319086,1,"-2.55,0.05,0.0",0.177956,0.109665,1,"-3.04802,0.05,0.0",0.497781,0.521585,1,"-2.05198,0.05,0.0",0.497781,0.521585,1,0.463245,0.559994,12,12,0.292937,23,23,"{""attach"": 23}",-0.007697,0.198066,1,0,OBSERVE,ARTISTIC_WRAP,2.6,4.8439,0.0333,0.0,"-1.891775,0.964393,-0.249122",0.0,"1.37773,0.874962,0.0"
20260526-193544-sentence-script-a-single-cell-sphere-gra-d3516f,537,2026-05-26T19:36:39.264,53.7159,60.0,2,23.6076,26.0,M,0.521526,0,0,1.0,1.0001,1.0001,1.02,3,1,"-2.55,0.05,0.0",0.689655,0.307085,1,"-2.55,0.05,0.0",0.170815,0.105264,1,"-3.07297,0.05,0.0",0.513809,0.542387,1,"-2.02703,0.05,0.0",0.513809,0.542387,1,0.452024,0.55872,12,12,0.314477,22,22,"{""attach"": 22}",-0.024463,0.195374,1,0,OBSERVE,ARTISTIC_WRAP,2.7,4.8439,0.0333,0.0,"-1.797688,0.977444,-0.268595",0.0,"1.396771,0.900648,0.0"
20260526-193544-sentence-script-a-single-cell-sphere-gra-d3516f,538,2026-05-26T19:36:39.350,53.8004,60.0,2,23.691,26.0,M,0.538194,0,0,1.0,1.0001,1.0001,1.02,3,1,"-2.55,0.05,0.0",0.679097,0.297084,1,"-2.55,0.05,0.0",0.164865,0.101597,1,"-3.093945,0.05,0.0",0.527166,0.559721,1,"-2.006055,0.05,0.0",0.527166,0.559721,1,0.442673,0.555974,12,12,0.333578,22,22,"{""attach"": 22}",-0.025304,0.195374,1,0,OBSERVE,ARTISTIC_WRAP,2.7833,4.8439,0.0167,0.0,"-1.715427,0.988963,-0.284019",0.0,"1.413108,0.921696,0.0"
20260526-193544-sentence-script-a-single-cell-sphere-gra-d3516f,539,2026-05-26T19:36:39.450,53.9011,60.0,2,23.791,26.0,M,0.558195,0,0,1.0,1.0001,1.0001,1.02,3,1,"-2.55,0.05,0.0",0.666428,0.285083,1,"-2.55,0.05,0.0",0.157724,0.097197,1,"-3.11933,0.05,0.0",0.543193,0.580522,1,"-1.98067,0.05,0.0",0.543193,0.580522,1,0.431453,0.550667,12,12,0.35785,22,22,"{""attach"": 22}",-0.026158,0.195374,1,0,OBSERVE,ARTISTIC_WRAP,2.8833,4.8439,0.0167,0.0,"-1.612243,1.003534,-0.301546",0.0,"1.433267,0.946513,0.0"
20260526-193544-sentence-script-a-single-cell-sphere-gra-d3516f,540,2026-05-26T19:36:39.551,54.0026,60.0,2,23.891,26.0,M,0.578196,0,0,1.0,1.0,1.0,1.02,3,1,"-2.55,0.05,0.0",0.653759,0.273083,1,"-2.55,0.05,0.0",0.150584,0.092797,1,"-3.144943,0.05,0.0",0.559221,0.601324,1,"-1.955057,0.05,0.0",0.559221,0.601324,1,0.420232,0.543187,12,12,0.383564,22,22,"{""attach"": 22}",-0.026837,0.195374,1,0,OBSERVE,ARTISTIC_WRAP,2.9833,4.8439,0.0167,0.0,"-1.504376,1.01888,-0.317979",0.0,"1.45402,0.970835,0.0"
20260526-193544-sentence-script-a-single-cell-sphere-gra-d3516f,541,2026-05-26T19:36:39.652,54.1037,60.0,2,23.991,26.0,M,0.598196,0,0,1.0,1.0,1.0,1.02,3,1,"-2.55,0.05,0.0",0.64109,0.261082,1,"-2.55,0.05,0.0",0.143444,0.088397,1,"-3.170779,0.05,0.0",0.575248,0.622124,1,"-1.929221,0.05,0.0",0.575248,0.622124,1,0.409012,0.533564,12,12,0.410686,21,21,"{""attach"": 21}",-0.040908,0.197402,1,0,OBSERVE,ARTISTIC_WRAP,3.0833,4.8439,0.0167,0.0,"-1.392061,1.034937,-0.333294",0.0,"1.475354,0.994648,0.0"
20260526-193544-sentence-script-a-single-cell-sphere-gra-d3516f,542,2026-05-26T19:36:39.754,54.2051,60.0,2,24.091,26.0,M,0.618197,0,0,1.0,1.0,1.0,1.02,3,1,"-2.55,0.05,0.0",0.628422,0.249082,1,"-2.55,0.05,0.0",0.136304,0.083997,1,"-3.196831,0.05,0.0",0.591275,0.642925,1,"-1.903169,0.05,0.0",0.591275,0.642925,1,0.397791,0.521834,12,12,0.439186,20,20,"{""attach"": 20}",-0.055639,0.198933,1,0,OBSERVE,ARTISTIC_WRAP,3.1833,4.8439,0.0,0.0,"-1.27556,1.051627,-0.347466",0.0,"1.497258,1.017938,0.0"
20260526-193544-sentence-script-a-single-cell-sphere-gra-d3516f,543,2026-05-26T19:36:39.854,54.3061,60.0,2,24.191,26.0,M,0.638198,0,0,1.0,1.0,1.0,1.02,3,1,"-2.55,0.05,0.0",0.615753,0.237081,1,"-2.55,0.05,0.0",0.129163,0.079597,1,"-3.223094,0.05,0.0",0.607302,0.65,1,"-1.876906,0.05,0.0",0.607302,0.65,1,0.386571,0.508045,12,12,0.469035,17,17,"{""attach"": 17}",-0.043557,0.195735,1,0,OBSERVE,ARTISTIC_WRAP,3.2833,4.8439,0.0167,0.0,"-1.155158,1.068856,-0.360473",0.0,"1.519717,1.040693,0.0"
20260526-193544-sentence-script-a-single-cell-sphere-gra-d3516f,544,2026-05-26T19:36:39.955,54.4069,60.0,2,24.291,26.0,M,0.658198,0,0,1.0,1.0,1.0,1.02,3,1,"-2.55,0.05,0.0",0.603084,0.225081,1,"-2.55,0.05,0.0",0.122023,0.075196,1,"-3.249565,0.05,0.0",0.623329,0.65,1,"-1.850435,0.05,0.0",0.623329,0.65,1,0.375351,0.492251,12,12,0.500209,15,15,"{""attach"": 15}",-0.037484,0.198046,1,0,OBSERVE,ARTISTIC_WRAP,3.3833,4.8439,0.0167,0.0,"-1.03116,1.086519,-0.372291",0.0,"1.54272,1.062898,0.0"
20260526-193544-sentence-script-a-single-cell-sphere-gra-d3516f,545,2026-05-26T19:36:40.055,54.5071,60.0,2,24.391,26.0,M,0.678198,0,0,1.0,1.0,1.0,1.02,3,1,"-2.55,0.05,0.0",0.590416,0.213081,1,"-2.55,0.05,0.0",0.114883,0.070796,1,"-3.276236,0.05,0.0",0.639356,0.65,1,"-1.823764,0.05,0.0",0.639356,0.65,1,0.364131,0.474514,12,12,0.532685,14,14,"{""attach"": 14}",-0.026003,0.193659,1,0,OBSERVE,ARTISTIC_WRAP,3.4833,4.8439,0.0167,0.0,"-0.903893,1.104501,-0.382897",0.0,"1.566253,1.08454,0.0"
20260526-193544-sentence-script-a-single-cell-sphere-gra-d3516f,546,2026-05-26T19:36:40.155,54.6074,60.0,2,24.491,26.0,M,0.698199,0,0,1.0,1.0,1.0,1.02,3,1,"-2.55,0.05,0.0",0.577747,0.201081,1,"-2.55,0.05,0.0",0.107743,0.066396,1,"-3.303106,0.05,0.0",0.655383,0.65,1,"-1.796894,0.05,0.0",0.655383,0.65,1,0.352911,0.454905,12,12,0.566446,13,13,"{""attach"": 13}",-0.041999,0.197673,1,0,OBSERVE,ARTISTIC_WRAP,3.5833,4.8439,0.0167,0.0,"-0.773699,1.122676,-0.392273",0.0,"1.590301,1.105608,0.0"
20260526-193544-sentence-script-a-single-cell-sphere-gra-d3516f,547,2026-05-26T19:36:40.257,54.7078,60.0,2,24.591,26.0,M,0.718199,0,0,1.0,1.0,1.0,1.02,3,1,"-2.55,0.05,0.0",0.565078,0.189081,1,"-2.55,0.05,0.0",0.100603,0.061996,1,"-3.330168,0.05,0.0",0.67141,0.65,1,"-1.769832,0.05,0.0",0.67141,0.65,1,0.34169,0.4335,12,12,0.601474,11,11,"{""attach"": 11}",-0.035701,0.206734,1,0,OBSERVE,ARTISTIC_WRAP,3.6833,4.8439,0.0167,0.0,"-0.640935,1.140916,-0.400399",0.0,"1.614852,1.126088,0.0"
20260526-193544-sentence-script-a-single-cell-sphere-gra-d3516f,548,2026-05-26T19:36:40.357,54.8087,60.0,2,24.691,26.0,M,0.738199,0,0,1.0,1.0,1.0,1.02,3,1,"-2.55,0.05,0.0",0.55241,0.177081,0,"-2.55,0.05,0.0",0.093463,0.057596,1,"-3.357419,0.05,0.0",0.687437,0.65,1,"-1.742581,0.05,0.0",0.687437,0.65,1,0.33047,0.410385,12,12,0.637758,9,9,"{""attach"": 9}",-0.004943,0.212318,1,0,OBSERVE,ARTISTIC_WRAP,3.7833,4.8439,0.0167,0.0,"-0.50597,1.159085,-0.407261",0.0,"1.63989,1.145969,0.0"
20260526-193544-sentence-script-a-single-cell-sphere-gra-d3516f,549,2026-05-26T19:36:40.458,54.9098,60.0,2,24.791,26.0,M,0.758199,0,0,1.0,1.0,1.0,1.02,3,1,"-2.55,0.05,0.0",0.5508,0.16508,0,"-2.55,0.05,0.0",0.086323,0.053196,1,"-3.384855,0.05,0.0",0.703464,0.65,1,"-1.715145,0.05,0.0",0.703464,0.65,1,0.31925,0.38565,12,12,0.675285,9,9,"{""attach"": 9}",-0.008419,0.212318,1,0,OBSERVE,ARTISTIC_WRAP,3.8833,4.8439,0.0167,0.0,"-0.369187,1.177047,-0.412844",0.0,"1.665401,1.165239,0.0"
20260526-193544-sentence-script-a-single-cell-sphere-gra-d3516f,550,2026-05-26T19:36:40.563,55.0152,60.0,2,24.891,26.0,M,0.778199,0,0,1.0,1.0,1.0,1.02,3,1,"-2.55,0.05,0.0",0.5508,0.15308,0,"-2.55,0.05,0.0",0.079183,0.048796,1,"-3.412473,0.05,0.0",0.719491,0.65,1,"-1.687527,0.05,0.0",0.719491,0.65,1,0.30803,0.359392,12,12,0.714047,8,8,"{""attach"": 8}",-0.032847,0.206335,1,0,OBSERVE,ARTISTIC_WRAP,3.9833,4.8439,0.0167,0.0,"-0.230975,1.194661,-0.417139",0.0,"1.691371,1.183887,0.0"
20260526-193544-sentence-script-a-single-cell-sphere-gra-d3516f,551,2026-05-26T19:36:40.664,55.116,60.0,2,24.991,26.0,M,0.7982,0,0,1.0,1.0,1.0,1.02,3,1,"-2.55,0.05,0.0",0.5508,0.14108,0,"-2.55,0.05,0.0",0.072043,0.044396,1,"-3.440269,0.05,0.0",0.735517,0.65,1,"-1.659731,0.05,0.0",0.735517,0.65,1,0.29681,0.331717,12,12,0.754038,6,6,"{""attach"": 6}",-0.03063,0.215125,1,0,OBSERVE,ARTISTIC_WRAP,4.0833,4.8439,0.0167,0.0,"-0.091732,1.211791,-0.420139",0.0,"1.717783,1.201902,0.0"
20260526-193544-sentence-script-a-single-cell-sphere-gra-d3516f,552,2026-05-26T19:36:40.748,55.2001,60.0,2,25.0743,26.0,M,0.814866,0,0,1.0,1.0,1.0,1.02,3,1,"-2.55,0.05,0.0",0.5508,0.13108,0,"-2.55,0.05,0.0",0.066093,0.040729,1,"-3.463566,0.05,0.0",0.748873,0.65,1,"-1.636434,0.05,0.0",0.748873,0.65,1,0.28746,0.307649,12,12,0.788299,5,5,"{""attach"": 5}",-0.001003,0.227151,1,0,OBSERVE,ARTISTIC_WRAP,4.1667,4.8439,0.0,0.0,"0.024799,1.225596,-0.421645",0.0,"1.740121,1.216423,0.0"
20260526-193544-sentence-script-a-single-cell-sphere-gra-d3516f,553,2026-05-26T19:36:40.849,55.3009,60.0,2,25.1743,26.0,M,0.834866,0,0,1.0,1.0,1.0,1.02,3,1,"-2.55,0.05,0.0",0.5508,0.11908,0,"-2.55,0.05,0.0",0.058953,0.036329,1,"-3.49168,0.05,0.0",0.761,0.65,1,"-1.60832,0.05,0.0",0.761,0.65,1,0.27624,0.277661,12,12,0.830529,4,4,"{""attach"": 4}",0.077189,0.230032,1,0,OBSERVE,ARTISTIC_WRAP,4.2667,4.8439,0.0,0.0,"0.164879,1.241485,-0.422261",0.0,"1.767305,1.23325,0.0"
20260526-193544-sentence-script-a-single-cell-sphere-gra-d3516f,554,2026-05-26T19:36:40.950,55.4016,60.0,2,25.2743,26.0,M,0.854866,0,0,1.0,1.0,1.0,1.02,3,1,"-2.55,0.05,0.0",0.5508,0.10708,0,"-2.55,0.05,0.0",0.051813,0.031929,1,"-3.519962,0.05,0.0",0.761,0.65,1,"-1.580038,0.05,0.0",0.761,0.65,1,0.26502,0.246577,12,12,0.873978,4,4,"{""attach"": 4}",0.079883,0.230032,1,0,OBSERVE,ARTISTIC_WRAP,4.3667,4.8439,0.0,0.0,"0.304834,1.256513,-0.421577",0.0,"1.794888,1.249416,0.0"
20260526-193544-sentence-script-a-single-cell-sphere-gra-d3516f,555,2026-05-26T19:36:41.050,55.5021,60.0,2,25.3743,26.0,M,0.874866,0,0,1.0,1.0,1.0,1.02,3,1,"-2.55,0.05,0.0",0.5508,0.09508,0,"-2.55,0.05,0.0",0.044673,0.027529,1,"-3.548411,0.05,0.0",0.761,0.65,1,"-1.551589,0.05,0.0",0.761,0.65,1,0.2538,0.21452,12,12,0.918643,3,3,"{""attach"": 3}",0.06725,0.22329,1,0,OBSERVE,ARTISTIC_WRAP,4.4667,4.8439,0.0,0.0,"0.444254,1.270557,-0.419599",0.0,"1.822854,1.26491,0.0"
20260526-193544-sentence-script-a-single-cell-sphere-gra-d3516f,556,2026-05-26T19:36:41.150,55.6024,60.0,2,25.4743,26.0,M,0.894866,0,0,1.0,1.0,1.0,1.02,3,1,"-2.55,0.05,0.0",0.5508,0.08308,0,"-2.55,0.05,0.0",0.037533,0.023129,1,"-3.577022,0.05,0.0",0.761,0.65,1,"-1.522978,0.05,0.0",0.761,0.65,0,0.24258,0.181616,12,12,0.964525,3,3,"{""attach"": 3}",0.066057,0.22329,1,0,OBSERVE,ARTISTIC_WRAP,4.5667,4.8439,0.0,0.0,"0.582725,1.283502,-0.416335",0.0,"1.851185,1.279725,0.0"
20260526-193544-sentence-script-a-single-cell-sphere-gra-d3516f,557,2026-05-26T19:36:41.251,55.703,60.0,2,25.5743,26.0,M,0.914867,0,0,1.0,1.0,1.0,1.02,2,1,"-2.55,0.05,0.0",0.5508,0.07108,0,"-2.55,0.05,0.0",0.030393,0.018729,1,"-3.605794,0.05,0.0",0.761,0.65,1,"-1.494206,0.05,0.0",0.761,0.65,0,0.23136,0.147995,12,12,1.011625,3,3,"{""attach"": 3}",0.061064,0.22329,1,0,OBSERVE,ARTISTIC_WRAP,4.6667,4.8439,0.0,0.0,"0.719837,1.295242,-0.411799",0.0,"1.879867,1.29385,0.0"
20260526-193544-sentence-script-a-single-cell-sphere-gra-d3516f,558,2026-05-26T19:36:41.352,55.8038,60.0,2,25.6743,26.0,M,0.934867,0,0,1.0,1.0,1.0,1.02,2,1,"-2.55,0.05,0.0",0.5508,0.05908,0,"-2.55,0.05,0.0",0.023253,0.014329,1,"-3.634723,0.05,0.0",0.761,0.65,1,"-1.465277,0.05,0.0",0.761,0.65,0,0.22014,0.113791,12,12,1.059945,3,3,"{""attach"": 3}",0.059744,0.22329,1,0,OBSERVE,ARTISTIC_WRAP,4.7667,4.8439,0.0,0.0,"0.855183,1.305679,-0.406005",0.0,"1.908881,1.307278,0.0"
20260526-193544-sentence-script-a-single-cell-sphere-gra-d3516f,559,2026-05-26T19:36:41.454,55.9047,60.0,2,25.774,26.0,M,0.954801,0,0,1.0,0.987,0.987,1.02,2,1,"-2.55,0.05,0.0",0.5508,0.047119,0,"-2.55,0.05,0.0",0.016136,0.009944,1,"-3.663713,0.05,0.0",0.761,0.65,1,"-1.436287,0.05,0.0",0.761,0.65,0,0.208956,0.079251,12,12,1.109325,4,3,"{""attach"": 3, ""spill"": 1}",0.011553,0.285171,1,0,MITOSIS_HELPER,OBSERVE,0.0167,6.2891,0.0,0.0,"0.792922,1.278934,-0.367244",0.0,"1.938115,1.31996,0.0"
20260526-193544-sentence-script-a-single-cell-sphere-gra-d3516f,560,2026-05-26T19:36:41.554,56.0059,60.0,2,25.8707,26.0,M,0.974139,0,0,1.0,0.9535,0.9535,1.02,2,1,"-2.55,0.05,0.0",0.5508,0.035517,0,"-2.55,0.05,0.0",0.009232,0.005689,1,"-3.691979,0.05,0.0",0.761,0.65,1,"-1.408021,0.05,0.0",0.761,0.65,0,0.198108,0.045447,12,12,1.15839,7,3,"{""attach"": 3, ""spill"": 4}",0.129035,0.309759,1,0,MITOSIS_HELPER,OBSERVE,0.1167,6.2891,0.0,0.0,"0.404355,1.187551,-0.276948",0.0,"1.966758,1.331587,0.0"
20260526-193544-sentence-script-a-single-cell-sphere-gra-d3516f,561,2026-05-26T19:36:41.659,56.1115,60.0,2,25.9644,26.0,M,0.992886,0,0,1.0,0.9267,0.9267,1.02,2,1,"-2.55,0.05,0.0",0.5508,0.024268,0,"-2.55,0.05,0.0",0.00254,0.001565,1,"-3.719517,0.05,0.0",0.761,0.65,1,"-1.380483,0.05,0.0",0.761,0.65,0,0.187591,0.012514,12,12,1.207057,8,3,"{""attach"": 3, ""spill"": 5}",0.14834,0.319171,1,0,MITOSIS_HELPER,OBSERVE,0.2167,6.2891,0.0333,0.0,"0.098212,1.106021,-0.202355",0.0,"1.994778,1.342217,0.0"
20260526-193544-sentence-script-a-single-cell-sphere-gra-d3516f,562,2026-05-26T19:36:41.764,56.216,60.0,2,26.0,26.0,M,1.0,1,0,1.0,0.9053,0.9053,1.02,2,1,"-2.55,0.05,0.0",0.5508,0.02,0,"-2.55,0.05,0.0",0.0,0.0,1,"-3.73,0.05,0.0",0.761,0.65,1,"-1.37,0.05,0.0",0.761,0.65,0,0.1836,0.0,12,12,1.225808,8,2,"{""attach"": 2, ""spill"": 6}",0.128354,0.341117,1,0,MITOSIS_HELPER,OBSERVE,0.3167,6.2891,0.045,0.05,"-0.142812,1.033594,-0.140501",0.0,"2.005472,1.346083,0.0"
20260526-193544-sentence-script-a-single-cell-sphere-gra-d3516f,563,2026-05-26T19:36:41.853,56.3049,60.0,2,26.0,26.0,M,1.0,1,0,1.0,0.8907,0.8907,1.02,2,1,"-2.55,0.05,0.0",0.5508,0.02,0,"-2.55,0.05,0.0",0.0,0.0,1,"-3.73,0.05,0.0",0.761,0.65,1,"-1.37,0.05,0.0",0.761,0.65,0,0.1836,0.0,12,12,1.225808,8,2,"{""attach"": 2, ""spill"": 6}",0.124596,0.342113,1,0,MITOSIS_HELPER,OBSERVE,0.4,6.2891,0.1575,0.1333,"-0.305891,0.98021,-0.09698",0.0,"2.005472,1.346083,0.0"
20260526-193544-sentence-script-a-single-cell-sphere-gra-d3516f,564,2026-05-26T19:36:41.956,56.4085,60.0,2,26.0,26.0,M,1.0,1,0,1.0,0.8765,0.8765,1.02,2,1,"-2.55,0.05,0.0",0.5508,0.02,0,"-2.55,0.05,0.0",0.0,0.0,1,"-3.73,0.05,0.0",0.761,0.65,1,"-1.37,0.05,0.0",0.761,0.65,0,0.1836,0.0,12,12,1.225808,9,2,"{""attach"": 2, ""spill"": 7}",0.145867,0.344307,1,0,MITOSIS_HELPER,OBSERVE,0.5,6.2891,0.0058,0.2333,"-0.465342,0.92495,-0.052748",0.0,"2.005472,1.346083,0.0"
20260526-193544-sentence-script-a-single-cell-sphere-gra-d3516f,565,2026-05-26T19:36:42.057,56.5092,60.0,2,26.0,26.0,M,1.0,1,0,1.0,0.8652,0.8652,1.02,2,1,"-2.55,0.05,0.0",0.5508,0.02,0,"-2.55,0.05,0.0",0.0,0.0,1,"-3.73,0.05,0.0",0.761,0.65,1,"-1.37,0.05,0.0",0.761,0.65,0,0.1836,0.0,12,12,1.225808,11,2,"{""attach"": 2, ""spill"": 9}",0.140072,0.366804,1,0,MITOSIS_HELPER,OBSERVE,0.6,6.2891,0.0058,0.3333,"-0.592777,0.879937,-0.015811",0.0,"2.005472,1.346083,0.0"
20260526-193544-sentence-script-a-single-cell-sphere-gra-d3516f,566,2026-05-26T19:36:42.157,56.6094,60.0,2,26.0,26.0,M,1.0,1,0,1.0,0.8561,0.8561,1.02,2,1,"-2.55,0.05,0.0",0.5508,0.02,0,"-2.55,0.05,0.0",0.0,0.0,1,"-3.73,0.05,0.0",0.761,0.65,1,"-1.37,0.05,0.0",0.761,0.65,0,0.1836,0.0,12,12,1.225808,12,1,"{""attach"": 1, ""spill"": 11}",0.124466,0.394653,1,0,MITOSIS_HELPER,OBSERVE,0.7,6.2891,0.0283,0.4333,"-0.694623,0.84579,0.015033",0.0,"2.005472,1.346083,0.0"
20260526-193544-sentence-script-a-single-cell-sphere-gra-d3516f,567,2026-05-26T19:36:42.258,56.7101,60.0,2,26.0,26.0,M,1.0,1,0,1.0,0.8489,0.8489,1.02,2,1,"-2.55,0.05,0.0",0.5508,0.02,0,"-2.55,0.05,0.0",0.0,0.0,1,"-3.73,0.05,0.0",0.761,0.65,1,"-1.37,0.05,0.0",0.761,0.65,0,0.1836,0.0,12,12,1.225808,12,1,"{""attach"": 1, ""spill"": 11}",0.11631,0.397595,1,0,MITOSIS_HELPER,OBSERVE,0.8,6.2891,0.1183,0.5333,"-0.77602,0.822841,0.04073",0.0,"2.005472,1.346083,0.0"
20260526-193544-sentence-script-a-single-cell-sphere-gra-d3516f,568,2026-05-26T19:36:42.359,56.8107,60.0,2,26.0,26.0,M,1.0,1,0,1.0,0.8431,0.8431,1.02,2,1,"-2.55,0.05,0.0",0.5508,0.02,0,"-2.55,0.05,0.0",0.0,0.0,1,"-3.73,0.05,0.0",0.761,0.65,1,"-1.37,0.05,0.0",0.761,0.65,0,0.1836,0.0,12,12,1.225808,13,1,"{""attach"": 1, ""spill"": 12}",0.104161,0.403983,1,0,MITOSIS_HELPER,OBSERVE,0.9,6.2891,0.0733,0.6333,"-0.841073,0.810967,0.062027",0.0,"2.005472,1.346083,0.0"
20260526-193544-sentence-script-a-single-cell-sphere-gra-d3516f,569,2026-05-26T19:36:42.461,56.9115,60.0,2,26.0,26.0,M,1.0,1,0,1.0,0.8384,0.8384,1.02,2,1,"-2.55,0.05,0.0",0.5508,0.02,0,"-2.55,0.05,0.0",0.0,0.0,1,"-3.73,0.05,0.0",0.761,0.65,1,"-1.37,0.05,0.0",0.761,0.65,0,0.1836,0.0,12,12,1.225808,13,1,"{""attach"": 1, ""spill"": 12}",0.092602,0.397558,1,0,MITOSIS_HELPER,OBSERVE,1.0,6.2891,0.2083,0.7333,"-0.893063,0.809491,0.079513",0.0,"2.005472,1.346083,0.0"
20260526-193544-sentence-script-a-single-cell-sphere-gra-d3516f,570,2026-05-26T19:36:42.560,57.0125,60.0,2,26.0,26.0,M,1.0,1,0,1.0,0.8347,0.8347,1.02,2,1,"-2.55,0.05,0.0",0.5508,0.02,0,"-2.55,0.05,0.0",0.0,0.0,1,"-3.73,0.05,0.0",0.761,0.65,1,"-1.37,0.05,0.0",0.761,0.65,0,0.1836,0.0,12,12,1.225808,16,1,"{""attach"": 1, ""spill"": 15}",0.082407,0.409347,1,0,MITOSIS_HELPER,OBSERVE,1.1,6.2891,0.0733,0.8333,"-0.934615,0.817158,0.093653",0.0,"2.005472,1.346083,0.0"
20260526-193544-sentence-script-a-single-cell-sphere-gra-d3516f,571,2026-05-26T19:36:42.661,57.1135,60.0,2,26.0,26.0,M,1.0,1,0,1.0,0.8318,0.8318,1.02,2,1,"-2.55,0.05,0.0",0.5508,0.02,0,"-2.55,0.05,0.0",0.0,0.0,1,"-3.73,0.05,0.0",0.761,0.65,1,"-1.37,0.05,0.0",0.761,0.65,0,0.1836,0.0,12,12,1.225808,17,1,"{""attach"": 1, ""spill"": 16}",0.075554,0.407335,1,0,MITOSIS_HELPER,OBSERVE,1.2,6.2891,0.0733,0.9333,"-0.967823,0.832174,0.10482",0.0,"2.005472,1.346083,0.0"
20260526-193544-sentence-script-a-single-cell-sphere-gra-d3516f,572,2026-05-26T19:36:42.762,57.2145,60.0,2,26.0,26.0,M,1.0,1,0,1.0,0.8294,0.8294,1.02,2,1,"-2.55,0.05,0.0",0.5508,0.02,0,"-2.55,0.05,0.0",0.0,0.0,1,"-3.73,0.05,0.0",0.761,0.65,1,"-1.37,0.05,0.0",0.761,0.65,0,0.1836,0.0,12,12,1.225808,18,1,"{""attach"": 1, ""spill"": 17}",0.077676,0.394125,1,0,MITOSIS_HELPER,OBSERVE,1.3,6.2891,0.0508,1.0333,"-0.994363,0.852311,0.11331",0.0,"2.005472,1.346083,0.0"
20260526-193544-sentence-script-a-single-cell-sphere-gra-d3516f,573,2026-05-26T19:36:42.863,57.3155,60.0,2,26.0,26.0,M,1.0,1,0,1.0,0.8275,0.8275,1.02,2,1,"-2.55,0.05,0.0",0.5508,0.02,0,"-2.55,0.05,0.0",0.0,0.0,1,"-3.73,0.05,0.0",0.761,0.65,1,"-1.37,0.05,0.0",0.761,0.65,0,0.1836,0.0,12,12,1.225808,18,1,"{""attach"": 1, ""spill"": 17}",0.06502,0.386006,1,0,MITOSIS_HELPER,OBSERVE,1.4,6.2891,0.1858,1.1333,"-1.015574,0.875061,0.119366",0.0,"2.005472,1.346083,0.0"
20260526-193544-sentence-script-a-single-cell-sphere-gra-d3516f,574,2026-05-26T19:36:42.965,57.4166,60.0,2,26.0,26.0,M,1.0,1,0,1.0,0.826,0.826,1.02,2,1,"-2.55,0.05,0.0",0.5508,0.02,0,"-2.55,0.05,0.0",0.0,0.0,1,"-3.73,0.05,0.0",0.761,0.65,1,"-1.37,0.05,0.0",0.761,0.65,0,0.1836,0.0,12,12,1.225808,19,1,"{""attach"": 1, ""spill"": 18}",0.061799,0.377153,1,0,MITOSIS_HELPER,OBSERVE,1.5,6.2891,0.0958,1.2333,"-1.032526,0.897827,0.123189",0.0,"2.005472,1.346083,0.0"
20260526-193544-sentence-script-a-single-cell-sphere-gra-d3516f,575,2026-05-26T19:36:43.048,57.5006,60.0,2,26.0,26.0,M,1.0,1,0,1.0,0.825,0.825,1.02,2,1,"-2.55,0.05,0.0",0.5508,0.02,0,"-2.55,0.05,0.0",0.0,0.0,1,"-3.73,0.05,0.0",0.761,0.65,1,"-1.37,0.05,0.0",0.761,0.65,0,0.1836,0.0,12,12,1.225808,19,1,"{""attach"": 1, ""spill"": 18}",0.050617,0.374894,1,0,MITOSIS_HELPER,OBSERVE,1.5833,6.2891,0.2083,1.3167,"-1.044022,0.915008,0.124792",0.0,"2.005472,1.346083,0.0"
20260526-193544-sentence-script-a-single-cell-sphere-gra-d3516f,576,2026-05-26T19:36:43.149,57.601,60.0,2,26.0,26.0,M,1.0,1,0,1.0,0.824,0.824,1.02,2,1,"-2.55,0.05,0.0",0.5508,0.02,0,"-2.55,0.05,0.0",0.0,0.0,1,"-3.73,0.05,0.0",0.761,0.65,1,"-1.37,0.05,0.0",0.761,0.65,0,0.1836,0.0,12,12,1.225808,20,1,"{""attach"": 1, ""spill"": 19}",0.04452,0.370672,1,0,MITOSIS_HELPER,OBSERVE,1.6833,6.2891,0.0508,1.4167,"-1.055262,0.931563,0.124949",0.0,"2.005472,1.346083,0.0"
20260526-193544-sentence-script-a-single-cell-sphere-gra-d3516f,577,2026-05-26T19:36:43.250,57.7016,60.0,2,26.0,26.0,M,1.0,1,0,1.0,0.8232,0.8232,1.02,2,1,"-2.55,0.05,0.0",0.5508,0.02,0,"-2.55,0.05,0.0",0.0,0.0,1,"-3.73,0.05,0.0",0.761,0.65,1,"-1.37,0.05,0.0",0.761,0.65,0,0.1836,0.0,12,12,1.225808,21,0,"{""spill"": 21}",0.019558,0.368866,1,0,MITOSIS_HELPER,OBSERVE,1.7833,6.2891,0.0283,1.5167,"-1.064245,0.942027,0.123305",0.0,"2.005472,1.346083,0.0"
20260526-193544-sentence-script-a-single-cell-sphere-gra-d3516f,578,2026-05-26T19:36:43.350,57.8025,60.0,2,26.0,26.0,M,1.0,1,0,1.0,0.8225,0.8225,1.02,2,1,"-2.55,0.05,0.0",0.5508,0.02,0,"-2.55,0.05,0.0",0.0,0.0,1,"-3.73,0.05,0.0",0.761,0.65,1,"-1.37,0.05,0.0",0.761,0.65,0,0.1836,0.0,12,12,1.225808,22,0,"{""spill"": 22}",-0.0018,0.360257,1,0,MITOSIS_HELPER,OBSERVE,1.8833,6.2891,0.0508,1.6167,"-1.565506,0.945225,0.119989",0.0,"2.005472,1.346083,0.0"
20260526-193544-sentence-script-a-single-cell-sphere-gra-d3516f,579,2026-05-26T19:36:43.452,57.9037,60.0,2,26.0,26.0,M,1.0,1,0,1.0,0.822,0.822,1.02,2,1,"-2.55,0.05,0.0",0.5508,0.02,0,"-2.55,0.05,0.0",0.0,0.0,1,"-3.73,0.05,0.0",0.761,0.65,1,"-1.37,0.05,0.0",0.761,0.65,0,0.1836,0.0,12,12,1.225808,23,0,"{""spill"": 23}",-0.000708,0.359977,1,0,MITOSIS_HELPER,OBSERVE,1.9833,6.2891,0.0958,1.7167,"-2.054334,0.94068,0.115121",0.0,"2.005472,1.346083,0.0"
20260526-193544-sentence-script-a-single-cell-sphere-gra-d3516f,580,2026-05-26T19:36:43.556,58.0083,60.0,2,26.0,26.0,M,1.0,1,0,1.0,0.8216,0.8216,1.02,2,1,"-2.55,0.05,0.0",0.5508,0.02,0,"-2.55,0.05,0.0",0.0,0.0,1,"-3.73,0.05,0.0",0.761,0.65,1,"-1.37,0.05,0.0",0.761,0.65,0,0.1836,0.0,12,12,1.225808,25,0,"{""spill"": 25}",-0.01023,0.375477,1,0,MITOSIS_HELPER,OBSERVE,2.0833,6.2891,0.0958,1.8167,"-2.445009,0.928644,0.108822",0.0,"2.005472,1.346083,0.0"
20260526-193544-sentence-script-a-single-cell-sphere-gra-d3516f,581,2026-05-26T19:36:43.649,58.1014,60.0,2,26.0,26.0,M,1.0,1,0,1.0,0.8213,0.8213,1.02,2,1,"-2.55,0.05,0.0",0.5508,0.02,0,"-2.55,0.05,0.0",0.0,0.0,1,"-3.73,0.05,0.0",0.761,0.65,1,"-1.37,0.05,0.0",0.761,0.65,0,0.1836,0.0,12,12,1.225808,26,0,"{""spill"": 26}",-0.018901,0.379645,1,0,MITOSIS_HELPER,OBSERVE,2.1667,6.2891,0.0283,1.9,"-2.709937,0.91356,0.102566",0.0,"2.005472,1.346083,0.0"
20260526-193544-sentence-script-a-single-cell-sphere-gra-d3516f,582,2026-05-26T19:36:43.751,58.2031,60.0,2,26.0,26.0,M,1.0,1,0,1.0,0.8211,0.8211,1.02,2,1,"-2.55,0.05,0.0",0.5508,0.02,0,"-2.55,0.05,0.0",0.0,0.0,1,"-3.73,0.05,0.0",0.761,0.65,1,"-1.37,0.05,0.0",0.761,0.65,0,0.1836,0.0,12,12,1.225808,27,0,"{""spill"": 27}",-0.040326,0.384561,1,0,MITOSIS_HELPER,OBSERVE,2.2667,6.2891,0.0508,2.0,"-2.968972,0.890709,0.093953",0.0,"2.005472,1.346083,0.0"
20260526-193544-sentence-script-a-single-cell-sphere-gra-d3516f,583,2026-05-26T19:36:43.857,58.3088,60.0,2,26.0,26.0,M,1.0,1,0,1.0,0.8209,0.8209,1.02,2,1,"-2.55,0.05,0.0",0.5508,0.02,0,"-2.55,0.05,0.0",0.0,0.0,1,"-3.73,0.05,0.0",0.761,0.65,1,"-1.37,0.05,0.0",0.761,0.65,0,0.1836,0.0,12,12,1.225808,28,0,"{""spill"": 28}",-0.060959,0.387396,1,0,MITOSIS_HELPER,OBSERVE,2.3667,6.2891,0.0508,2.1,"-3.175995,0.864545,0.084253",0.0,"2.005472,1.346083,0.0"
20260526-193544-sentence-script-a-single-cell-sphere-gra-d3516f,584,2026-05-26T19:36:43.963,58.4146,60.0,2,26.0,26.0,M,1.0,1,0,1.0,0.8207,0.8207,1.02,2,1,"-2.55,0.05,0.0",0.5508,0.02,0,"-2.55,0.05,0.0",0.0,0.0,1,"-3.73,0.05,0.0",0.761,0.65,1,"-1.37,0.05,0.0",0.761,0.65,0,0.1836,0.0,12,12,1.225808,28,0,"{""spill"": 28}",-0.080318,0.391125,1,0,MITOSIS_HELPER,OBSERVE,2.4667,6.2891,0.1858,2.2,"-3.341449,0.83734,0.073591",0.0,"2.005472,1.346083,0.0"
20260526-193544-sentence-script-a-single-cell-sphere-gra-d3516f,585,2026-05-26T19:36:44.053,58.5049,60.0,2,26.0,26.0,M,1.0,1,0,1.0,0.8206,0.8206,1.02,2,1,"-2.55,0.05,0.0",0.5508,0.02,0,"-2.55,0.05,0.0",0.0,0.0,1,"-3.73,0.05,0.0",0.761,0.65,1,"-1.37,0.05,0.0",0.761,0.65,0,0.1836,0.0,12,12,1.225808,28,0,"{""spill"": 28}",-0.097348,0.393845,1,0,MITOSIS_HELPER,OBSERVE,2.55,6.2891,0.2983,2.2833,"-3.453648,0.815591,0.064067",0.0,"2.005472,1.346083,0.0"
20260526-193544-sentence-script-a-single-cell-sphere-gra-d3516f,586,2026-05-26T19:36:44.152,58.6038,60.0,2,26.0,26.0,M,1.0,1,0,1.0,0.8205,0.8205,1.02,2,1,"-2.55,0.05,0.0",0.5508,0.02,0,"-2.55,0.05,0.0",0.0,0.0,1,"-3.73,0.05,0.0",0.761,0.65,1,"-1.37,0.05,0.0",0.761,0.65,0,0.1836,0.0,12,12,1.225808,29,0,"{""spill"": 29}",-0.106826,0.397139,1,0,MITOSIS_HELPER,OBSERVE,2.65,6.2891,0.0958,2.3833,"-3.563352,0.792582,0.051985",0.0,"2.005472,1.346083,0.0"
20260526-193544-sentence-script-a-single-cell-sphere-gra-d3516f,587,2026-05-26T19:36:44.249,58.7015,60.0,2,26.0,26.0,M,1.0,1,0,1.0,0.8204,0.8204,1.02,2,1,"-2.55,0.05,0.0",0.5508,0.02,0,"-2.55,0.05,0.0",0.0,0.0,1,"-3.73,0.05,0.0",0.761,0.65,1,"-1.37,0.05,0.0",0.761,0.65,0,0.1836,0.0,12,12,1.225808,29,0,"{""spill"": 29}",-0.129197,0.405674,1,0,MITOSIS_HELPER,OBSERVE,2.75,6.2891,0.2308,2.4833,"-3.651027,0.774838,0.03932",0.0,"2.005472,1.346083,0.0"
20260526-193544-sentence-script-a-single-cell-sphere-gra-d3516f,588,2026-05-26T19:36:44.362,58.814,60.0,2,26.0,26.0,M,1.0,1,0,1.0,0.8203,0.8203,1.02,2,1,"-2.55,0.05,0.0",0.5508,0.02,0,"-2.55,0.05,0.0",0.0,0.0,1,"-3.73,0.05,0.0",0.761,0.65,1,"-1.37,0.05,0.0",0.761,0.65,0,0.1836,0.0,12,12,1.225808,31,0,"{""spill"": 31}",-0.144225,0.411923,1,0,MITOSIS_HELPER,OBSERVE,2.8667,6.2891,0.0058,2.6,"-3.731325,0.762838,0.023994",0.0,"2.005472,1.346083,0.0"
20260526-193544-sentence-script-a-single-cell-sphere-gra-d3516f,589,2026-05-26T19:36:44.459,58.9099,60.0,2,26.0,26.0,M,1.0,1,0,1.0,0.8202,0.8202,1.02,2,1,"-2.55,0.05,0.0",0.5508,0.02,0,"-2.55,0.05,0.0",0.0,0.0,1,"-3.73,0.05,0.0",0.761,0.65,1,"-1.37,0.05,0.0",0.761,0.65,0,0.1836,0.0,12,12,1.225808,34,0,"{""spill"": 34}",-0.141401,0.395078,1,0,MITOSIS_HELPER,OBSERVE,2.9667,6.2891,0.0508,2.7,"-3.785273,0.761036,0.010548",0.0,"2.005472,1.346083,0.0"
20260526-193544-sentence-script-a-single-cell-sphere-gra-d3516f,590,2026-05-26T19:36:44.555,59.0073,60.0,2,26.0,26.0,M,1.0,1,0,1.0,0.8202,0.8202,1.02,2,1,"-2.55,0.05,0.0",0.5508,0.02,0,"-2.55,0.05,0.0",0.0,0.0,1,"-3.73,0.05,0.0",0.761,0.65,1,"-1.37,0.05,0.0",0.761,0.65,0,0.1836,0.0,12,12,1.225808,36,0,"{""spill"": 36}",-0.153479,0.402024,1,0,MITOSIS_HELPER,OBSERVE,3.0667,6.2891,0.0508,2.8,"-3.828388,0.767248,-0.003035",0.0,"2.005472,1.346083,0.0"
20260526-193544-sentence-script-a-single-cell-sphere-gra-d3516f,591,2026-05-26T19:36:44.652,59.1035,60.0,2,26.0,26.0,M,1.0,1,0,1.0,0.8201,0.8201,1.02,2,1,"-2.55,0.05,0.0",0.5508,0.02,0,"-2.55,0.05,0.0",0.0,0.0,1,"-3.73,0.05,0.0",0.761,0.65,1,"-1.37,0.05,0.0",0.761,0.65,0,0.1836,0.0,12,12,1.225808,38,0,"{""spill"": 38}",-0.163189,0.408694,1,0,MITOSIS_HELPER,OBSERVE,3.1667,6.2891,0.0058,2.9,"-3.862847,0.780906,-0.016613",0.0,"2.005472,1.346083,0.0"
20260526-193544-sentence-script-a-single-cell-sphere-gra-d3516f,592,2026-05-26T19:36:44.763,59.2146,60.0,2,26.0,26.0,M,1.0,1,0,1.0,0.8201,0.8201,1.02,2,1,"-2.55,0.05,0.0",0.5508,0.02,0,"-2.55,0.05,0.0",0.0,0.0,1,"-3.73,0.05,0.0",0.761,0.65,1,"-1.37,0.05,0.0",0.761,0.65,0,0.1836,0.0,12,12,1.225808,40,0,"{""spill"": 40}",-0.180287,0.413455,1,0,MITOSIS_HELPER,OBSERVE,3.2833,6.2891,0.0283,3.0167,"-3.894405,0.804576,-0.032259",0.0,"2.005472,1.346083,0.0"
20260526-193544-sentence-script-a-single-cell-sphere-gra-d3516f,593,2026-05-26T19:36:44.858,59.3095,60.0,2,26.0,26.0,M,1.0,1,0,1.0,0.8201,0.8201,1.02,2,1,"-2.55,0.05,0.0",0.5508,0.02,0,"-2.55,0.05,0.0",0.0,0.0,1,"-3.73,0.05,0.0",0.761,0.65,1,"-1.37,0.05,0.0",0.761,0.65,0,0.1836,0.0,12,12,1.225808,41,0,"{""spill"": 41}",-0.197603,0.410738,1,0,MITOSIS_HELPER,OBSERVE,3.3833,6.2891,0.0733,3.1167,"-3.915608,0.829415,-0.045346",0.0,"2.005472,1.346083,0.0"
20260526-193544-sentence-script-a-single-cell-sphere-gra-d3516f,594,2026-05-26T19:36:44.952,59.4042,60.0,2,26.0,26.0,M,1.0,1,0,1.0,0.8201,0.8201,1.02,2,1,"-2.55,0.05,0.0",0.5508,0.02,0,"-2.55,0.05,0.0",0.0,0.0,1,"-3.73,0.05,0.0",0.761,0.65,1,"-1.37,0.05,0.0",0.761,0.65,0,0.1836,0.0,12,12,1.225808,42,0,"{""spill"": 42}",-0.209262,0.416364,1,0,MITOSIS_HELPER,OBSERVE,3.4833,6.2891,0.0283,3.2167,"-3.932553,0.856119,-0.057992",0.0,"2.005472,1.346083,0.0"
20260526-193544-sentence-script-a-single-cell-sphere-gra-d3516f,595,2026-05-26T19:36:45.051,59.5018,60.0,2,26.0,26.0,M,1.0,1,0,1.0,0.8201,0.8201,1.02,2,1,"-2.55,0.05,0.0",0.5508,0.02,0,"-2.55,0.05,0.0",0.0,0.0,1,"-3.73,0.05,0.0",0.761,0.65,1,"-1.37,0.05,0.0",0.761,0.65,0,0.1836,0.0,12,12,1.225808,43,0,"{""spill"": 43}",-0.225721,0.425589,1,0,MITOSIS_HELPER,OBSERVE,3.5833,6.2891,0.1633,3.3167,"-3.946096,0.882297,-0.070068",0.0,"2.005472,1.346083,0.0"
20260526-193544-sentence-script-a-single-cell-sphere-gra-d3516f,596,2026-05-26T19:36:45.150,59.6024,60.0,2,26.0,26.0,M,1.0,1,0,1.0,0.82,0.82,1.02,2,1,"-2.55,0.05,0.0",0.5508,0.02,0,"-2.55,0.05,0.0",0.0,0.0,1,"-3.73,0.05,0.0",0.761,0.65,1,"-1.37,0.05,0.0",0.761,0.65,0,0.1836,0.0,12,12,1.225808,44,0,"{""spill"": 44}",-0.244341,0.42915,1,0,MITOSIS_HELPER,OBSERVE,3.6833,6.2891,0.0508,3.4167,"-3.748152,0.905607,-0.081451",0.0,"2.005472,1.346083,0.0"
20260526-193544-sentence-script-a-single-cell-sphere-gra-d3516f,597,2026-05-26T19:36:45.251,59.7034,60.0,2,26.0,26.0,M,1.0,1,0,1.0,0.82,0.82,1.02,2,1,"-2.55,0.05,0.0",0.5508,0.02,0,"-2.55,0.05,0.0",0.0,0.0,1,"-3.73,0.05,0.0",0.761,0.65,1,"-1.37,0.05,0.0",0.761,0.65,0,0.1836,0.0,12,12,1.225808,43,0,"{""spill"": 43}",-0.231508,0.426491,1,0,MITOSIS_HELPER,OBSERVE,3.7833,6.2891,0.0733,3.5167,"-3.216423,0.923964,-0.092028",0.0,"2.005472,1.346083,0.0"
20260526-193544-sentence-script-a-single-cell-sphere-gra-d3516f,598,2026-05-26T19:36:45.352,59.8043,60.0,2,26.0,26.0,M,1.0,1,0,1.0,0.82,0.82,1.02,2,1,"-2.55,0.05,0.0",0.5508,0.02,0,"-2.55,0.05,0.0",0.0,0.0,1,"-3.73,0.05,0.0",0.761,0.65,1,"-1.37,0.05,0.0",0.761,0.65,0,0.1836,0.0,12,12,1.225808,44,0,"{""spill"": 44}",-0.253576,0.431443,1,0,MITOSIS_HELPER,OBSERVE,3.8833,6.2891,0.1183,3.6167,"-2.791461,0.935724,-0.101689",0.0,"2.005472,1.346083,0.0"
20260526-193544-sentence-script-a-single-cell-sphere-gra-d3516f,599,2026-05-26T19:36:45.453,59.9055,60.0,2,26.0,26.0,M,1.0,1,0,1.0,0.82,0.82,1.02,2,1,"-2.55,0.05,0.0",0.5508,0.02,0,"-2.55,0.05,0.0",0.0,0.0,1,"-3.73,0.05,0.0",0.761,0.65,1,"-1.37,0.05,0.0",0.761,0.65,0,0.1836,0.0,12,12,1.225808,42,0,"{""spill"": 42}",-0.254752,0.427498,1,0,MITOSIS_HELPER,OBSERVE,3.9833,6.2891,0.0733,3.7167,"-2.451828,0.939836,-0.110339",0.0,"2.005472,1.346083,0.0"
20260526-193544-sentence-script-a-single-cell-sphere-gra-d3516f,600,2026-05-26T19:36:45.555,60.007,60.0,2,26.0,26.0,M,1.0,1,0,1.0,0.82,0.82,1.02,2,1,"-2.55,0.05,0.0",0.5508,0.02,0,"-2.55,0.05,0.0",0.0,0.0,1,"-3.73,0.05,0.0",0.761,0.65,1,"-1.37,0.05,0.0",0.761,0.65,0,0.1836,0.0,12,12,1.225808,41,0,"{""spill"": 41}",-0.274133,0.434942,1,0,MITOSIS_HELPER,OBSERVE,4.0833,6.2891,0.2083,3.8167,"-2.180391,0.935929,-0.117889",0.0,"2.005472,1.346083,0.0"
