wall_timestamp,run_id,sim_time,round_time,round_index,paused,ai_enabled,ai_mode,ai_human_override,ai_reset_countdown,ai_stagnant_timer,cell_count,max_cells,particle_count,link_count,boundary_cell_count,selected_cell_count,colony_center_x,colony_center_y,colony_center_z,colony_radius,colony_height,avg_speed,packing_score,avg_cell_radius,avg_cell_age,avg_cell_nutrient,avg_cell_z,min_cell_z,max_cell_z,avg_generation,division_multiplier,adhesion_multiplier,packing_bonus,wrap_opacity,cursor_x,cursor_y,cursor_z,cursor_target_x,cursor_target_y,cursor_target_z
2026-05-26T20:04:20.452,20260526-200419-sentence-script-starting-from-a-single-c-d95744,0.018,0.018,1,0,1,NURTURE,0,-1.0,0.0,1,135,24,0,0,0,0.0,0.0,0.0,0.5,0.865585,0.018049,0.0,0.41526,0.018,0.823095,0.450325,0.450325,0.450325,0.0,1.75,0.85,-0.02,0.36,1.690648,0.000361,2.178972,0.449978,0.004455,1.9404
2026-05-26T20:04:20.622,20260526-200419-sentence-script-starting-from-a-single-c-d95744,0.216,0.216,1,0,1,NURTURE,0,-1.0,0.0,1,135,28,0,0,0,0.0,0.0,0.0,0.5,0.91878,0.344009,0.0,0.426524,0.216,0.856095,0.492256,0.492256,0.492256,0.0,1.75,0.85,-0.02,0.36,0.938968,0.021227,2.051186,0.446828,0.053334,1.99291
2026-05-26T20:04:20.794,20260526-200419-sentence-script-starting-from-a-single-c-d95744,0.414,0.414,1,0,1,NURTURE,0,-1.0,0.0,1,135,29,0,0,0,0.0,0.0,0.0,0.5,1.015588,0.521835,0.0,0.434135,0.414,0.889095,0.581453,0.581453,0.581453,0.0,1.75,0.85,-0.02,0.36,0.638241,0.058834,2.053037,0.438385,0.101582,2.096182
2026-05-26T20:04:20.926,20260526-200419-sentence-script-starting-from-a-single-c-d95744,0.612,0.612,1,0,1,NURTURE,0,-1.0,0.0,1,135,31,0,0,0,0.0,0.0,0.0,0.5,1.134367,0.607176,0.0,0.439279,0.612,0.922095,0.695088,0.695088,0.695088,0.0,1.75,0.85,-0.02,0.36,0.512421,0.102454,2.126913,0.424747,0.148626,2.225354
2026-05-26T20:04:21.085,20260526-200419-sentence-script-starting-from-a-single-c-d95744,0.81,0.81,1,0,1,NURTURE,0,-1.0,0.0,1,135,35,0,0,0,0.0,0.0,0.0,0.5,1.262604,0.644271,0.0,0.442755,0.81,0.955095,0.819849,0.819849,0.819849,0.0,1.75,0.85,-0.02,0.36,0.452584,0.147511,2.238963,0.406078,0.193909,2.365819
2026-05-26T20:04:21.210,20260526-200419-sentence-script-starting-from-a-single-c-d95744,1.008,1.008,1,0,1,NURTURE,0,-1.0,0.0,1,135,29,0,0,0,0.0,0.0,0.0,0.5,1.394274,0.658207,0.0,0.445104,1.008,0.988095,0.94917,0.94917,0.94917,0.0,1.75,0.85,-0.02,0.36,0.415838,0.191865,2.37,0.382597,0.236895,2.510474
2026-05-26T20:04:21.386,20260526-200419-sentence-script-starting-from-a-single-c-d95744,1.206,1.206,1,0,1,NURTURE,0,-1.0,0.0,2,135,34,0,1,0,0.153769,-0.007255,0.0,0.722585,1.581216,4.431692,1.0,0.363876,0.511649,0.854536,1.158894,1.017632,1.300155,0.5,1.75,0.85,-0.02,0.36,0.397393,0.233794,2.510592,0.502635,0.270089,2.666688
2026-05-26T20:04:21.601,20260526-200419-sentence-script-starting-from-a-single-c-d95744,1.404,1.404,1,0,1,NURTURE,0,-1.0,0.0,2,135,26,0,1,0,0.193232,-0.009116,0.0,1.014726,1.938537,1.365013,0.0,0.390701,0.709649,0.871036,1.314908,1.024917,1.604899,0.5,1.75,0.85,-0.02,0.36,0.470252,0.272969,2.778036,0.536775,0.328614,3.091893
2026-05-26T20:04:21.820,20260526-200419-sentence-script-starting-from-a-single-c-d95744,1.602,1.602,1,0,1,NURTURE,0,-1.0,0.0,2,135,23,0,1,0,0.223286,-0.010534,0.0,1.186819,2.214022,1.085619,0.0,0.408829,0.907649,0.887536,1.47148,1.098105,1.844854,0.5,1.75,0.85,-0.02,0.36,0.53035,0.345324,3.08641,0.583737,0.429598,3.399981
2026-05-26T20:04:22.052,20260526-200419-sentence-script-starting-from-a-single-c-d95744,1.8,1.8,1,0,1,NURTURE,0,-1.0,0.0,2,135,22,0,1,0,0.249716,-0.011781,0.0,1.307532,2.449888,0.904173,0.0,0.421079,1.105649,0.904036,1.625107,1.193504,2.056709,0.5,1.75,0.85,-0.02,0.36,0.567561,0.429459,3.376544,0.593396,0.515849,3.662616
2026-05-26T20:04:22.289,20260526-200419-sentence-script-starting-from-a-single-c-d95744,2.016,2.016,1,0,1,NURTURE,0,-1.0,0.0,2,135,17,0,1,0,0.282388,-0.013323,0.0,1.398185,2.679105,0.7685,0.0,0.429961,1.321649,0.922036,1.778096,1.287675,2.268517,0.5,1.75,0.85,-0.02,0.36,0.580012,0.515774,3.6612,0.581033,0.592321,3.916896
2026-05-26T20:04:22.518,20260526-200419-sentence-script-starting-from-a-single-c-d95744,2.214,2.214,1,0,1,NURTURE,0,-1.0,0.0,2,135,16,0,1,0,0.315001,-0.014861,0.0,1.458165,2.873271,0.704065,0.0,0.43536,1.519649,0.938536,1.909324,1.366546,2.452102,0.5,1.75,0.85,-0.02,0.36,0.571801,0.583644,3.897289,0.556216,0.64804,4.131683
2026-05-26T20:04:22.696,20260526-200419-sentence-script-starting-from-a-single-c-d95744,2.412,2.412,1,0,1,NURTURE,0,-1.0,0.0,2,135,10,0,1,0,0.349075,-0.016469,0.0,1.504755,3.058039,0.669815,0.0,0.439008,1.717649,0.955036,2.035433,1.441146,2.629719,0.5,1.75,0.85,-0.02,0.36,0.549987,0.639496,4.116195,0.522301,0.691486,4.335678
2026-05-26T20:04:22.860,20260526-200419-sentence-script-starting-from-a-single-c-d95744,2.61,2.61,1,0,1,NURTURE,0,-1.0,0.0,2,135,11,0,1,0,0.383921,-0.018113,0.0,1.54298,3.236886,0.650462,0.0,0.441473,1.915649,0.971536,2.158438,1.513141,2.803735,0.5,1.75,0.85,-0.02,0.36,0.518235,0.683523,4.323395,0.481675,0.723524,4.532908
2026-05-26T20:04:23.016,20260526-200419-sentence-script-starting-from-a-single-c-d95744,2.808,2.808,1,0,1,NURTURE,0,-1.0,0.0,2,135,12,0,1,0,0.418925,-0.019764,0.0,1.575706,3.410944,0.635132,0.0,0.443139,2.113649,0.988036,2.279035,1.583543,2.974527,0.5,1.75,0.85,-0.02,0.36,0.479128,0.716148,4.522566,0.435926,0.744553,4.724846
2026-05-26T20:04:23.162,20260526-200419-sentence-script-starting-from-a-single-c-d95744,3.006,3.006,1,0,1,NURTURE,0,-1.0,0.0,2,135,11,0,1,0,0.453643,-0.021402,0.0,1.604608,3.580517,0.622695,0.0,0.444265,2.311649,1.0,2.397433,1.652972,3.141893,0.5,1.75,0.85,-0.02,0.36,0.434496,0.737669,4.715456,0.386338,0.754721,4.911795
2026-05-26T20:04:23.327,20260526-200419-sentence-script-starting-from-a-single-c-d95744,3.204,3.204,1,0,1,NURTURE,0,-1.0,0.0,2,135,15,0,1,0,0.487897,-0.023018,0.0,1.630798,3.746331,0.612968,0.0,0.445026,2.509649,1.0,2.51401,1.721804,3.306216,0.5,1.75,0.85,-0.02,0.36,0.385859,0.748271,4.903125,0.33424,0.754129,5.09453
2026-05-26T20:04:23.496,20260526-200419-sentence-script-starting-from-a-single-c-d95744,3.402,3.402,1,0,1,NURTURE,0,-1.0,0.0,2,135,12,0,1,0,0.521644,-0.02461,0.0,1.655023,3.909198,0.605565,0.0,0.44554,2.707649,1.0,2.629173,1.79027,3.468075,0.5,1.75,0.85,-0.02,0.36,0.334624,0.74809,5.086519,0.280971,0.742886,5.273943
2026-05-26T20:04:23.725,20260526-200419-sentence-script-starting-from-a-single-c-d95744,3.6,3.6,1,0,1,NURTURE,0,-1.0,0.0,2,135,13,0,1,0,0.554901,-0.026179,0.0,1.677783,4.069852,0.600043,0.0,0.445887,2.905649,1.0,2.743279,1.85851,3.628048,0.5,1.75,0.85,-0.02,0.36,0.282155,0.73726,5.266527,0.227856,0.721144,5.450854
2026-05-26T20:04:24.156,20260526-200419-sentence-script-starting-from-a-single-c-d95744,3.816,3.816,1,0,1,NURTURE,0,-1.0,0.0,2,135,14,0,1,0,0.588607,-0.02777,0.0,1.699271,4.229574,0.520756,0.0,0.446139,3.121649,1.0,2.860037,1.932798,3.787277,0.5,1.75,0.85,-0.02,0.36,0.224758,0.713349,5.457026,0.170339,0.685086,5.629539
2026-05-26T20:04:24.431,20260526-200419-sentence-script-starting-from-a-single-c-d95744,4.014,4.014,1,0,1,NURTURE,0,-1.0,0.0,2,135,15,0,1,0,0.61482,-0.029006,0.0,1.71378,4.34605,0.460121,0.0,0.446292,3.319649,1.0,2.952131,2.000808,3.903453,0.5,1.75,0.85,-0.02,0.36,0.171923,0.679889,5.61164,0.117578,0.640243,5.759955
2026-05-26T20:04:24.691,20260526-200419-sentence-script-starting-from-a-single-c-d95744,4.212,4.212,1,0,1,NURTURE,0,-1.0,0.0,2,135,17,0,1,0,0.63828,-0.030113,0.0,1.725193,4.444918,0.423407,0.0,0.446396,3.517649,1.0,3.035443,2.068767,4.002118,0.5,1.75,0.85,-0.02,0.36,0.120067,0.635766,5.743515,0.067604,0.585519,5.870096
2026-05-26T20:04:24.954,20260526-200419-sentence-script-starting-from-a-single-c-d95744,4.41,4.41,1,0,1,NURTURE,0,-1.0,0.0,2,135,15,0,1,0,0.660073,-0.031141,0.0,1.734687,4.533119,0.401161,0.0,0.446466,3.715649,1.0,3.113439,2.136695,4.090182,0.5,1.75,0.85,-0.02,0.36,0.071082,0.581912,5.857336,0.022453,0.522112,5.967958
2026-05-26T20:04:25.171,20260526-200419-sentence-script-starting-from-a-single-c-d95744,4.608,4.608,1,0,1,NURTURE,0,-1.0,0.0,2,135,17,0,1,0,0.680856,-0.032122,0.0,1.74298,4.614856,0.38767,0.0,0.446513,3.913649,1.0,3.188215,2.204603,4.171826,0.5,1.75,0.85,-0.02,0.36,0.026728,0.519364,5.958529,-0.016391,0.451085,6.058378
2026-05-26T20:04:25.392,20260526-200419-sentence-script-starting-from-a-single-c-d95744,4.806,4.806,1,0,1,NURTURE,0,-1.0,0.0,2,135,16,0,1,0,0.701026,-0.033073,0.0,1.750514,4.692672,0.37948,0.0,0.446545,4.111649,1.0,3.26104,2.272499,4.24958,0.5,1.75,0.85,-0.02,0.36,-0.011546,0.449156,6.051402,-0.047806,0.373454,6.144286
2026-05-26T20:04:25.625,20260526-200419-sentence-script-starting-from-a-single-c-d95744,5.004,5.004,1,0,1,NURTURE,0,-1.0,0.0,2,135,13,0,1,0,0.720824,-0.034007,0.0,1.757556,4.76811,0.3745,0.0,0.446566,4.309649,1.0,3.332681,2.340388,4.324975,0.5,1.75,0.85,-0.02,0.36,-0.042583,0.372305,6.138966,-0.070913,0.290228,6.227454
2026-05-26T20:04:25.859,20260526-200419-sentence-script-starting-from-a-single-c-d95744,5.202,5.202,1,0,1,NURTURE,0,-1.0,0.0,2,135,12,0,1,0,0.740395,-0.034931,0.0,1.764274,4.842102,0.371466,0.0,0.446581,4.507649,1.0,3.403605,2.408271,4.398938,0.5,1.75,0.85,-0.02,0.36,-0.065469,0.289831,6.223207,-0.085024,0.202436,6.30896
2026-05-26T20:04:26.091,20260526-200419-sentence-script-starting-from-a-single-c-d95744,5.4,5.4,1,0,1,NURTURE,0,-1.0,0.0,2,135,11,0,1,0,0.759829,-0.035848,0.0,1.770767,4.915215,0.369612,0.0,0.446591,4.705649,1.0,3.474092,2.476152,4.472033,0.5,1.75,0.85,-0.02,0.36,-0.079486,0.202769,6.305389,-0.089608,0.111135,6.389454
2026-05-26T20:04:26.416,20260526-200419-sentence-script-starting-from-a-single-c-d95744,5.616,5.616,1,0,1,NURTURE,0,-1.0,0.0,2,135,11,0,1,0,0.780934,-0.036843,0.0,1.777666,4.994374,0.368396,0.0,0.446598,4.921649,1.0,3.550689,2.550201,4.551178,0.5,1.75,0.85,-0.02,0.36,-0.084018,0.103808,6.393616,-0.083288,0.008814,6.476574
2026-05-26T20:04:26.710,20260526-200419-sentence-script-starting-from-a-single-c-d95744,5.814,5.814,1,0,1,NURTURE,0,-1.0,0.0,2,135,13,0,1,0,0.800228,-0.037754,0.0,1.783863,5.066605,0.367725,0.0,0.446602,5.119649,1.0,3.620739,2.618078,4.6234,0.5,1.75,0.85,-0.02,0.36,-0.077882,0.010615,6.473702,-0.066847,-0.086273,6.556053
2026-05-26T20:04:26.951,20260526-200419-sentence-script-starting-from-a-single-c-d95744,6.012,6.012,1,0,1,NURTURE,0,-1.0,0.0,3,135,24,0,1,0,0.254662,-0.045345,0.0,2.346892,5.138646,1.175491,0.666667,0.39912,1.886148,0.835586,3.408959,2.568896,4.695436,0.666667,1.75,0.85,-0.02,0.36,-0.387117,-0.100727,6.553333,-0.867951,-0.23181,6.635313
2026-05-26T20:04:27.197,20260526-200419-sentence-script-starting-from-a-single-c-d95744,6.21,6.21,1,0,1,NURTURE,0,-1.0,0.0,3,135,24,0,1,0,0.247528,-0.051225,0.0,2.376679,5.210572,0.725982,0.0,0.413902,2.084148,0.835586,3.488375,2.561086,4.767357,0.666667,1.75,0.85,-0.02,0.36,-0.677309,-0.229436,6.632687,-0.862935,-0.362886,6.71444
2026-05-26T20:04:27.434,20260526-200419-sentence-script-starting-from-a-single-c-d95744,6.408,6.408,1,0,1,NURTURE,0,-1.0,0.0,3,135,23,0,1,0,0.24575,-0.05548,0.0,2.399622,5.282426,0.518942,0.0,0.423891,2.282148,0.835586,3.564975,2.582778,4.839209,0.666667,1.75,0.85,-0.02,0.36,-0.780263,-0.358345,6.71187,-0.835266,-0.49043,6.793485
2026-05-26T20:04:27.652,20260526-200419-sentence-script-starting-from-a-single-c-d95744,6.606,6.606,1,0,1,NURTURE,0,-1.0,0.0,3,135,18,0,1,0,0.248451,-0.058457,0.0,2.417099,5.354237,0.421081,0.0,0.430641,2.480148,0.835586,3.639392,2.620552,4.911018,0.666667,1.75,0.85,-0.02,0.36,-0.796285,-0.484462,6.790951,-0.78689,-0.612526,6.872481
2026-05-26T20:04:27.846,20260526-200419-sentence-script-starting-from-a-single-c-d95744,6.804,6.804,1,0,1,NURTURE,0,-1.0,0.0,4,135,27,0,3,0,0.821828,-0.071101,0.0,2.799143,5.486251,2.182284,0.5,0.387858,0.676246,0.848174,4.076846,2.667197,5.240427,1.0,1.75,0.85,-0.02,0.36,-0.732386,-0.614528,6.870885,-0.301085,-0.838136,6.96278
2026-05-26T20:04:28.005,20260526-200419-sentence-script-starting-from-a-single-c-d95744,7.002,7.002,1,0,1,NURTURE,0,-1.0,0.0,4,135,22,0,3,0,0.843845,-0.072398,0.0,2.850673,5.799728,0.679583,0.0,0.406751,0.874246,0.848174,4.157472,2.718735,5.487583,1.0,1.75,0.85,-0.02,0.36,-0.436721,-0.801247,7.085713,-0.207425,-0.973523,7.344996
2026-05-26T20:04:28.191,20260526-200419-sentence-script-starting-from-a-single-c-d95744,7.2,7.2,1,0,1,NURTURE,0,-1.0,0.0,4,135,21,0,2,0,0.859719,-0.073617,0.0,2.890923,6.010206,0.511613,0.0,0.419518,1.072246,0.848174,4.23446,2.772973,5.653243,1.0,1.75,0.85,-0.02,0.36,-0.258396,-0.952872,7.335272,-0.10053,-1.098093,7.58278
2026-05-26T20:04:28.377,20260526-200419-sentence-script-starting-from-a-single-c-d95744,7.416,7.416,1,0,1,NURTURE,0,-1.0,0.0,4,135,22,0,2,0,0.870145,-0.074757,0.0,2.924045,6.184857,0.431921,0.0,0.428774,1.288246,0.848174,4.316275,2.833815,5.795398,1.0,1.75,0.85,-0.02,0.36,-0.106993,-1.09429,7.573521,0.028846,-1.218982,7.77907
2026-05-26T20:04:28.559,20260526-200419-sentence-script-starting-from-a-single-c-d95744,7.614,7.614,1,0,1,NURTURE,0,-1.0,0.0,4,135,19,0,2,0,0.875608,-0.075669,0.0,2.947848,6.313934,0.39892,0.0,0.434401,1.486246,0.848174,4.389965,2.890417,5.904724,1.0,1.75,0.85,-0.02,0.36,0.023302,-1.206423,7.753376,0.158024,-1.314693,7.923393
2026-05-26T20:04:28.767,20260526-200419-sentence-script-starting-from-a-single-c-d95744,7.812,7.812,1,0,1,NURTURE,0,-1.0,0.0,4,135,17,0,2,0,0.878792,-0.076493,0.0,2.967681,6.424722,0.382451,0.0,0.438203,1.684246,0.848174,4.462734,2.947449,6.002165,1.0,1.75,0.85,-0.02,0.36,0.156411,-1.302897,7.903383,0.29634,-1.395081,8.046726
2026-05-26T20:04:28.993,20260526-200419-sentence-script-starting-from-a-single-c-d95744,8.01,8.01,1,0,1,COMPACT,0,-1.0,0.0,4,135,32,0,2,0,0.880623,-0.077254,0.0,2.984435,6.523634,0.355179,0.0,0.440772,1.882246,0.848174,4.534532,3.00465,6.092057,1.0,0.92,1.55,0.07,0.5,0.323818,-1.294836,7.851816,0.789874,-0.363174,5.932274
2026-05-26T20:04:29.216,20260526-200419-sentence-script-starting-from-a-single-c-d95744,8.208,8.208,1,0,1,NURTURE,0,-1.0,0.0,4,135,50,0,2,0,0.881579,-0.077943,0.0,2.995757,6.612005,0.356157,0.0,0.442508,2.080246,0.848174,4.603554,3.061505,6.174334,1.0,1.75,0.85,-0.02,0.36,0.452817,-1.412267,8.073412,0.595237,-1.504873,8.254599
2026-05-26T20:04:29.451,20260526-200419-sentence-script-starting-from-a-single-c-d95744,8.406,8.406,1,0,1,NURTURE,0,-1.0,0.0,4,135,49,0,2,0,0.882023,-0.078613,0.0,3.007574,6.695537,0.355137,0.0,0.443681,2.278246,0.848174,4.672831,3.118677,6.253747,1.0,1.75,0.85,-0.02,0.36,0.597766,-1.480012,8.217994,0.751998,-1.533912,8.346937
2026-05-26T20:04:29.673,20260526-200419-sentence-script-starting-from-a-single-c-d95744,8.604,8.604,1,0,1,NURTURE,0,-1.0,0.0,4,135,47,0,2,0,0.882133,-0.079272,0.0,3.019575,6.775017,0.353384,0.0,0.444474,2.476246,0.848174,4.741974,3.176022,6.330443,1.0,1.75,0.85,-0.02,0.36,0.750857,-1.517952,8.329209,0.911194,-1.545907,8.434729
2026-05-26T20:04:29.883,20260526-200419-sentence-script-starting-from-a-single-c-d95744,8.802,8.802,1,0,1,NURTURE,0,-1.0,0.0,4,135,12,0,2,0,0.882024,-0.079921,0.0,3.031595,6.851307,0.35154,0.0,0.44501,2.674246,0.848174,4.810848,3.233464,6.404852,1.0,1.75,0.85,-0.02,0.36,0.907989,-1.533664,8.424857,1.071087,-1.540504,8.51893
2026-05-26T20:04:30.071,20260526-200419-sentence-script-starting-from-a-single-c-d95744,9.0,9.0,1,0,1,NURTURE,0,-1.0,0.0,4,135,8,0,2,0,0.881773,-0.080562,0.0,3.043547,6.92518,0.349887,0.0,0.445372,2.872246,0.848174,4.879437,3.290959,6.477454,1.0,1.75,0.85,-0.02,0.36,1.066453,-1.530019,8.512515,1.229844,-1.517597,8.600401
2026-05-26T20:04:30.289,20260526-200419-sentence-script-starting-from-a-single-c-d95744,9.216,9.216,1,0,1,NURTURE,0,-1.0,0.0,4,135,10,0,2,0,0.881395,-0.081255,0.0,3.056462,7.003748,0.348405,0.0,0.445635,3.088246,0.848174,4.953972,3.353713,6.555101,1.0,1.75,0.85,-0.02,0.36,1.238267,-1.505309,8.603039,1.399537,-1.472798,8.686992
2026-05-26T20:04:30.463,20260526-200419-sentence-script-starting-from-a-single-c-d95744,9.414,9.414,1,0,1,NURTURE,0,-1.0,0.0,5,135,20,0,1,0,0.682515,-0.01052,0.0,3.192091,7.074437,0.749023,0.4,0.421025,1.997424,0.752049,4.743793,3.227291,6.62523,1.0,1.75,0.85,-0.02,0.36,1.30877,-1.456148,8.683164,1.378807,-1.396499,8.764858
2026-05-26T20:04:30.638,20260526-200419-sentence-script-starting-from-a-single-c-d95744,9.612,9.612,1,0,1,NURTURE,0,-1.0,0.0,5,135,19,0,1,0,0.679731,-0.008047,0.0,3.207028,7.144223,0.52484,0.0,0.429593,2.195424,0.752049,4.815589,3.194822,6.694637,1.0,1.75,0.85,-0.02,0.36,1.406664,-1.390807,8.761521,1.52607,-1.316411,8.841699
2026-05-26T20:04:30.825,20260526-200419-sentence-script-starting-from-a-single-c-d95744,9.81,9.81,1,0,1,NURTURE,0,-1.0,0.0,5,135,20,0,1,0,0.681416,-0.006789,0.0,3.216629,7.213368,0.41329,0.0,0.435383,2.393424,0.752049,4.88551,3.202718,6.763526,1.0,1.75,0.85,-0.02,0.36,1.532511,-1.309982,8.838676,1.667673,-1.2191,8.917813
2026-05-26T20:04:31.007,20260526-200419-sentence-script-starting-from-a-single-c-d95744,10.008,10.008,1,0,1,NURTURE,0,-1.0,0.0,5,135,20,0,1,0,0.685642,-0.006198,0.0,3.223113,7.282061,0.367317,0.0,0.439295,2.591424,0.752049,4.954379,3.23288,6.832046,1.0,1.75,0.85,-0.02,0.36,1.664528,-1.213296,8.914999,1.799949,-1.10635,8.993414
2026-05-26T20:04:31.170,20260526-200419-sentence-script-starting-from-a-single-c-d95744,10.206,10.206,1,0,1,NURTURE,0,-1.0,0.0,5,135,18,0,1,0,0.691315,-0.005973,0.0,3.227771,7.350438,0.352564,0.0,0.44194,2.789424,0.752049,5.022655,3.275327,6.900307,1.0,1.75,0.85,-0.02,0.36,1.792327,-1.101649,8.990744,1.920307,-0.979869,9.068656
2026-05-26T20:04:31.347,20260526-200419-sentence-script-starting-from-a-single-c-d95744,10.404,10.404,1,0,1,NURTURE,0,-1.0,0.0,5,135,15,0,1,0,0.697779,-0.005926,0.0,3.231385,7.418596,0.353926,0.0,0.443726,2.987424,0.752049,5.091244,3.324549,6.968385,1.0,1.75,0.85,-0.02,0.36,1.910491,-0.976424,9.066086,2.026797,-0.841362,9.143647
2026-05-26T20:04:31.487,20260526-200419-sentence-script-starting-from-a-single-c-d95744,10.602,10.602,1,0,1,NURTURE,0,-1.0,0.0,5,135,11,0,1,0,0.70472,-0.005986,0.0,3.23435,7.4866,0.354407,0.0,0.444934,3.185424,0.752049,5.160258,3.377509,7.036336,1.0,1.75,0.85,-0.02,0.36,2.015884,-0.839219,9.141148,2.117944,-0.692594,9.218465
2026-05-26T20:04:31.633,20260526-200419-sentence-script-starting-from-a-single-c-d95744,10.8,10.8,1,0,1,NURTURE,0,-1.0,0.0,5,135,14,0,1,0,0.71196,-0.006118,0.0,3.236898,7.554499,0.353743,0.0,0.44575,3.383424,0.752049,5.229205,3.432532,7.104199,1.0,1.75,0.85,-0.02,0.36,2.106504,-0.691765,9.216015,2.192592,-0.535409,9.293163
2026-05-26T20:04:31.851,20260526-200419-sentence-script-starting-from-a-single-c-d95744,11.016,11.016,1,0,1,NURTURE,0,-1.0,0.0,5,135,13,0,1,0,0.72006,-0.006314,0.0,3.239383,7.628489,0.352456,0.0,0.446341,3.599424,0.752049,5.304127,3.493834,7.178163,1.0,1.75,0.85,-0.02,0.36,2.186885,-0.52136,9.297536,2.254158,-0.356577,9.374558
2026-05-26T20:04:31.979,20260526-200419-sentence-script-starting-from-a-single-c-d95744,11.214,11.214,1,0,1,NURTURE,0,-1.0,0.0,5,135,13,0,1,0,0.727508,-0.006492,0.0,3.241575,7.696262,0.346486,0.0,0.446701,3.797424,0.752049,5.372006,3.550662,7.24592,1.0,1.75,0.85,-0.02,0.36,2.242556,-0.358444,9.372168,2.291649,-0.187998,9.449112
2026-05-26T20:04:32.134,20260526-200419-sentence-script-starting-from-a-single-c-d95744,11.412,11.412,1,0,1,NURTURE,0,-1.0,0.0,5,135,13,0,1,0,0.734878,-0.006634,0.0,3.243802,7.764001,0.342494,0.0,0.446944,3.995424,0.752049,5.438874,3.607819,7.313648,1.0,1.75,0.85,-0.02,0.36,2.280256,-0.191098,9.446738,2.310565,-0.017003,9.523628
2026-05-26T20:04:32.264,20260526-200419-sentence-script-starting-from-a-single-c-d95744,11.61,11.61,1,0,1,NURTURE,0,-1.0,0.0,5,135,13,0,1,0,0.742198,-0.006755,0.0,3.246043,7.831718,0.340041,0.0,0.447108,4.193424,0.752049,5.505133,3.665156,7.381358,1.0,1.75,0.85,-0.02,0.36,2.299555,-0.021304,9.521265,2.310763,0.154373,9.598119
2026-05-26T20:04:32.390,20260526-200419-sentence-script-starting-from-a-single-c-d95744,11.808,11.808,1,0,1,NURTURE,0,-1.0,0.0,6,135,24,0,1,0,0.318223,-0.05061,0.0,3.677593,7.899419,0.65408,0.333333,0.427422,2.872367,0.700692,5.566979,3.722593,7.449054,1.166667,1.75,0.85,-0.02,0.36,2.180923,0.145192,9.595763,2.065459,0.324069,9.672591
2026-05-26T20:04:32.576,20260526-200419-sentence-script-starting-from-a-single-c-d95744,12.006,12.006,1,0,1,NURTURE,0,-1.0,0.0,6,135,23,0,1,0,0.318132,-0.051861,0.0,3.685063,7.96711,0.454669,0.333333,0.434648,3.070367,0.700692,5.637006,3.780085,7.516742,1.166667,1.75,0.85,-0.02,0.36,2.094118,0.324207,9.670241,2.017779,0.51171,9.747052
2026-05-26T20:04:32.795,20260526-200419-sentence-script-starting-from-a-single-c-d95744,12.204,12.204,1,0,1,NURTURE,0,-1.0,0.0,6,135,24,0,1,0,0.319422,-0.052669,0.0,3.690254,8.034793,0.383803,0.333333,0.439532,3.268367,0.700692,5.705751,3.837608,7.584423,1.166667,1.75,0.85,-0.02,0.36,2.023371,0.506281,9.744705,1.950007,0.693345,9.821504
2026-05-26T20:04:33.030,20260526-200419-sentence-script-starting-from-a-single-c-d95744,12.402,12.402,1,0,1,NURTURE,0,-1.0,0.0,6,135,20,0,1,0,0.322114,-0.05312,0.0,3.693482,8.102472,0.355499,0.333333,0.442832,3.466367,0.700692,5.773519,3.895147,7.6521,1.166667,1.75,0.85,-0.02,0.36,1.947242,0.685031,9.81916,1.863259,0.866532,9.895951
2026-05-26T20:04:33.245,20260526-200419-sentence-script-starting-from-a-single-c-d95744,12.6,12.6,1,0,1,NURTURE,0,-1.0,0.0,9,135,45,0,4,0,0.762579,-0.013913,0.0,3.802575,8.209066,1.079119,0.888889,0.393725,1.023216,0.659914,6.093121,3.952696,7.90611,1.555556,1.75,0.85,-0.02,0.36,2.113129,0.876078,9.887569,2.2268,1.092826,10.001386
2026-05-26T20:04:33.487,20260526-200419-sentence-script-starting-from-a-single-c-d95744,12.816,12.816,1,0,1,NURTURE,0,-1.0,0.0,9,135,43,0,3,0,0.772723,-0.01708,0.0,4.028157,8.385793,0.667728,0.444444,0.412866,1.239216,0.659914,6.172877,4.015481,8.034965,1.555556,1.75,0.85,-0.02,0.36,2.17046,1.112223,10.041476,2.178213,1.334934,10.199884
2026-05-26T20:04:33.707,20260526-200419-sentence-script-starting-from-a-single-c-d95744,13.014,13.014,1,0,1,NURTURE,0,-1.0,0.0,9,135,43,0,3,0,0.78291,-0.019504,0.0,4.148928,8.517051,0.533875,0.666667,0.424499,1.437216,0.659914,6.244977,4.073038,8.137127,1.555556,1.75,0.85,-0.02,0.36,2.137597,1.319731,10.193708,2.072513,1.524553,10.346607
2026-05-26T20:04:33.958,20260526-200419-sentence-script-starting-from-a-single-c-d95744,13.212,13.212,1,0,1,NURTURE,0,-1.0,0.0,9,135,37,0,3,0,0.793776,-0.021724,0.0,4.219073,8.629836,0.417358,0.666667,0.432361,1.635216,0.659914,6.315922,4.130596,8.230251,1.555556,1.75,0.85,-0.02,0.36,2.045394,1.504798,10.334208,1.927843,1.683311,10.472166
2026-05-26T20:04:34.171,20260526-200419-sentence-script-starting-from-a-single-c-d95744,13.41,13.41,1,0,1,NURTURE,0,-1.0,0.0,10,135,32,0,3,0,0.785844,-0.004249,0.0,4.27958,8.7308,0.568667,1.0,0.42206,1.256856,0.643926,6.193626,3.998675,8.317928,1.5,1.75,0.85,-0.02,0.36,1.904848,1.674343,10.460296,1.74202,1.840532,10.584184
2026-05-26T20:04:34.388,20260526-200419-sentence-script-starting-from-a-single-c-d95744,13.608,13.608,1,0,1,NURTURE,0,-1.0,0.0,10,135,26,0,3,0,0.795385,-0.002356,0.0,4.301111,8.824174,0.436495,0.8,0.430249,1.454856,0.643926,6.264951,3.963623,8.402323,1.5,1.75,0.85,-0.02,0.36,1.734623,1.816047,10.574424,1.549352,1.946126,10.687512
2026-05-26T20:04:34.607,20260526-200419-sentence-script-starting-from-a-single-c-d95744,13.806,13.806,1,0,1,NURTURE,0,-1.0,0.0,10,135,26,0,3,0,0.805373,-0.001743,0.0,4.309904,8.912659,0.379635,0.8,0.435782,1.652856,0.643926,6.335042,3.971088,8.48474,1.5,1.75,0.85,-0.02,0.36,1.545881,1.924608,10.679798,1.344258,2.021888,10.785243
2026-05-26T20:04:34.835,20260526-200419-sentence-script-starting-from-a-single-c-d95744,14.004,14.004,1,0,1,NURTURE,0,-1.0,0.0,10,135,21,0,3,0,0.815754,-0.001815,0.0,4.31068,8.997978,0.359752,0.8,0.439522,1.850856,0.643926,6.40416,4.001013,8.565959,1.5,1.75,0.85,-0.02,0.36,1.344194,2.002573,10.779114,1.131573,2.069198,10.879356
2026-05-26T20:04:35.040,20260526-200419-sentence-script-starting-from-a-single-c-d95744,14.202,14.202,1,0,1,NURTURE,0,-1.0,0.0,10,135,17,0,3,0,0.826347,-0.002264,0.0,4.306529,9.080905,0.351985,0.8,0.442049,2.048856,0.643926,6.472476,4.043328,8.646114,1.5,1.75,0.85,-0.02,0.36,1.134269,2.051638,10.874267,0.915116,2.08909,10.970807
2026-05-26T20:04:35.263,20260526-200419-sentence-script-starting-from-a-single-c-d95744,14.4,14.4,1,0,1,NURTURE,0,-1.0,0.0,10,135,13,0,3,0,0.837002,-0.002897,0.0,4.299424,9.161632,0.347967,0.8,0.443757,2.246856,0.643926,6.540088,4.092478,8.724969,1.5,1.75,0.85,-0.02,0.36,0.920057,2.07305,10.966247,0.698163,2.082489,11.059813
2026-05-26T20:04:35.501,20260526-200419-sentence-script-starting-from-a-single-c-d95744,14.616,14.616,1,0,1,NURTURE,0,-1.0,0.0,10,135,15,0,3,0,0.848645,-0.003697,0.0,4.289671,9.247593,0.344931,0.8,0.444995,2.462856,0.643926,6.613202,4.150331,8.809572,1.5,1.75,0.85,-0.02,0.36,0.685521,2.066067,11.063639,0.464481,2.046063,11.154552
2026-05-26T20:04:35.745,20260526-200419-sentence-script-starting-from-a-single-c-d95744,14.814,14.814,1,0,1,NURTURE,0,-1.0,0.0,10,135,12,0,3,0,0.859317,-0.004481,0.0,4.279658,9.324871,0.342961,0.8,0.445748,2.660856,0.643926,6.679762,4.205466,8.886025,1.5,1.75,0.85,-0.02,0.36,0.473094,2.032853,11.150718,0.256053,1.986868,11.239686
2026-05-26T20:04:35.946,20260526-200419-sentence-script-starting-from-a-single-c-d95744,15.012,15.012,1,0,1,NURTURE,0,-1.0,0.0,11,135,24,0,3,0,0.69783,-0.013062,0.0,4.437957,9.401051,0.709331,1.272727,0.429812,2.262151,0.656538,6.713706,4.261688,8.961648,1.545455,1.75,0.85,-0.02,0.36,0.208228,1.994528,11.236137,-0.14794,1.971821,11.32358
2026-05-26T20:04:36.163,20260526-200419-sentence-script-starting-from-a-single-c-d95744,15.21,15.21,1,0,1,NURTURE,0,-1.0,0.0,12,135,34,0,3,0,0.43981,-0.050889,0.0,4.686933,9.476415,0.525171,1.5,0.424954,2.075454,0.664731,6.824827,4.31851,9.036635,1.666667,1.75,0.85,-0.02,0.36,-0.242109,1.977986,11.320273,-0.675998,1.93607,11.406551
2026-05-26T20:04:36.400,20260526-200419-sentence-script-starting-from-a-single-c-d95744,15.408,15.408,1,0,1,NURTURE,0,-1.0,0.0,12,135,32,0,3,0,0.446469,-0.053434,0.0,4.677173,9.551184,0.388578,1.333333,0.432628,2.273454,0.664731,6.893914,4.375663,9.111148,1.666667,1.75,0.85,-0.02,0.36,-0.580559,1.901191,11.403441,-0.875943,1.796596,11.488847
2026-05-26T20:04:36.631,20260526-200419-sentence-script-starting-from-a-single-c-d95744,15.606,15.606,1,0,1,NURTURE,0,-1.0,0.0,13,135,44,0,3,0,0.287533,-0.004029,0.0,4.83746,9.625523,0.613426,1.538462,0.424754,2.09361,0.640619,6.945403,4.432999,9.185316,1.769231,1.75,0.85,-0.02,0.36,-0.891544,1.811111,11.48589,-1.279373,1.749272,11.570657
2026-05-26T20:04:36.866,20260526-200419-sentence-script-starting-from-a-single-c-d95744,15.804,15.804,1,0,1,NURTURE,0,-1.0,0.0,13,135,36,0,3,0,0.289686,-0.005014,0.0,4.830277,9.699556,0.42174,1.538462,0.432461,2.29161,0.640619,7.013232,4.490435,9.259233,1.769231,1.75,0.85,-0.02,0.36,-1.193742,1.705441,11.567817,-1.456127,1.56528,11.65212
2026-05-26T20:04:37.093,20260526-200419-sentence-script-starting-from-a-single-c-d95744,16.002,16.002,1,0,1,NURTURE,0,-1.0,0.0,13,135,33,0,3,0,0.29429,-0.004859,0.0,4.820082,9.773373,0.367365,1.538462,0.43767,2.48961,0.640619,7.080442,4.547926,9.332971,1.769231,1.75,0.85,-0.02,0.36,-1.410979,1.545559,11.649366,-1.608251,1.363513,11.733337
2026-05-26T20:04:37.323,20260526-200419-sentence-script-starting-from-a-single-c-d95744,16.2,16.2,1,0,1,NURTURE,0,-1.0,0.0,14,135,30,0,3,0,0.519452,-0.02748,0.0,4.588339,9.847039,0.483844,1.428571,0.432423,2.331722,0.658563,7.226025,4.605448,9.406584,1.857143,1.75,0.85,-0.02,0.36,-1.404993,1.309675,11.730647,-1.423449,1.070752,11.814382
2026-05-26T20:04:37.546,20260526-200419-sentence-script-starting-from-a-single-c-d95744,16.416,16.416,1,0,1,NURTURE,0,-1.0,0.0,15,135,41,0,5,0,0.49422,0.018723,0.0,4.614423,9.927281,0.593382,1.733333,0.427635,2.147554,0.66235,7.218489,4.668219,9.486788,1.866667,1.75,0.85,-0.02,0.36,-1.474975,1.080523,11.819102,-1.575874,0.883558,11.902658
2026-05-26T20:04:37.803,20260526-200419-sentence-script-starting-from-a-single-c-d95744,16.614,16.614,1,0,1,NURTURE,0,-1.0,0.0,15,135,39,0,5,0,0.500836,0.020817,0.0,4.60339,10.000762,0.457006,1.6,0.433768,2.345554,0.66235,7.286366,4.725768,9.560244,1.866667,1.75,0.85,-0.02,0.36,-1.563563,0.875673,11.900049,-1.645915,0.654334,11.983492
2026-05-26T20:04:38.035,20260526-200419-sentence-script-starting-from-a-single-c-d95744,16.812,16.812,1,0,1,NURTURE,0,-1.0,0.0,16,135,41,0,6,0,0.696021,0.02683,0.0,4.403612,10.069267,0.821675,1.875,0.42836,2.145359,0.672889,7.447247,4.783322,9.628734,1.9375,1.75,0.85,-0.02,0.36,-1.569737,0.65029,11.980608,-1.413355,0.406482,12.061469
2026-05-26T20:04:38.278,20260526-200419-sentence-script-starting-from-a-single-c-d95744,17.01,17.01,1,0,1,NURTURE,0,-1.0,0.0,18,135,60,0,6,0,0.96195,0.037672,0.0,4.526222,10.32902,0.721892,1.777778,0.420322,1.745732,0.660071,7.557694,4.851768,10.02138,2.055556,1.75,0.85,-0.02,0.36,-1.379883,0.426777,12.106811,-1.221035,0.189062,12.324398
2026-05-26T20:04:38.514,20260526-200419-sentence-script-starting-from-a-single-c-d95744,17.208,17.208,1,0,1,NURTURE,0,-1.0,0.0,18,135,53,0,6,0,0.973315,0.037519,0.0,4.717963,10.546099,0.477448,1.555556,0.428943,1.943732,0.660071,7.627822,4.926448,10.187358,2.055556,1.75,0.85,-0.02,0.36,-1.322917,0.193006,12.336658,-1.312592,-0.053077,12.572282
2026-05-26T20:04:38.742,20260526-200419-sentence-script-starting-from-a-single-c-d95744,17.406,17.406,1,0,1,NURTURE,0,-1.0,0.0,18,135,47,0,4,0,0.983357,0.037319,0.0,4.823345,10.707856,0.442242,1.777778,0.43477,2.141732,0.660071,7.698638,4.960883,10.314583,2.055556,1.75,0.85,-0.02,0.36,-1.326767,-0.051772,12.549592,-1.332328,-0.308993,12.754071
2026-05-26T20:04:38.913,20260526-200419-sentence-script-starting-from-a-single-c-d95744,17.604,17.604,1,0,1,NURTURE,0,-1.0,0.0,20,135,57,0,4,0,0.95916,-0.005202,0.0,4.909372,10.83942,0.991218,1.8,0.421022,1.629895,0.655863,7.670239,4.995054,10.422809,2.0,1.75,0.85,-0.02,0.36,-1.327218,-0.305499,12.729905,-1.344106,-0.573554,12.901215
2026-05-26T20:04:39.095,20260526-200419-sentence-script-starting-from-a-single-c-d95744,17.802,17.802,1,0,1,NURTURE,0,-1.0,0.0,20,135,43,0,4,0,0.964819,-0.009896,0.0,4.943011,10.951967,0.537007,1.7,0.430167,1.827895,0.655863,7.742677,4.908202,10.519587,2.0,1.75,0.85,-0.02,0.36,-1.314929,-0.58834,12.881479,-1.277654,-0.869695,13.026547
2026-05-26T20:04:39.247,20260526-200419-sentence-script-starting-from-a-single-c-d95744,18.0,18.0,1,0,1,NURTURE,0,-1.0,0.0,20,135,37,0,4,0,0.970572,-0.012117,0.0,4.958861,11.051722,0.42625,1.7,0.436347,2.025895,0.655863,7.814323,4.912868,10.608684,2.0,1.75,0.85,-0.02,0.36,-1.254443,-0.851251,13.011536,-1.172543,-1.114423,13.137423
2026-05-26T20:04:39.436,20260526-200419-sentence-script-starting-from-a-single-c-d95744,18.216,18.216,1,0,1,NURTURE,0,-1.0,0.0,21,135,43,0,4,0,0.875641,-0.032913,0.0,5.060834,11.148858,0.5381,1.52381,0.434138,2.02016,0.655823,7.8857,4.968904,10.698093,2.047619,1.75,0.85,-0.02,0.36,-1.218931,-1.142685,13.135228,-1.16285,-1.40944,13.245277
2026-05-26T20:04:39.614,20260526-200419-sentence-script-starting-from-a-single-c-d95744,18.414,18.414,1,0,1,NURTURE,0,-1.0,0.0,21,135,37,0,4,0,0.879997,-0.03341,0.0,5.059526,11.229563,0.401869,1.52381,0.439303,2.21816,0.655823,7.95714,5.036892,10.774103,2.047619,1.75,0.85,-0.02,0.36,-1.123787,-1.385297,13.235814,-0.99664,-1.623037,13.334749
2026-05-26T20:04:39.817,20260526-200419-sentence-script-starting-from-a-single-c-d95744,18.612,18.612,1,0,1,NURTURE,0,-1.0,0.0,21,135,34,0,4,0,0.88553,-0.034091,0.0,5.052892,11.304337,0.436164,1.809524,0.442793,2.41616,0.655823,8.028442,5.08908,10.845702,2.047619,1.75,0.85,-0.02,0.36,-0.976012,-1.602745,13.327059,-0.805235,-1.816027,13.417514
2026-05-26T20:04:40.051,20260526-200419-sentence-script-starting-from-a-single-c-d95744,18.81,18.81,1,0,1,NURTURE,0,-1.0,0.0,21,135,28,0,4,0,0.891837,-0.034544,0.0,5.043026,11.374769,0.416246,1.904762,0.445152,2.61416,0.655823,8.099665,5.143158,10.913989,2.047619,1.75,0.85,-0.02,0.36,-0.793588,-1.796789,13.411251,-0.592417,-1.985897,13.495362
2026-05-26T20:04:40.287,20260526-200419-sentence-script-starting-from-a-single-c-d95744,19.008,19.008,1,0,1,NURTURE,0,-1.0,0.0,22,135,34,0,5,0,0.72631,-0.057656,0.0,5.198521,11.442078,0.502606,1.909091,0.440079,2.548089,0.647376,8.222712,5.200612,10.979849,2.136364,1.75,0.85,-0.02,0.36,-0.647502,-1.99336,13.490217,-0.575836,-2.223557,13.569668
2026-05-26T20:04:40.524,20260526-200419-sentence-script-starting-from-a-single-c-d95744,19.206,19.206,1,0,1,NURTURE,0,-1.0,0.0,22,135,28,0,5,0,0.730989,-0.057292,0.0,5.18745,11.507167,0.45788,1.909091,0.443616,2.746089,0.647376,8.294812,5.260267,11.043958,2.136364,1.75,0.85,-0.02,0.36,-0.510793,-2.180323,13.565375,-0.32583,-2.346967,13.641455
2026-05-26T20:04:40.759,20260526-200419-sentence-script-starting-from-a-single-c-d95744,19.404,19.404,1,0,1,NURTURE,0,-1.0,0.0,23,135,34,0,5,0,0.654053,-0.044157,0.0,5.258046,11.570691,0.532281,2.173913,0.439019,2.675143,0.653128,8.370027,5.32085,11.106821,2.173913,1.75,0.85,-0.02,0.36,-0.333655,-2.327083,13.637796,-0.158426,-2.467683,13.711464
2026-05-26T20:04:40.986,20260526-200419-sentence-script-starting-from-a-single-c-d95744,19.602,19.602,1,0,1,NURTURE,0,-1.0,0.0,24,135,43,0,6,0,0.611849,-0.022444,0.0,5.294667,11.633121,0.699431,2.25,0.437212,2.59666,0.653206,8.410687,5.375511,11.168804,2.166667,1.75,0.85,-0.02,0.36,-0.142725,-2.439714,13.708269,0.064017,-2.53734,13.780229
2026-05-26T20:04:41.233,20260526-200419-sentence-script-starting-from-a-single-c-d95744,19.8,19.8,1,0,1,NURTURE,0,-1.0,0.0,25,135,48,0,6,0,0.492026,-0.014389,0.0,5.405459,11.694789,0.585995,2.32,0.436454,2.502224,0.65495,8.492325,5.428618,11.230169,2.2,1.75,0.85,-0.02,0.36,0.013688,-2.543686,13.777368,0.215178,-2.627283,13.848128
2026-05-26T20:04:41.478,20260526-200419-sentence-script-starting-from-a-single-c-d95744,20.016,20.016,1,0,1,NURTURE,0,-1.0,0.0,25,135,43,0,6,0,0.49338,-0.014541,0.0,5.393524,11.761466,0.47457,2.4,0.441907,2.718224,0.65495,8.580536,5.490788,11.296628,2.2,1.75,0.85,-0.02,0.36,0.266261,-2.602275,13.851662,0.527871,-2.636038,13.921521
2026-05-26T20:04:41.724,20260526-200419-sentence-script-starting-from-a-single-c-d95744,20.214,20.214,1,0,1,NURTURE,0,-1.0,0.0,27,135,56,0,7,0,0.581631,0.035651,0.0,5.303383,11.822214,0.846486,2.592593,0.43267,2.443509,0.642677,8.721161,5.5512,11.357242,2.296296,1.75,0.85,-0.02,0.36,0.530697,-2.602872,13.919078,0.895261,-2.523236,13.988373
2026-05-26T20:04:41.970,20260526-200419-sentence-script-starting-from-a-single-c-d95744,20.412,20.412,1,0,1,NURTURE,0,-1.0,0.0,30,135,72,0,8,0,0.768937,0.017038,0.0,5.126915,11.895472,1.021026,2.6,0.423716,1.998967,0.653466,8.792366,5.613481,11.43041,2.366667,1.75,0.85,-0.02,0.36,0.938339,-2.505273,13.98599,1.347689,-2.414944,14.063318
2026-05-26T20:04:42.210,20260526-200419-sentence-script-starting-from-a-single-c-d95744,20.61,20.61,1,0,1,NURTURE,0,-1.0,0.0,30,135,66,0,9,0,0.772877,0.019766,0.0,5.16379,11.984579,0.629687,2.6,0.432828,2.196967,0.653466,8.880306,5.504821,11.519456,2.366667,1.75,0.85,-0.02,0.36,1.282631,-2.42495,14.072882,1.608897,-2.345486,14.164967
2026-05-26T20:04:42.413,20260526-200419-sentence-script-starting-from-a-single-c-d95744,20.808,20.808,1,0,1,NURTURE,0,-1.0,0.0,32,135,83,0,9,0,0.722518,0.017171,0.0,5.247149,12.070741,0.59564,2.375,0.430944,1.977153,0.645656,8.917465,5.503666,11.605577,2.40625,1.75,0.85,-0.02,0.36,1.553482,-2.357911,14.164927,1.82829,-2.279785,14.260276
2026-05-26T20:04:42.630,20260526-200419-sentence-script-starting-from-a-single-c-d95744,21.006,21.006,1,0,1,NURTURE,0,-1.0,0.0,32,135,71,0,9,0,0.728354,0.015246,0.0,5.254997,12.144634,0.539941,2.5,0.437537,2.175153,0.645656,9.010979,5.584559,11.679442,2.40625,1.75,0.85,-0.02,0.36,1.814836,-2.263639,14.253332,2.079324,-2.151179,14.341678
2026-05-26T20:04:42.820,20260526-200419-sentence-script-starting-from-a-single-c-d95744,21.204,21.204,1,0,1,NURTURE,0,-1.0,0.0,33,135,72,0,9,0,0.73938,-0.041005,0.0,5.247547,12.217893,0.557605,2.484848,0.438173,2.216777,0.648692,9.031222,5.697845,11.752682,2.393939,1.75,0.85,-0.02,0.36,2.065063,-2.166192,14.337556,2.315808,-2.045039,14.422702
2026-05-26T20:04:42.995,20260526-200419-sentence-script-starting-from-a-single-c-d95744,21.402,21.402,1,0,1,NURTURE,0,-1.0,0.0,33,135,51,0,10,0,0.744923,-0.04338,0.0,5.245434,12.285895,0.536328,2.666667,0.442477,2.414777,0.648692,9.125126,5.803993,11.820672,2.393939,1.75,0.85,-0.02,0.36,2.298078,-2.025914,14.417515,2.529314,-1.863681,14.497877
2026-05-26T20:04:43.188,20260526-200419-sentence-script-starting-from-a-single-c-d95744,21.6,21.6,1,0,1,NURTURE,0,-1.0,0.0,35,135,53,0,11,0,1.007144,-0.058361,0.0,5.436399,12.370044,0.706989,2.742857,0.437295,2.223921,0.655373,9.344956,5.86216,11.939572,2.514286,1.75,0.85,-0.02,0.36,2.585972,-1.85157,14.494965,3.029604,-1.715903,14.582784
2026-05-26T20:04:43.419,20260526-200419-sentence-script-starting-from-a-single-c-d95744,21.816,21.816,1,0,1,OBSERVE,0,-1.0,0.0,35,135,59,0,11,0,1.01493,-0.059681,0.0,5.889019,12.465525,0.415187,2.514286,0.44218,2.439921,0.655373,9.42564,5.910984,12.04343,2.514286,1.0,1.0,0.0,0.42,4.716452,-2.898297,13.148899,6.352652,-3.462923,12.291758
2026-05-26T20:04:43.590,20260526-200419-sentence-script-starting-from-a-single-c-d95744,22.014,22.014,1,0,1,OBSERVE,0,-1.0,0.0,35,135,53,0,11,0,1.018927,-0.06087,0.0,6.105097,12.489149,0.341497,2.628571,0.44515,2.637921,0.655373,9.473283,5.939454,12.092928,2.514286,1.0,1.0,0.0,0.42,5.926947,-3.063438,12.642366,6.916782,-2.973232,12.317879
2026-05-26T20:04:43.703,20260526-200419-sentence-script-starting-from-a-single-c-d95744,22.212,22.212,1,0,1,OBSERVE,0,-1.0,0.0,35,135,45,0,11,0,1.020856,-0.061764,0.0,6.212417,12.523246,0.276109,2.8,0.447156,2.835921,0.655373,9.50636,5.95727,12.116744,2.514286,1.0,1.0,0.0,0.42,6.683552,-2.782161,12.454983,7.317304,-2.358473,12.346538
2026-05-26T20:04:43.877,20260526-200419-sentence-script-starting-from-a-single-c-d95744,22.41,22.41,1,0,1,OBSERVE,0,-1.0,0.0,35,135,17,0,11,0,1.021762,-0.062674,0.0,6.252772,12.546679,0.25724,2.857143,0.448512,3.033921,0.655373,9.530677,5.96822,12.125085,2.514286,1.0,1.0,0.0,0.42,7.171156,-2.270511,12.398835,7.578,-1.673067,12.369617
2026-05-26T20:04:44.129,20260526-200419-sentence-script-starting-from-a-single-c-d95744,22.608,22.608,1,0,1,OBSERVE,0,-1.0,0.0,35,135,5,0,12,1,1.022325,-0.063482,0.0,6.25187,12.555892,0.216672,2.857143,0.449428,3.231921,0.655373,9.549882,5.97463,12.1241,2.514286,1.0,1.0,0.0,0.42,7.474966,-1.639036,12.3852,7.716992,-0.952088,12.379047
2026-05-26T20:04:44.369,20260526-200419-sentence-script-starting-from-a-single-c-d95744,22.806,22.806,1,0,1,OBSERVE,0,-1.0,0.0,35,135,0,0,13,1,1.02218,-0.064101,0.0,6.226658,12.55618,0.232482,2.857143,0.450048,3.429921,0.655373,9.56663,6.000569,12.117495,2.514286,1.0,1.0,0.0,0.42,7.638012,-0.947999,12.382116,7.748437,-0.219248,12.379911
2026-05-26T20:04:44.614,20260526-200419-sentence-script-starting-from-a-single-c-d95744,23.004,23.004,1,0,1,OBSERVE,0,-1.0,0.0,35,135,0,0,13,1,1.021776,-0.064577,0.0,6.187557,12.550845,0.240217,2.914286,0.450466,3.627921,0.655373,9.582101,6.06955,12.107503,2.514286,1.0,1.0,0.0,0.42,7.684908,-0.232865,12.379278,7.68402,0.50867,12.375381
2026-05-26T20:04:44.842,20260526-200419-sentence-script-starting-from-a-single-c-d95744,23.202,23.202,1,0,1,OBSERVE,0,-1.0,0.0,35,135,0,0,14,0,1.021024,-0.064429,0.0,6.141132,12.54196,0.255595,2.971429,0.450749,3.825921,0.655373,9.596675,6.159514,12.095471,2.514286,1.0,1.0,0.0,0.42,7.631463,0.484209,12.374063,7.532856,1.219854,12.367446
2026-05-26T20:04:45.088,20260526-200419-sentence-script-starting-from-a-single-c-d95744,23.4,23.4,1,0,1,OBSERVE,0,-1.0,0.0,35,135,0,0,15,0,1.020118,-0.064542,0.0,6.090747,12.530825,0.25776,3.028571,0.45094,4.023921,0.655373,9.612034,6.23595,12.082209,2.514286,1.0,1.0,0.0,0.42,7.488677,1.187934,12.366345,7.302146,1.903731,12.357354
2026-05-26T20:04:45.326,20260526-200419-sentence-script-starting-from-a-single-c-d95744,23.616,23.616,1,0,1,OBSERVE,0,-1.0,0.0,35,135,0,0,15,0,1.01931,-0.065095,0.0,6.033313,12.517065,0.293924,3.142857,0.451079,4.239921,0.655373,9.630481,6.24384,12.066907,2.514286,1.0,1.0,0.0,0.42,7.240815,1.926584,12.355686,6.967337,2.608503,12.344798
2026-05-26T20:04:45.572,20260526-200419-sentence-script-starting-from-a-single-c-d95744,23.814,23.814,1,0,1,OBSERVE,0,-1.0,0.0,35,135,0,0,15,0,1.018634,-0.065683,0.0,5.979776,12.503522,0.274653,3.2,0.451163,4.437921,0.655373,9.648382,6.254789,12.052426,2.514286,1.0,1.0,0.0,0.42,6.936862,2.567243,12.344468,6.591037,3.209253,12.332398
2026-05-26T20:04:45.819,20260526-200419-sentence-script-starting-from-a-single-c-d95744,24.012,24.012,1,0,1,OBSERVE,0,-1.0,0.0,35,135,0,0,15,0,1.018308,-0.066038,0.0,5.925789,12.489418,0.26887,3.2,0.45122,4.635921,0.655373,9.668201,6.275511,12.037689,2.514286,1.0,1.0,0.0,0.42,6.566367,3.165337,12.332321,6.154999,3.760283,12.31946
2026-05-26T20:04:46.066,20260526-200419-sentence-script-starting-from-a-single-c-d95744,24.21,24.21,1,0,1,OBSERVE,0,-1.0,0.0,35,135,0,0,16,0,1.018063,-0.066188,0.0,5.871947,12.474954,0.254744,3.142857,0.451258,4.833921,0.655373,9.689584,6.309722,12.022796,2.514286,1.0,1.0,0.0,0.42,6.135934,3.714464,12.319559,5.665861,4.256127,12.306177
2026-05-26T20:04:46.315,20260526-200419-sentence-script-starting-from-a-single-c-d95744,24.408,24.408,1,0,1,OBSERVE,0,-1.0,0.0,35,135,0,0,16,0,1.017829,-0.066376,0.0,5.818469,12.460257,0.232638,3.2,0.451284,5.031921,0.655373,9.711731,6.347654,12.007811,2.514286,1.0,1.0,0.0,0.42,5.652278,4.208922,12.306394,5.130529,4.691746,12.292673
2026-05-26T20:04:46.550,20260526-200419-sentence-script-starting-from-a-single-c-d95744,24.606,24.606,1,0,1,OBSERVE,0,-1.0,0.0,37,135,20,0,18,0,0.928915,-0.080817,0.0,5.85158,12.445411,0.372314,3.027027,0.443,4.65292,0.640112,9.805263,6.391312,11.992769,2.567568,1.0,1.0,0.0,0.42,5.106843,4.672808,12.292966,4.520483,5.125491,12.279024
2026-05-26T20:04:46.779,20260526-200419-sentence-script-starting-from-a-single-c-d95744,24.804,24.804,1,0,1,OBSERVE,0,-1.0,0.0,38,135,30,0,20,0,0.888439,-0.0819,0.0,5.838523,12.430467,0.397217,3.105263,0.441243,4.555064,0.646494,9.891637,6.403704,12.120481,2.578947,1.0,1.0,0.0,0.42,4.517957,5.074273,12.279368,3.886232,5.471136,12.265282
2026-05-26T20:04:47.014,20260526-200419-sentence-script-starting-from-a-single-c-d95744,25.002,25.002,1,0,1,OBSERVE,0,-1.0,0.0,38,135,30,0,18,0,0.886306,-0.081222,0.0,5.787842,12.632268,0.347335,3.263158,0.44457,4.753064,0.646494,9.922697,6.424254,12.299214,2.578947,1.0,1.0,0.0,0.42,3.894508,5.409308,12.330981,3.242087,5.714183,12.436504
2026-05-26T20:04:47.254,20260526-200419-sentence-script-starting-from-a-single-c-d95744,25.2,25.2,1,0,1,OBSERVE,0,-1.0,0.0,39,135,38,0,18,0,0.823405,-0.074682,0.0,5.798455,12.725786,0.400619,3.179487,0.442629,4.684423,0.643649,9.994314,6.451003,12.353521,2.615385,1.0,1.0,0.0,0.42,3.235526,5.688306,12.43571,2.538521,5.953279,12.532032
2026-05-26T20:04:47.514,20260526-200419-sentence-script-starting-from-a-single-c-d95744,25.416,25.416,1,0,1,OBSERVE,0,-1.0,0.0,40,135,40,0,18,0,0.819705,-0.059775,0.0,5.74676,12.74217,0.3954,3.2,0.442012,4.584427,0.638895,9.945509,6.44719,12.341476,2.575,1.0,1.0,0.0,0.42,2.497881,5.909047,12.504759,1.79946,6.0736,12.546969
2026-05-26T20:04:47.750,20260526-200419-sentence-script-starting-from-a-single-c-d95744,25.614,25.614,1,0,1,OBSERVE,0,-1.0,0.0,40,135,33,0,18,0,0.818446,-0.057797,0.0,5.696139,12.794281,0.336438,3.3,0.445117,4.782427,0.638895,9.977043,6.48003,12.376308,2.575,1.0,1.0,0.0,0.42,1.820716,6.018994,12.54832,1.122949,6.091423,12.592846
2026-05-26T20:04:47.977,20260526-200419-sentence-script-starting-from-a-single-c-d95744,25.812,25.812,1,0,1,OBSERVE,0,-1.0,0.0,40,135,22,0,17,0,0.818179,-0.057514,0.0,5.6447,12.870509,0.300792,3.4,0.447216,4.980427,0.638895,10.007886,6.554508,12.440859,2.575,1.0,1.0,0.0,0.42,1.147093,6.044393,12.603878,0.455778,6.033059,12.664432
2026-05-26T20:04:48.231,20260526-200419-sentence-script-starting-from-a-single-c-d95744,26.01,26.01,1,0,1,OBSERVE,0,-1.0,0.0,41,135,22,0,20,0,0.766865,-0.071557,0.0,5.642572,12.909787,0.372662,3.560976,0.445238,4.892323,0.635308,10.065482,6.634782,12.472246,2.609756,1.0,1.0,0.0,0.42,0.460002,6.007059,12.654675,-0.254846,5.941165,12.701086
2026-05-26T20:04:48.479,20260526-200419-sentence-script-starting-from-a-single-c-d95744,26.208,26.208,1,0,1,OBSERVE,0,-1.0,0.0,42,135,26,0,19,0,0.809911,-0.065805,0.0,5.549508,12.952077,0.439304,3.666667,0.442928,4.758476,0.640225,10.110419,6.700419,12.509204,2.619048,1.0,1.0,0.0,0.42,-0.19301,5.8823,12.698821,-0.831988,5.703666,12.741421
2026-05-26T20:04:48.737,20260526-200419-sentence-script-starting-from-a-single-c-d95744,26.406,26.406,1,0,1,OBSERVE,0,-1.0,0.0,43,135,32,0,20,0,0.866873,-0.063887,0.0,5.442698,12.981612,0.511809,3.767442,0.441373,4.699498,0.634639,10.150345,6.736777,12.535136,2.651163,1.0,1.0,0.0,0.42,-0.787457,5.665828,12.734564,-1.348535,5.385785,12.768313
2026-05-26T20:04:48.984,20260526-200419-sentence-script-starting-from-a-single-c-d95744,26.604,26.604,1,0,1,OBSERVE,0,-1.0,0.0,45,135,46,0,22,0,0.830909,-0.055954,0.0,5.429513,13.002977,0.600366,3.777778,0.437936,4.364247,0.629935,10.161595,6.759649,12.554065,2.644444,1.0,1.0,0.0,0.42,-1.357006,5.393889,12.764257,-1.956754,5.107918,12.790069
2026-05-26T20:04:49.208,20260526-200419-sentence-script-starting-from-a-single-c-d95744,26.802,26.802,1,0,1,OBSERVE,0,-1.0,0.0,46,135,53,0,23,0,0.912613,-0.053634,0.0,5.299485,12.997576,0.502959,3.826087,0.438921,4.335464,0.634435,10.249922,6.768729,12.547018,2.695652,1.0,1.0,0.0,0.42,-1.864621,5.053838,12.779132,-2.340588,4.661398,12.785718
2026-05-26T20:04:49.451,20260526-200419-sentence-script-starting-from-a-single-c-d95744,27.0,27.0,1,0,1,OBSERVE,0,-1.0,0.0,47,135,61,0,24,0,0.929811,-0.061967,0.0,5.210153,13.006499,0.631285,4.042553,0.439457,4.285414,0.638185,10.293438,6.762155,12.554829,2.702128,1.0,1.0,0.0,0.42,-2.31938,4.652866,12.787669,-2.75632,4.201995,12.795262
2026-05-26T20:04:49.722,20260526-200419-sentence-script-starting-from-a-single-c-d95744,27.216,27.216,1,0,1,OBSERVE,0,-1.0,0.0,52,135,93,0,27,0,1.011771,-0.012582,0.0,5.070046,13.058697,0.668601,4.076923,0.430004,3.349993,0.639187,10.34997,6.75634,12.592429,2.769231,1.0,1.0,0.0,0.42,-2.694208,4.146574,12.79649,-3.037712,3.678476,12.831578
2026-05-26T20:04:49.991,20260526-200419-sentence-script-starting-from-a-single-c-d95744,27.414,27.414,1,0,1,OBSERVE,0,-1.0,0.0,52,135,78,0,27,0,1.011795,-0.010421,0.0,5.026321,13.152628,0.493573,4.230769,0.43711,3.547993,0.639187,10.412277,6.767989,12.686062,2.769231,1.0,1.0,0.0,0.42,-3.032565,3.682003,12.854322,-3.377271,3.191332,12.922158
2026-05-26T20:04:50.246,20260526-200419-sentence-script-starting-from-a-single-c-d95744,27.612,27.612,1,0,1,OBSERVE,0,-1.0,0.0,52,135,63,0,27,0,1.012183,-0.009428,0.0,4.981326,13.272293,0.445437,4.192308,0.441912,3.745993,0.639187,10.476699,6.800956,12.805527,2.769231,1.0,1.0,0.0,0.42,-3.348981,3.191203,12.930532,-3.656701,2.672165,13.02744
2026-05-26T20:04:50.510,20260526-200419-sentence-script-starting-from-a-single-c-d95744,27.81,27.81,1,0,1,OBSERVE,0,-1.0,0.0,53,135,55,0,27,0,1.041451,-0.026426,0.0,4.905536,13.375604,0.486156,4.377358,0.44204,3.745816,0.638821,10.533203,6.836218,12.908702,2.792453,1.0,1.0,0.0,0.42,-3.596941,2.66178,13.026389,-3.816267,2.099121,13.123598
2026-05-26T20:04:50.744,20260526-200419-sentence-script-starting-from-a-single-c-d95744,28.008,28.008,1,0,1,OBSERVE,0,-1.0,0.0,54,135,50,0,26,0,1.03118,-0.025695,0.0,4.871942,13.512122,0.580244,4.481481,0.441677,3.737005,0.636753,10.576426,6.844201,13.045128,2.796296,1.0,1.0,0.0,0.42,-3.79456,2.11393,13.131577,-3.993931,1.548385,13.247865
2026-05-26T20:04:50.986,20260526-200419-sentence-script-starting-from-a-single-c-d95744,28.206,28.206,1,0,1,OBSERVE,0,-1.0,0.0,55,135,40,0,25,0,0.997858,-0.000771,0.0,4.865035,13.658758,0.580456,4.690909,0.441935,3.746785,0.63549,10.665566,6.843609,13.191701,2.836364,1.0,1.0,0.0,0.42,-3.985536,1.574546,13.2506,-4.161023,1.016298,13.380777
2026-05-26T20:04:51.246,20260526-200419-sentence-script-starting-from-a-single-c-d95744,28.404,28.404,1,0,1,OBSERVE,0,-1.0,0.0,58,135,59,0,25,0,0.928846,-0.052377,0.0,4.8835,13.810381,0.771316,4.724138,0.436591,3.364872,0.634039,10.599265,6.638935,13.343283,2.844828,1.0,1.0,0.0,0.42,-4.121371,0.998868,13.380539,-4.329018,0.399831,13.519629
2026-05-26T20:04:51.499,20260526-200419-sentence-script-starting-from-a-single-c-d95744,28.602,28.602,1,0,1,OBSERVE,0,-1.0,0.0,58,135,54,0,25,0,0.925485,-0.053243,0.0,4.843917,13.959644,0.608487,4.862069,0.441438,3.562872,0.634039,10.681999,6.575984,13.492518,2.844828,1.0,1.0,0.0,0.42,-4.242533,0.420229,13.517985,-4.30831,-0.174276,13.658462
2026-05-26T20:04:51.787,20260526-200419-sentence-script-starting-from-a-single-c-d95744,28.8,28.8,1,0,1,OBSERVE,0,-1.0,0.0,62,135,88,0,28,0,1.083219,-0.077154,0.0,5.179047,14.10721,0.793535,5.193548,0.434397,3.046446,0.636534,10.822286,6.575554,13.640064,2.935484,1.0,1.0,0.0,0.42,-4.320313,-0.177262,13.655047,-4.51576,-0.813821,13.795329
2026-05-26T20:04:52.084,20260526-200419-sentence-script-starting-from-a-single-c-d95744,29.016,29.016,1,0,1,OBSERVE,0,-1.0,0.0,66,135,113,0,28,0,1.061812,-0.079666,0.0,5.341044,14.255841,0.750058,4.909091,0.432082,2.570014,0.633905,10.967022,6.604359,13.788681,2.969697,1.0,1.0,0.0,0.42,-4.430085,-0.859134,13.80087,-4.523483,-1.510873,13.934363
2026-05-26T20:04:52.370,20260526-200419-sentence-script-starting-from-a-single-c-d95744,29.214,29.214,1,0,1,OBSERVE,0,-1.0,0.0,67,135,109,0,29,0,1.011372,-0.081488,0.0,5.357836,14.397646,0.666644,4.80597,0.436499,2.582512,0.635444,11.055911,6.62466,13.930478,3.0,1.0,1.0,0.0,0.42,-4.453451,-1.485208,13.925438,-4.409941,-2.120475,14.058821
2026-05-26T20:04:52.650,20260526-200419-sentence-script-starting-from-a-single-c-d95744,29.412,29.412,1,0,1,OBSERVE,0,-1.0,0.0,67,135,86,0,29,0,1.011695,-0.081547,0.0,5.395241,14.6086,0.653865,4.895522,0.441459,2.780512,0.635444,11.153901,6.641368,14.141426,3.0,1.0,1.0,0.0,0.42,-4.338187,-2.089728,14.079053,-4.181905,-2.710773,14.253014
2026-05-26T20:04:52.952,20260526-200419-sentence-script-starting-from-a-single-c-d95744,29.61,29.61,1,0,1,OBSERVE,0,-1.0,0.0,69,135,83,0,31,0,0.973121,-0.053076,0.0,5.469653,14.767103,0.749131,5.130435,0.440189,2.631357,0.636583,11.291716,6.667458,14.299925,3.014493,1.0,1.0,0.0,0.42,-4.166939,-2.680569,14.2417,-3.97508,-3.277492,14.402225
2026-05-26T20:04:53.257,20260526-200419-sentence-script-starting-from-a-single-c-d95744,29.808,29.808,1,0,1,DIP,0,-1.0,0.0,71,135,92,0,32,0,0.968959,-0.083113,0.0,5.454108,14.870069,0.781107,5.267606,0.440072,2.55705,0.634514,11.392459,6.691702,14.402889,3.014085,1.05,1.25,0.04,0.55,-1.324837,-1.52516,10.386179,1.144592,-0.419874,6.771572
2026-05-26T20:04:53.538,20260526-200419-sentence-script-starting-from-a-single-c-d95744,30.006,30.006,1,0,1,DIP,0,-1.0,0.0,73,135,87,0,34,1,0.905161,-0.083826,0.0,5.460438,15.016813,0.845969,5.452055,0.439822,2.56151,0.637251,11.572126,6.772433,14.549631,3.054795,1.05,1.25,0.04,0.55,0.157757,-0.846089,8.008343,1.105596,-0.406801,6.300324
2026-05-26T20:04:53.852,20260526-200419-sentence-script-starting-from-a-single-c-d95744,30.204,30.204,1,0,1,DIP,0,-1.0,0.0,73,135,79,0,34,1,0.910935,-0.079811,0.0,5.373402,15.20179,0.758943,5.506849,0.443751,2.75951,0.637251,11.690817,6.846976,14.734607,3.054795,1.05,1.25,0.04,0.55,0.742428,-0.572677,6.889514,1.135219,-0.386474,6.104998
2026-05-26T20:04:54.142,20260526-200419-sentence-script-starting-from-a-single-c-d95744,30.402,30.402,1,0,1,DIP,0,-1.0,0.0,73,135,49,0,33,1,0.915009,-0.077821,0.0,5.334625,15.410983,0.778201,5.671233,0.446407,2.95751,0.637251,11.818393,6.979216,14.943799,3.054795,1.05,1.25,0.04,0.55,0.990444,-0.452451,6.435412,1.162197,-0.366335,6.199944
2026-05-26T20:04:54.459,20260526-200419-sentence-script-starting-from-a-single-c-d95744,30.6,30.6,1,0,1,DIP,0,-1.0,0.0,73,135,33,0,34,1,0.917264,-0.077335,0.0,5.294293,15.629991,0.794662,5.890411,0.448201,3.15551,0.637251,11.954565,7.234038,15.162806,3.054795,1.05,1.25,0.04,0.55,1.10339,-0.392725,6.429226,1.185814,-0.346038,6.597646
2026-05-26T20:04:54.789,20260526-200419-sentence-script-starting-from-a-single-c-d95744,30.816,30.816,1,0,1,DIP,0,-1.0,0.0,73,135,13,0,34,1,0.918538,-0.077733,0.0,5.235456,15.839891,0.807267,5.972603,0.449502,3.37151,0.637251,12.109475,7.298263,15.372707,3.054795,1.05,1.25,0.04,0.55,1.165108,-0.353927,6.8159,1.20858,-0.323135,7.339375
2026-05-26T20:04:55.105,20260526-200419-sentence-script-starting-from-a-single-c-d95744,31.014,31.014,1,0,1,DIP,0,-1.0,0.0,75,135,25,0,36,1,0.880373,-0.082114,0.0,5.204455,16.000189,0.871529,6.08,0.446509,3.301145,0.636677,12.333818,7.283366,15.709271,3.08,1.05,1.25,0.04,0.55,1.180645,-0.329268,7.465841,1.188532,-0.304764,8.256344
2026-05-26T20:04:55.435,20260526-200419-sentence-script-starting-from-a-single-c-d95744,31.212,31.212,1,0,1,DIP,0,-1.0,0.0,75,135,20,0,35,1,0.877334,-0.081872,0.0,5.126438,16.228472,0.885542,6.053333,0.44825,3.499145,0.636677,12.48928,7.268377,15.882621,3.08,1.05,1.25,0.04,0.55,1.190539,-0.305359,8.364178,1.201727,-0.280433,9.394314
2026-05-26T20:04:55.723,20260526-200419-sentence-script-starting-from-a-single-c-d95744,31.41,31.41,1,0,1,DIP,0,-1.0,0.0,75,135,20,0,34,1,0.870812,-0.081383,0.0,5.048875,16.47651,0.82786,6.0,0.449426,3.697145,0.636677,12.644447,7.253334,16.093538,3.08,1.05,1.25,0.04,0.55,1.200629,-0.280713,9.459421,1.209785,-0.25477,10.661807
2026-05-26T20:04:56.020,20260526-200419-sentence-script-starting-from-a-single-c-d95744,31.608,31.608,1,0,1,DIP,0,-1.0,0.0,75,135,13,0,35,1,0.860489,-0.079778,0.0,4.978496,16.693943,0.807422,6.053333,0.450221,3.895145,0.636677,12.790799,7.238257,16.285884,3.08,1.05,1.25,0.04,0.55,1.20717,-0.254641,10.670186,1.211884,-0.226985,11.945175
2026-05-26T20:04:56.274,20260526-200419-sentence-script-starting-from-a-single-c-d95744,31.806,31.806,1,0,1,DIP,0,-1.0,0.0,75,135,10,0,34,1,0.851912,-0.078232,0.0,4.90499,16.90779,0.813121,6.08,0.450758,4.093145,0.636677,12.935963,7.22316,16.482779,3.08,1.05,1.25,0.04,0.55,1.210332,-0.227101,11.907654,1.213053,-0.198246,13.170222
2026-05-26T20:04:56.525,20260526-200419-sentence-script-starting-from-a-single-c-d95744,32.004,32.004,1,0,1,DIP,0,-1.0,0.0,77,135,23,0,37,1,0.856414,-0.060716,0.0,4.818088,17.089091,0.90186,6.0,0.447101,4.047948,0.636101,13.134037,7.208051,16.652625,3.090909,1.05,1.25,0.04,0.55,1.212858,-0.192332,13.081105,1.224829,-0.152996,14.229302
2026-05-26T20:04:56.796,20260526-200419-sentence-script-starting-from-a-single-c-d95744,32.202,32.202,1,0,1,DIP,0,-1.0,0.0,78,135,30,0,38,1,0.872011,-0.060636,0.0,4.716343,17.257873,0.969702,6.205128,0.446362,4.110103,0.638104,13.316613,7.192935,16.813665,3.089744,1.05,1.25,0.04,0.55,1.224724,-0.157305,14.092137,1.246085,-0.1246,15.044411
2026-05-26T20:04:57.102,20260526-200419-sentence-script-starting-from-a-single-c-d95744,32.4,32.4,1,0,1,DIP,0,-1.0,0.0,80,135,50,0,40,1,0.868259,-0.041294,0.0,4.610105,17.52939,0.934375,6.0,0.44437,4.075378,0.63704,13.447361,7.177815,17.079951,3.1125,1.05,1.25,0.04,0.55,1.235705,-0.12358,14.918405,1.246458,-0.07677,15.671974
2026-05-26T20:04:57.470,20260526-200419-sentence-script-starting-from-a-single-c-d95744,32.616,32.616,1,0,1,DIP,0,-1.0,0.0,83,135,75,0,41,1,0.872176,-0.017372,0.0,4.426037,17.801521,0.911939,6.240964,0.441386,3.949031,0.637807,13.594633,7.161317,17.348288,3.144578,1.05,1.25,0.04,0.55,1.258571,-0.074218,15.543929,1.276833,-0.025827,15.976716
2026-05-26T20:04:57.782,20260526-200419-sentence-script-starting-from-a-single-c-d95744,32.814,32.814,1,0,1,DIP,0,-1.0,0.0,84,135,77,0,40,1,0.883188,-0.016041,0.0,4.323529,18.032188,0.852107,6.166667,0.443106,4.035186,0.638849,13.751246,7.146192,17.576649,3.154762,1.05,1.25,0.04,0.55,1.259526,-0.03108,15.785677,1.26311,0.008776,15.880029
2026-05-26T20:04:58.117,20260526-200419-sentence-script-starting-from-a-single-c-d95744,33.012,33.012,1,0,1,DIP,0,-1.0,0.0,85,135,75,0,43,1,0.846166,-0.011467,0.0,4.267955,18.212748,0.794005,6.352941,0.444731,4.114777,0.640502,13.916484,7.131066,17.755651,3.176471,1.05,1.25,0.04,0.55,1.241774,0.005137,15.682508,1.223238,0.04215,15.412087
2026-05-26T20:04:58.403,20260526-200419-sentence-script-starting-from-a-single-c-d95744,33.21,33.21,1,0,1,DIP,0,-1.0,0.0,86,135,68,0,42,1,0.850203,0.000548,0.0,4.153609,18.383774,0.790412,6.372093,0.445339,4.182374,0.637334,14.065356,7.11594,17.925625,3.186047,1.05,1.25,0.04,0.55,1.230191,0.043136,15.24233,1.221717,0.082881,14.644961
2026-05-26T20:04:58.721,20260526-200419-sentence-script-starting-from-a-single-c-d95744,33.408,33.408,1,0,1,DIP,0,-1.0,0.0,90,135,90,0,47,1,0.861445,-0.010028,0.0,4.025856,18.542141,0.890364,6.377778,0.441041,3.914773,0.637025,14.122397,6.894718,18.226103,3.222222,1.05,1.25,0.04,0.55,1.22547,0.068842,14.51169,1.225052,0.100493,13.641323
2026-05-26T20:04:59.060,20260526-200419-sentence-script-starting-from-a-single-c-d95744,33.606,33.606,1,0,1,DIP,0,-1.0,0.0,91,135,77,0,44,1,0.895584,-0.007304,0.0,4.18809,18.793573,0.879842,6.483516,0.443454,4.00129,0.637216,14.263279,6.873505,18.439715,3.241758,1.05,1.25,0.04,0.55,1.236315,0.099682,13.575924,1.249182,0.130837,12.5529
2026-05-26T20:04:59.402,20260526-200419-sentence-script-starting-from-a-single-c-d95744,33.804,33.804,1,0,1,DIP,0,-1.0,0.0,94,135,93,0,44,0,0.919559,-0.002662,0.0,4.188207,19.056941,0.946355,6.510638,0.441248,3.850243,0.638015,14.404696,6.935657,18.668894,3.255319,1.05,1.25,0.04,0.55,1.247453,0.131984,12.532155,1.261495,0.162044,11.418549
2026-05-26T20:04:59.743,20260526-200419-sentence-script-starting-from-a-single-c-d95744,34.002,34.002,1,0,1,DIP,0,-1.0,0.0,96,135,98,0,45,1,0.893522,0.009021,0.0,4.105918,19.292912,0.931445,6.583333,0.441882,3.789872,0.633577,14.55331,6.912112,18.881762,3.260417,1.05,1.25,0.04,0.55,1.237432,0.164139,11.43775,1.222473,0.199331,10.307122
2026-05-26T20:05:00.104,20260526-200419-sentence-script-starting-from-a-single-c-d95744,34.2,34.2,1,0,1,DIP,0,-1.0,0.0,98,135,98,0,46,1,0.901892,0.016904,0.0,4.015653,19.531031,0.918004,6.734694,0.441791,3.790089,0.632753,14.738455,6.891838,19.104267,3.285714,1.05,1.25,0.04,0.55,1.230335,0.19416,10.378267,1.215873,0.231721,9.334339
2026-05-26T20:05:00.397,20260526-200419-sentence-script-starting-from-a-single-c-d95744,34.416,34.416,1,0,1,DIP,0,-1.0,0.0,99,135,79,0,48,1,0.894073,0.023936,0.0,3.890794,19.785015,0.945153,6.727273,0.443843,3.886136,0.632008,14.874814,6.870892,19.346931,3.272727,1.05,1.25,0.04,0.55,1.211199,0.228744,9.381963,1.189222,0.26392,8.540325
2026-05-26T20:05:00.724,20260526-200419-sentence-script-starting-from-a-single-c-d95744,34.614,34.614,1,0,1,DIP,0,-1.0,0.0,102,135,89,0,49,0,0.858432,0.012286,0.0,3.823247,20.0051,1.001866,6.823529,0.441583,3.794237,0.629029,15.01639,6.852631,19.560136,3.303922,1.05,1.25,0.04,0.55,1.180152,0.256638,8.702743,1.134284,0.274168,8.131554
2026-05-26T20:05:01.013,20260526-200419-sentence-script-starting-from-a-single-c-d95744,34.812,34.812,1,0,1,DIP,0,-1.0,0.0,105,135,102,0,51,0,0.849617,0.023389,0.0,3.777593,20.203648,0.955985,6.72381,0.440982,3.711495,0.629903,15.189111,6.835109,19.754035,3.314286,1.05,1.25,0.04,0.55,1.141765,0.275111,8.320406,1.104459,0.305383,8.079691
2026-05-26T20:05:01.573,20260526-200419-sentence-script-starting-from-a-single-c-d95744,35.01,35.01,1,0,1,DIP,0,-1.0,0.0,110,135,130,0,54,0,0.886277,-0.020171,0.0,4.247852,20.367204,1.007554,6.709091,0.437131,3.354744,0.633329,15.435008,6.818544,19.914448,3.372727,1.05,1.25,0.04,0.55,1.131194,0.287856,8.276,1.118858,0.280548,8.39786
2026-05-26T20:05:02.049,20260526-200419-sentence-script-starting-from-a-single-c-d95744,35.208,35.208,1,0,1,DIP,0,-1.0,0.0,110,135,118,0,55,0,0.885113,-0.020706,0.0,4.368689,20.523616,0.948008,6.709091,0.442034,3.552744,0.633329,15.608222,6.818366,20.068737,3.372727,1.05,1.25,0.04,0.55,1.114502,0.289541,8.593256,1.094132,0.296729,9.089444
2026-05-26T20:05:02.383,20260526-200419-sentence-script-starting-from-a-single-c-d95744,35.406,35.406,1,0,1,DIP,0,-1.0,0.0,110,135,92,0,55,0,0.884346,-0.020759,0.0,4.30344,20.697006,0.946693,6.745455,0.445347,3.750744,0.633329,15.784884,6.835167,20.240693,3.372727,1.05,1.25,0.04,0.55,1.09257,0.299581,9.266362,1.068533,0.311651,10.122627
2026-05-26T20:05:02.748,20260526-200419-sentence-script-starting-from-a-single-c-d95744,35.604,35.604,1,0,1,DIP,0,-1.0,0.0,114,135,111,0,57,1,0.880991,-0.019012,0.0,4.167301,20.897137,1.106368,6.912281,0.441843,3.578262,0.625339,15.919328,6.86245,20.439853,3.377193,1.05,1.25,0.04,0.55,1.07624,0.314031,10.270505,1.043254,0.331177,11.444564
2026-05-26T20:05:03.162,20260526-200419-sentence-script-starting-from-a-single-c-d95744,35.802,35.802,1,0,1,DIP,0,-1.0,0.0,118,135,119,0,60,1,0.93026,-0.015853,0.0,3.98857,21.099685,1.063057,6.864407,0.440512,3.425026,0.628742,16.153712,6.896534,20.759908,3.415254,1.05,1.25,0.04,0.55,1.070489,0.323967,11.536185,1.061941,0.340639,12.948601
2026-05-26T20:05:03.582,20260526-200419-sentence-script-starting-from-a-single-c-d95744,36.0,36.0,1,0,1,DIP,0,-1.0,0.0,119,135,104,0,60,1,0.940453,-0.014264,0.0,3.800733,21.376096,1.013444,6.957983,0.443214,3.524979,0.630009,16.339919,6.93268,20.993415,3.428571,1.05,1.25,0.04,0.55,1.06162,0.338563,13.008903,1.045045,0.351334,14.594254
2026-05-26T20:05:04.089,20260526-200419-sentence-script-starting-from-a-single-c-d95744,36.216,36.216,1,0,1,DIP,0,-1.0,0.0,123,135,128,0,62,1,0.934329,0.012269,0.0,3.571544,21.708299,1.032207,7.056911,0.441396,3.364113,0.626463,16.609026,6.95306,21.29451,3.455285,1.05,1.25,0.04,0.55,1.037294,0.360924,14.738291,1.007919,0.38517,16.388718
2026-05-26T20:05:04.556,20260526-200419-sentence-script-starting-from-a-single-c-d95744,36.414,36.414,1,0,1,DIP,0,-1.0,0.0,124,135,117,0,65,1,0.930508,0.000515,0.0,3.472159,21.962094,1.024148,7.241935,0.443756,3.485941,0.625959,16.825311,6.958138,21.529398,3.459677,1.05,1.25,0.04,0.55,1.006501,0.371998,16.297298,0.974984,0.378094,17.853029
2026-05-26T20:05:04.999,20260526-200419-sentence-script-starting-from-a-single-c-d95744,36.612,36.612,1,0,1,DIP,0,-1.0,0.0,129,135,136,0,67,1,0.921794,-0.021362,0.0,3.462513,22.196348,1.092316,7.255814,0.440348,3.261893,0.626127,16.967381,6.954896,21.750875,3.488372,1.05,1.25,0.04,0.55,0.975635,0.37114,17.704573,0.936871,0.358766,19.052533
2026-05-26T20:05:05.526,20260526-200419-sentence-script-starting-from-a-single-c-d95744,36.81,36.81,1,0,1,DIP,0,-1.0,0.0,133,135,140,0,69,1,0.956689,-0.04027,0.0,3.397336,22.435644,1.078716,7.172932,0.439676,3.137214,0.628795,17.152703,6.946596,21.981536,3.503759,1.05,1.25,0.04,0.55,0.950422,0.357307,18.863547,0.942628,0.340244,19.91878
2026-05-26T20:05:06.091,20260526-200419-sentence-script-starting-from-a-single-c-d95744,37.008,37.008,1,0,1,COMPACT,0,-1.0,0.0,135,135,149,0,71,1,0.942114,-0.040443,0.0,3.388697,22.714358,1.076014,7.348148,0.441073,3.193831,0.628924,17.324637,6.935401,22.254416,3.511111,0.92,1.55,0.07,0.5,0.940525,0.337417,19.581849,0.961262,0.259524,18.872036
2026-05-26T20:05:06.678,20260526-200419-sentence-script-starting-from-a-single-c-d95744,37.206,37.206,1,0,1,COMPACT,0,-1.0,0.0,135,135,129,0,71,1,0.947686,-0.045792,0.0,3.351059,22.921157,1.096409,7.57037,0.444629,3.391831,0.628924,17.511396,6.928588,22.457272,3.511111,0.92,1.55,0.07,0.5,0.94308,0.288329,19.218046,0.93439,0.254281,19.042291
2026-05-26T20:05:07.212,20260526-200419-sentence-script-starting-from-a-single-c-d95744,37.404,37.404,1,0,1,COMPACT,0,-1.0,0.0,135,135,95,0,73,1,0.951301,-0.048804,0.0,3.239324,23.128222,1.090491,7.644444,0.447032,3.589831,0.628924,17.705694,6.914613,22.661673,3.511111,0.92,1.55,0.07,0.5,0.927098,0.265455,19.173422,0.905677,0.247962,19.207381
2026-05-26T20:05:07.635,20260526-200419-sentence-script-starting-from-a-single-c-d95744,37.602,37.602,1,0,1,COMPACT,0,-1.0,0.0,135,135,70,0,71,1,0.953539,-0.050661,0.0,3.234343,23.329616,1.120107,7.688889,0.448656,3.787831,0.628924,17.906141,6.898133,22.861266,3.511111,0.92,1.55,0.07,0.5,0.902997,0.251747,19.255664,0.876028,0.239341,19.369655
2026-05-26T20:05:08.049,20260526-200419-sentence-script-starting-from-a-single-c-d95744,37.8,37.8,1,0,1,COMPACT,0,-1.0,0.0,135,135,15,0,71,1,0.954966,-0.051699,0.0,3.178343,23.550625,1.143339,7.718519,0.449753,3.985831,0.628924,18.112394,6.894155,23.081058,3.511111,0.92,1.55,0.07,0.5,0.875547,0.240137,19.387812,0.84647,0.228109,19.542795
2026-05-26T20:05:08.514,20260526-200419-sentence-script-starting-from-a-single-c-d95744,38.016,38.016,1,0,1,COMPACT,0,-1.0,0.0,135,135,7,0,72,1,0.955855,-0.052405,0.0,3.067274,23.801507,1.156609,7.807407,0.450549,4.201831,0.628924,18.342837,6.907547,23.331058,3.511111,0.92,1.55,0.07,0.5,0.844466,0.226479,19.570214,0.815031,0.212577,19.746679
2026-05-26T20:05:08.903,20260526-200419-sentence-script-starting-from-a-single-c-d95744,38.214,38.214,1,0,1,COMPACT,0,-1.0,0.0,135,135,1,0,72,1,0.955846,-0.0532,0.0,2.965718,24.061789,1.166086,7.911111,0.451033,4.399831,0.628924,18.558705,6.929315,23.590804,3.511111,0.92,1.55,0.07,0.5,0.816113,0.211581,19.749476,0.787131,0.194921,19.948871
2026-05-26T20:05:09.428,20260526-200419-sentence-script-starting-from-a-single-c-d95744,38.412,38.412,1,0,1,COMPACT,0,-1.0,0.0,135,135,0,0,72,1,0.955793,-0.053871,0.0,2.875229,24.323658,1.17159,7.911111,0.451359,4.597831,0.628924,18.778327,6.956607,23.85231,3.511111,0.92,1.55,0.07,0.5,0.78865,0.193904,19.95082,0.761077,0.174404,20.160223
2026-05-26T20:05:09.910,20260526-200419-sentence-script-starting-from-a-single-c-d95744,38.61,38.61,1,0,1,COMPACT,0,-1.0,0.0,135,135,0,0,72,1,0.955933,-0.05398,0.0,2.829646,24.596499,1.182641,7.896296,0.45158,4.795831,0.628924,19.001951,6.987586,24.124906,3.511111,0.92,1.55,0.07,0.5,0.763025,0.173693,20.157515,0.737576,0.151751,20.376361
2026-05-26T20:05:10.333,20260526-200419-sentence-script-starting-from-a-single-c-d95744,38.808,38.808,1,0,1,COMPACT,0,-1.0,0.0,135,135,0,0,71,1,0.955947,-0.054209,0.0,2.780978,24.857245,1.184278,7.896296,0.451729,4.993831,0.628924,19.228681,7.021265,24.385486,3.511111,0.92,1.55,0.07,0.5,0.739594,0.151093,20.371408,0.716534,0.126604,20.588018
2026-05-26T20:05:10.745,20260526-200419-sentence-script-starting-from-a-single-c-d95744,39.006,39.006,1,0,1,COMPACT,0,-1.0,0.0,135,135,0,0,72,1,0.955925,-0.054444,0.0,2.729735,25.099211,1.193533,8.0,0.45183,5.191831,0.628924,19.457656,7.05712,24.627341,3.511111,0.92,1.55,0.07,0.5,0.718646,0.126079,20.575489,0.698288,0.099262,20.781855
2026-05-26T20:05:11.154,20260526-200419-sentence-script-starting-from-a-single-c-d95744,39.204,39.204,1,0,1,COMPACT,0,-1.0,0.0,135,135,0,0,73,1,0.955875,-0.054743,0.0,2.707446,25.339555,1.199214,7.955556,0.451898,5.389831,0.628924,19.688975,7.094874,24.867609,3.511111,0.92,1.55,0.07,0.5,0.700447,0.098964,20.77243,0.683055,0.070067,20.973766
2026-05-26T20:05:11.573,20260526-200419-sentence-script-starting-from-a-single-c-d95744,39.402,39.402,1,0,1,COMPACT,0,-1.0,0.0,135,135,0,0,73,1,0.955855,-0.05512,0.0,2.674841,25.606574,1.202794,7.940741,0.451945,5.587831,0.628924,19.922092,7.134377,25.134577,3.511111,0.92,1.55,0.07,0.5,0.685274,0.069973,20.972029,0.671094,0.039296,21.184762
2026-05-26T20:05:12.016,20260526-200419-sentence-script-starting-from-a-single-c-d95744,39.6,39.6,1,0,1,COMPACT,0,-1.0,0.0,135,135,0,0,73,1,0.95577,-0.055409,0.0,2.625174,25.886961,1.202789,7.896296,0.451976,5.785831,0.628924,20.156288,7.175532,25.41493,3.511111,0.92,1.55,0.07,0.5,0.67328,0.039494,21.185392,0.66244,0.007489,21.409449
2026-05-26T20:05:12.548,20260526-200419-sentence-script-starting-from-a-single-c-d95744,39.816,39.816,1,0,1,COMPACT,0,-1.0,0.0,135,135,0,1,73,1,0.955729,-0.05574,0.0,2.58353,26.177027,1.204809,7.940741,0.451998,6.001831,0.628924,20.412426,7.222206,25.704971,3.511111,0.92,1.55,0.07,0.5,0.664001,0.005011,21.421854,0.657007,-0.028044,21.642899
2026-05-26T20:05:12.966,20260526-200419-sentence-script-starting-from-a-single-c-d95744,40.014,40.014,1,0,1,COMPACT,0,-1.0,0.0,135,135,0,1,73,1,0.955771,-0.056027,0.0,2.557934,26.430348,1.207418,7.955556,0.452012,6.199831,0.628924,20.647809,7.266504,25.958277,3.511111,0.92,1.55,0.07,0.5,0.659146,-0.027366,21.632193,0.655806,-0.06097,21.846004
2026-05-26T20:05:13.555,20260526-200419-sentence-script-starting-from-a-single-c-d95744,40.212,40.212,1,0,1,COMPACT,0,-1.0,0.0,135,135,0,1,73,1,0.955853,-0.056233,0.0,2.535042,26.682694,1.207845,7.955556,0.452021,6.397831,0.628924,20.883718,7.303918,26.210613,3.511111,0.92,1.55,0.07,0.5,0.65786,-0.060037,21.837319,0.658205,-0.093752,22.047738
2026-05-26T20:05:14.022,20260526-200419-sentence-script-starting-from-a-single-c-d95744,40.41,40.41,1,0,1,COMPACT,0,-1.0,0.0,135,135,0,1,72,1,0.95585,-0.056384,0.0,2.534142,26.937191,1.212445,8.0,0.452027,6.595831,0.628924,21.120208,7.290305,26.465102,3.511111,0.92,1.55,0.07,0.5,0.660106,-0.092608,22.041015,0.664053,-0.126036,22.251164
2026-05-26T20:05:14.430,20260526-200419-sentence-script-starting-from-a-single-c-d95744,40.608,40.608,1,0,1,COMPACT,0,-1.0,0.0,135,135,0,1,72,1,0.955818,-0.05655,0.0,2.53057,27.193342,1.21112,8.0,0.452032,6.793831,0.628924,21.357457,7.275867,26.721249,3.511111,0.92,1.55,0.07,0.5,0.665818,-0.124706,22.24515,0.673321,-0.157499,22.456027
2026-05-26T20:05:14.870,20260526-200419-sentence-script-starting-from-a-single-c-d95744,40.806,40.806,1,0,1,COMPACT,0,-1.0,0.0,135,135,0,1,72,1,0.95584,-0.056719,0.0,2.528065,27.450897,1.214393,8.014815,0.452035,6.991831,0.628924,21.59558,7.260905,26.978801,3.511111,0.92,1.55,0.07,0.5,0.674959,-0.155993,22.449974,0.685984,-0.187772,22.661805
2026-05-26T20:05:15.248,20260526-200419-sentence-script-starting-from-a-single-c-d95744,41.004,41.004,1,0,1,COMPACT,0,-1.0,0.0,135,135,0,1,72,1,0.955839,-0.056963,0.0,2.529646,27.709873,1.222319,8.0,0.452037,7.189831,0.628924,21.834882,7.245774,27.237774,3.511111,0.92,1.55,0.07,0.5,0.687442,-0.186121,22.65643,0.701831,-0.216562,22.869434
2026-05-26T20:05:15.675,20260526-200419-sentence-script-starting-from-a-single-c-d95744,41.202,41.202,1,0,1,COMPACT,0,-1.0,0.0,135,135,0,1,73,1,0.955887,-0.057184,0.0,2.530771,27.963195,1.236595,8.0,0.452038,7.387831,0.628924,22.076124,7.230697,27.491094,3.511111,0.92,1.55,0.07,0.5,0.703105,-0.214752,22.861366,0.72072,-0.243453,23.071997
2026-05-26T20:05:16.252,20260526-200419-sentence-script-starting-from-a-single-c-d95744,41.4,41.4,1,0,1,COMPACT,0,-1.0,0.0,135,135,0,1,73,1,0.956005,-0.057337,0.0,2.526211,28.218864,1.248303,7.955556,0.452039,7.585831,0.628924,22.319684,7.216024,27.746763,3.511111,0.92,1.55,0.07,0.5,0.721825,-0.241481,23.06542,0.742483,-0.268063,23.276221
2026-05-26T20:05:16.773,20260526-200419-sentence-script-starting-from-a-single-c-d95744,41.616,41.616,1,0,1,COMPACT,0,-1.0,0.0,135,135,0,1,74,1,0.955997,-0.057604,0.0,2.529562,28.509756,1.253692,8.0,0.452039,7.801831,0.628924,22.58776,7.20127,28.037654,3.511111,0.92,1.55,0.07,0.5,0.745393,-0.26814,23.29144,0.768974,-0.292139,23.508161
2026-05-26T20:05:17.188,20260526-200419-sentence-script-starting-from-a-single-c-d95744,41.814,41.814,1,0,1,COMPACT,0,-1.0,0.0,135,135,0,1,74,1,0.955796,-0.057854,0.0,2.524818,28.77808,1.25903,7.985185,0.45204,7.999831,0.628924,22.835135,7.189544,28.305977,3.511111,0.92,1.55,0.07,0.5,0.769497,-0.290017,23.503516,0.795384,-0.311333,23.723081
2026-05-26T20:05:17.578,20260526-200419-sentence-script-starting-from-a-single-c-d95744,42.012,42.012,1,0,1,COMPACT,0,-1.0,0.0,135,135,0,1,74,1,0.955571,-0.058046,0.0,2.514493,29.043501,1.265046,7.97037,0.45204,8.197831,0.628924,23.083853,7.193205,28.571398,3.511111,0.92,1.55,0.07,0.5,0.795709,-0.309125,23.716313,0.823661,-0.327461,23.935561
2026-05-26T20:05:17.978,20260526-200419-sentence-script-starting-from-a-single-c-d95744,42.21,42.21,1,0,1,COMPACT,0,-1.0,0.0,135,135,0,1,74,1,0.955333,-0.058221,0.0,2.508879,29.307857,1.268139,7.955556,0.45204,8.395831,0.628924,23.333596,7.21227,28.835754,3.511111,0.92,1.55,0.07,0.5,0.823769,-0.325234,23.928471,0.853488,-0.340383,24.147048
2026-05-26T20:05:18.399,20260526-200419-sentence-script-starting-from-a-single-c-d95744,42.408,42.408,1,0,1,COMPACT,0,-1.0,0.0,135,135,0,1,75,1,0.95514,-0.058357,0.0,2.506462,29.572052,1.271668,7.97037,0.45204,8.593831,0.628924,23.584208,7.238235,29.099949,3.511111,0.92,1.55,0.07,0.5,0.853376,-0.338149,24.140229,0.884557,-0.349922,24.358459
2026-05-26T20:05:18.829,20260526-200419-sentence-script-starting-from-a-single-c-d95744,42.606,42.606,1,0,1,COMPACT,0,-1.0,0.0,135,135,0,1,75,1,0.955011,-0.058466,0.0,2.504201,29.835892,1.274175,7.97037,0.45204,8.791831,0.628924,23.835638,7.269225,29.363789,3.511111,0.92,1.55,0.07,0.5,0.884233,-0.347715,24.351594,0.916536,-0.355977,24.569503
2026-05-26T20:05:19.245,20260526-200419-sentence-script-starting-from-a-single-c-d95744,42.804,42.804,1,0,1,COMPACT,0,-1.0,0.0,135,135,0,1,75,1,0.954877,-0.058591,0.0,2.501196,30.100815,1.275906,8.0,0.45204,8.989831,0.628924,24.087638,7.302714,29.628712,3.511111,0.92,1.55,0.07,0.5,0.915959,-0.353836,24.563016,0.948967,-0.35852,24.781332
2026-05-26T20:05:19.765,20260526-200419-sentence-script-starting-from-a-single-c-d95744,43.002,43.002,1,0,1,COMPACT,0,-1.0,0.0,135,135,0,0,75,1,0.95472,-0.058738,0.0,2.497963,30.367139,1.276692,7.97037,0.45204,9.187831,0.628924,24.33994,7.337747,29.895036,3.511111,0.92,1.55,0.07,0.5,0.948147,-0.356468,24.775131,0.981446,-0.357534,24.994309
2026-05-26T20:05:20.290,20260526-200419-sentence-script-starting-from-a-single-c-d95744,43.2,43.2,1,0,1,COMPACT,0,-1.0,0.0,135,135,0,0,75,1,0.954572,-0.058862,0.0,2.495364,30.634315,1.277506,8.0,0.45204,9.385831,0.628924,24.59246,7.373708,30.162212,3.511111,0.92,1.55,0.07,0.5,0.980412,-0.355572,24.988052,1.013615,-0.352988,25.208
2026-05-26T20:05:20.867,20260526-200419-sentence-script-starting-from-a-single-c-d95744,43.416,43.416,1,0,1,COMPACT,0,-1.0,0.0,135,135,0,0,76,1,0.954396,-0.058964,0.0,2.493603,30.926414,1.278257,8.014815,0.452041,9.601831,0.628924,24.868133,7.41359,30.454311,3.511111,0.92,1.55,0.07,0.5,1.015247,-0.350565,25.221063,1.047885,-0.344022,25.441641
2026-05-26T20:05:21.326,20260526-200419-sentence-script-starting-from-a-single-c-d95744,43.614,43.614,1,0,1,COMPACT,0,-1.0,0.0,135,135,0,0,77,1,0.954218,-0.05905,0.0,2.493079,31.194603,1.279093,8.0,0.452041,9.799831,0.628924,25.121023,7.450574,30.7225,3.511111,0.92,1.55,0.07,0.5,1.04643,-0.342341,25.435159,1.078137,-0.33226,25.656167
2026-05-26T20:05:21.849,20260526-200419-sentence-script-starting-from-a-single-c-d95744,43.812,43.812,1,0,1,COMPACT,0,-1.0,0.0,135,135,0,0,78,1,0.954021,-0.059136,0.0,2.49326,31.463128,1.280073,8.014815,0.452041,9.997831,0.628924,25.374126,7.487882,30.991024,3.511111,0.92,1.55,0.07,0.5,1.076507,-0.330753,25.649614,1.106903,-0.317262,25.87096
2026-05-26T20:05:22.313,20260526-200419-sentence-script-starting-from-a-single-c-d95744,44.01,44.01,1,0,1,COMPACT,0,-1.0,0.0,135,135,0,0,78,1,0.953819,-0.059213,0.0,2.493373,31.732082,1.280994,8.014815,0.452041,10.195831,0.628924,25.627442,7.525458,31.259978,3.511111,0.92,1.55,0.07,0.5,1.105122,-0.315939,25.864399,1.13385,-0.299197,26.086092
2026-05-26T20:05:22.744,20260526-200419-sentence-script-starting-from-a-single-c-d95744,44.208,44.208,1,0,1,COMPACT,0,-1.0,0.0,135,135,0,0,79,1,0.953624,-0.059279,0.0,2.493295,32.001332,1.281932,8.02963,0.452041,10.393831,0.628924,25.880964,7.563263,31.529228,3.511111,0.92,1.55,0.07,0.5,1.131943,-0.298074,26.079499,1.158672,-0.278278,26.301479
2026-05-26T20:05:23.156,20260526-200419-sentence-script-starting-from-a-single-c-d95744,44.406,44.406,1,0,1,COMPACT,0,-1.0,0.0,135,135,0,1,80,1,0.953439,-0.059337,0.0,2.493221,32.270716,1.283093,8.02963,0.452041,10.591831,0.628924,26.134712,7.601277,31.798612,3.511111,0.92,1.55,0.07,0.5,1.156658,-0.27737,26.294813,1.181073,-0.254755,26.516973
2026-05-26T20:05:23.596,20260526-200419-sentence-script-starting-from-a-single-c-d95744,44.604,44.604,1,0,1,COMPACT,0,-1.0,0.0,135,135,0,1,80,1,0.953258,-0.059392,0.0,2.493178,32.54042,1.284155,8.02963,0.452041,10.789831,0.628924,26.3887,7.639492,32.068317,3.511111,0.92,1.55,0.07,0.5,1.178974,-0.254075,26.51032,1.200783,-0.228913,26.732709
2026-05-26T20:05:24.025,20260526-200419-sentence-script-starting-from-a-single-c-d95744,44.802,44.802,1,0,1,COMPACT,0,-1.0,0.0,135,135,0,1,80,1,0.953079,-0.059446,0.0,2.49335,32.81042,1.284926,8.02963,0.452041,10.987831,0.628924,26.642887,7.677904,32.338316,3.511111,0.92,1.55,0.07,0.5,1.198622,-0.228468,26.726065,1.217563,-0.201063,26.948694
2026-05-26T20:05:24.483,20260526-200419-sentence-script-starting-from-a-single-c-d95744,45.0,45.0,1,0,1,COMPACT,0,-1.0,0.0,135,135,0,1,80,1,0.952902,-0.059502,0.0,2.493823,33.080527,1.285474,8.02963,0.452041,11.185831,0.628924,26.897217,7.716509,32.608424,3.511111,0.92,1.55,0.07,0.5,1.215366,-0.200858,26.941998,1.231211,-0.171537,27.164776
2026-05-26T20:05:24.941,20260526-200419-sentence-script-starting-from-a-single-c-d95744,45.216,45.216,1,0,1,COMPACT,0,-1.0,0.0,135,135,0,1,80,1,0.952706,-0.059561,0.0,2.494356,33.375243,1.285786,8.044444,0.452041,11.401831,0.628924,27.174754,7.758832,32.90314,3.511111,0.92,1.55,0.07,0.5,1.230083,-0.168838,27.177677,1.242333,-0.137822,27.400544
2026-05-26T20:05:25.434,20260526-200419-sentence-script-starting-from-a-single-c-d95744,45.414,45.414,1,0,1,COMPACT,0,-1.0,0.0,135,135,0,1,81,1,0.952524,-0.059615,0.0,2.494621,33.645516,1.28629,8.044444,0.452041,11.599831,0.628924,27.429261,7.797812,33.173413,3.511111,0.92,1.55,0.07,0.5,1.240144,-0.138119,27.393798,1.248942,-0.105936,27.616752
2026-05-26T20:05:25.895,20260526-200419-sentence-script-starting-from-a-single-c-d95744,45.612,45.612,1,0,1,COMPACT,0,-1.0,0.0,135,135,0,1,81,1,0.952342,-0.05967,0.0,2.49479,33.915918,1.286676,8.059259,0.452041,11.797831,0.628924,27.683867,7.836963,33.443815,3.511111,0.92,1.55,0.07,0.5,1.246799,-0.106471,27.610012,1.252039,-0.073502,27.833066
2026-05-26T20:05:26.366,20260526-200419-sentence-script-starting-from-a-single-c-d95744,45.81,45.81,1,0,1,COMPACT,0,-1.0,0.0,135,135,0,1,82,1,0.952161,-0.059723,0.0,2.495052,34.18638,1.287167,8.059259,0.452041,11.995831,0.628924,27.938565,7.876281,33.714277,3.511111,0.92,1.55,0.07,0.5,1.249968,-0.074266,27.826311,1.251587,-0.040903,28.049434
2026-05-26T20:05:26.787,20260526-200419-sentence-script-starting-from-a-single-c-d95744,46.008,46.008,1,0,1,COMPACT,0,-1.0,0.0,135,135,0,1,83,1,0.951984,-0.059775,0.0,2.495414,34.456831,1.287755,8.059259,0.452041,12.193831,0.628924,28.19338,7.915759,33.984728,3.511111,0.92,1.55,0.07,0.5,1.249612,-0.041888,28.042651,1.24759,-0.008525,28.265797
2026-05-26T20:05:27.193,20260526-200419-sentence-script-starting-from-a-single-c-d95744,46.206,46.206,1,0,1,COMPACT,0,-1.0,0.0,135,135,0,1,84,1,0.95181,-0.059823,0.0,2.495775,34.727275,1.289632,8.059259,0.452041,12.391831,0.628924,28.448383,7.955389,34.255172,3.511111,0.92,1.55,0.07,0.5,1.245736,-0.009719,28.259,1.240096,0.023248,28.482151
2026-05-26T20:05:27.609,20260526-200419-sentence-script-starting-from-a-single-c-d95744,46.404,46.404,1,0,1,COMPACT,0,-1.0,0.0,135,135,0,1,84,1,0.951615,-0.059829,0.0,2.496053,34.997739,1.290999,8.088889,0.452041,12.589831,0.628924,28.703703,7.995165,34.525636,3.511111,0.92,1.55,0.07,0.5,1.238376,0.021871,28.475357,1.229169,0.054077,28.69852
2026-05-26T20:05:28.013,20260526-200419-sentence-script-starting-from-a-single-c-d95744,46.602,46.602,1,0,1,COMPACT,0,-1.0,0.0,135,135,0,1,84,1,0.951389,-0.059859,0.0,2.49628,35.268244,1.291652,8.074074,0.452041,12.787831,0.628924,28.959203,8.035081,34.79614,3.511111,0.92,1.55,0.07,0.5,1.227602,0.052508,28.691733,1.214921,0.08354,28.914921
2026-05-26T20:05:28.469,20260526-200419-sentence-script-starting-from-a-single-c-d95744,46.8,46.8,1,0,1,COMPACT,0,-1.0,0.0,135,135,0,1,84,1,0.951161,-0.059898,0.0,2.496508,35.538744,1.29226,8.074074,0.452041,12.985831,0.628924,29.214855,8.07513,35.06664,3.511111,0.92,1.55,0.07,0.5,1.213539,0.081805,28.908129,1.197545,0.111291,29.131325
2026-05-26T20:05:28.950,20260526-200419-sentence-script-starting-from-a-single-c-d95744,47.016,47.016,1,0,1,COMPACT,0,-1.0,0.0,135,135,0,1,85,1,0.95094,-0.059944,0.0,2.496778,35.833629,1.295373,8.074074,0.452041,13.201831,0.628924,29.494054,8.118963,35.361526,3.511111,0.92,1.55,0.07,0.5,1.194667,0.111835,29.144156,1.175296,0.139239,29.367256
2026-05-26T20:05:29.391,20260526-200419-sentence-script-starting-from-a-single-c-d95744,47.214,47.214,1,0,1,COMPACT,0,-1.0,0.0,135,135,0,1,85,1,0.950774,-0.06,0.0,2.497184,36.103567,1.296128,8.088889,0.452041,13.399831,0.628924,29.750311,8.159268,35.631464,3.511111,0.92,1.55,0.07,0.5,1.174364,0.137238,29.360352,1.152152,0.162387,29.583235
2026-05-26T20:05:29.813,20260526-200419-sentence-script-starting-from-a-single-c-d95744,47.412,47.412,1,0,1,COMPACT,0,-1.0,0.0,135,135,0,1,85,1,0.950579,-0.060065,0.0,2.497764,36.373157,1.300603,8.074074,0.452041,13.597831,0.628924,30.006749,8.199684,35.901053,3.511111,0.92,1.55,0.07,0.5,1.151427,0.160292,29.576306,1.126599,0.182888,29.798928
2026-05-26T20:05:30.238,20260526-200419-sentence-script-starting-from-a-single-c-d95744,47.61,47.61,1,0,1,COMPACT,0,-1.0,0.0,135,135,0,0,86,1,0.950467,-0.060149,0.0,2.498526,36.642502,1.306077,8.118519,0.452041,13.795831,0.628924,30.264179,8.240207,36.170399,3.511111,0.92,1.55,0.07,0.5,1.126122,0.180724,29.792021,1.099027,0.200494,30.014418
2026-05-26T20:05:30.665,20260526-200419-sentence-script-starting-from-a-single-c-d95744,47.808,47.808,1,0,1,COMPACT,0,-1.0,0.0,135,135,0,0,86,1,0.950332,-0.060186,0.0,2.499241,36.911724,1.313604,8.148148,0.452041,13.993831,0.628924,30.523001,8.280829,36.439621,3.511111,0.92,1.55,0.07,0.5,1.098783,0.198313,30.007557,1.069697,0.215057,30.229803
2026-05-26T20:05:31.074,20260526-200419-sentence-script-starting-from-a-single-c-d95744,48.006,48.006,1,0,1,COMPACT,0,-1.0,0.0,135,135,0,0,86,1,0.950094,-0.060267,0.0,2.4997,37.180833,1.316616,8.177778,0.452041,14.191831,0.628924,30.782844,8.321545,36.70873,3.511111,0.92,1.55,0.07,0.5,1.069647,0.212842,30.22297,1.038843,0.226324,30.4451
2026-05-26T20:05:31.487,20260526-200419-sentence-script-starting-from-a-single-c-d95744,48.204,48.204,1,0,1,COMPACT,0,-1.0,0.0,135,135,0,0,87,1,0.949852,-0.060331,0.0,2.50004,37.449869,1.326721,8.162963,0.452041,14.389831,0.628924,31.043745,8.362349,36.977765,3.511111,0.92,1.55,0.07,0.5,1.039045,0.224116,30.43828,1.006922,0.234198,30.660326
2026-05-26T20:05:31.910,20260526-200419-sentence-script-starting-from-a-single-c-d95744,48.402,48.402,1,0,1,COMPACT,0,-1.0,0.0,135,135,0,0,87,1,0.949656,-0.060298,0.0,2.500343,37.719032,1.32998,8.162963,0.452041,14.587831,0.628924,31.306021,8.403235,37.246928,3.511111,0.92,1.55,0.07,0.5,1.007394,0.232057,30.65357,0.974374,0.238674,30.875647
2026-05-26T20:05:32.342,20260526-200419-sentence-script-starting-from-a-single-c-d95744,48.6,48.6,1,0,1,COMPACT,0,-1.0,0.0,135,135,0,0,87,1,0.949516,-0.060241,0.0,2.500637,37.988303,1.332626,8.222222,0.452041,14.785831,0.628924,31.569271,8.444198,37.516199,3.511111,0.92,1.55,0.07,0.5,0.975093,0.236602,30.868905,0.94159,0.239653,31.091037
2026-05-26T20:05:32.886,20260526-200419-sentence-script-starting-from-a-single-c-d95744,48.816,48.816,1,0,1,COMPACT,0,-1.0,0.0,135,135,0,0,87,1,0.949405,-0.06033,0.0,2.50067,38.283935,1.338834,8.251852,0.452041,15.001831,0.628924,31.857333,8.488966,37.811832,3.511111,0.92,1.55,0.07,0.5,0.93957,0.237526,31.104295,0.905986,0.23653,31.327373
2026-05-26T20:05:33.390,20260526-200419-sentence-script-starting-from-a-single-c-d95744,49.014,49.014,1,0,1,COMPACT,0,-1.0,0.0,135,135,0,0,88,1,0.949338,-0.060519,0.0,2.5015,38.56088,1.343008,8.266667,0.452041,15.199831,0.628924,32.122376,8.530074,38.088777,3.511111,0.92,1.55,0.07,0.5,0.90716,0.234575,31.322087,0.873915,0.229856,31.548553
2026-05-26T20:05:33.894,20260526-200419-sentence-script-starting-from-a-single-c-d95744,49.212,49.212,1,0,1,COMPACT,0,-1.0,0.0,135,135,0,0,89,1,0.949241,-0.060608,0.0,2.501527,38.828095,1.344423,8.237037,0.452041,15.397831,0.628924,32.388119,8.571243,38.355991,3.511111,0.92,1.55,0.07,0.5,0.875262,0.22811,31.540469,0.842707,0.219841,31.763348
2026-05-26T20:05:34.321,20260526-200419-sentence-script-starting-from-a-single-c-d95744,49.41,49.41,1,0,1,COMPACT,0,-1.0,0.0,135,135,0,0,89,1,0.949146,-0.060671,0.0,2.500368,39.094477,1.349717,8.266667,0.452041,15.595831,0.628924,32.654541,8.612471,38.622374,3.511111,0.92,1.55,0.07,0.5,0.84424,0.218262,31.754992,0.812764,0.20654,31.975984
2026-05-26T20:05:34.841,20260526-200419-sentence-script-starting-from-a-single-c-d95744,49.608,49.608,1,0,1,COMPACT,0,-1.0,0.0,135,135,0,0,89,1,0.94905,-0.060775,0.0,2.498353,39.364924,1.351074,8.266667,0.452041,15.793831,0.628924,32.921667,8.653752,38.892821,3.511111,0.92,1.55,0.07,0.5,0.81446,0.205111,31.969943,0.784434,0.190031,32.192211
2026-05-26T20:05:35.353,20260526-200419-sentence-script-starting-from-a-single-c-d95744,49.806,49.806,1,0,1,COMPACT,0,-1.0,0.0,135,135,0,0,89,1,0.948969,-0.060879,0.0,2.493016,39.636853,1.354091,8.281481,0.452041,15.991831,0.628924,33.189007,8.695083,39.16475,3.511111,0.92,1.55,0.07,0.5,0.786283,0.188798,32.186196,0.758072,0.170549,32.409739
2026-05-26T20:05:35.865,20260526-200419-sentence-script-starting-from-a-single-c-d95744,50.004,50.004,1,0,1,COMPACT,0,-1.0,0.0,135,135,0,0,89,1,0.948809,-0.060964,0.0,2.488448,39.907648,1.357577,8.340741,0.452041,16.189831,0.628924,33.457004,8.736461,39.435545,3.511111,0.92,1.55,0.07,0.5,0.760016,0.169532,32.402939,0.733898,0.148343,32.62641
2026-05-26T20:05:36.338,20260526-200419-sentence-script-starting-from-a-single-c-d95744,50.202,50.202,1,0,1,COMPACT,0,-1.0,0.0,135,135,0,0,89,1,0.948672,-0.061065,0.0,2.484634,40.180576,1.361707,8.340741,0.452041,16.387831,0.628924,33.725742,8.777881,39.708473,3.511111,0.92,1.55,0.07,0.5,0.735955,0.147538,32.619988,0.712279,0.123645,32.844475
2026-05-26T20:05:36.814,20260526-200419-sentence-script-starting-from-a-single-c-d95744,50.4,50.4,1,0,1,COMPACT,0,-1.0,0.0,135,135,0,0,89,1,0.948552,-0.061203,0.0,2.487566,40.456794,1.367762,8.340741,0.452041,16.585831,0.628924,33.995486,8.819342,39.984691,3.511111,0.92,1.55,0.07,0.5,0.714426,0.123062,32.838781,0.693487,0.096727,33.065371
2026-05-26T20:05:37.299,20260526-200419-sentence-script-starting-from-a-single-c-d95744,50.616,50.616,1,0,1,COMPACT,0,-1.0,0.0,135,135,0,0,91,1,0.94849,-0.061396,0.0,2.477939,40.760401,1.380957,8.4,0.452041,16.801831,0.628924,34.291566,8.864613,40.288298,3.511111,0.92,1.55,0.07,0.5,0.694146,0.093847,33.078941,0.676507,0.065193,33.307506
2026-05-26T20:05:37.808,20260526-200419-sentence-script-starting-from-a-single-c-d95744,50.814,50.814,1,0,1,COMPACT,0,-1.0,0.0,135,135,0,0,91,1,0.948325,-0.06152,0.0,2.443402,41.049975,1.398843,8.37037,0.452041,16.999831,0.628924,34.564806,8.906148,40.577872,3.511111,0.92,1.55,0.07,0.5,0.678698,0.06511,33.304232,0.664206,0.03474,33.539198
2026-05-26T20:05:38.256,20260526-200419-sentence-script-starting-from-a-single-c-d95744,51.012,51.012,1,0,1,COMPACT,0,-1.0,0.0,135,135,0,0,91,1,0.948116,-0.061696,0.0,2.442048,41.326959,1.399382,8.4,0.452041,17.197831,0.628924,34.839524,8.947714,40.854856,3.511111,0.92,1.55,0.07,0.5,0.666386,0.034909,33.530272,0.655215,0.00313,33.7613
2026-05-26T20:05:38.651,20260526-200419-sentence-script-starting-from-a-single-c-d95744,51.21,51.21,1,0,1,COMPACT,0,-1.0,0.0,135,135,0,0,91,1,0.948002,-0.061751,0.0,2.466337,41.604221,1.407534,8.503704,0.452041,17.395831,0.628924,35.115519,8.989309,41.132118,3.511111,0.92,1.55,0.07,0.5,0.65742,0.003559,33.754055,0.649791,-0.029162,33.983686
2026-05-26T20:05:39.018,20260526-200419-sentence-script-starting-from-a-single-c-d95744,51.408,51.408,1,0,1,COMPACT,0,-1.0,0.0,135,135,0,0,91,1,0.947757,-0.061879,0.0,2.485982,41.868517,1.424136,8.474074,0.452041,17.593831,0.628924,35.393661,9.030932,41.396414,3.511111,0.92,1.55,0.07,0.5,0.651881,-0.028523,33.972749,0.647775,-0.061879,34.195195
2026-05-26T20:05:39.421,20260526-200419-sentence-script-starting-from-a-single-c-d95744,51.606,51.606,1,0,1,COMPACT,0,-1.0,0.0,135,135,0,0,92,1,0.947677,-0.061989,0.0,2.490533,42.158371,1.434411,8.518519,0.452041,17.791831,0.628924,35.674962,9.072579,41.686268,3.511111,0.92,1.55,0.07,0.5,0.649853,-0.061033,34.192823,0.649457,-0.094614,34.425442
2026-05-26T20:05:39.800,20260526-200419-sentence-script-starting-from-a-single-c-d95744,51.804,51.804,1,0,1,COMPACT,0,-1.0,0.0,135,135,0,0,94,1,0.947689,-0.062042,0.0,2.463116,42.444056,1.444721,8.533333,0.452041,17.989831,0.628924,35.959097,9.114249,41.971953,3.511111,0.92,1.55,0.07,0.5,0.651454,-0.093498,34.419852,0.654787,-0.126874,34.654232
2026-05-26T20:05:40.211,20260526-200419-sentence-script-starting-from-a-single-c-d95744,52.002,52.002,1,0,1,COMPACT,0,-1.0,0.0,135,135,0,0,94,1,0.947635,-0.062235,0.0,2.455296,42.743042,1.45428,8.518519,0.452041,18.187831,0.628924,36.245432,9.155941,42.270939,3.511111,0.92,1.55,0.07,0.5,0.656584,-0.125627,34.650923,0.66351,-0.158513,34.892787
2026-05-26T20:05:40.586,20260526-200419-sentence-script-starting-from-a-single-c-d95744,52.2,52.2,1,0,1,COMPACT,0,-1.0,0.0,135,135,0,0,94,1,0.947631,-0.062393,0.0,2.412989,43.026842,1.462827,8.577778,0.452041,18.385831,0.628924,36.53354,9.197653,42.554739,3.511111,0.92,1.55,0.07,0.5,0.665189,-0.157047,34.884192,0.675663,-0.188987,35.12147
2026-05-26T20:05:41.031,20260526-200419-sentence-script-starting-from-a-single-c-d95744,52.416,52.416,1,0,1,COMPACT,0,-1.0,0.0,135,135,0,0,94,1,0.947489,-0.062461,0.0,2.395713,43.333738,1.467371,8.533333,0.452041,18.601831,0.628924,36.848938,9.243177,42.861635,3.511111,0.92,1.55,0.07,0.5,0.678352,-0.189999,35.131704,0.692445,-0.220409,35.365699
2026-05-26T20:05:41.424,20260526-200419-sentence-script-starting-from-a-single-c-d95744,52.614,52.614,1,0,1,COMPACT,0,-1.0,0.0,135,135,0,0,95,1,0.947493,-0.062375,0.0,2.373171,43.636445,1.46834,8.577778,0.452041,18.799831,0.628924,37.138216,9.284925,43.164342,3.511111,0.92,1.55,0.07,0.5,0.693747,-0.21854,35.363712,0.711111,-0.247114,35.607342
2026-05-26T20:05:41.789,20260526-200419-sentence-script-starting-from-a-single-c-d95744,52.812,52.812,1,0,1,COMPACT,0,-1.0,0.0,135,135,0,0,95,1,0.947538,-0.0623,0.0,2.313303,43.949009,1.465874,8.622222,0.452041,18.997831,0.628924,37.427689,9.326688,43.476905,3.511111,0.92,1.55,0.07,0.5,0.712221,-0.245157,35.60335,0.732637,-0.271635,35.855712
2026-05-26T20:05:42.168,20260526-200419-sentence-script-starting-from-a-single-c-d95744,53.01,53.01,1,0,1,COMPACT,0,-1.0,0.0,135,135,0,1,95,1,0.947456,-0.062137,0.0,2.254004,44.253321,1.458402,8.637037,0.452041,19.195831,0.628924,37.716645,9.368466,43.781218,3.511111,0.92,1.55,0.07,0.5,0.733472,-0.269565,35.849915,0.75659,-0.293599,36.101639
2026-05-26T20:05:42.559,20260526-200419-sentence-script-starting-from-a-single-c-d95744,53.208,53.208,1,0,1,COMPACT,0,-1.0,0.0,135,135,0,1,96,1,0.947391,-0.062059,0.0,2.249736,44.545552,1.451929,8.607407,0.452041,19.393831,0.628924,38.004215,9.410257,44.073449,3.511111,0.92,1.55,0.07,0.5,0.757211,-0.291477,36.089218,0.782803,-0.312874,36.334504
2026-05-26T20:05:43.014,20260526-200419-sentence-script-starting-from-a-single-c-d95744,53.406,53.406,1,0,1,COMPACT,0,-1.0,0.0,135,135,0,1,96,1,0.947352,-0.062111,0.0,2.239762,44.8473,1.449539,8.622222,0.452041,19.591831,0.628924,38.291032,9.45206,44.375196,3.511111,0.92,1.55,0.07,0.5,0.783214,-0.310752,36.328515,0.811001,-0.329325,36.576055
2026-05-26T20:05:43.529,20260526-200419-sentence-script-starting-from-a-single-c-d95744,53.604,53.604,1,0,1,COMPACT,0,-1.0,0.0,135,135,0,1,96,1,0.947375,-0.062133,0.0,2.233781,45.14238,1.452385,8.651852,0.452041,19.789831,0.628924,38.577621,9.493874,44.670277,3.511111,0.92,1.55,0.07,0.5,0.81118,-0.327142,36.567466,0.840864,-0.342598,36.81255
2026-05-26T20:05:43.940,20260526-200419-sentence-script-starting-from-a-single-c-d95744,53.802,53.802,1,0,1,COMPACT,0,-1.0,0.0,135,135,0,1,98,1,0.947383,-0.062105,0.0,2.238605,45.436382,1.455553,8.607407,0.452041,19.987831,0.628924,38.864655,9.535699,44.964279,3.511111,0.92,1.55,0.07,0.5,0.840807,-0.340361,36.804218,0.872009,-0.352473,37.047697
2026-05-26T20:05:44.348,20260526-200419-sentence-script-starting-from-a-single-c-d95744,54.0,54.0,1,0,1,COMPACT,0,-1.0,0.0,135,135,0,1,99,1,0.947131,-0.062145,0.0,2.274936,45.732479,1.45945,8.607407,0.452041,20.185831,0.628924,39.152484,9.577533,45.260376,3.511111,0.92,1.55,0.07,0.5,0.871591,-0.350302,37.040657,0.903763,-0.358987,37.284734
2026-05-26T20:05:44.782,20260526-200419-sentence-script-starting-from-a-single-c-d95744,54.216,54.216,1,0,1,COMPACT,0,-1.0,0.0,135,135,0,1,99,1,0.947037,-0.062054,0.0,2.315641,46.045396,1.466726,8.666667,0.452041,20.401831,0.628924,39.467818,9.62318,45.573293,3.511111,0.92,1.55,0.07,0.5,0.90613,-0.357233,37.296118,0.939144,-0.361957,37.535539
2026-05-26T20:05:45.195,20260526-200419-sentence-script-starting-from-a-single-c-d95744,54.414,54.414,1,0,1,COMPACT,0,-1.0,0.0,135,135,0,1,99,1,0.94696,-0.062013,0.0,2.328266,46.327384,1.478316,8.622222,0.452041,20.599831,0.628924,39.759053,9.665032,45.855281,3.511111,0.92,1.55,0.07,0.5,0.938353,-0.359894,37.526094,0.971709,-0.360991,37.761419
2026-05-26T20:05:45.583,20260526-200419-sentence-script-starting-from-a-single-c-d95744,54.612,54.612,1,0,1,COMPACT,0,-1.0,0.0,135,135,0,1,99,1,0.946872,-0.062062,0.0,2.345046,46.60415,1.484179,8.651852,0.452041,20.797831,0.628924,40.051812,9.706892,46.132047,3.511111,0.92,1.55,0.07,0.5,0.970685,-0.359059,37.752591,1.003968,-0.356574,37.983911
2026-05-26T20:05:45.990,20260526-200419-sentence-script-starting-from-a-single-c-d95744,54.81,54.81,1,0,1,COMPACT,0,-1.0,0.0,135,135,0,1,100,1,0.946826,-0.062126,0.0,2.373457,46.883206,1.488964,8.711111,0.452041,20.995831,0.628924,40.345634,9.748758,46.411103,3.511111,0.92,1.55,0.07,0.5,1.00275,-0.354755,37.974579,1.035589,-0.348688,38.205179
2026-05-26T20:05:46.403,20260526-200419-sentence-script-starting-from-a-single-c-d95744,55.008,55.008,1,0,1,COMPACT,0,-1.0,0.0,135,135,0,1,100,1,0.946842,-0.062158,0.0,2.3599,47.18918,1.497247,8.622222,0.452041,21.193831,0.628924,40.640901,9.790631,46.717077,3.511111,0.92,1.55,0.07,0.5,1.034197,-0.347001,38.20498,1.066228,-0.337388,38.448798
2026-05-26T20:05:46.786,20260526-200419-sentence-script-starting-from-a-single-c-d95744,55.206,55.206,1,0,1,COMPACT,0,-1.0,0.0,135,135,0,1,100,1,0.94672,-0.062075,0.0,2.341181,47.495555,1.500004,8.637037,0.452041,21.391831,0.628924,40.93722,9.832509,47.023451,3.511111,0.92,1.55,0.07,0.5,1.064594,-0.335816,38.44507,1.095318,-0.322702,38.694392
2026-05-26T20:05:47.193,20260526-200419-sentence-script-starting-from-a-single-c-d95744,55.404,55.404,1,0,1,COMPACT,0,-1.0,0.0,135,135,0,1,101,1,0.946661,-0.062005,0.0,2.326289,47.797329,1.499428,8.592593,0.452041,21.589831,0.628924,41.23387,9.874393,47.325226,3.511111,0.92,1.55,0.07,0.5,1.093564,-0.32134,38.686614,1.122698,-0.304933,38.935713
2026-05-26T20:05:47.569,20260526-200419-sentence-script-starting-from-a-single-c-d95744,55.602,55.602,1,0,1,COMPACT,0,-1.0,0.0,135,135,0,1,103,1,0.946623,-0.061933,0.0,2.285098,48.105476,1.501573,8.637037,0.452041,21.787831,0.628924,41.530506,9.916282,47.633373,3.511111,0.92,1.55,0.07,0.5,1.120813,-0.30379,38.929564,1.148014,-0.284296,39.181678
2026-05-26T20:05:47.961,20260526-200419-sentence-script-starting-from-a-single-c-d95744,55.8,55.8,1,0,1,COMPACT,0,-1.0,0.0,135,135,0,1,103,1,0.946689,-0.061883,0.0,2.245295,48.423282,1.494767,8.696296,0.452041,21.985831,0.628924,41.826577,9.958176,47.951179,3.511111,0.92,1.55,0.07,0.5,1.146045,-0.283361,39.177157,1.171047,-0.261029,39.435383
2026-05-26T20:05:48.431,20260526-200419-sentence-script-starting-from-a-single-c-d95744,56.016,56.016,1,0,1,COMPACT,0,-1.0,0.0,135,135,0,1,104,1,0.946769,-0.061871,0.0,2.242,48.767595,1.49054,8.696296,0.452041,22.201831,0.628924,42.148486,10.003882,48.295491,3.511111,0.92,1.55,0.07,0.5,1.17093,-0.258134,39.451723,1.19315,-0.233027,39.71132
2026-05-26T20:05:48.817,20260526-200419-sentence-script-starting-from-a-single-c-d95744,56.214,56.214,1,0,1,COMPACT,0,-1.0,0.0,135,135,0,1,104,1,0.946721,-0.061883,0.0,2.250068,49.078618,1.488143,8.711111,0.452041,22.399831,0.628924,42.44302,10.045785,48.606515,3.511111,0.92,1.55,0.07,0.5,1.190955,-0.232581,39.702589,1.210256,-0.205241,39.96041
2026-05-26T20:05:49.272,20260526-200419-sentence-script-starting-from-a-single-c-d95744,56.412,56.412,1,0,1,COMPACT,0,-1.0,0.0,135,135,0,1,104,1,0.946641,-0.061883,0.0,2.254441,49.386072,1.487258,8.696296,0.452041,22.597831,0.628924,42.737393,10.08769,48.913969,3.511111,0.92,1.55,0.07,0.5,1.208028,-0.205027,39.951247,1.224198,-0.175754,40.206581
2026-05-26T20:05:49.720,20260526-200419-sentence-script-starting-from-a-single-c-d95744,56.61,56.61,1,0,1,COMPACT,0,-1.0,0.0,135,135,0,0,105,1,0.946571,-0.061854,0.0,2.257033,49.694617,1.487639,8.681481,0.452041,22.795831,0.628924,43.031832,10.129599,49.222514,3.511111,0.92,1.55,0.07,0.5,1.221976,-0.175768,40.198246,1.234856,-0.144887,40.453122
2026-05-26T20:05:50.112,20260526-200419-sentence-script-starting-from-a-single-c-d95744,56.808,56.808,1,0,1,COMPACT,0,-1.0,0.0,135,135,0,0,105,1,0.94656,-0.061824,0.0,2.255394,50.004773,1.487668,8.681481,0.452041,22.993831,0.628924,43.326341,10.171511,49.53267,3.511111,0.92,1.55,0.07,0.5,1.232674,-0.145145,40.445801,1.242156,-0.113032,40.701318
2026-05-26T20:05:50.496,20260526-200419-sentence-script-starting-from-a-single-c-d95744,57.006,57.006,1,0,1,COMPACT,0,-1.0,0.0,135,135,0,0,107,1,0.946582,-0.061795,0.0,2.252436,50.312421,1.487288,8.681481,0.452041,23.191831,0.628924,43.620819,10.213426,49.840318,3.511111,0.92,1.55,0.07,0.5,1.24002,-0.113532,40.693144,1.245992,-0.080573,40.947676
2026-05-26T20:05:50.884,20260526-200419-sentence-script-starting-from-a-single-c-d95744,57.204,57.204,1,0,1,COMPACT,0,-1.0,0.0,135,135,0,0,107,1,0.946592,-0.061774,0.0,2.251655,50.617325,1.487197,8.696296,0.452041,23.389831,0.628924,43.91526,10.255344,50.145222,3.511111,0.92,1.55,0.07,0.5,1.243907,-0.081308,40.938959,1.24627,-0.047899,41.191717
2026-05-26T20:05:51.264,20260526-200419-sentence-script-starting-from-a-single-c-d95744,57.402,57.402,1,0,1,COMPACT,0,-1.0,0.0,135,135,0,1,108,1,0.946591,-0.061758,0.0,2.252721,50.922448,1.487316,8.696296,0.452041,23.587831,0.628924,44.209714,10.297264,50.450345,3.511111,0.92,1.55,0.07,0.5,1.24427,-0.048856,41.18356,1.242987,-0.015394,41.435709
2026-05-26T20:05:51.664,20260526-200419-sentence-script-starting-from-a-single-c-d95744,57.6,57.6,1,0,1,COMPACT,0,-1.0,0.0,135,135,0,1,110,1,0.94659,-0.061751,0.0,2.253471,51.229371,1.487456,8.681481,0.452041,23.785831,0.628924,44.5042,10.339186,50.757268,3.511111,0.92,1.55,0.07,0.5,1.241103,-0.016564,41.428318,1.23619,0.016553,41.681125
2026-05-26T20:05:52.260,20260526-200419-sentence-script-starting-from-a-single-c-d95744,57.816,57.816,1,0,1,COMPACT,0,-1.0,0.0,135,135,0,2,110,1,0.946577,-0.061709,0.0,2.252262,51.565478,1.488763,8.711111,0.452041,24.001831,0.628924,44.825602,10.384921,51.093375,3.511111,0.92,1.55,0.07,0.5,1.233666,0.018045,41.696246,1.224855,0.050365,41.949955
2026-05-26T20:05:52.713,20260526-200419-sentence-script-starting-from-a-single-c-d95744,58.014,58.014,1,0,1,COMPACT,0,-1.0,0.0,135,135,0,2,111,1,0.946569,-0.061688,0.0,2.250729,51.873983,1.489624,8.711111,0.452041,24.199831,0.628924,45.12044,10.426848,51.40188,3.511111,0.92,1.55,0.07,0.5,1.223286,0.048799,41.942522,1.211018,0.079967,42.196745
2026-05-26T20:05:53.125,20260526-200419-sentence-script-starting-from-a-single-c-d95744,58.212,58.212,1,0,1,COMPACT,0,-1.0,0.0,135,135,0,2,112,1,0.946573,-0.061686,0.0,2.250499,52.1825,1.490212,8.725926,0.452041,24.397831,0.628924,45.415433,10.468776,51.710397,3.511111,0.92,1.55,0.07,0.5,1.209631,0.078237,42.189134,1.194058,0.107873,42.443568
2026-05-26T20:05:53.517,20260526-200419-sentence-script-starting-from-a-single-c-d95744,58.41,58.41,1,0,1,COMPACT,0,-1.0,0.0,135,135,0,3,112,1,0.946579,-0.061673,0.0,2.250987,52.490777,1.490626,8.725926,0.452041,24.595831,0.628924,45.710528,10.510705,52.018674,3.511111,0.92,1.55,0.07,0.5,1.192865,0.106009,42.435813,1.17417,0.133779,42.690212
2026-05-26T20:05:53.887,20260526-200419-sentence-script-starting-from-a-single-c-d95744,58.608,58.608,1,0,1,COMPACT,0,-1.0,0.0,135,135,0,3,114,1,0.946588,-0.061655,0.0,2.250915,52.798759,1.490863,8.725926,0.452041,24.793831,0.628924,46.005686,10.552637,52.326656,3.511111,0.92,1.55,0.07,0.5,1.173186,0.131798,42.682379,1.151588,0.157375,42.936616
2026-05-26T20:05:54.308,20260526-200419-sentence-script-starting-from-a-single-c-d95744,58.806,58.806,1,0,1,COMPACT,0,-1.0,0.0,135,135,0,4,114,1,0.946595,-0.061641,0.0,2.250254,53.106624,1.491054,8.725926,0.452041,24.991831,0.628924,46.300886,10.594569,52.634521,3.511111,0.92,1.55,0.07,0.5,1.150823,0.155296,42.928794,1.126576,0.178372,43.182906
2026-05-26T20:05:54.795,20260526-200419-sentence-script-starting-from-a-single-c-d95744,59.004,59.004,1,0,1,COMPACT,0,-1.0,0.0,135,135,0,4,115,1,0.946597,-0.06163,0.0,2.249719,53.414703,1.491201,8.740741,0.452041,25.189831,0.628924,46.596121,10.636503,52.9426,3.511111,0.92,1.55,0.07,0.5,1.126039,0.176222,43.175176,1.099426,0.196523,43.429344
2026-05-26T20:05:55.293,20260526-200419-sentence-script-starting-from-a-single-c-d95744,59.202,59.202,1,0,1,COMPACT,0,-1.0,0.0,135,135,0,4,116,1,0.946596,-0.06162,0.0,2.249542,53.723192,1.491313,8.740741,0.452041,25.387831,0.628924,46.891381,10.678438,53.251089,3.511111,0.92,1.55,0.07,0.5,1.099126,0.194328,43.421711,1.070463,0.211614,43.676106
2026-05-26T20:05:55.700,20260526-200419-sentence-script-starting-from-a-single-c-d95744,59.4,59.4,1,0,1,COMPACT,0,-1.0,0.0,135,135,0,4,117,1,0.946597,-0.061609,0.0,2.249402,54.031961,1.491419,8.740741,0.452041,25.585831,0.628924,47.186663,10.720374,53.559858,3.511111,0.92,1.55,0.07,0.5,1.070404,0.2094,43.668484,1.040033,0.223468,43.923109
2026-05-26T20:05:56.140,20260526-200419-sentence-script-starting-from-a-single-c-d95744,59.616,59.616,1,0,1,COMPACT,0,-1.0,0.0,135,135,0,4,117,1,0.9466,-0.061597,0.0,2.249051,54.368871,1.491532,8.740741,0.452041,25.801831,0.628924,47.508814,10.766124,53.896767,3.511111,0.92,1.55,0.07,0.5,1.037412,0.222176,43.93788,1.00559,0.232545,44.192636
2026-05-26T20:05:56.626,20260526-200419-sentence-script-starting-from-a-single-c-d95744,59.814,59.814,1,0,1,COMPACT,0,-1.0,0.0,135,135,0,4,118,1,0.946589,-0.061597,0.0,2.249277,54.677922,1.49298,8.725926,0.452041,25.999831,0.628924,47.804258,10.808062,54.205819,3.511111,0.92,1.55,0.07,0.5,1.006031,0.230373,44.184965,0.973263,0.237216,44.439914
2026-05-26T20:05:57.164,20260526-200419-sentence-script-starting-from-a-single-c-d95744,60.012,60.012,1,0,1,COMPACT,0,-1.0,0.0,135,135,0,4,118,1,0.946571,-0.0616,0.0,2.252429,54.98551,1.494341,8.785185,0.452041,26.197831,0.628924,48.099943,10.850001,54.513407,3.511111,0.92,1.55,0.07,0.5,0.973934,0.235105,44.431719,0.940609,0.238342,44.685947
