run_id,elapsed_seconds,wall_time_utc,step_index,round_index,paused,ai_enabled,ai_mode,ai_previous_mode,ai_mode_timer,ai_mode_duration,ai_stagnant_timer,ai_completion_timer,ai_override_timer,active_count,attached_count,detached_count,fused_count,orbiting_count,fusion_count,fusion_effect_count,particle_count,avg_track_position_s,avg_radius_from_centrosome,mean_speed,max_speed,near_membrane_count,inner_count,outer_count,clustered_score,motion_score,detach_events,attach_events,track_switch_events,orbit_events,force_outward_events,collision_events,manual_events,reset_events,selected_vesicle_id,selected_state,selected_track,selected_s,selected_speed_multiplier,selected_direction,selected_radius_from_centrosome,selected_x,selected_y,selected_z,selected_vx,selected_vy,selected_vz,selected_intent
20260526-194630-sentence-script-long-microtubule-tracks-2a3c00,0.0,2026-05-27T00:46:31.836400+00:00,0,1,0,1,CURIOUS_SWITCH,,0.001,11.7905,0.0,0.0,0.0,22,22,0,0,0,0,0,28,1.802257,1.825301,0.14843,0.209936,0,22,0,0.04329,6.082713,0,0,0,0,0,4,0,1,0,attached,8,1.278344,0.962455,1,1.309546,0.984423,0.555431,0.661301,0.073219,-0.155437,0.02674,born
20260526-194630-sentence-script-long-microtubule-tracks-2a3c00,0.1071,2026-05-27T00:46:31.940930+00:00,9,1,0,1,CURIOUS_SWITCH,,0.1081,11.7905,0.0,0.0,0.0,22,16,6,0,0,0,0,32,1.753255,1.790354,1.762291,19.565179,0,20,0,0.034632,0.326716,6,0,1,0,0,27,0,1,0,attached,8,1.278344,0.962455,1,1.309816,0.990064,0.543455,0.663362,0.031519,-0.066911,0.011511,born
20260526-194630-sentence-script-long-microtubule-tracks-2a3c00,0.2053,2026-05-27T00:46:32.039123+00:00,18,1,0,1,CURIOUS_SWITCH,,0.2063,11.7905,0.0,0.0,0.0,22,14,8,0,0,0,0,32,1.841594,1.878218,0.149095,0.253729,0,20,0,0.030303,0.107518,8,0,1,0,0,33,0,1,0,attached,8,1.451585,0.962455,1,1.479394,1.135832,0.620468,0.716596,-0.019931,0.04231,-0.007279,born
20260526-194630-sentence-script-long-microtubule-tracks-2a3c00,0.3076,2026-05-27T00:46:32.141330+00:00,28,1,0,1,CURIOUS_SWITCH,,0.3085,11.7905,0.0,0.0,0.0,22,14,8,0,0,0,0,32,1.923903,1.929457,1.929823,23.876956,0,20,0,0.038961,0.298166,8,0,1,0,0,36,0,1,0,attached,8,1.451585,0.962455,1,1.479178,1.131061,0.630597,0.714854,-0.065976,0.14006,-0.024094,born
20260526-194630-sentence-script-long-microtubule-tracks-2a3c00,0.4058,2026-05-27T00:46:32.239613+00:00,38,1,0,1,CURIOUS_SWITCH,,0.4068,11.7905,0.0,0.0,0.0,22,13,9,0,0,0,0,32,2.110433,1.98811,0.13081,0.206794,0,20,0,0.034632,0.07975,9,1,2,0,0,43,0,1,0,attached,27,0.573242,0.962455,1,0.639866,-0.380812,-0.48328,0.175645,-0.056376,0.085847,0.134708,switched
20260526-194630-sentence-script-long-microtubule-tracks-2a3c00,0.5019,2026-05-27T00:46:32.336958+00:00,48,1,0,1,CURIOUS_SWITCH,,0.5028,11.7905,0.0,0.0,0.0,22,14,8,0,0,0,0,32,2.088861,2.021952,0.140471,0.263707,0,20,0,0.030303,0.230909,11,3,2,0,0,46,0,1,0,attached,27,0.573242,0.962455,1,0.64036,-0.384666,-0.477413,0.184852,-0.024736,0.037666,0.059104,switched
20260526-194630-sentence-script-long-microtubule-tracks-2a3c00,0.6056,2026-05-27T00:46:32.439416+00:00,59,1,0,1,CURIOUS_SWITCH,,0.6066,11.7905,0.0,0.0,0.0,22,13,9,0,0,0,0,33,2.042928,2.027384,0.529995,8.558515,0,19,0,0.025974,0.080848,12,3,3,0,0,46,0,1,0,attached,27,0.746484,0.962455,1,0.799202,-0.418718,-0.62652,0.266218,0.018053,-0.02749,-0.043136,switched
20260526-194630-sentence-script-long-microtubule-tracks-2a3c00,0.7155,2026-05-27T00:46:32.549323+00:00,66,1,0,1,CURIOUS_SWITCH,,0.7165,11.7905,0.0,0.0,0.0,22,14,8,0,0,0,0,33,2.002232,2.016686,0.593355,10.380129,0,18,0,0.008658,0.45443,12,4,4,0,0,46,0,1,0,attached,27,0.919726,0.962455,1,0.962638,-0.448237,-0.782531,0.336751,0.054658,-0.083232,-0.130603,switched
20260526-194630-sentence-script-long-microtubule-tracks-2a3c00,0.816,2026-05-27T00:46:32.651214+00:00,72,1,0,1,CURIOUS_SWITCH,,0.817,11.7905,0.0,0.0,0.0,22,14,8,0,0,0,0,17,2.129039,2.102483,0.578773,10.179262,0,16,0,0.012987,0.511193,12,4,4,0,0,46,0,1,0,attached,27,0.919726,0.962455,1,0.962422,-0.441673,-0.792525,0.321069,0.069692,-0.106125,-0.166526,switched
20260526-194630-sentence-script-long-microtubule-tracks-2a3c00,0.9,2026-05-27T00:46:32.733846+00:00,77,1,0,1,CURIOUS_SWITCH,,0.901,11.7905,0.0,0.0,0.0,22,14,8,0,0,0,0,11,2.074516,2.077273,1.111796,12.194548,0,15,0,0.021645,0.108584,12,4,5,0,0,46,0,1,0,attached,27,1.092968,0.962455,1,1.12925,-0.469916,-0.950479,0.388553,0.063373,-0.096502,-0.151427,switched
20260526-194630-sentence-script-long-microtubule-tracks-2a3c00,1.0014,2026-05-27T00:46:32.835140+00:00,83,1,0,1,CURIOUS_SWITCH,,1.0024,11.7905,0.0,0.0,0.0,22,14,8,0,0,0,0,11,2.196721,2.161968,0.124315,0.209724,0,14,0,0.021645,0.426669,12,4,6,0,0,46,0,1,0,attached,27,1.26621,0.962455,1,1.297927,-0.498895,-1.107312,0.457798,0.035213,-0.05362,-0.084139,switched
20260526-194630-sentence-script-long-microtubule-tracks-2a3c00,1.1023,2026-05-27T00:46:32.936019+00:00,89,1,0,1,CURIOUS_SWITCH,,1.1033,11.7905,0.0,0.0,0.0,22,16,6,0,0,0,0,9,2.246564,2.226609,0.587693,10.434905,0,14,0,0.034632,0.450617,12,6,7,0,0,46,0,1,0,attached,27,1.26621,0.962455,1,1.298019,-0.497686,-1.109153,0.454908,-0.005387,0.008203,0.012872,switched
20260526-194630-sentence-script-long-microtubule-tracks-2a3c00,1.2036,2026-05-27T00:46:33.038814+00:00,95,1,0,1,CURIOUS_SWITCH,,1.2045,11.7905,0.0,0.0,0.0,22,16,6,0,0,0,0,11,2.310159,2.276986,2.052425,13.832475,0,13,0,0.025974,0.078115,13,6,7,0,0,48,0,1,0,attached,27,1.439452,0.962455,1,1.46733,-0.534495,-1.254062,0.542861,-0.044177,0.06727,0.105558,switched
20260526-194630-sentence-script-long-microtubule-tracks-2a3c00,1.3052,2026-05-27T00:46:33.138910+00:00,101,1,0,1,CURIOUS_SWITCH,,1.3062,11.7905,0.0,0.0,0.0,22,15,7,0,0,0,0,6,2.427522,2.386194,0.579801,10.372558,0,13,0,0.017316,0.558646,13,6,7,0,0,48,0,1,0,attached,27,1.439452,0.962455,1,1.467121,-0.540527,-1.244877,0.557274,-0.067204,0.102336,0.160581,switched
20260526-194630-sentence-script-long-microtubule-tracks-2a3c00,1.4067,2026-05-27T00:46:33.240424+00:00,107,1,0,1,CURIOUS_SWITCH,,1.4076,11.7905,0.0,0.0,0.0,22,15,7,0,0,0,0,5,2.492486,2.43535,0.525714,9.462807,0,13,0,0.017316,0.236042,13,6,7,0,0,48,0,1,0,attached,27,1.612694,0.962455,1,1.637471,-0.581384,-1.383622,0.654901,-0.066035,0.100555,0.157787,switched
20260526-194630-sentence-script-long-microtubule-tracks-2a3c00,1.5129,2026-05-27T00:46:33.346712+00:00,113,1,0,1,CURIOUS_SWITCH,,1.5139,11.7905,0.0,0.0,0.0,22,15,7,0,0,0,0,6,2.61755,2.523916,0.625127,11.370078,0,11,0,0.017316,0.253382,13,6,7,0,0,48,0,1,0,attached,27,1.612694,0.962455,1,1.637691,-0.586958,-1.375135,0.668218,-0.040257,0.061301,0.096191,switched
20260526-194630-sentence-script-long-microtubule-tracks-2a3c00,1.6026,2026-05-27T00:46:33.436346+00:00,118,1,0,1,CURIOUS_SWITCH,,1.6036,11.7905,0.0,0.0,0.0,22,15,7,0,0,0,0,6,2.696654,2.581327,1.128234,13.04404,0,10,0,0.017316,0.418752,13,6,7,0,0,48,0,1,0,attached,27,1.785936,0.962455,1,1.808633,-0.622572,-1.521863,0.753318,-0.00444,0.006762,0.01061,switched
20260526-194630-sentence-script-long-microtubule-tracks-2a3c00,1.7042,2026-05-27T00:46:33.538015+00:00,124,1,0,1,CURIOUS_SWITCH,,1.7051,11.7905,0.0,0.0,0.0,22,14,8,0,0,0,0,10,2.685604,2.603446,0.117381,0.208775,0,10,0,0.012987,0.086698,14,6,8,0,0,50,0,1,0,attached,27,1.785936,0.962455,1,1.808525,-0.620557,-1.524932,0.748502,0.036351,-0.055354,-0.086859,switched
20260526-194630-sentence-script-long-microtubule-tracks-2a3c00,1.8041,2026-05-27T00:46:33.637914+00:00,130,1,0,1,CURIOUS_SWITCH,,1.8051,11.7905,0.0,0.0,0.0,22,14,8,0,0,0,0,10,2.783563,2.670378,1.65955,14.393725,0,10,0,0.012987,0.830974,14,6,8,0,0,50,0,1,0,attached,27,1.959178,0.962455,1,1.979621,-0.649073,-1.68247,0.816639,0.063683,-0.096974,-0.152167,switched
20260526-194630-sentence-script-long-microtubule-tracks-2a3c00,1.9042,2026-05-27T00:46:33.737880+00:00,136,1,0,1,CURIOUS_SWITCH,,1.9051,11.7905,0.0,0.0,0.0,22,14,8,0,0,0,0,10,2.941569,2.773659,0.756757,14.337448,0,10,0,0.012987,0.673268,14,6,9,0,0,50,0,1,0,attached,27,1.959178,0.962455,1,1.979596,-0.642205,-1.692928,0.800229,0.068779,-0.104734,-0.164344,switched
20260526-194630-sentence-script-long-microtubule-tracks-2a3c00,2.0048,2026-05-27T00:46:33.839931+00:00,142,1,0,1,CURIOUS_SWITCH,,2.0057,11.7905,0.0,0.0,0.0,22,14,8,0,0,0,0,8,2.688378,2.619551,0.973351,9.904864,0,12,0,0.012987,0.080261,14,6,10,0,0,50,0,1,0,attached,27,2.13242,0.962455,1,2.151335,-0.67012,-1.851381,0.86693,0.049681,-0.075652,-0.11871,switched
20260526-194630-sentence-script-long-microtubule-tracks-2a3c00,2.1058,2026-05-27T00:46:33.939671+00:00,148,1,0,1,CURIOUS_SWITCH,,2.1068,11.7905,0.0,0.0,0.0,22,15,7,0,0,0,0,13,2.691758,2.713439,7.962677,173.116492,0,12,0,0.012987,0.720029,14,7,11,0,0,51,0,1,0,attached,27,2.305662,0.962455,1,2.323282,-0.701067,-2.005216,0.940877,0.012869,-0.019596,-0.03075,switched
20260526-194630-sentence-script-long-microtubule-tracks-2a3c00,2.2071,2026-05-27T00:46:34.040964+00:00,154,1,0,1,CURIOUS_SWITCH,,2.208,11.7905,0.0,0.0,0.0,22,15,7,0,0,0,0,13,2.641901,2.682209,0.575901,10.264793,0,12,0,0.017316,0.304907,14,7,11,0,0,53,0,1,0,attached,27,2.478903,0.962455,1,2.495254,-0.736137,-2.152775,1.024674,-2.036904,-8.80503,4.867077,switched
20260526-194630-sentence-script-long-microtubule-tracks-2a3c00,2.3082,2026-05-27T00:46:34.141893+00:00,160,1,0,1,CURIOUS_SWITCH,,2.3091,11.7905,0.0,0.0,0.0,22,14,8,0,0,0,0,13,2.888126,2.764789,0.596522,10.302278,0,11,0,0.008658,0.104919,15,7,11,0,0,53,0,1,0,attached,27,2.478903,0.962455,1,2.495114,-0.741012,-2.145351,1.036323,-0.059857,0.091148,0.143025,switched
20260526-194630-sentence-script-long-microtubule-tracks-2a3c00,2.4091,2026-05-27T00:46:34.242833+00:00,166,1,0,1,CURIOUS_SWITCH,,2.4101,11.7905,0.0,0.0,0.0,22,14,8,0,0,0,0,8,2.447934,2.687385,13.982464,305.014562,0,13,0,0.008658,0.25193,15,7,13,0,0,53,0,1,0,attached,27,2.478903,0.962455,1,2.495063,-0.747836,-2.134959,1.05263,-0.069717,0.106162,0.166586,switched
20260526-194630-sentence-script-long-microtubule-tracks-2a3c00,2.5101,2026-05-27T00:46:34.343789+00:00,172,1,0,1,CURIOUS_SWITCH,,2.511,11.7905,0.0,0.0,0.0,22,15,7,0,0,0,0,8,2.609042,2.558222,1.292201,13.858784,0,13,0,0.004329,0.085473,15,8,13,0,0,53,0,1,0,attached,27,2.652145,0.962455,1,2.667352,-0.788084,-2.274632,1.148801,-0.054767,0.083396,0.130862,switched
20260526-194630-sentence-script-long-microtubule-tracks-2a3c00,2.6112,2026-05-27T00:46:34.446260+00:00,178,1,0,1,CURIOUS_SWITCH,,2.6121,11.7905,0.0,0.0,0.0,22,16,6,0,0,0,0,8,2.711131,2.650458,0.75444,14.397061,0,13,0,0.004329,0.314918,15,9,13,0,0,53,0,1,0,attached,27,2.825387,0.962455,1,2.839776,-0.825599,-2.418466,1.23844,-0.020273,0.030871,0.048441,switched
20260526-194630-sentence-script-long-microtubule-tracks-2a3c00,2.712,2026-05-27T00:46:34.545752+00:00,184,1,0,1,CURIOUS_SWITCH,,2.713,11.7905,0.0,0.0,0.0,22,17,5,0,0,0,0,12,2.702003,2.669592,0.771521,14.395952,0,13,0,0.008658,0.285159,15,10,14,0,0,59,0,1,0,attached,27,2.825387,0.962455,1,2.839762,-0.825193,-2.419085,1.237469,0.021386,-0.032565,-0.0511,switched
20260526-194630-sentence-script-long-microtubule-tracks-2a3c00,2.8123,2026-05-27T00:46:34.646038+00:00,190,1,0,1,CURIOUS_SWITCH,,2.8133,11.7905,0.0,0.0,0.0,22,14,8,0,0,0,0,10,3.147065,2.782234,0.152293,0.277926,0,12,0,0.004329,0.354478,18,11,15,0,0,62,0,1,0,detached,27,2.998629,0.962455,1,2.873965,-0.848299,-2.446108,1.247644,-0.144334,-0.140088,0.081197,detached
20260526-194630-sentence-script-long-microtubule-tracks-2a3c00,2.9129,2026-05-27T00:46:34.746847+00:00,196,1,0,1,CURIOUS_SWITCH,,2.9139,11.7905,0.0,0.0,0.0,22,15,7,0,0,0,0,5,3.075323,2.863236,1.221319,12.47668,0,12,0,0.004329,0.127478,18,11,15,0,0,62,0,1,0,detached,27,2.998629,0.962455,1,2.972311,-0.922189,-2.515764,1.286519,-0.136871,-0.122971,0.074082,detached
20260526-194630-sentence-script-long-microtubule-tracks-2a3c00,3.0139,2026-05-27T00:46:34.849102+00:00,202,1,0,1,CURIOUS_SWITCH,,3.0149,11.7905,0.0,0.0,0.0,22,15,7,0,0,0,0,5,3.200571,2.96479,0.713486,13.05632,0,11,0,0.0,0.507589,18,11,15,0,0,62,0,1,0,detached,27,2.998629,0.962455,1,3.06517,-0.994208,-2.579735,1.323551,-0.129274,-0.119109,0.059907,detached
20260526-194630-sentence-script-long-microtubule-tracks-2a3c00,3.1216,2026-05-27T00:46:34.955954+00:00,208,1,0,1,CURIOUS_SWITCH,,3.1226,11.7905,0.0,0.0,0.0,22,15,7,0,0,0,0,5,3.21288,3.062453,0.576429,9.905809,0,10,0,0.0,0.964181,19,13,16,0,0,62,0,1,0,detached,27,2.998629,0.962455,1,3.155379,-1.067323,-2.64261,1.354197,-0.134631,-0.114666,0.055695,detached
20260526-194630-sentence-script-long-microtubule-tracks-2a3c00,3.216,2026-05-27T00:46:35.050067+00:00,213,1,0,1,CURIOUS_SWITCH,,3.2169,11.7905,0.0,0.0,0.0,22,16,6,0,0,0,0,5,3.133602,3.120604,5.682897,113.726465,0,10,1,0.004329,0.127167,19,13,17,0,0,62,0,1,0,detached,27,2.998629,0.962455,1,3.229276,-1.128661,-2.693368,1.378449,-0.119665,-0.102109,0.050906,detached
20260526-194630-sentence-script-long-microtubule-tracks-2a3c00,3.3008,2026-05-27T00:46:35.134745+00:00,217,1,0,1,CURIOUS_SWITCH,,3.3017,11.7905,0.0,0.0,0.0,22,17,5,0,0,0,0,5,3.000913,3.056962,1.201793,12.201101,0,10,1,0.0,1.116961,19,14,18,0,0,62,0,1,0,detached,27,2.998629,0.962455,1,3.296015,-1.181236,-2.73847,1.403275,-0.119601,-0.107485,0.055362,detached
20260526-194630-sentence-script-long-microtubule-tracks-2a3c00,3.415,2026-05-27T00:46:35.248975+00:00,223,1,0,1,CURIOUS_SWITCH,,3.4159,11.7905,0.0,0.0,0.0,22,17,5,0,0,0,0,1,2.993582,3.072911,8.511071,136.689033,0,10,1,0.004329,0.318835,19,14,20,0,0,62,0,1,0,detached,27,2.998629,0.962455,1,3.377068,-1.246171,-2.79448,1.429169,-0.098435,-0.085303,0.039325,detached
20260526-194630-sentence-script-long-microtubule-tracks-2a3c00,3.5073,2026-05-27T00:46:35.341782+00:00,228,1,0,1,CURIOUS_SWITCH,,3.5083,11.7905,0.0,0.0,0.0,22,18,4,0,0,0,0,1,2.914496,3.106394,0.142572,0.280622,0,10,2,0.017316,0.654161,19,15,21,0,0,62,0,1,0,detached,27,2.998629,0.962455,1,3.436002,-1.291351,-2.836757,1.446142,-0.090485,-0.085715,0.035467,detached
20260526-194630-sentence-script-long-microtubule-tracks-2a3c00,3.6045,2026-05-27T00:46:35.438444+00:00,233,1,0,1,CURIOUS_SWITCH,,3.6054,11.7905,0.0,0.0,0.0,22,18,4,0,0,0,0,2,2.948534,3.14312,2.193934,12.991554,0,9,1,0.017316,0.133641,19,15,22,0,0,62,0,1,0,detached,27,2.998629,0.962455,1,3.495254,-1.334551,-2.878605,1.466088,-0.079579,-0.085599,0.040047,detached
20260526-194630-sentence-script-long-microtubule-tracks-2a3c00,3.7142,2026-05-27T00:46:35.549799+00:00,238,1,0,1,CURIOUS_SWITCH,,3.7152,11.7905,0.0,0.0,0.0,22,18,4,0,0,0,0,4,3.031897,3.220651,1.369959,8.219778,0,9,1,0.012987,0.310301,19,15,22,0,0,62,0,1,0,detached,27,2.998629,0.962455,1,3.563685,-1.383617,-2.92722,1.488905,-0.086965,-0.083798,0.032512,detached
20260526-194630-sentence-script-long-microtubule-tracks-2a3c00,3.8005,2026-05-27T00:46:35.634309+00:00,243,1,0,1,CURIOUS_SWITCH,,3.8015,11.7905,0.0,0.0,0.0,22,18,4,0,0,0,0,8,2.914703,3.135001,0.108532,0.220422,0,10,2,0.012987,0.311612,19,15,23,0,0,66,0,1,0,detached,27,2.998629,0.962455,1,3.615858,-1.419874,-2.963377,1.508903,-0.08135,-0.079156,0.047194,detached
20260526-194630-sentence-script-long-microtubule-tracks-2a3c00,3.9005,2026-05-27T00:46:35.734297+00:00,249,1,0,1,CURIOUS_SWITCH,,3.9015,11.7905,0.0,0.0,0.0,22,18,4,0,0,0,0,7,2.715525,2.983629,0.126001,0.209432,0,11,3,0.008658,1.091484,19,15,24,0,0,72,0,1,0,detached,27,2.998629,0.962455,1,3.673871,-1.45867,-3.00317,1.53316,-0.06801,-0.076916,0.044353,detached
20260526-194630-sentence-script-long-microtubule-tracks-2a3c00,4.0152,2026-05-27T00:46:35.849370+00:00,255,1,0,1,CURIOUS_SWITCH,,4.0161,11.7905,0.0,0.0,0.0,22,16,6,0,0,0,0,11,2.757462,3.096034,1.005628,10.919418,0,10,3,0.008658,1.209437,21,15,24,0,0,81,0,1,0,detached,27,2.998629,0.962455,1,3.735296,-1.49624,-3.045056,1.562478,-0.062461,-0.059848,0.047843,detached
20260526-194630-sentence-script-long-microtubule-tracks-2a3c00,4.1051,2026-05-27T00:46:35.938898+00:00,260,1,0,1,CURIOUS_SWITCH,,4.1061,11.7905,0.0,0.0,0.0,22,16,6,0,0,0,0,11,2.335609,2.79965,1.070267,11.417407,0,11,2,0.012987,6.257388,21,15,26,0,0,86,0,1,0,detached,27,2.998629,0.962455,1,3.778288,-1.527677,-3.071907,1.582735,-0.067717,-0.054802,0.037713,detached
20260526-194630-sentence-script-long-microtubule-tracks-2a3c00,4.2075,2026-05-27T00:46:36.041296+00:00,266,1,0,1,CURIOUS_SWITCH,,4.2084,11.7905,0.0,0.0,0.0,22,14,8,0,0,0,0,15,2.584614,2.886395,0.638611,11.404994,1,11,2,0.012987,0.302078,23,15,26,0,0,92,0,1,0,detached,27,2.998629,0.962455,1,3.819263,-1.560137,-3.095114,1.604059,-0.055387,-0.041607,0.035746,detached
20260526-194630-sentence-script-long-microtubule-tracks-2a3c00,4.3095,2026-05-27T00:46:36.143198+00:00,272,1,0,1,CURIOUS_SWITCH,,4.3104,11.7905,0.0,0.0,0.0,22,14,8,0,0,0,0,15,2.458414,2.689675,0.686182,12.087122,1,13,2,0.012987,0.163118,24,16,27,0,0,92,0,1,0,attached,27,3.734197,0.962455,1,3.74509,-0.981015,-3.236025,1.609798,0.024696,-0.037606,-0.05901,attached
20260526-194630-sentence-script-long-microtubule-tracks-2a3c00,4.4108,2026-05-27T00:46:36.245893+00:00,278,1,0,1,CURIOUS_SWITCH,,4.4118,11.7905,0.0,0.0,0.0,22,14,8,0,0,0,0,15,2.583882,2.774014,1.534455,10.318512,1,13,2,0.008658,0.470964,24,16,27,0,0,92,0,1,0,attached,27,3.907439,0.962455,1,3.917851,-1.014864,-3.385441,1.69068,-2.029365,-8.840442,4.849063,attached
20260526-194630-sentence-script-long-microtubule-tracks-2a3c00,4.5119,2026-05-27T00:46:36.345774+00:00,284,1,0,1,CURIOUS_SWITCH,,4.5129,11.7905,0.0,0.0,0.0,22,15,7,0,0,0,0,10,2.58852,2.81546,1.672624,12.374525,1,13,2,0.004329,0.139753,24,17,27,0,0,92,0,1,0,attached,27,3.907439,0.962455,1,3.917768,-1.018799,-3.379449,1.700082,-0.052651,0.080174,0.125806,attached
20260526-194630-sentence-script-long-microtubule-tracks-2a3c00,4.6128,2026-05-27T00:46:36.446544+00:00,290,1,0,1,CURIOUS_SWITCH,,4.6138,11.7905,0.0,0.0,0.0,22,14,8,0,0,0,0,8,2.51486,2.879606,1.218851,13.34394,2,13,2,0.008658,0.315458,25,17,27,0,0,92,0,1,0,attached,27,3.907439,0.962455,1,3.917709,-1.025286,-3.369571,1.715581,-0.069425,0.105718,0.165888,attached
20260526-194630-sentence-script-long-microtubule-tracks-2a3c00,4.7134,2026-05-27T00:46:36.547204+00:00,296,1,0,1,CURIOUS_SWITCH,,4.7144,11.7905,0.0,0.0,0.0,22,13,9,0,0,0,0,5,2.45567,2.794778,0.579144,9.919693,2,14,2,0.008658,0.16465,26,17,28,0,0,92,0,1,0,attached,2,0.4,0.962455,1,0.491379,0.297626,0.361578,-0.148773,0.004448,-0.029912,-0.050686,switched
20260526-194630-sentence-script-long-microtubule-tracks-2a3c00,4.8141,2026-05-27T00:46:36.647879+00:00,302,1,0,1,CURIOUS_SWITCH,,4.8151,11.7905,0.0,0.0,0.0,22,13,9,0,0,0,0,5,2.41527,2.78827,1.432017,14.399492,2,14,2,0.017316,3.095304,26,17,29,0,0,92,0,1,0,attached,2,0.4,0.962455,1,0.490701,0.29856,0.355297,-0.159416,0.012288,-0.082629,-0.140017,switched
20260526-194630-sentence-script-long-microtubule-tracks-2a3c00,4.9142,2026-05-27T00:46:36.748000+00:00,308,1,0,1,CURIOUS_SWITCH,,4.9152,11.7905,0.0,0.0,0.0,22,13,9,0,0,0,0,5,2.5012,2.850563,0.15064,0.2718,2,14,2,0.012987,0.31064,26,17,29,0,0,92,0,1,0,attached,2,0.573242,0.962455,1,0.639506,0.307712,0.494715,-0.263702,0.015769,-0.106035,-0.179678,switched
20260526-194630-sentence-script-long-microtubule-tracks-2a3c00,5.0147,2026-05-27T00:46:36.848506+00:00,314,1,0,1,CURIOUS_SWITCH,,5.0157,11.7905,0.0,0.0,0.0,22,13,9,0,0,0,0,1,2.36102,2.780425,1.215302,13.361779,2,15,2,0.004329,0.537886,26,17,31,0,0,92,0,1,0,attached,2,0.746484,0.962455,1,0.798723,0.316897,0.633914,-0.368359,0.013712,-0.092206,-0.156245,switched
20260526-194630-sentence-script-long-microtubule-tracks-2a3c00,5.1154,2026-05-27T00:46:36.950538+00:00,320,1,0,1,CURIOUS_SWITCH,,5.1164,11.7905,0.0,0.0,0.0,22,13,9,0,0,0,0,6,2.233018,2.720987,0.549628,9.648257,2,15,2,0.012987,0.361394,26,17,32,0,0,93,0,1,0,attached,2,0.746484,0.962455,1,0.799152,0.317904,0.627143,-0.379831,0.006803,-0.045747,-0.077519,switched
20260526-194630-sentence-script-long-microtubule-tracks-2a3c00,5.2164,2026-05-27T00:46:37.050133+00:00,326,1,0,1,CURIOUS_SWITCH,,5.2174,11.7905,0.0,0.0,0.0,22,14,8,0,0,0,0,7,2.552434,2.793226,0.709083,13.306478,2,13,2,0.008658,0.527259,26,18,33,0,0,95,0,1,0,attached,2,0.919726,0.962455,1,0.96303,0.325723,0.775526,-0.468926,-0.002542,0.017096,0.02897,switched
20260526-194630-sentence-script-long-microtubule-tracks-2a3c00,5.3006,2026-05-27T00:46:37.134286+00:00,331,1,0,1,CURIOUS_SWITCH,,5.3016,11.7905,0.0,0.0,0.0,22,14,8,0,0,0,0,7,2.657772,2.866657,0.582327,10.287046,2,13,2,0.008658,0.639521,26,18,33,0,0,95,0,1,0,attached,2,1.092968,0.962455,1,1.12944,0.332808,0.928842,-0.549661,0.445969,8.933193,-5.081584,switched
20260526-194630-sentence-script-long-microtubule-tracks-2a3c00,5.4015,2026-05-27T00:46:37.235203+00:00,337,1,0,1,CURIOUS_SWITCH,,5.4024,11.7905,0.0,0.0,0.0,22,14,8,0,0,0,0,7,2.742871,2.930193,6.531534,114.888316,2,12,2,0.008658,0.098828,26,18,34,0,0,96,0,1,0,attached,2,1.092968,0.962455,1,1.129165,0.331469,0.937849,-0.534398,-0.015118,0.101661,0.172266,switched
20260526-194630-sentence-script-long-microtubule-tracks-2a3c00,5.5024,2026-05-27T00:46:37.336227+00:00,343,1,0,1,CURIOUS_SWITCH,,5.5034,11.7905,0.0,0.0,0.0,22,13,9,0,0,0,0,7,2.830499,2.857755,0.720478,13.062932,2,12,3,0.025974,2.167531,29,19,36,0,0,100,0,1,0,attached,28,0.573242,0.962455,1,0.640096,-0.043509,-0.634992,0.067942,-0.120399,0.01406,0.005186,switched
20260526-194630-sentence-script-long-microtubule-tracks-2a3c00,5.6035,2026-05-27T00:46:37.437265+00:00,349,1,0,1,CURIOUS_SWITCH,,5.6045,11.7905,0.0,0.0,0.0,22,12,10,0,0,0,0,7,3.189458,2.975378,0.112222,0.247044,2,12,3,0.017316,0.569474,29,19,36,0,0,101,0,1,0,attached,28,0.573242,0.962455,1,0.639588,-0.060619,-0.632994,0.068679,-0.195806,0.022865,0.008433,switched
20260526-194630-sentence-script-long-microtubule-tracks-2a3c00,5.7047,2026-05-27T00:46:37.538722+00:00,355,1,0,1,CURIOUS_SWITCH,,5.7057,11.7905,0.0,0.0,0.0,22,13,9,0,0,0,0,9,3.141715,2.928903,0.7595,14.182474,2,13,3,0.025974,0.986284,29,20,37,0,0,101,0,1,0,attached,28,0.746484,0.962455,1,0.798569,-0.102792,-0.791862,0.010084,-0.201345,0.023512,0.008672,switched
20260526-194630-sentence-script-long-microtubule-tracks-2a3c00,5.8107,2026-05-27T00:46:37.644569+00:00,361,1,0,1,CURIOUS_SWITCH,,5.8117,11.7905,0.0,0.0,0.0,21,12,9,1,0,1,1,27,2.855281,2.775175,4.702486,95.986427,1,13,2,0.019048,0.11839,29,20,38,0,0,101,0,1,0,attached,28,0.919726,0.962455,1,0.962841,-0.141764,-0.951104,-0.04865,-0.131054,0.015304,0.005645,switched
20260526-194630-sentence-script-long-microtubule-tracks-2a3c00,5.9099,2026-05-27T00:46:37.744945+00:00,367,1,0,1,CURIOUS_SWITCH,,5.9109,11.7905,0.0,0.0,0.0,21,12,9,1,0,1,1,23,2.937516,2.842436,0.72131,12.72953,1,12,2,0.014286,0.722733,29,20,38,0,0,101,0,1,0,attached,28,0.919726,0.962455,1,0.963058,-0.148314,-0.950339,-0.048368,-0.01649,0.001926,0.00071,switched
20260526-194630-sentence-script-long-microtubule-tracks-2a3c00,6.0121,2026-05-27T00:46:37.847327+00:00,373,1,0,1,CURIOUS_SWITCH,,6.013,11.7905,0.0,0.0,0.0,21,12,9,1,0,1,1,26,2.912152,2.849786,1.144627,12.263382,1,12,2,0.014286,0.77038,29,20,40,0,0,103,0,1,0,attached,28,1.092968,0.962455,1,1.12951,-0.163987,-1.112302,-0.108104,0.105853,-0.012361,-0.004559,switched
20260526-194630-sentence-script-long-microtubule-tracks-2a3c00,6.111,2026-05-27T00:46:37.946957+00:00,379,1,0,1,CURIOUS_SWITCH,,6.112,11.7905,0.0,0.0,0.0,21,13,8,1,0,1,1,29,3.015544,2.728976,2.346474,14.405941,2,13,2,0.019048,0.328774,29,21,42,0,0,108,0,1,0,attached,13,0.573242,0.962455,1,0.639889,0.615498,0.081331,0.154934,10.082855,1.243604,-2.216687,switched
20260526-194630-sentence-script-long-microtubule-tracks-2a3c00,6.2104,2026-05-27T00:46:38.044277+00:00,385,1,0,1,CURIOUS_SWITCH,,6.2114,11.7905,0.0,0.0,0.0,21,12,9,1,0,1,1,29,3.367592,2.837057,1.428884,14.607429,2,13,2,0.009524,0.46294,30,21,42,0,0,112,0,1,0,attached,13,0.573242,0.962455,1,0.640385,0.614347,0.092667,0.155187,-0.007042,0.069324,0.001548,switched
20260526-194630-sentence-script-long-microtubule-tracks-2a3c00,6.3082,2026-05-27T00:46:38.141982+00:00,391,1,0,1,CURIOUS_SWITCH,,6.3091,11.7905,0.0,0.0,0.0,21,14,7,1,0,1,1,30,3.236464,2.900562,1.173774,11.340698,2,13,2,0.009524,1.945394,30,23,44,0,0,112,0,1,0,attached,13,0.573242,0.962455,1,0.64038,0.614355,0.092587,0.155185,0.005217,-0.051363,-0.001147,switched
20260526-194630-sentence-script-long-microtubule-tracks-2a3c00,6.4045,2026-05-27T00:46:38.247296+00:00,397,1,0,1,CURIOUS_SWITCH,,6.4055,11.7905,0.0,0.0,0.0,21,14,7,1,0,1,1,32,2.866574,2.663653,1.243241,13.765259,1,12,1,0.019048,0.47649,30,23,45,0,0,112,0,1,0,attached,13,0.746484,0.962455,1,0.798813,0.783764,0.099528,0.117941,0.015614,-0.153712,-0.003433,switched
20260526-194630-sentence-script-long-microtubule-tracks-2a3c00,6.5021,2026-05-27T00:46:38.335939+00:00,403,1,0,1,CURIOUS_SWITCH,,6.5031,11.7905,0.0,0.0,0.0,21,14,7,1,0,1,1,34,2.924514,2.709636,0.645825,11.370884,1,11,1,0.02381,0.399928,30,23,46,0,0,112,0,1,0,attached,13,0.919726,0.962455,1,0.96243,0.953936,0.098958,0.080529,0.020944,-0.206183,-0.004605,switched
20260526-194630-sentence-script-long-microtubule-tracks-2a3c00,6.6147,2026-05-27T00:46:38.448490+00:00,410,1,0,1,CURIOUS_SWITCH,,6.6156,11.7905,0.0,0.0,0.0,21,13,8,1,0,1,1,32,2.772069,2.630731,0.621402,10.857345,1,12,2,0.028571,4.866545,31,23,47,0,0,112,0,1,0,attached,13,1.092968,0.962455,1,1.129288,1.124511,0.094413,0.043029,0.018433,-0.181461,-0.004052,switched
20260526-194630-sentence-script-long-microtubule-tracks-2a3c00,6.7101,2026-05-27T00:46:38.545216+00:00,416,1,0,1,CURIOUS_SWITCH,,6.7111,11.7905,0.0,0.0,0.0,21,13,8,1,0,1,1,36,2.882526,2.707898,0.79957,14.735544,1,12,2,0.014286,0.078826,31,24,47,0,0,113,0,1,0,attached,13,1.26621,0.962455,1,1.297944,1.29412,0.099383,0.005741,0.009798,-0.096454,-0.002154,switched
20260526-194630-sentence-script-long-microtubule-tracks-2a3c00,6.8074,2026-05-27T00:46:38.642485+00:00,422,1,0,1,CURIOUS_SWITCH,,6.8084,11.7905,0.0,0.0,0.0,21,14,7,1,0,1,1,32,2.702466,2.58293,1.504128,11.020732,0,12,1,0.014286,0.241655,31,24,48,0,0,113,0,1,0,attached,13,1.439452,0.962455,1,1.467508,1.462699,0.114493,-0.031321,-0.002138,0.021049,0.00047,switched
20260526-194630-sentence-script-long-microtubule-tracks-2a3c00,6.9085,2026-05-27T00:46:38.742240+00:00,428,1,0,1,CURIOUS_SWITCH,,6.9094,11.7905,0.0,0.0,0.0,21,14,7,1,0,1,1,27,2.830997,2.673855,0.701164,12.439611,0,11,1,0.014286,0.271405,31,24,48,0,0,113,0,1,0,attached,13,1.439452,0.962455,1,1.46732,1.461773,0.123615,-0.031117,-0.013778,0.135639,0.003029,switched
20260526-194630-sentence-script-long-microtubule-tracks-2a3c00,7.009,2026-05-27T00:46:38.842722+00:00,434,1,0,1,CURIOUS_SWITCH,,7.01,11.7905,0.0,0.0,0.0,21,13,8,1,0,1,1,26,3.024068,2.735785,0.10451,0.207111,1,11,1,0.014286,2.192983,32,24,49,0,0,113,0,1,0,attached,13,1.612694,0.962455,1,1.637436,1.628235,0.159563,-0.067713,-0.020493,0.201741,0.004505,switched
20260526-194630-sentence-script-long-microtubule-tracks-2a3c00,7.1096,2026-05-27T00:46:38.944632+00:00,440,1,0,1,CURIOUS_SWITCH,,7.1105,11.7905,0.0,0.0,0.0,21,14,7,1,0,1,1,25,3.004605,2.799201,4.509815,72.271831,1,11,1,0.004762,0.061428,32,25,51,0,0,113,0,1,0,attached,13,1.785936,0.962455,1,1.808344,1.794435,0.198092,-0.104252,-0.019973,0.196624,0.004391,switched
20260526-194630-sentence-script-long-microtubule-tracks-2a3c00,7.2103,2026-05-27T00:46:39.044198+00:00,446,1,0,1,CURIOUS_SWITCH,,7.2113,11.7905,0.0,0.0,0.0,21,14,7,1,0,1,1,22,3.125355,2.882918,0.104965,0.208881,1,11,2,0.004762,0.422808,32,25,51,0,0,113,0,1,0,attached,13,1.785936,0.962455,1,1.808533,1.792819,0.214005,-0.103897,-0.012379,0.121867,0.002722,switched
20260526-194630-sentence-script-long-microtubule-tracks-2a3c00,7.3112,2026-05-27T00:46:39.144961+00:00,452,1,0,1,CURIOUS_SWITCH,,7.3121,11.7905,0.0,0.0,0.0,21,14,7,1,0,1,1,20,3.228287,2.955057,2.030522,10.929426,1,10,3,0.009524,0.421829,32,25,51,0,0,113,0,1,0,attached,13,1.959178,0.962455,1,1.979889,1.960549,0.237468,-0.140772,-0.000392,0.003861,8.6e-05,switched
20260526-194630-sentence-script-long-microtubule-tracks-2a3c00,7.4125,2026-05-27T00:46:39.246146+00:00,458,1,0,1,CURIOUS_SWITCH,,7.4134,11.7905,0.0,0.0,0.0,21,14,7,1,0,1,1,11,3.321131,3.02017,1.378612,13.804441,1,10,3,0.0,0.270997,32,25,51,0,0,113,0,1,0,attached,13,1.959178,0.962455,1,1.979779,1.961247,0.230601,-0.140925,0.011783,-0.115994,-0.00259,switched
20260526-194630-sentence-script-long-microtubule-tracks-2a3c00,7.514,2026-05-27T00:46:39.349146+00:00,464,1,0,1,CURIOUS_SWITCH,,7.515,11.7905,0.0,0.0,0.0,21,15,6,1,0,1,1,15,3.077972,2.947599,6.257342,119.24473,1,11,3,0.004762,0.056763,32,26,54,0,0,117,0,1,0,attached,13,2.13242,0.962455,1,2.151208,2.131259,0.231603,-0.178302,0.019748,-0.194408,-0.004342,switched
20260526-194630-sentence-script-long-microtubule-tracks-2a3c00,7.6153,2026-05-27T00:46:39.448977+00:00,470,1,0,1,CURIOUS_SWITCH,,7.6162,11.7905,0.0,0.0,0.0,21,16,5,1,0,1,1,15,3.029419,2.964197,3.109109,17.455378,1,11,3,0.004762,0.057871,32,27,54,0,0,121,0,1,0,attached,13,2.305662,0.962455,1,2.323044,2.301667,0.228703,-0.215766,0.020624,-0.203034,-0.004534,switched
20260526-194630-sentence-script-long-microtubule-tracks-2a3c00,7.7162,2026-05-27T00:46:39.549908+00:00,476,1,0,1,CURIOUS_SWITCH,,7.7171,11.7905,0.0,0.0,0.0,21,16,5,1,0,1,1,15,3.054368,2.98513,1.078144,10.438535,1,11,3,0.004762,0.255636,32,27,55,0,0,121,0,1,0,attached,13,2.478903,0.962455,1,2.495208,2.471715,0.22936,-0.25315,10.001889,0.924344,-2.198887,switched
20260526-194630-sentence-script-long-microtubule-tracks-2a3c00,7.8007,2026-05-27T00:46:39.634428+00:00,481,1,0,1,CURIOUS_SWITCH,,7.8016,11.7905,0.0,0.0,0.0,21,15,6,1,0,1,1,15,3.517327,2.992257,0.686552,12.213845,1,11,3,0.019048,1.161057,34,28,56,0,0,125,0,1,0,attached,13,2.478903,0.962455,1,2.495298,2.472448,0.222143,-0.253311,0.004707,-0.046335,-0.001035,switched
20260526-194630-sentence-script-long-microtubule-tracks-2a3c00,7.901,2026-05-27T00:46:39.734704+00:00,487,1,0,1,CURIOUS_SWITCH,,7.9019,11.7905,0.0,0.0,0.0,21,15,6,1,0,1,1,13,3.625112,3.077567,0.108383,0.209874,2,11,3,0.019048,0.232245,34,28,56,0,0,125,0,1,0,attached,13,2.478903,0.962455,1,2.495263,2.47218,0.224784,-0.253252,-0.007848,0.077254,0.001725,switched
20260526-194630-sentence-script-long-microtubule-tracks-2a3c00,8.0015,2026-05-27T00:46:39.835252+00:00,493,1,0,1,CURIOUS_SWITCH,,8.0025,11.7905,0.0,0.0,0.0,21,15,6,1,0,1,1,11,3.600552,3.068904,0.789925,14.277132,3,11,3,0.019048,0.401397,34,28,57,0,0,125,0,1,0,attached,13,2.652145,0.962455,1,2.667313,2.639071,0.25651,-0.289943,-0.017638,0.173631,0.003878,switched
20260526-194630-sentence-script-long-microtubule-tracks-2a3c00,8.1022,2026-05-27T00:46:39.937227+00:00,499,1,0,1,CURIOUS_SWITCH,,8.1031,11.7905,0.0,0.0,0.0,21,15,6,1,0,1,1,11,3.565159,3.055224,1.33181,13.10996,3,12,3,0.019048,4.053279,35,29,59,0,0,128,0,1,0,attached,13,2.825387,0.962455,-1,2.839574,2.805319,0.294567,-0.326492,-0.021206,0.208761,0.004662,switched
20260526-194630-sentence-script-long-microtubule-tracks-2a3c00,8.2031,2026-05-27T00:46:40.036848+00:00,505,1,0,1,CURIOUS_SWITCH,,8.2041,11.7905,0.0,0.0,0.0,20,14,6,2,0,2,2,23,3.235219,2.802902,1.984533,14.263447,2,12,2,0.031579,0.395637,35,29,61,0,0,128,0,1,0,attached,13,2.652145,0.962455,-1,2.667341,2.635058,0.296014,-0.289061,-0.01725,0.169819,0.003792,switched
20260526-194630-sentence-script-long-microtubule-tracks-2a3c00,8.3041,2026-05-27T00:46:40.137851+00:00,511,1,0,1,CURIOUS_SWITCH,,8.3051,11.7905,0.0,0.0,0.0,20,14,6,2,0,2,2,23,3.059541,2.872638,0.110015,0.253408,2,12,3,0.026316,0.306024,36,30,62,0,0,128,0,1,0,attached,13,2.652145,0.962455,-1,2.667463,2.633872,0.307684,-0.2888,-0.007151,0.070402,0.001572,switched
20260526-194630-sentence-script-long-microtubule-tracks-2a3c00,8.4052,2026-05-27T00:46:40.238851+00:00,517,1,0,1,CURIOUS_SWITCH,,8.4061,11.7905,0.0,0.0,0.0,20,15,5,2,0,2,2,22,3.196904,2.902223,2.066444,14.227411,2,12,3,0.015789,0.55295,36,31,62,0,0,128,0,1,0,attached,13,2.478903,0.962455,-1,2.495282,2.465599,0.289562,-0.251806,0.005496,-0.054105,-0.001208,switched
20260526-194630-sentence-script-long-microtubule-tracks-2a3c00,8.5062,2026-05-27T00:46:40.342088+00:00,523,1,0,1,CURIOUS_SWITCH,,8.5072,11.7905,0.0,0.0,0.0,20,15,5,2,0,2,2,22,3.262792,2.95424,1.28338,13.294329,2,11,3,0.015789,0.283398,36,31,62,0,0,128,0,1,0,attached,13,2.305662,0.962455,-1,2.32312,2.298526,0.259631,-0.215075,0.016192,-0.159399,-0.00356,switched
20260526-194630-sentence-script-long-microtubule-tracks-2a3c00,8.608,2026-05-27T00:46:40.441719+00:00,529,1,0,1,CURIOUS_SWITCH,,8.6089,11.7905,0.0,0.0,0.0,20,14,6,2,0,2,2,26,3.408335,2.985888,1.975983,14.120534,2,11,3,0.010526,0.082461,37,32,64,0,0,132,0,1,0,attached,13,2.13242,0.962455,-1,2.15118,2.132231,0.22203,-0.178516,0.021118,-0.207896,-0.004643,switched
20260526-194630-sentence-script-long-microtubule-tracks-2a3c00,8.71,2026-05-27T00:46:40.543856+00:00,535,1,0,1,CURIOUS_SWITCH,,8.711,11.7905,0.0,0.0,0.0,20,15,5,2,0,2,2,26,3.361708,3.052174,1.35733,13.726077,2,11,3,0.005263,0.07937,37,32,64,0,0,135,0,1,0,attached,13,2.13242,0.962455,-1,2.151263,2.134288,0.201779,-0.178968,0.018405,-0.181185,-0.004046,switched
20260526-194630-sentence-script-long-microtubule-tracks-2a3c00,8.8121,2026-05-27T00:46:40.645792+00:00,541,1,0,1,CURIOUS_SWITCH,,8.8131,11.7905,0.0,0.0,0.0,20,15,5,2,0,2,2,22,3.467431,3.128379,0.117853,0.265307,3,11,3,0.005263,2.428519,37,32,65,0,0,135,0,1,0,attached,13,2.305662,0.962455,1,2.323249,2.303945,0.20628,-0.216266,0.009009,-0.088685,-0.001981,switched
20260526-194630-sentence-script-long-microtubule-tracks-2a3c00,8.912,2026-05-27T00:46:40.747184+00:00,547,1,0,1,CURIOUS_SWITCH,,8.913,11.7905,0.0,0.0,0.0,19,13,6,3,0,3,3,40,3.094578,2.965549,0.670576,10.559265,2,11,2,0.011696,0.552706,38,32,65,0,0,135,0,1,0,attached,13,2.305662,0.962455,1,2.323275,2.304127,0.204488,-0.216306,-0.003432,0.033787,0.000755,switched
20260526-194630-sentence-script-long-microtubule-tracks-2a3c00,9.0124,2026-05-27T00:46:40.846190+00:00,553,1,0,1,CURIOUS_SWITCH,,9.0133,11.7905,0.0,0.0,0.0,18,12,6,4,0,4,4,58,2.807187,2.770564,0.120977,0.367856,1,11,2,0.006536,0.245848,38,32,65,0,0,135,0,1,0,attached,13,2.478903,0.962455,1,2.495175,2.471391,0.232547,-0.253079,-0.014676,0.14448,0.003227,switched
20260526-194630-sentence-script-long-microtubule-tracks-2a3c00,9.1166,2026-05-27T00:46:40.950341+00:00,559,1,0,1,CURIOUS_SWITCH,,9.1175,11.7905,0.0,0.0,0.0,18,13,5,4,0,4,4,58,2.771192,2.836047,0.124214,0.351468,1,11,2,0.013072,0.887725,38,33,66,0,0,135,0,1,0,attached,13,2.478903,0.962455,1,2.495064,2.469427,0.251883,-0.252647,-0.020855,0.205309,0.004585,switched
20260526-194630-sentence-script-long-microtubule-tracks-2a3c00,9.2019,2026-05-27T00:46:41.035737+00:00,564,1,0,1,CURIOUS_SWITCH,,9.2029,11.7905,0.0,0.0,0.0,18,13,5,4,0,4,4,58,2.892181,2.931339,0.136989,0.324601,1,11,2,0.006536,0.274598,38,33,66,0,0,135,0,1,0,attached,13,2.652145,0.962455,1,2.667284,2.635942,0.287307,-0.289255,-0.020064,0.197519,0.004411,switched
20260526-194630-sentence-script-long-microtubule-tracks-2a3c00,9.3041,2026-05-27T00:46:41.139228+00:00,570,1,0,1,CURIOUS_SWITCH,,9.305,11.7905,0.0,0.0,0.0,18,13,5,4,0,4,4,53,2.794212,2.873654,1.349724,12.061026,1,11,2,0.013072,0.41288,38,33,67,0,0,135,0,1,0,attached,4,0.573242,0.962455,1,0.640455,-0.315052,0.439156,-0.343609,-6.93474,7.384049,-1.226658,switched
20260526-194630-sentence-script-long-microtubule-tracks-2a3c00,9.406,2026-05-27T00:46:41.239875+00:00,576,1,0,1,CURIOUS_SWITCH,,9.4069,11.7905,0.0,0.0,0.0,18,12,6,4,0,4,4,53,3.012134,2.976235,0.696609,10.383892,2,11,2,0.019608,0.089626,39,33,67,0,0,135,0,1,0,attached,4,0.573242,0.962455,1,0.640068,-0.320778,0.433618,-0.344621,-0.0901,-0.087142,-0.015937,switched
20260526-194630-sentence-script-long-microtubule-tracks-2a3c00,9.5076,2026-05-27T00:46:41.341298+00:00,582,1,0,1,CURIOUS_SWITCH,,9.5085,11.7905,0.0,0.0,0.0,18,12,6,4,0,4,4,53,3.143653,3.078926,1.868676,12.103245,2,11,3,0.013072,0.253326,39,33,67,0,0,135,0,1,0,attached,4,0.746484,0.962455,1,0.79855,-0.451045,0.546868,-0.367664,-7.096898,7.278055,-1.255341,switched
20260526-194630-sentence-script-long-microtubule-tracks-2a3c00,9.6089,2026-05-27T00:46:41.442624+00:00,588,1,0,1,CURIOUS_SWITCH,,9.6098,11.7905,0.0,0.0,0.0,18,13,5,4,0,4,4,50,3.078495,3.168686,0.854724,13.235386,2,11,3,0.013072,0.402748,39,34,68,0,0,135,0,1,0,attached,4,0.746484,0.962455,1,0.798585,-0.465972,0.532431,-0.370304,-0.143316,-0.13861,-0.025351,switched
20260526-194630-sentence-script-long-microtubule-tracks-2a3c00,9.7102,2026-05-27T00:46:41.545267+00:00,594,1,0,1,CURIOUS_SWITCH,,9.7112,11.7905,0.0,0.0,0.0,17,12,5,5,0,5,5,65,2.846503,3.022713,0.141356,0.232443,1,10,2,0.014706,0.651608,39,34,68,0,0,135,0,1,0,attached,4,0.919726,0.962455,1,0.962844,-0.59554,0.646356,-0.393223,-0.09297,-0.089917,-0.016445,switched
20260526-194630-sentence-script-long-microtubule-tracks-2a3c00,9.8119,2026-05-27T00:46:41.645587+00:00,600,1,0,1,CURIOUS_SWITCH,,9.8128,11.7905,0.0,0.0,0.0,17,13,4,5,0,5,5,64,2.789393,3.071083,1.494278,12.98299,1,8,2,0.014706,0.07684,39,35,68,0,0,135,0,1,0,attached,4,0.919726,0.962455,1,0.963058,-0.600177,0.641872,-0.394043,-0.009021,-0.008725,-0.001596,switched
20260526-194630-sentence-script-long-microtubule-tracks-2a3c00,9.9126,2026-05-27T00:46:41.746368+00:00,606,1,0,1,CURIOUS_SWITCH,,9.9136,11.7905,0.0,0.0,0.0,17,13,4,5,0,5,5,64,2.644248,2.977859,2.160898,14.289883,1,8,2,0.014706,0.068064,39,35,70,0,0,135,0,1,0,attached,4,1.092968,0.962455,1,1.129504,-0.713537,0.771472,-0.414095,-6.933539,7.550981,-1.226445,switched
20260526-194630-sentence-script-long-microtubule-tracks-2a3c00,10.0134,2026-05-27T00:46:41.847114+00:00,612,1,0,1,CURIOUS_SWITCH,,10.0143,11.7905,0.0,0.0,0.0,17,12,5,5,0,5,5,62,2.936175,3.070908,0.908267,13.299404,1,8,2,0.007353,0.083337,40,35,70,0,0,135,0,1,0,attached,4,1.092968,0.962455,1,1.129203,-0.701924,0.782704,-0.412041,0.136571,0.132087,0.024158,switched
20260526-194630-sentence-script-long-microtubule-tracks-2a3c00,10.1143,2026-05-27T00:46:41.948138+00:00,618,1,0,1,CURIOUS_SWITCH,,10.1153,11.7905,0.0,0.0,0.0,17,12,5,5,0,5,5,63,2.79068,2.987789,23.747614,387.750097,2,10,1,0.022059,0.124847,40,35,72,0,0,137,0,1,0,attached,4,1.26621,0.962455,1,1.29758,-0.804728,0.922515,-0.430225,0.147159,0.142327,0.02603,switched
20260526-194630-sentence-script-long-microtubule-tracks-2a3c00,10.2154,2026-05-27T00:46:42.049228+00:00,624,1,0,1,CURIOUS_SWITCH,,10.2164,11.7905,0.0,0.0,0.0,17,12,5,5,0,5,5,60,2.288012,2.650755,1.280011,10.427507,1,10,2,0.036765,2.842115,40,35,73,0,0,140,0,1,0,attached,4,1.439452,0.962455,1,1.467332,-0.909568,1.060356,-0.44877,0.105283,0.101826,0.018623,switched
20260526-194630-sentence-script-long-microtubule-tracks-2a3c00,10.3165,2026-05-27T00:46:42.150307+00:00,630,1,0,1,CURIOUS_SWITCH,,10.3175,11.7905,0.0,0.0,0.0,17,12,5,5,0,5,5,56,2.40179,2.73912,1.504441,13.257256,1,10,2,0.022059,0.289487,42,35,73,0,0,146,0,1,0,attached,4,1.612694,0.962455,1,1.637788,-1.021055,1.191768,-0.468491,-6.947714,7.460912,-1.228953,switched
20260526-194630-sentence-script-long-microtubule-tracks-2a3c00,10.4008,2026-05-27T00:46:42.234462+00:00,635,1,0,1,CURIOUS_SWITCH,,10.4017,11.7905,0.0,0.0,0.0,17,10,7,5,0,5,5,53,2.824888,2.803711,5.915192,79.800515,1,10,2,0.022059,0.113432,42,35,74,0,0,149,0,1,0,attached,4,1.612694,0.962455,1,1.637741,-1.022668,1.190208,-0.468776,-0.048758,-0.047157,-0.008625,switched
20260526-194630-sentence-script-long-microtubule-tracks-2a3c00,10.5023,2026-05-27T00:46:42.337318+00:00,641,1,0,1,CURIOUS_SWITCH,,10.5032,11.7905,0.0,0.0,0.0,17,10,7,5,0,5,5,50,2.897675,2.872126,0.134667,0.275075,1,9,2,0.029412,0.104906,42,35,74,0,0,150,0,1,0,attached,4,1.612694,0.962455,1,1.637531,-1.03216,1.181028,-0.470455,-0.120834,-0.116866,-0.021374,switched
20260526-194630-sentence-script-long-microtubule-tracks-2a3c00,10.6034,2026-05-27T00:46:42.437146+00:00,647,1,0,1,CURIOUS_SWITCH,,10.6044,11.7905,0.0,0.0,0.0,17,10,7,5,0,5,5,48,2.532932,2.963193,0.132954,0.357958,1,9,3,0.029412,0.456179,43,36,74,0,0,150,0,1,0,attached,4,1.785936,0.962455,1,1.808294,-1.164159,1.292602,-0.493804,-0.149641,-0.144727,-0.026469,switched
20260526-194630-sentence-script-long-microtubule-tracks-2a3c00,10.7045,2026-05-27T00:46:42.538140+00:00,653,1,0,1,CURIOUS_SWITCH,,10.7054,11.7905,0.0,0.0,0.0,17,11,6,5,0,5,5,44,2.521479,2.956771,0.722202,10.28903,1,9,3,0.022059,0.414615,43,37,76,0,0,150,0,1,0,attached,4,1.959178,0.962455,1,1.979689,-1.295906,1.40442,-0.517108,-7.111329,7.328768,-1.257894,switched
20260526-194630-sentence-script-long-microtubule-tracks-2a3c00,10.8053,2026-05-27T00:46:42.639010+00:00,659,1,0,1,CURIOUS_SWITCH,,10.8062,11.7905,0.0,0.0,0.0,17,11,6,5,0,5,5,42,2.553901,3.000435,0.723166,10.360181,1,9,3,0.007353,1.113506,43,38,77,0,0,150,0,1,0,attached,4,1.959178,0.962455,1,1.979857,-1.304718,1.395897,-0.518667,-0.055872,-0.054037,-0.009883,switched
20260526-194630-sentence-script-long-microtubule-tracks-2a3c00,10.9066,2026-05-27T00:46:42.740360+00:00,665,1,0,1,CURIOUS_SWITCH,,10.9075,11.7905,0.0,0.0,0.0,16,12,4,6,0,6,6,57,2.685327,2.801628,13.827276,194.530221,2,10,2,0.016667,0.32432,43,39,78,0,0,151,0,1,0,attached,4,1.959178,0.962455,1,1.979867,-1.305142,1.395487,-0.518741,0.033569,0.032467,0.005938,switched
20260526-194630-sentence-script-long-microtubule-tracks-2a3c00,11.0044,2026-05-27T00:46:42.838062+00:00,671,1,0,1,CURIOUS_SWITCH,,11.0054,11.7905,0.0,0.0,0.0,16,10,6,6,0,6,6,49,3.036316,2.790193,1.563063,11.979394,2,9,2,0.025,0.126678,45,39,78,0,0,153,0,1,0,attached,4,2.13242,0.962455,1,2.1513,-1.415012,1.528463,-0.538176,0.108809,0.105236,0.019247,switched
20260526-194630-sentence-script-long-microtubule-tracks-2a3c00,11.1014,2026-05-27T00:46:42.935137+00:00,677,1,0,1,CURIOUS_SWITCH,,11.1024,11.7905,0.0,0.0,0.0,16,9,7,6,0,6,6,44,2.933322,2.87494,0.82575,10.956913,2,9,2,0.016667,0.351797,46,39,78,0,0,154,0,1,0,attached,4,2.13242,0.962455,1,2.151184,-1.401913,1.541132,-0.535859,0.147421,0.142581,0.026077,switched
20260526-194630-sentence-script-long-microtubule-tracks-2a3c00,11.2132,2026-05-27T00:46:43.046847+00:00,684,1,0,1,CURIOUS_SWITCH,,11.2141,11.7905,0.0,0.0,0.0,16,9,7,6,0,6,6,40,2.777373,2.821855,0.125002,0.266317,2,10,2,0.025,0.103753,46,40,79,0,0,154,0,1,0,attached,4,2.305662,0.962455,1,2.323094,-1.503501,1.682119,-0.553828,0.131594,0.127273,0.023277,switched
20260526-194630-sentence-script-long-microtubule-tracks-2a3c00,11.3083,2026-05-27T00:46:43.143330+00:00,690,1,0,1,CURIOUS_SWITCH,,11.3093,11.7905,0.0,0.0,0.0,16,11,5,6,0,6,6,35,2.874275,2.779695,0.783023,10.937588,2,10,2,0.033333,0.300621,46,42,82,0,0,154,0,1,0,attached,4,2.478903,0.962455,1,2.495258,-1.611667,1.816743,-0.572962,-7.355352,7.989799,-1.301058,switched
20260526-194630-sentence-script-long-microtubule-tracks-2a3c00,11.4034,2026-05-27T00:46:43.237069+00:00,696,1,0,1,CURIOUS_SWITCH,,11.4043,11.7905,0.0,0.0,0.0,16,11,5,6,0,6,6,33,2.525227,2.909274,0.735608,10.10284,2,10,2,0.016667,0.065532,47,42,82,0,0,154,0,1,0,attached,4,2.478903,0.962455,1,2.495302,-1.609285,1.819047,-0.57254,-0.010084,-0.009753,-0.001784,switched
20260526-194630-sentence-script-long-microtubule-tracks-2a3c00,11.5136,2026-05-27T00:46:43.347332+00:00,703,1,0,1,CURIOUS_SWITCH,,11.5146,11.7905,0.0,0.0,0.0,16,12,4,6,0,6,6,30,2.641506,2.957396,7.229302,91.776067,2,10,2,0.008333,0.298,47,43,84,0,0,154,0,1,0,attached,4,2.478903,0.962455,1,2.495185,-1.616269,1.812292,-0.573776,-0.099715,-0.096441,-0.017638,switched
20260526-194630-sentence-script-long-microtubule-tracks-2a3c00,11.6079,2026-05-27T00:46:43.441673+00:00,709,1,0,1,CURIOUS_SWITCH,,11.6089,11.7905,0.0,0.0,0.0,16,12,4,6,0,6,6,30,2.506072,2.87175,2.850605,32.732364,2,10,2,0.016667,0.232025,47,43,87,0,0,154,0,1,0,attached,4,2.652145,0.962455,1,2.667264,-1.746073,1.925989,-0.596736,-0.144038,-0.139308,-0.025478,switched
20260526-194630-sentence-script-long-microtubule-tracks-2a3c00,11.7018,2026-05-27T00:46:43.535449+00:00,715,1,0,1,CURIOUS_SWITCH,,11.7027,11.7905,0.0,0.0,0.0,16,9,7,6,0,6,6,31,3.239409,2.950943,0.150658,0.254573,2,10,2,0.033333,0.318731,50,43,88,0,0,159,0,1,0,attached,4,2.825387,0.962455,1,2.839596,-1.877569,2.03805,-0.619996,-0.143545,-0.138832,-0.025391,switched
20260526-194630-sentence-script-long-microtubule-tracks-2a3c00,11.8134,2026-05-27T00:46:43.647208+00:00,722,1,0,1,DELIVER,CURIOUS_SWITCH,0.0167,7.3247,0.0,0.0,0.0,16,8,8,6,0,6,6,29,2.845193,3.032061,0.138333,0.228561,2,9,2,0.025,0.455828,51,43,88,0,0,159,0,1,0,attached,4,2.998629,0.962455,1,3.012144,-2.00809,2.151054,-0.643083,-0.086563,-0.083721,-0.015312,switched
20260526-194630-sentence-script-long-microtubule-tracks-2a3c00,11.914,2026-05-27T00:46:43.747670+00:00,728,1,0,1,DELIVER,CURIOUS_SWITCH,0.1173,7.3247,0.0,0.0,0.0,16,8,8,6,0,6,6,25,2.958805,3.110475,0.689228,9.221253,2,9,2,0.025,0.265656,51,43,88,0,0,159,0,1,0,attached,4,2.998629,0.962455,1,3.012202,-2.011971,2.1473,-0.64377,-0.001986,-0.001921,-0.000351,switched
20260526-194630-sentence-script-long-microtubule-tracks-2a3c00,12.0145,2026-05-27T00:46:43.849383+00:00,734,1,0,1,DELIVER,CURIOUS_SWITCH,0.2178,7.3247,0.0,0.0,0.0,16,9,7,6,0,6,6,28,2.890333,3.178598,4.09081,53.20571,2,9,3,0.008333,0.272369,51,44,89,0,0,160,0,1,0,attached,4,3.171871,0.962455,1,3.184638,-2.124701,2.27751,-0.66371,0.083239,0.080506,0.014724,switched
20260526-194630-sentence-script-long-microtubule-tracks-2a3c00,12.1151,2026-05-27T00:46:43.948881+00:00,740,1,0,1,DELIVER,CURIOUS_SWITCH,0.3184,7.3247,0.0,0.0,0.0,16,9,7,6,0,6,6,26,2.968594,3.234395,1.006479,13.939222,2,9,3,0.008333,0.095902,51,44,89,0,0,166,0,1,0,attached,4,3.171871,0.962455,1,3.184534,-2.112703,2.289114,-0.661588,0.139143,0.134575,0.024612,switched
20260526-194630-sentence-script-long-microtubule-tracks-2a3c00,12.2157,2026-05-27T00:46:44.049347+00:00,746,1,0,1,DELIVER,CURIOUS_SWITCH,0.419,7.3247,0.0,0.0,0.0,16,7,9,6,0,6,6,24,3.424334,3.337478,0.141448,0.262546,2,8,3,0.008333,0.296266,53,44,89,0,0,169,0,1,0,attached,4,3.345113,0.962455,1,3.357117,-2.215521,2.428911,-0.679775,0.145871,0.141081,0.025802,switched
20260526-194630-sentence-script-long-microtubule-tracks-2a3c00,12.3164,2026-05-27T00:46:44.150025+00:00,752,1,0,1,DELIVER,CURIOUS_SWITCH,0.5197,7.3247,0.0,0.0,0.0,16,10,6,6,0,6,6,20,3.139529,3.378482,0.753403,9.900593,2,8,3,0.016667,0.099307,53,47,91,0,0,169,0,1,0,attached,4,3.345113,0.962455,1,3.357212,-2.203085,2.440938,-0.677575,0.100971,0.097656,0.01786,switched
20260526-194630-sentence-script-long-microtubule-tracks-2a3c00,12.4003,2026-05-27T00:46:44.233966+00:00,757,1,0,1,DELIVER,CURIOUS_SWITCH,0.6036,7.3247,0.0,0.0,0.0,16,12,4,6,0,6,6,14,2.99364,3.47088,0.133939,0.212399,2,8,3,0.0,1.475659,53,49,92,0,0,169,0,1,0,attached,4,3.518355,0.962455,1,3.529924,-2.31546,2.571492,-0.697453,0.035177,0.034022,0.006222,switched
20260526-194630-sentence-script-long-microtubule-tracks-2a3c00,12.5012,2026-05-27T00:46:44.336161+00:00,763,1,0,1,DELIVER,CURIOUS_SWITCH,0.7045,7.3247,0.0,0.0,0.0,16,13,3,6,0,6,6,11,3.44471,3.550677,0.989104,13.866182,3,8,3,0.008333,0.220471,53,50,92,0,0,169,0,1,0,attached,4,3.518355,0.962455,1,3.529902,-2.317179,2.56983,-0.697757,-0.053842,-0.052074,-0.009524,switched
20260526-194630-sentence-script-long-microtubule-tracks-2a3c00,12.6024,2026-05-27T00:46:44.436710+00:00,769,1,0,1,DELIVER,CURIOUS_SWITCH,0.8057,7.3247,0.0,0.0,0.0,16,15,1,6,0,8,8,49,3.671038,3.626996,3.701533,14.333341,3,8,1,0.008333,0.201201,53,52,92,0,0,170,0,1,0,attached,4,3.691597,0.962455,1,3.70251,-2.444692,2.685742,-0.720312,-0.123888,-0.11982,-0.021914,switched
20260526-194630-sentence-script-long-microtubule-tracks-2a3c00,12.7041,2026-05-27T00:46:44.537785+00:00,775,1,0,1,DELIVER,CURIOUS_SWITCH,0.9074,7.3247,0.0173,0.0,0.0,14,13,1,8,0,8,8,48,3.22806,3.214234,1.140404,14.023502,1,8,1,0.010989,0.048625,53,52,92,0,0,172,0,1,0,attached,4,3.864839,0.962455,1,3.875222,-2.576912,2.797103,-0.7437,-0.149664,-0.14475,-0.026473,switched
20260526-194630-sentence-script-long-microtubule-tracks-2a3c00,12.8037,2026-05-27T00:46:44.637530+00:00,780,1,0,1,DELIVER,CURIOUS_SWITCH,1.0071,7.3247,0.0,0.0,0.0,14,13,1,8,0,8,8,43,3.315155,3.300367,2.296853,11.653803,1,7,2,0.021978,0.756479,53,52,92,0,0,173,0,1,0,attached,4,4.038081,0.962455,1,4.048077,-2.708298,2.90927,-0.76694,-0.123568,-0.119511,-0.021857,switched
20260526-194630-sentence-script-long-microtubule-tracks-2a3c00,12.9042,2026-05-27T00:46:44.737958+00:00,786,1,0,1,DELIVER,CURIOUS_SWITCH,1.1076,7.3247,0.0166,0.0,0.0,14,14,0,8,0,8,8,43,3.025665,3.046674,0.865074,10.406245,1,8,2,0.010989,0.030414,53,53,93,0,0,173,0,1,0,attached,4,4.211323,0.962455,1,4.220985,-2.834394,3.026553,-0.789245,-7.118818,7.485101,-1.259219,switched
20260526-194630-sentence-script-long-microtubule-tracks-2a3c00,13.0043,2026-05-27T00:46:44.838107+00:00,792,1,0,1,DELIVER,CURIOUS_SWITCH,1.2076,7.3247,0.0,0.0,0.0,14,14,0,8,0,8,8,42,3.163191,3.183332,1.146253,14.522924,1,7,2,0.010989,0.241211,53,53,93,0,0,173,0,1,0,attached,4,4.211323,0.962455,1,4.220986,-2.83446,3.026489,-0.789256,0.036394,0.035199,0.006438,switched
20260526-194630-sentence-script-long-microtubule-tracks-2a3c00,13.1057,2026-05-27T00:46:44.939449+00:00,798,1,0,1,DELIVER,CURIOUS_SWITCH,1.309,7.3247,0.0,0.0,0.0,14,14,0,8,0,8,8,40,3.553612,3.56993,0.13853,0.204572,1,6,2,0.010989,0.51344,53,55,93,0,1,173,0,1,0,attached,4,4.211323,0.962455,1,4.220909,-2.826024,3.034647,-0.787764,0.112799,0.109096,0.019953,switched
20260526-194630-sentence-script-long-microtubule-tracks-2a3c00,13.2076,2026-05-27T00:46:45.041444+00:00,804,1,0,1,DELIVER,CURIOUS_SWITCH,1.4109,7.3247,0.0,0.0,0.0,14,14,0,8,0,8,8,40,3.692176,3.707928,0.968373,11.528593,2,6,3,0.010989,0.54221,53,55,93,0,1,173,0,1,0,attached,4,4.384565,0.962455,1,4.39372,-2.929625,3.173687,-0.80609,0.148837,0.14395,0.026327,switched
20260526-194630-sentence-script-long-microtubule-tracks-2a3c00,13.3087,2026-05-27T00:46:45.142345+00:00,810,1,0,1,DELIVER,CURIOUS_SWITCH,1.512,7.3247,0.0,0.0,0.0,14,14,0,8,0,8,8,40,3.801133,3.815171,1.795654,14.371475,2,6,3,0.010989,0.765349,53,55,93,0,1,173,0,1,0,attached,4,4.557807,0.962455,1,4.566651,-3.032823,3.313116,-0.824344,0.13133,0.127018,0.02323,switched
20260526-194630-sentence-script-long-microtubule-tracks-2a3c00,13.4095,2026-05-27T00:46:45.243323+00:00,816,1,0,1,DELIVER,CURIOUS_SWITCH,1.6128,7.3247,0.0,0.0,0.0,14,14,0,8,0,8,8,36,3.93352,3.947214,1.152893,14.439433,2,5,3,0.010989,0.032094,53,55,93,0,1,173,0,1,0,attached,4,4.557807,0.962455,1,4.566727,-3.023047,3.322572,-0.822615,0.067161,0.064956,0.01188,switched
20260526-194630-sentence-script-long-microtubule-tracks-2a3c00,13.5102,2026-05-27T00:46:45.343912+00:00,822,1,0,1,DELIVER,CURIOUS_SWITCH,1.7135,7.3247,0.0,0.0,0.0,14,14,0,8,0,8,8,36,4.053866,4.066501,1.193622,15.587789,2,4,3,0.021978,0.367701,53,56,93,0,1,173,0,1,0,attached,4,4.731049,0.962455,1,4.739659,-3.139027,3.449639,-0.84313,-0.020752,-0.020071,-0.003671,switched
20260526-194630-sentence-script-long-microtubule-tracks-2a3c00,13.6107,2026-05-27T00:46:45.444399+00:00,828,1,0,1,DELIVER,CURIOUS_SWITCH,1.814,7.3247,0.0,0.0,0.0,13,12,1,9,0,9,9,57,4.049348,3.941598,1.258332,14.781822,2,4,2,0.0,0.668729,55,58,93,0,1,174,0,1,0,attached,4,4.731049,0.962455,1,4.739598,-3.146016,3.442879,-0.844366,-0.101165,-0.097843,-0.017895,switched
20260526-194630-sentence-script-long-microtubule-tracks-2a3c00,13.7111,2026-05-27T00:46:45.546139+00:00,834,1,0,1,DELIVER,CURIOUS_SWITCH,1.9144,7.3247,0.0,0.0,0.0,13,12,1,9,0,9,9,54,4.183963,4.056129,1.668646,19.721362,2,3,2,0.012821,0.220495,55,58,93,0,1,174,0,1,0,attached,4,4.904291,0.962455,1,4.912481,-3.276818,3.555611,-0.867503,-0.145869,-0.14108,-0.025802,switched
20260526-194630-sentence-script-long-microtubule-tracks-2a3c00,13.8115,2026-05-27T00:46:45.645178+00:00,840,1,0,1,DELIVER,CURIOUS_SWITCH,2.0148,7.3247,0.0,0.0,0.0,13,12,1,9,0,9,9,51,4.507285,4.345785,1.039589,11.634143,2,3,2,0.0,0.048551,55,58,93,0,2,174,0,1,0,attached,4,4.904291,0.962455,1,4.912498,-3.291514,3.541398,-0.870103,-0.139204,-0.134634,-0.024623,switched
20260526-194630-sentence-script-long-microtubule-tracks-2a3c00,13.913,2026-05-27T00:46:45.746655+00:00,846,1,0,1,DELIVER,CURIOUS_SWITCH,2.1163,7.3247,0.0,0.0,0.0,12,11,1,10,0,10,10,65,4.406951,4.231514,0.138167,0.199602,1,3,2,0.0,0.533148,55,58,93,0,2,174,0,1,0,attached,4,5.077533,0.962455,1,5.085529,-3.420303,3.656076,-0.892884,-0.082772,-0.080054,-0.014641,switched
20260526-194630-sentence-script-long-microtubule-tracks-2a3c00,14.0138,2026-05-27T00:46:45.847405+00:00,852,1,0,1,DELIVER,CURIOUS_SWITCH,2.2171,7.3247,0.0,0.0,0.0,12,11,1,10,0,10,10,62,4.51918,4.32696,0.111023,0.209419,1,3,3,0.0,0.295074,55,58,93,0,2,174,0,1,0,attached,4,5.077533,0.962455,1,5.08556,-3.423738,3.652754,-0.893491,0.002781,0.002689,0.000492,switched
20260526-194630-sentence-script-long-microtubule-tracks-2a3c00,14.1149,2026-05-27T00:46:45.948617+00:00,858,1,0,1,DELIVER,CURIOUS_SWITCH,2.3182,7.3247,0.0,0.0,0.0,12,12,0,10,0,10,10,60,4.434468,4.445059,0.108347,0.20991,1,3,3,0.0,0.366071,55,59,93,0,2,174,0,1,0,attached,4,5.250775,0.962455,1,5.258492,-3.535959,3.783457,-0.913342,0.087647,0.084769,0.015503,switched
20260526-194630-sentence-script-long-microtubule-tracks-2a3c00,14.2168,2026-05-27T00:46:46.051735+00:00,864,1,0,1,DELIVER,CURIOUS_SWITCH,2.4201,7.3247,0.0,0.0,0.0,12,12,0,10,0,10,10,57,4.579677,4.589843,1.652322,15.759303,1,3,3,0.0,0.028841,55,60,93,0,2,174,0,1,0,attached,4,5.250775,0.962455,1,5.258431,-3.523474,3.795532,-0.911133,0.141403,0.13676,0.025012,switched
20260526-194630-sentence-script-long-microtubule-tracks-2a3c00,14.3012,2026-05-27T00:46:46.134824+00:00,869,1,0,1,DELIVER,CURIOUS_SWITCH,2.5045,7.3247,0.0169,0.0,0.0,12,12,0,10,0,10,10,52,4.483589,4.499604,3.247703,19.675333,2,3,4,0.0,0.03041,55,62,94,0,2,174,0,1,0,attached,4,5.424017,0.962455,1,5.431425,-3.628625,3.933072,-0.929733,0.147464,0.142622,0.026084,switched
20260526-194630-sentence-script-long-microtubule-tracks-2a3c00,14.4028,2026-05-27T00:46:46.236386+00:00,875,1,0,1,DELIVER,CURIOUS_SWITCH,2.6061,7.3247,0.0,0.0,0.0,12,12,0,10,0,10,10,50,4.607081,4.621073,3.073601,13.88118,2,3,4,0.0,0.468642,55,62,94,0,2,174,0,1,0,attached,4,5.597259,0.962455,1,5.604492,-3.733337,4.071038,-0.948255,-6.87069,7.542223,-1.215328,switched
20260526-194630-sentence-script-long-microtubule-tracks-2a3c00,14.5038,2026-05-27T00:46:46.337479+00:00,881,1,0,1,DELIVER,CURIOUS_SWITCH,2.7071,7.3247,0.0169,0.0,0.0,12,12,0,10,0,10,10,48,4.780797,4.792495,0.860676,9.165661,2,3,4,0.0,0.021593,55,64,95,0,2,174,0,1,0,attached,4,5.597259,0.962455,1,5.60454,-3.727053,4.077114,-0.947144,0.027227,0.026333,0.004816,switched
20260526-194630-sentence-script-long-microtubule-tracks-2a3c00,14.6049,2026-05-27T00:46:46.438569+00:00,887,1,0,1,DELIVER,CURIOUS_SWITCH,2.8082,7.3247,0.0168,0.0,0.0,11,11,0,11,0,11,11,63,4.571325,4.583672,3.088485,19.151992,1,3,4,0.0,0.020437,55,65,95,0,2,174,0,1,0,attached,4,5.597259,0.962455,1,5.604519,-3.72959,4.074661,-0.947592,-0.06155,-0.059529,-0.010887,switched
20260526-194630-sentence-script-long-microtubule-tracks-2a3c00,14.7059,2026-05-27T00:46:46.540949+00:00,893,1,0,1,DELIVER,CURIOUS_SWITCH,2.9093,7.3247,0.0,0.0,0.0,11,11,0,11,0,11,11,60,4.766492,4.777475,2.654352,15.500419,2,3,5,0.0,0.029547,55,66,95,0,2,174,0,1,0,attached,4,5.770501,0.962455,1,5.777483,-3.857696,4.19,-0.970252,-0.128336,-0.124122,-0.022701,switched
20260526-194630-sentence-script-long-microtubule-tracks-2a3c00,14.8073,2026-05-27T00:46:46.641191+00:00,899,1,0,1,DELIVER,CURIOUS_SWITCH,3.0106,7.3247,0.0,0.0,0.0,11,11,0,11,0,11,11,57,4.875517,4.886408,3.427191,14.753032,3,1,5,0.0,0.346259,55,68,95,0,2,174,0,1,0,attached,4,5.943743,0.962455,1,5.9505,-3.990038,4.301243,-0.993662,-7.113357,7.281296,-1.258253,switched
20260526-194630-sentence-script-long-microtubule-tracks-2a3c00,14.9082,2026-05-27T00:46:46.741881+00:00,905,1,0,1,DELIVER,CURIOUS_SWITCH,3.1115,7.3247,0.0167,0.0,0.0,11,11,0,11,0,11,11,53,5.041241,5.051816,3.698246,19.260344,3,1,5,0.0,0.020933,55,69,95,0,2,174,0,1,0,attached,4,5.943743,0.962455,1,5.950544,-4.003612,4.288114,-0.996063,-0.117036,-0.113193,-0.020702,switched
20260526-194630-sentence-script-long-microtubule-tracks-2a3c00,15.0087,2026-05-27T00:46:46.842292+00:00,911,1,0,1,DELIVER,CURIOUS_SWITCH,3.212,7.3247,0.0,0.0,0.0,10,10,0,12,0,12,12,66,4.964086,4.974229,0.093403,0.207278,3,1,5,0.0,0.01561,55,69,95,0,2,174,0,1,0,attached,4,6.116985,0.962455,1,6.123644,-4.128961,4.40612,-1.018235,-0.043489,-0.042061,-0.007693,switched
20260526-194630-sentence-script-long-microtubule-tracks-2a3c00,15.1096,2026-05-27T00:46:46.943233+00:00,917,1,0,1,DELIVER,CURIOUS_SWITCH,3.3129,7.3247,0.0,0.0,0.0,10,10,0,12,0,12,12,60,5.135263,5.144698,2.613617,14.809876,3,1,5,0.0,0.535388,55,69,95,0,2,174,0,1,0,attached,4,6.290227,0.962455,1,6.296696,-4.245745,4.532409,-1.038893,-6.945624,7.499097,-1.228583,switched
20260526-194630-sentence-script-long-microtubule-tracks-2a3c00,15.2105,2026-05-27T00:46:47.044158+00:00,923,1,0,1,DELIVER,CURIOUS_SWITCH,3.4138,7.3247,0.0,0.0,0.0,10,10,0,12,0,12,12,59,5.200748,5.20999,2.927435,17.537035,3,1,5,0.0,0.029209,55,70,95,0,2,174,0,1,0,attached,4,6.463469,0.962455,1,6.469713,-4.354234,4.666722,-1.058083,-6.880084,7.577608,-1.21699,switched
20260526-194630-sentence-script-long-microtubule-tracks-2a3c00,15.3115,2026-05-27T00:46:47.145114+00:00,929,1,0,1,DELIVER,CURIOUS_SWITCH,3.5148,7.3247,0.0,0.0,0.0,10,10,0,12,0,12,12,55,5.393829,5.402476,2.902916,17.49228,4,1,5,0.0,0.589807,55,72,95,0,2,174,0,1,0,attached,4,6.63671,0.962455,1,6.642762,-4.457657,4.805934,-1.076377,-6.83482,7.591976,-1.208983,switched
20260526-194630-sentence-script-long-microtubule-tracks-2a3c00,15.4128,2026-05-27T00:46:47.246579+00:00,935,1,0,1,DELIVER,CURIOUS_SWITCH,3.6161,7.3247,0.0,0.0,0.0,10,10,0,12,0,12,12,55,5.494001,5.502394,0.097624,0.206803,5,1,5,0.0,0.548076,55,74,95,0,2,174,0,1,0,attached,4,6.63671,0.962455,1,6.642792,-4.443412,4.81971,-1.073857,0.126913,0.122746,0.022449,switched
20260526-194630-sentence-script-long-microtubule-tracks-2a3c00,15.5146,2026-05-27T00:46:47.349838+00:00,941,1,0,1,DELIVER,CURIOUS_SWITCH,3.7179,7.3247,0.0,0.0,0.0,9,9,0,13,0,13,13,71,5.450115,5.458619,1.195106,10.196491,4,1,5,0.0,0.010199,55,74,95,0,2,174,0,1,0,attached,4,6.809952,0.962455,1,6.815929,-4.551909,4.954015,-1.093049,-6.865846,7.440003,-1.214472,switched
20260526-194630-sentence-script-long-microtubule-tracks-2a3c00,15.6168,2026-05-27T00:46:47.450479+00:00,947,1,0,1,DELIVER,CURIOUS_SWITCH,3.8201,7.3247,0.0,0.0,0.0,9,9,0,13,0,13,13,66,5.642067,5.650074,0.13231,0.204423,4,1,5,0.0,0.311755,55,74,95,0,2,174,0,1,0,attached,4,6.809952,0.962455,1,6.815934,-4.551246,4.954656,-1.092932,-0.031422,-0.03039,-0.005558,switched
20260526-194630-sentence-script-long-microtubule-tracks-2a3c00,15.7019,2026-05-27T00:46:47.535530+00:00,952,1,0,1,DELIVER,CURIOUS_SWITCH,3.9052,7.3247,0.0,0.0,0.0,7,7,0,15,0,15,15,97,5.178217,5.186995,2.147528,14.039961,2,1,3,0.0,0.019167,55,74,95,0,2,174,0,1,0,attached,4,6.983194,0.962455,1,6.988991,-4.675134,5.074075,-1.114846,-0.098908,-0.095661,-0.017496,switched
20260526-194630-sentence-script-long-microtubule-tracks-2a3c00,15.8039,2026-05-27T00:46:47.637557+00:00,958,1,0,1,DELIVER,CURIOUS_SWITCH,4.0072,7.3247,0.0,0.0,0.0,7,7,0,15,0,15,15,93,5.258599,5.267287,4.386449,16.246867,2,0,3,0.0,0.051668,55,76,95,0,2,174,0,1,0,attached,4,6.983194,0.962455,1,6.988949,-4.688396,5.061248,-1.117192,-0.145509,-0.140731,-0.025738,switched
20260526-194630-sentence-script-long-microtubule-tracks-2a3c00,15.9059,2026-05-27T00:46:47.739594+00:00,964,1,0,1,DELIVER,CURIOUS_SWITCH,4.1093,7.3247,0.0,0.0,0.0,7,7,0,15,0,15,15,87,5.421149,5.429454,2.236066,14.881573,2,0,3,0.0,0.016282,55,77,95,0,2,174,0,1,0,attached,4,7.156436,0.962455,1,7.162063,-4.82098,5.172256,-1.140644,-0.139184,-0.134614,-0.02462,switched
20260526-194630-sentence-script-long-microtubule-tracks-2a3c00,16.0064,2026-05-27T00:46:47.840126+00:00,970,1,0,1,DELIVER,CURIOUS_SWITCH,4.2097,7.3247,0.0,0.0,0.0,7,7,0,15,0,15,15,84,5.603964,5.61186,0.471429,2.295142,3,0,3,0.0,0.228943,55,78,95,0,2,174,0,1,0,attached,4,7.156436,0.962455,1,7.162112,-4.83204,5.161559,-1.1426,-0.083471,-0.080731,-0.014765,switched
20260526-194630-sentence-script-long-microtubule-tracks-2a3c00,16.1072,2026-05-27T00:46:47.940833+00:00,976,1,0,1,DELIVER,CURIOUS_SWITCH,4.3105,7.3247,0.0,0.0,0.0,7,7,0,15,0,15,15,81,5.742996,5.750686,0.11826,0.196646,3,0,3,0.0,0.319353,55,80,95,0,2,174,0,1,0,attached,4,7.329678,0.962455,1,7.335241,-4.953208,5.283609,-1.164033,0.001943,0.001879,0.000344,switched
20260526-194630-sentence-script-long-microtubule-tracks-2a3c00,16.2079,2026-05-27T00:46:48.041567+00:00,982,1,0,1,DELIVER,CURIOUS_SWITCH,4.4112,7.3247,0.0,0.0,0.0,7,7,0,15,0,15,15,78,5.824103,5.831729,2.820273,19.252419,3,0,4,0.0,0.330351,55,81,95,0,2,174,0,1,0,attached,4,7.329678,0.962455,1,7.33521,-4.947896,5.288746,-1.163093,0.086654,0.083809,0.015328,switched
20260526-194630-sentence-script-long-microtubule-tracks-2a3c00,16.309,2026-05-27T00:46:48.142592+00:00,988,1,0,1,DELIVER,CURIOUS_SWITCH,4.5123,7.3247,0.0,0.0,0.0,7,7,0,15,0,15,15,76,6.004772,6.012071,0.149252,0.205968,3,0,4,0.0,0.340028,55,83,95,0,2,174,0,1,0,attached,4,7.50292,0.962455,1,7.508281,-5.053244,5.426096,-1.181728,0.140757,0.136135,0.024898,switched
20260526-194630-sentence-script-long-microtubule-tracks-2a3c00,16.41,2026-05-27T00:46:48.244128+00:00,994,1,0,1,DELIVER,CURIOUS_SWITCH,4.6133,7.3247,0.0,0.0,0.0,7,7,0,15,0,16,16,89,6.164788,6.171846,2.793875,14.72753,3,0,3,0.0,0.017701,55,84,95,0,3,174,0,1,0,attached,4,7.50292,1.680519,1,7.508353,-5.021338,5.456955,-1.176084,1.155242,1.11731,0.204346,attached
20260526-194630-sentence-script-long-microtubule-tracks-2a3c00,16.5111,2026-05-27T00:46:48.344796+00:00,1000,1,0,1,DELIVER,CURIOUS_SWITCH,4.7144,7.3247,0.0,0.0,0.0,5,5,0,17,0,17,17,106,5.817993,5.825299,0.141231,0.196375,2,0,3,0.0,0.010973,55,85,95,0,3,174,0,1,,,,,,,,,,,,,,
20260526-194630-sentence-script-long-microtubule-tracks-2a3c00,16.6125,2026-05-27T00:46:48.446093+00:00,1006,1,0,1,DELIVER,CURIOUS_SWITCH,4.8158,7.3247,0.0,0.0,0.0,5,5,0,17,0,17,17,101,6.037492,6.044468,0.172939,0.209092,2,0,4,0.0,0.014519,55,85,95,0,3,174,0,1,,,,,,,,,,,,,,
20260526-194630-sentence-script-long-microtubule-tracks-2a3c00,16.7137,2026-05-27T00:46:48.547368+00:00,1012,1,0,1,DELIVER,CURIOUS_SWITCH,4.917,7.3247,0.0,0.0,0.0,5,5,0,17,0,17,17,97,6.095564,6.102495,0.637437,2.447845,2,0,4,0.0,0.012983,55,86,95,0,3,174,0,1,,,,,,,,,,,,,,
20260526-194630-sentence-script-long-microtubule-tracks-2a3c00,16.8153,2026-05-27T00:46:48.649034+00:00,1018,1,0,1,DELIVER,CURIOUS_SWITCH,5.0186,7.3247,0.0,0.0,0.0,5,5,0,17,0,17,17,92,6.265476,6.272204,3.090063,15.154766,3,0,4,0.0,0.008434,55,87,95,0,3,174,0,1,,,,,,,,,,,,,,
20260526-194630-sentence-script-long-microtubule-tracks-2a3c00,16.9165,2026-05-27T00:46:48.750505+00:00,1024,1,0,1,DELIVER,CURIOUS_SWITCH,5.1198,7.3247,0.0,0.0,0.0,5,5,0,17,0,18,18,102,6.488239,6.494722,0.127642,0.180731,3,0,3,0.0,0.008892,55,89,95,0,3,174,0,1,,,,,,,,,,,,,,
20260526-194630-sentence-script-long-microtubule-tracks-2a3c00,17.0003,2026-05-27T00:46:48.833922+00:00,1029,1,0,1,DELIVER,CURIOUS_SWITCH,5.2037,7.3247,0.0168,0.0,0.0,4,4,0,18,0,18,18,95,6.266,6.272783,0.167465,0.196094,3,0,3,0.0,0.010938,55,91,95,0,3,174,0,1,,,,,,,,,,,,,,
20260526-194630-sentence-script-long-microtubule-tracks-2a3c00,17.1011,2026-05-27T00:46:48.934752+00:00,1035,1,0,1,DELIVER,CURIOUS_SWITCH,5.3044,7.3247,0.0,0.0,0.0,4,4,0,18,0,18,18,90,6.471601,6.478156,4.647081,18.134008,3,0,3,0.0,0.054544,55,93,95,0,3,174,0,1,,,,,,,,,,,,,,
20260526-194630-sentence-script-long-microtubule-tracks-2a3c00,17.202,2026-05-27T00:46:49.036830+00:00,1041,1,0,1,DELIVER,CURIOUS_SWITCH,5.4053,7.3247,0.0,0.0,0.0,4,4,0,18,0,18,18,82,6.616627,6.623075,0.142186,0.172912,3,0,3,0.0,0.009876,55,93,95,0,3,174,0,1,,,,,,,,,,,,,,
20260526-194630-sentence-script-long-microtubule-tracks-2a3c00,17.3033,2026-05-27T00:46:49.136914+00:00,1047,1,0,1,DELIVER,CURIOUS_SWITCH,5.5066,7.3247,0.0,0.0,0.0,3,3,0,19,0,19,19,97,6.564185,6.570694,0.108729,0.178714,2,0,2,0.0,0.308676,55,93,95,0,3,174,0,1,,,,,,,,,,,,,,
20260526-194630-sentence-script-long-microtubule-tracks-2a3c00,17.4044,2026-05-27T00:46:49.238089+00:00,1053,1,0,1,DELIVER,CURIOUS_SWITCH,5.6078,7.3247,0.0842,0.0,0.0,3,3,0,19,0,19,19,90,6.564185,6.570689,0.104234,0.209595,2,0,2,0.0,0.004567,55,93,95,0,3,174,0,1,,,,,,,,,,,,,,
20260526-194630-sentence-script-long-microtubule-tracks-2a3c00,17.5052,2026-05-27T00:46:49.338762+00:00,1059,1,0,1,DELIVER,CURIOUS_SWITCH,5.7085,7.3247,0.0168,0.0,0.0,3,3,0,19,0,19,19,83,6.825775,6.83201,0.326677,0.695699,2,0,2,0.0,0.007779,55,95,95,0,3,174,0,1,,,,,,,,,,,,,,
20260526-194630-sentence-script-long-microtubule-tracks-2a3c00,17.6059,2026-05-27T00:46:49.439673+00:00,1065,1,0,1,DELIVER,CURIOUS_SWITCH,5.8092,7.3247,0.0503,0.0,0.0,3,3,0,19,0,19,19,75,6.907353,6.913491,6.110026,18.145851,2,0,3,0.0,0.006679,55,95,95,0,3,174,0,1,,,,,,,,,,,,,,
20260526-194630-sentence-script-long-microtubule-tracks-2a3c00,17.7066,2026-05-27T00:46:49.541484+00:00,1071,1,0,1,DELIVER,CURIOUS_SWITCH,5.9099,7.3247,0.0,0.0336,0.0,2,2,0,20,0,20,20,92,6.864504,6.870542,0.701357,1.192874,1,0,2,0.0,0.006782,55,97,95,0,3,174,0,1,,,,,,,,,,,,,,
20260526-194630-sentence-script-long-microtubule-tracks-2a3c00,17.8075,2026-05-27T00:46:49.641167+00:00,1077,1,0,1,DELIVER,CURIOUS_SWITCH,6.0108,7.3247,0.0,0.1346,0.0,1,1,0,21,0,21,21,106,6.093424,6.099796,0.074117,0.074117,0,0,1,0.0,0.003044,55,98,95,0,3,174,0,1,,,,,,,,,,,,,,
20260526-194630-sentence-script-long-microtubule-tracks-2a3c00,17.9083,2026-05-27T00:46:49.741962+00:00,1083,1,0,1,DELIVER,CURIOUS_SWITCH,6.1117,7.3247,0.0167,0.2354,0.0,1,1,0,21,0,21,21,99,6.369698,6.375857,0.033637,0.033637,0,0,1,0.0,0.000902,55,99,95,0,3,174,0,1,,,,,,,,,,,,,,
20260526-194630-sentence-script-long-microtubule-tracks-2a3c00,18.0086,2026-05-27T00:46:49.842214+00:00,1089,1,0,1,DELIVER,CURIOUS_SWITCH,6.2119,7.3247,0.0167,0.3357,0.0,1,1,0,21,0,21,21,94,6.612698,6.618556,2.394977,2.394977,1,0,1,0.0,0.02015,55,101,95,0,3,174,0,1,,,,,,,,,,,,,,
20260526-194630-sentence-script-long-microtubule-tracks-2a3c00,18.109,2026-05-27T00:46:49.944051+00:00,1095,1,0,1,DELIVER,CURIOUS_SWITCH,6.3123,7.3247,0.0,0.436,0.0,1,1,0,21,0,21,21,91,6.855698,6.861389,0.440839,0.440839,1,0,1,0.0,0.033297,55,104,95,0,3,174,0,1,,,,,,,,,,,,,,
20260526-194630-sentence-script-long-microtubule-tracks-2a3c00,18.2097,2026-05-27T00:46:50.043252+00:00,1101,1,0,1,DELIVER,CURIOUS_SWITCH,6.413,7.3247,0.0503,0.5367,0.0,1,1,0,21,0,21,21,84,6.855698,6.861384,0.133758,0.133758,1,0,1,0.0,0.002504,55,105,95,0,3,174,0,1,,,,,,,,,,,,,,
20260526-194630-sentence-script-long-microtubule-tracks-2a3c00,18.3103,2026-05-27T00:46:50.143848+00:00,1107,1,0,1,DELIVER,CURIOUS_SWITCH,6.5136,7.3247,0.0168,0.6373,0.0,1,1,0,21,0,21,21,80,7.147475,7.152966,0.018255,0.018255,1,0,1,0.0,0.000657,55,105,95,0,3,174,0,1,,,,,,,,,,,,,,
20260526-194630-sentence-script-long-microtubule-tracks-2a3c00,18.4111,2026-05-27T00:46:50.245982+00:00,1113,1,0,1,DELIVER,CURIOUS_SWITCH,6.6144,7.3247,0.0336,0.7381,0.0,1,1,0,21,0,21,21,71,7.147475,7.152906,0.172989,0.172989,1,0,1,0.0,0.003091,55,106,95,0,3,174,0,1,,,,,,,,,,,,,,
20260526-194630-sentence-script-long-microtubule-tracks-2a3c00,18.512,2026-05-27T00:46:50.345737+00:00,1119,1,0,1,DELIVER,CURIOUS_SWITCH,6.7153,7.3247,0.0336,0.839,0.0,1,1,0,21,0,21,21,65,7.442054,7.44725,0.207699,0.207699,1,0,1,0.0,0.003418,55,107,95,0,3,174,0,1,,,,,,,,,,,,,,
20260526-194630-sentence-script-long-microtubule-tracks-2a3c00,18.6127,2026-05-27T00:46:50.446238+00:00,1125,1,0,1,DELIVER,CURIOUS_SWITCH,6.816,7.3247,0.0,0.9397,0.0,1,1,0,21,0,21,21,62,7.698789,7.703878,0.066974,0.066974,1,0,1,0.0,0.256739,55,108,95,0,3,174,0,1,,,,,,,,,,,,,,
20260526-194630-sentence-script-long-microtubule-tracks-2a3c00,18.7135,2026-05-27T00:46:50.546987+00:00,1131,1,0,1,DELIVER,CURIOUS_SWITCH,6.9168,7.3247,0.084,1.0405,0.0,1,1,0,21,0,21,21,57,7.698789,7.703885,0.058002,0.058002,1,0,1,0.0,0.000628,55,108,95,0,3,174,0,1,,,,,,,,,,,,,,
20260526-194630-sentence-script-long-microtubule-tracks-2a3c00,18.8142,2026-05-27T00:46:50.647741+00:00,1137,1,0,1,RESETTING,CURIOUS_SWITCH,6.9671,7.3247,0.0336,1.1413,0.0,0,0,0,22,0,22,22,70,0.0,0.0,0.0,0,0,0,0,0.0,0,55,109,95,0,3,174,0,1,,,,,,,,,,,,,,
20260526-194630-sentence-script-long-microtubule-tracks-2a3c00,18.9151,2026-05-27T00:46:50.748568+00:00,1143,1,0,1,RESETTING,CURIOUS_SWITCH,6.9671,7.3247,0.1345,1.2421,0.0,0,0,0,22,0,22,22,61,0.0,0.0,0.0,0,0,0,0,0.0,0,55,109,95,0,3,174,0,1,,,,,,,,,,,,,,
20260526-194630-sentence-script-long-microtubule-tracks-2a3c00,19.001,2026-05-27T00:46:50.834502+00:00,1148,1,0,1,RESETTING,CURIOUS_SWITCH,6.9671,7.3247,0.2204,1.328,0.0,0,0,0,22,0,22,22,58,0.0,0.0,0.0,0,0,0,0,0.0,0,55,109,95,0,3,174,0,1,,,,,,,,,,,,,,
20260526-194630-sentence-script-long-microtubule-tracks-2a3c00,19.1198,2026-05-27T00:46:50.953445+00:00,1154,1,0,1,RESETTING,CURIOUS_SWITCH,6.9671,7.3247,0.3392,1.4469,0.0,0,0,0,22,0,22,22,52,0.0,0.0,0.0,0,0,0,0,0.0,0,55,109,95,0,3,174,0,1,,,,,,,,,,,,,,
20260526-194630-sentence-script-long-microtubule-tracks-2a3c00,19.2031,2026-05-27T00:46:51.036795+00:00,1158,1,0,1,RESETTING,CURIOUS_SWITCH,6.9671,7.3247,0.4225,1.5302,0.0,0,0,0,22,0,22,22,50,0.0,0.0,0.0,0,0,0,0,0.0,0,55,109,95,0,3,174,0,1,,,,,,,,,,,,,,
20260526-194630-sentence-script-long-microtubule-tracks-2a3c00,19.3171,2026-05-27T00:46:51.151009+00:00,1164,1,0,1,RESETTING,CURIOUS_SWITCH,6.9671,7.3247,0.5365,1.6442,0.0,0,0,0,22,0,22,22,43,0.0,0.0,0.0,0,0,0,0,0.0,0,55,109,95,0,3,174,0,1,,,,,,,,,,,,,,
20260526-194630-sentence-script-long-microtubule-tracks-2a3c00,19.4165,2026-05-27T00:46:51.250413+00:00,1169,1,0,1,RESETTING,CURIOUS_SWITCH,6.9671,7.3247,0.6359,1.7435,0.0,0,0,0,22,0,22,22,41,0.0,0.0,0.0,0,0,0,0,0.0,0,55,109,95,0,3,174,0,1,,,,,,,,,,,,,,
20260526-194630-sentence-script-long-microtubule-tracks-2a3c00,19.5054,2026-05-27T00:46:51.338938+00:00,1174,1,0,1,RESETTING,CURIOUS_SWITCH,6.9671,7.3247,0.7248,1.8324,0.0,0,0,0,22,0,22,22,36,0.0,0.0,0.0,0,0,0,0,0.0,0,55,109,95,0,3,174,0,1,,,,,,,,,,,,,,
20260526-194630-sentence-script-long-microtubule-tracks-2a3c00,19.6106,2026-05-27T00:46:51.444045+00:00,1180,1,0,1,RESETTING,CURIOUS_SWITCH,6.9671,7.3247,0.83,1.9376,0.0,0,0,0,22,0,22,22,35,0.0,0.0,0.0,0,0,0,0,0.0,0,55,109,95,0,3,174,0,1,,,,,,,,,,,,,,
20260526-194630-sentence-script-long-microtubule-tracks-2a3c00,19.7113,2026-05-27T00:46:51.544781+00:00,1186,1,0,1,RESETTING,CURIOUS_SWITCH,6.9671,7.3247,0.9307,2.0384,0.0,0,0,0,22,0,22,22,33,0.0,0.0,0.0,0,0,0,0,0.0,0,55,109,95,0,3,174,0,1,,,,,,,,,,,,,,
20260526-194630-sentence-script-long-microtubule-tracks-2a3c00,19.8117,2026-05-27T00:46:51.645152+00:00,1192,1,0,1,RESETTING,CURIOUS_SWITCH,6.9671,7.3247,1.0311,2.1388,0.0,0,0,0,22,0,22,22,29,0.0,0.0,0.0,0,0,0,0,0.0,0,55,109,95,0,3,174,0,1,,,,,,,,,,,,,,
20260526-194630-sentence-script-long-microtubule-tracks-2a3c00,19.9118,2026-05-27T00:46:51.745242+00:00,1198,1,0,1,RESETTING,CURIOUS_SWITCH,6.9671,7.3247,1.1312,2.2388,0.0,0,0,0,22,0,22,22,26,0.0,0.0,0.0,0,0,0,0,0.0,0,55,109,95,0,3,174,0,1,,,,,,,,,,,,,,
20260526-194630-sentence-script-long-microtubule-tracks-2a3c00,20.012,2026-05-27T00:46:51.846759+00:00,1204,1,0,1,RESETTING,CURIOUS_SWITCH,6.9671,7.3247,1.2314,2.339,0.0,0,0,0,22,0,22,22,22,0.0,0.0,0.0,0,0,0,0,0.0,0,55,109,95,0,3,174,0,1,,,,,,,,,,,,,,
20260526-194630-sentence-script-long-microtubule-tracks-2a3c00,20.1124,2026-05-27T00:46:51.945882+00:00,1210,1,0,1,RESETTING,CURIOUS_SWITCH,6.9671,7.3247,1.3318,2.4394,0.0,0,0,0,22,0,22,22,19,0.0,0.0,0.0,0,0,0,0,0.0,0,55,109,95,0,3,174,0,1,,,,,,,,,,,,,,
20260526-194630-sentence-script-long-microtubule-tracks-2a3c00,20.2127,2026-05-27T00:46:52.046158+00:00,1216,1,0,1,RESETTING,CURIOUS_SWITCH,6.9671,7.3247,1.4321,2.5398,0.0,0,0,0,22,0,22,22,17,0.0,0.0,0.0,0,0,0,0,0.0,0,55,109,95,0,3,174,0,1,,,,,,,,,,,,,,
20260526-194630-sentence-script-long-microtubule-tracks-2a3c00,20.313,2026-05-27T00:46:52.146479+00:00,1222,1,0,1,RESETTING,CURIOUS_SWITCH,6.9671,7.3247,1.5324,2.64,0.0,0,0,0,22,0,22,22,13,0.0,0.0,0.0,0,0,0,0,0.0,0,55,109,95,0,3,174,0,1,,,,,,,,,,,,,,
20260526-194630-sentence-script-long-microtubule-tracks-2a3c00,20.4135,2026-05-27T00:46:52.246974+00:00,1228,1,0,1,RESETTING,CURIOUS_SWITCH,6.9671,7.3247,1.6329,2.7405,0.0,0,0,0,22,0,22,22,11,0.0,0.0,0.0,0,0,0,0,0.0,0,55,109,95,0,3,174,0,1,,,,,,,,,,,,,,
20260526-194630-sentence-script-long-microtubule-tracks-2a3c00,20.514,2026-05-27T00:46:52.347395+00:00,1234,1,0,1,RESETTING,CURIOUS_SWITCH,6.9671,7.3247,1.7334,2.841,0.0,0,0,0,22,0,22,22,7,0.0,0.0,0.0,0,0,0,0,0.0,0,55,109,95,0,3,174,0,1,,,,,,,,,,,,,,
20260526-194630-sentence-script-long-microtubule-tracks-2a3c00,20.6145,2026-05-27T00:46:52.447898+00:00,1240,1,0,1,RESETTING,CURIOUS_SWITCH,6.9671,7.3247,1.8339,2.9415,0.0,0,0,0,22,0,22,22,6,0.0,0.0,0.0,0,0,0,0,0.0,0,55,109,95,0,3,174,0,1,,,,,,,,,,,,,,
20260526-194630-sentence-script-long-microtubule-tracks-2a3c00,20.7056,2026-05-27T00:46:52.539088+00:00,1245,1,0,1,RESETTING,CURIOUS_SWITCH,6.9671,7.3247,1.925,3.0326,0.0,0,0,0,22,0,22,22,5,0.0,0.0,0.0,0,0,0,0,0.0,0,55,109,95,0,3,174,0,1,,,,,,,,,,,,,,
20260526-194630-sentence-script-long-microtubule-tracks-2a3c00,20.8106,2026-05-27T00:46:52.644041+00:00,1251,1,0,1,RESETTING,CURIOUS_SWITCH,6.9671,7.3247,2.0301,3.1377,0.0,0,0,0,22,0,22,22,4,0.0,0.0,0.0,0,0,0,0,0.0,0,55,109,95,0,3,174,0,1,,,,,,,,,,,,,,
20260526-194630-sentence-script-long-microtubule-tracks-2a3c00,20.9027,2026-05-27T00:46:52.736146+00:00,1256,1,0,1,RESETTING,CURIOUS_SWITCH,6.9671,7.3247,2.1221,3.2298,0.0,0,0,0,22,0,22,22,4,0.0,0.0,0.0,0,0,0,0,0.0,0,55,109,95,0,3,174,0,1,,,,,,,,,,,,,,
20260526-194630-sentence-script-long-microtubule-tracks-2a3c00,21.0073,2026-05-27T00:46:52.840796+00:00,1262,1,0,1,RESETTING,CURIOUS_SWITCH,6.9671,7.3247,2.2267,3.3344,0.0,0,0,0,22,0,22,22,2,0.0,0.0,0.0,0,0,0,0,0.0,0,55,109,95,0,3,174,0,1,,,,,,,,,,,,,,
20260526-194630-sentence-script-long-microtubule-tracks-2a3c00,21.1076,2026-05-27T00:46:52.942291+00:00,1268,1,0,1,RESETTING,CURIOUS_SWITCH,6.9671,7.3247,2.327,3.4346,0.0,0,0,0,22,0,22,22,2,0.0,0.0,0.0,0,0,0,0,0.0,0,55,109,95,0,3,174,0,1,,,,,,,,,,,,,,
20260526-194630-sentence-script-long-microtubule-tracks-2a3c00,21.2158,2026-05-27T00:46:53.049260+00:00,1274,1,0,1,RESETTING,CURIOUS_SWITCH,6.9671,7.3247,2.4352,3.5429,0.0,0,0,0,22,0,22,22,0,0.0,0.0,0.0,0,0,0,0,0.0,0,55,109,95,0,3,174,0,1,,,,,,,,,,,,,,
20260526-194630-sentence-script-long-microtubule-tracks-2a3c00,21.3039,2026-05-27T00:46:53.137298+00:00,1279,1,0,1,RESETTING,CURIOUS_SWITCH,6.9671,7.3247,2.5233,3.6309,0.0,0,0,0,22,0,22,22,0,0.0,0.0,0.0,0,0,0,0,0.0,0,55,109,95,0,3,174,0,1,,,,,,,,,,,,,,
20260526-194630-sentence-script-long-microtubule-tracks-2a3c00,21.4157,2026-05-27T00:46:53.249124+00:00,1285,1,0,1,RESETTING,CURIOUS_SWITCH,6.9671,7.3247,2.6351,3.7428,0.0,0,0,0,22,0,22,22,0,0.0,0.0,0.0,0,0,0,0,0.0,0,55,109,95,0,3,174,0,1,,,,,,,,,,,,,,
20260526-194630-sentence-script-long-microtubule-tracks-2a3c00,21.5038,2026-05-27T00:46:53.337176+00:00,1290,1,0,1,RESETTING,CURIOUS_SWITCH,6.9671,7.3247,2.7232,3.8308,0.0,0,0,0,22,0,22,22,0,0.0,0.0,0.0,0,0,0,0,0.0,0,55,109,95,0,3,174,0,1,,,,,,,,,,,,,,
20260526-194630-sentence-script-long-microtubule-tracks-2a3c00,21.6086,2026-05-27T00:46:53.442037+00:00,1296,1,0,1,RESETTING,CURIOUS_SWITCH,6.9671,7.3247,2.828,3.9357,0.0,0,0,0,22,0,22,22,0,0.0,0.0,0.0,0,0,0,0,0.0,0,55,109,95,0,3,174,0,1,,,,,,,,,,,,,,
20260526-194630-sentence-script-long-microtubule-tracks-2a3c00,21.7133,2026-05-27T00:46:53.546811+00:00,1302,1,0,1,RESETTING,CURIOUS_SWITCH,6.9671,7.3247,2.9328,4.0404,0.0,0,0,0,22,0,22,22,0,0.0,0.0,0.0,0,0,0,0,0.0,0,55,109,95,0,3,174,0,1,,,,,,,,,,,,,,
20260526-194630-sentence-script-long-microtubule-tracks-2a3c00,21.8148,2026-05-27T00:46:53.648664+00:00,1308,2,0,1,ORGANIZE,,0.0509,12.7945,0.0,0.0,0.0,22,19,3,0,0,0,0,20,1.788534,1.681027,0.676059,11.994735,0,21,0,0.038961,2.509423,59,110,96,0,3,177,0,2,0,attached,18,0.968519,0.939814,1,1.013175,0.871212,-0.257283,-0.448686,0.024629,0.139692,-0.024509,born
20260526-194630-sentence-script-long-microtubule-tracks-2a3c00,21.9,2026-05-27T00:46:53.733911+00:00,1313,2,0,1,ORGANIZE,,0.1362,12.7945,0.0,0.0,0.0,22,20,2,0,0,0,0,24,1.815364,1.758928,1.214672,12.894627,0,20,0,0.021645,0.403302,59,111,97,0,3,180,0,2,0,attached,18,1.137685,0.939814,1,1.175718,0.990222,-0.283109,-0.567117,0.034268,0.194362,-0.034101,born
20260526-194630-sentence-script-long-microtubule-tracks-2a3c00,22.0028,2026-05-27T00:46:53.836632+00:00,1319,2,0,1,ORGANIZE,,0.2389,12.7945,0.0,0.0,0.0,22,21,1,0,0,0,0,24,1.888567,1.855155,1.640117,12.823239,0,20,0,0.008658,0.272422,59,112,97,0,3,184,0,2,0,attached,18,1.137685,0.939814,1,1.175751,0.993852,-0.262524,-0.570728,0.034176,0.193838,-0.034009,born
20260526-194630-sentence-script-long-microtubule-tracks-2a3c00,22.1041,2026-05-27T00:46:53.937815+00:00,1325,2,0,1,ORGANIZE,,0.3402,12.7945,0.0,0.0,0.0,22,22,0,0,0,0,0,24,1.959686,1.982556,0.922942,14.48297,0,20,0,0.008658,0.391505,59,115,98,0,3,190,0,2,0,attached,18,1.306852,0.939814,1,1.340375,1.113029,-0.287404,-0.689326,0.021725,0.12322,-0.021619,born
20260526-194630-sentence-script-long-microtubule-tracks-2a3c00,22.2053,2026-05-27T00:46:54.039079+00:00,1331,2,0,1,ORGANIZE,,0.4414,12.7945,0.0,0.0,0.0,22,21,1,0,0,0,0,24,2.030095,2.046966,0.660834,12.030306,0,19,0,0.004329,0.635993,61,116,98,0,3,193,0,2,0,attached,18,1.306852,0.939814,1,1.34052,1.114073,-0.281483,-0.690365,0.001533,0.008693,-0.001525,born
20260526-194630-sentence-script-long-microtubule-tracks-2a3c00,22.3061,2026-05-27T00:46:54.141270+00:00,1337,2,0,1,ORGANIZE,,0.5422,12.7945,0.0,0.0,0.0,22,22,0,0,0,0,0,24,2.133063,2.153597,1.69924,14.4294,0,18,0,0.008658,0.511073,61,119,98,0,3,193,0,2,0,attached,18,1.476018,0.939814,1,1.505775,1.229348,-0.328498,-0.805078,-0.019156,-0.108647,0.019062,born
20260526-194630-sentence-script-long-microtubule-tracks-2a3c00,22.4072,2026-05-27T00:46:54.241015+00:00,1343,2,0,1,ORGANIZE,,0.6433,12.7945,0.0,0.0,0.0,22,22,0,0,0,0,0,24,2.211326,2.231048,3.006137,13.023506,0,17,0,0.0,0.77631,61,120,99,0,3,193,0,2,0,attached,18,1.476018,0.939814,1,1.505551,1.22651,-0.344592,-0.802255,-0.033052,-0.187467,0.032891,born
20260526-194630-sentence-script-long-microtubule-tracks-2a3c00,22.509,2026-05-27T00:46:54.342882+00:00,1349,2,0,1,ORGANIZE,,0.7452,12.7945,0.0,0.0,0.0,22,22,0,0,0,0,0,20,2.342667,2.361282,1.812655,10.155527,0,15,0,0.0,0.438552,61,120,99,0,3,193,0,2,0,attached,18,1.645185,0.939814,1,1.671712,1.339277,-0.405833,-0.914472,-0.035134,-0.199273,0.034963,born
20260526-194630-sentence-script-long-microtubule-tracks-2a3c00,22.6105,2026-05-27T00:46:54.445663+00:00,1355,2,0,1,ORGANIZE,,0.8467,12.7945,0.0,0.0,0.0,22,22,0,0,0,0,0,10,2.433514,2.451187,1.588397,12.054548,0,13,0,0.0,0.498629,61,122,99,0,3,193,0,2,0,attached,18,1.645185,0.939814,1,1.671902,1.336242,-0.423044,-0.911453,-0.024556,-0.139278,0.024437,born
20260526-194630-sentence-script-long-microtubule-tracks-2a3c00,22.7123,2026-05-27T00:46:54.545997+00:00,1361,2,0,1,ORGANIZE,,0.9484,12.7945,0.0,0.0,0.0,22,22,0,0,0,0,0,8,2.572655,2.589357,0.933558,9.140694,0,11,0,0.0,0.785799,61,122,99,0,3,193,0,2,0,attached,18,1.814351,0.939814,1,1.838748,1.451215,-0.471769,-1.025866,-0.00511,-0.028981,0.005085,born
20260526-194630-sentence-script-long-microtubule-tracks-2a3c00,22.8139,2026-05-27T00:46:54.647712+00:00,1367,2,0,1,ORGANIZE,,1.05,12.7945,0.0,0.0,0.0,22,22,0,0,0,0,0,5,2.56358,2.58092,2.486308,27.163697,0,11,0,0.0,2.309158,61,124,100,0,3,193,0,2,0,attached,18,1.814351,0.939814,1,1.838669,1.451976,-0.467455,-1.026623,0.016177,0.091755,-0.016099,born
20260526-194630-sentence-script-long-microtubule-tracks-2a3c00,22.9154,2026-05-27T00:46:54.749194+00:00,1373,2,0,1,ORGANIZE,,1.1515,12.7945,0.0,0.0,0.0,22,22,0,0,0,0,0,0,2.722275,2.738205,0.577332,10.166752,0,10,0,0.004329,0.372576,61,124,100,0,3,193,0,2,0,attached,18,1.983518,0.939814,1,2.005611,1.570971,-0.493371,-1.145039,0.031607,0.179271,-0.031454,born
20260526-194630-sentence-script-long-microtubule-tracks-2a3c00,23.0001,2026-05-27T00:46:54.833796+00:00,1378,2,0,1,ORGANIZE,,1.2362,12.7945,0.0,0.0,0.0,22,22,0,0,0,0,0,0,2.77177,2.787441,1.227212,14.23436,0,10,0,0.004329,0.21995,61,124,100,0,3,193,0,2,0,attached,18,2.152684,0.939814,1,2.173008,1.690292,-0.517434,-1.263779,6.912826,-2.209482,-6.879185,born
20260526-194630-sentence-script-long-microtubule-tracks-2a3c00,23.1011,2026-05-27T00:46:54.934804+00:00,1384,2,0,1,ORGANIZE,,1.3372,12.7945,0.0,0.0,0.0,22,22,0,0,0,0,0,0,2.876343,2.891629,0.654741,9.258094,0,10,0,0.004329,0.459667,61,126,100,0,3,193,0,2,0,attached,18,2.152684,0.939814,1,2.173115,1.693627,-0.498516,-1.267099,0.029227,0.165769,-0.029085,born
20260526-194630-sentence-script-long-microtubule-tracks-2a3c00,23.2011,2026-05-27T00:46:55.036206+00:00,1390,2,0,1,ORGANIZE,,1.4372,12.7945,0.0,0.0,0.0,22,21,1,0,0,0,0,0,2.948791,2.971972,12.143632,254.811867,0,10,0,0.004329,0.246422,62,127,101,0,3,193,0,2,0,attached,18,2.152684,0.939814,1,2.173264,1.695628,-0.487168,-1.26909,0.012325,0.069903,-0.012265,born
20260526-194630-sentence-script-long-microtubule-tracks-2a3c00,23.3015,2026-05-27T00:46:55.135324+00:00,1396,2,0,1,ORGANIZE,,1.5376,12.7945,0.0,0.0,0.0,22,21,1,0,0,0,0,0,2.935988,2.964832,2.503168,26.298182,0,9,0,0.004329,0.43488,62,127,101,0,3,193,0,2,0,attached,18,2.321851,0.939814,1,2.340943,1.811989,-0.52802,-1.384885,-0.008954,-0.050783,0.00891,born
20260526-194630-sentence-script-long-microtubule-tracks-2a3c00,23.4021,2026-05-27T00:46:55.235881+00:00,1402,2,0,1,ORGANIZE,,1.6382,12.7945,0.0,0.0,0.0,22,21,1,0,0,0,0,0,3.029211,3.058344,2.42225,14.585801,0,9,0,0.004329,0.570367,62,128,101,0,3,193,0,2,0,attached,18,2.491017,0.939814,1,2.508693,1.926333,-0.580314,-1.498672,-0.027105,-0.153737,0.026973,born
20260526-194630-sentence-script-long-microtubule-tracks-2a3c00,23.5029,2026-05-27T00:46:55.338066+00:00,1408,2,0,1,ORGANIZE,,1.7391,12.7945,0.0,0.0,0.0,22,22,0,0,0,0,0,0,3.017775,3.033986,0.23259,2.162277,0,10,0,0.004329,4.898077,63,130,102,0,3,193,0,2,0,attached,18,2.491017,0.939814,1,2.508601,1.922997,-0.599238,-1.495352,-0.035696,-0.20246,0.035522,born
20260526-194630-sentence-script-long-microtubule-tracks-2a3c00,23.6042,2026-05-27T00:46:55.437932+00:00,1414,2,0,1,ORGANIZE,,1.8403,12.7945,0.0,0.0,0.0,22,22,0,0,0,0,0,0,3.084677,3.101258,0.153309,0.20991,0,10,0,0.004329,0.473467,63,130,102,0,3,193,0,2,0,attached,18,2.660184,0.939814,1,2.676718,2.035885,-0.659787,-1.607691,-0.031576,-0.179095,0.031423,born
20260526-194630-sentence-script-long-microtubule-tracks-2a3c00,23.7054,2026-05-27T00:46:55.539141+00:00,1420,2,0,1,ORGANIZE,,1.9415,12.7945,0.0,0.0,0.0,22,22,0,0,0,0,0,0,3.175994,3.192506,0.136627,0.207354,0,9,0,0.004329,0.389165,63,130,102,0,3,193,0,2,0,attached,18,2.660184,0.939814,1,2.676847,2.033525,-0.673174,-1.605342,-0.016176,-0.091747,0.016097,born
20260526-194630-sentence-script-long-microtubule-tracks-2a3c00,23.8066,2026-05-27T00:46:55.640282+00:00,1426,2,0,1,ORGANIZE,,2.0427,12.7945,0.0,0.0,0.0,22,22,0,0,0,0,0,0,3.251156,3.268547,0.739444,11.457639,0,9,0,0.004329,0.536438,63,131,102,0,3,193,0,2,0,attached,18,2.82935,0.939814,1,2.845051,2.149486,-0.716296,-1.720739,0.005016,0.028451,-0.004992,born
20260526-194630-sentence-script-long-microtubule-tracks-2a3c00,23.9078,2026-05-27T00:46:55.742857+00:00,1432,2,0,1,ORGANIZE,,2.1439,12.7945,0.0,0.0,0.0,22,22,0,0,0,0,0,0,3.30371,3.321156,2.546304,13.048373,0,7,0,0.008658,0.36615,64,132,102,0,3,193,0,2,0,attached,18,2.998517,0.939814,1,3.013239,2.26755,-0.747492,-1.838228,6.927785,-2.283981,-6.894072,born
20260526-194630-sentence-script-long-microtubule-tracks-2a3c00,24.0091,2026-05-27T00:46:55.842886+00:00,1438,2,0,1,ORGANIZE,,2.2452,12.7945,0.0,0.0,0.0,22,21,1,0,0,0,0,0,3.385972,3.433798,0.440114,6.867026,0,6,0,0.008658,0.745816,64,133,102,0,3,193,0,2,0,attached,18,2.998517,0.939814,1,3.013145,2.270749,-0.729349,-1.841412,0.035086,0.199001,-0.034915,born
20260526-194630-sentence-script-long-microtubule-tracks-2a3c00,24.1109,2026-05-27T00:46:55.944701+00:00,1444,2,0,1,ORGANIZE,,2.3471,12.7945,0.0,0.0,0.0,22,22,0,0,0,0,0,0,3.46059,3.477945,1.012563,10.436317,0,6,0,0.008658,0.761891,64,134,102,0,3,193,0,2,0,attached,18,2.998517,0.939814,1,3.013178,2.274315,-0.709122,-1.84496,0.033126,0.187885,-0.032965,born
20260526-194630-sentence-script-long-microtubule-tracks-2a3c00,24.2088,2026-05-27T00:46:56.042527+00:00,1450,2,0,1,ORGANIZE,,2.4449,12.7945,0.0,0.0,0.0,22,22,0,0,0,0,0,0,3.571164,3.587677,1.694878,14.835573,0,5,0,0.008658,0.503215,64,135,102,0,3,193,0,2,0,attached,18,3.167683,0.939814,1,3.181671,2.39324,-0.735434,-1.963306,0.019863,0.112661,-0.019767,born
20260526-194630-sentence-script-long-microtubule-tracks-2a3c00,24.3054,2026-05-27T00:46:56.141244+00:00,1456,2,0,1,ORGANIZE,,2.5415,12.7945,0.016,0.0,0.0,22,22,0,0,0,0,0,0,3.488491,3.506102,1.226011,12.732585,0,6,0,0.008658,0.05198,65,137,103,0,3,193,0,2,0,attached,18,3.167683,0.939814,1,3.181721,2.394078,-0.730678,-1.964141,0.000218,0.001234,-0.000216,born
20260526-194630-sentence-script-long-microtubule-tracks-2a3c00,24.4014,2026-05-27T00:46:56.235187+00:00,1462,2,0,1,ORGANIZE,,2.6376,12.7945,0.0,0.0,0.0,22,22,0,0,0,0,0,0,3.6103,3.627278,0.523409,9.025306,0,6,1,0.008658,0.589817,65,139,103,0,3,193,0,2,0,attached,18,3.33685,0.939814,1,3.350118,2.509339,-0.777773,-2.078841,-0.0194,-0.110032,0.019305,born
20260526-194630-sentence-script-long-microtubule-tracks-2a3c00,24.5124,2026-05-27T00:46:56.346127+00:00,1469,2,0,1,ORGANIZE,,2.7485,12.7945,0.0,0.0,0.0,22,20,2,0,0,0,0,0,3.748431,3.722862,0.643376,10.912171,0,6,2,0.008658,0.61135,67,139,103,0,3,193,0,2,0,attached,18,3.33685,0.939814,1,3.350011,2.506153,-0.795842,-2.07567,-0.033932,-0.192455,0.033767,born
20260526-194630-sentence-script-long-microtubule-tracks-2a3c00,24.6069,2026-05-27T00:46:56.440665+00:00,1475,2,0,1,ORGANIZE,,2.843,12.7945,0.0,0.0,0.0,22,20,2,0,0,0,0,0,3.851078,3.827359,0.551083,9.164371,0,4,2,0.008658,0.405761,67,139,103,0,3,193,0,2,0,attached,18,3.506016,0.939814,1,3.518544,2.619167,-0.855679,-2.188134,-0.034944,-0.198198,0.034774,born
20260526-194630-sentence-script-long-microtubule-tracks-2a3c00,24.7016,2026-05-27T00:46:56.536721+00:00,1481,2,0,1,ORGANIZE,,2.9378,12.7945,0.0,0.0,0.0,22,22,0,0,0,0,0,0,3.908969,3.922655,1.127798,12.843446,0,4,2,0.008658,0.229789,67,142,103,0,3,193,0,2,0,attached,18,3.506016,0.939814,1,3.518629,2.61633,-0.871772,-2.185311,-0.024975,-0.141654,0.024854,born
20260526-194630-sentence-script-long-microtubule-tracks-2a3c00,24.8116,2026-05-27T00:46:56.645361+00:00,1488,2,0,1,ORGANIZE,,3.0477,12.7945,0.0,0.0,0.0,22,22,0,0,0,0,0,0,4.023391,4.03658,1.511446,11.642245,1,4,3,0.008658,0.266559,67,144,103,0,3,193,0,2,0,attached,18,3.675183,0.939814,1,3.687289,2.731212,-0.921012,-2.299634,-0.003921,-0.022238,0.003902,born
20260526-194630-sentence-script-long-microtubule-tracks-2a3c00,24.9054,2026-05-27T00:46:56.739087+00:00,1494,2,0,1,ORGANIZE,,3.1415,12.7945,0.0,0.0,0.0,22,22,0,0,0,0,0,0,4.115508,4.128078,1.289537,12.986274,1,4,4,0.008658,0.225038,67,144,103,0,3,193,0,2,0,attached,18,3.84435,0.939814,1,3.855888,2.848299,-0.957748,-2.416151,0.015738,0.089262,-0.015661,born
20260526-194630-sentence-script-long-microtubule-tracks-2a3c00,25.0159,2026-05-27T00:46:56.851018+00:00,1501,2,0,1,ORGANIZE,,3.252,12.7945,0.0,0.0,0.0,22,22,0,0,0,0,0,0,4.239348,4.25132,1.88544,10.749137,2,4,5,0.004329,0.423454,67,147,103,0,3,193,0,2,0,attached,18,4.013516,0.939814,1,4.024477,2.967546,-0.982231,-2.534818,6.8411,-2.206633,-6.807809,born
20260526-194630-sentence-script-long-microtubule-tracks-2a3c00,25.1163,2026-05-27T00:46:56.950105+00:00,1507,2,0,1,ORGANIZE,,3.3525,12.7945,0.0,0.0,0.0,22,22,0,0,0,0,0,0,4.32467,4.33631,0.632462,11.532605,2,4,5,0.004329,0.044554,67,147,103,0,3,193,0,2,0,attached,18,4.013516,0.939814,1,4.024458,2.971081,-0.962185,-2.538335,0.035537,0.201562,-0.035364,born
20260526-194630-sentence-script-long-microtubule-tracks-2a3c00,25.2002,2026-05-27T00:46:57.033960+00:00,1512,2,0,1,ORGANIZE,,3.4363,12.7945,0.0,0.0,0.0,22,22,0,0,0,0,0,0,4.418056,4.429127,1.19884,11.464277,3,4,6,0.004329,0.690282,67,151,103,0,3,193,0,2,0,attached,18,4.182683,0.939814,1,4.193239,3.090134,-0.987769,-2.656809,6.958467,-2.26935,-6.924604,born
20260526-194630-sentence-script-long-microtubule-tracks-2a3c00,25.3011,2026-05-27T00:46:57.134881+00:00,1518,2,0,1,ORGANIZE,,3.5372,12.7945,0.0,0.0,0.0,22,21,1,0,0,0,0,0,4.54624,4.513025,10.280077,186.175503,3,5,7,0.0,0.564712,68,152,104,0,3,193,0,2,0,attached,18,4.182683,0.939814,1,4.193314,3.092059,-0.976848,-2.658725,0.0112,0.063523,-0.011145,born
20260526-194630-sentence-script-long-microtubule-tracks-2a3c00,25.4021,2026-05-27T00:46:57.235991+00:00,1524,2,0,1,ORGANIZE,,3.6382,12.7945,0.0,0.0,0.0,22,22,0,0,0,0,0,0,4.286185,4.299859,0.123147,0.209734,3,6,7,0.0,0.045614,68,152,105,0,3,193,0,2,0,attached,18,4.351849,0.939814,1,4.362062,3.208294,-1.018418,-2.774394,-0.010228,-0.058011,0.010178,born
20260526-194630-sentence-script-long-microtubule-tracks-2a3c00,25.5161,2026-05-27T00:46:57.350053+00:00,1530,2,0,1,ORGANIZE,,3.7522,12.7945,0.0,0.0,0.0,22,22,0,0,0,0,0,0,4.436601,4.449202,15.26634,332.84003,5,7,6,0.0,0.995778,68,153,106,0,3,193,0,2,0,attached,18,4.521016,0.939814,1,4.530764,3.322129,-1.073597,-2.887676,-0.029471,-0.167156,0.029328,born
20260526-194630-sentence-script-long-microtubule-tracks-2a3c00,25.6147,2026-05-27T00:46:57.448623+00:00,1535,2,0,1,ORGANIZE,,3.8508,12.7945,0.0,0.0,0.0,22,22,0,0,0,0,0,0,4.263986,4.276483,1.399892,8.107688,4,7,6,0.0,0.515904,68,153,106,0,3,193,0,2,0,attached,18,4.521016,0.939814,1,4.530728,3.318749,-1.092769,-2.884312,-0.035898,-0.203609,0.035724,born
20260526-194630-sentence-script-long-microtubule-tracks-2a3c00,25.7034,2026-05-27T00:46:57.537162+00:00,1540,2,0,1,ORGANIZE,,3.9395,12.7945,0.0,0.0,0.0,22,22,0,0,0,0,0,0,4.381289,4.393361,1.401071,10.051085,4,7,7,0.0,0.901006,68,154,106,0,3,193,0,2,0,attached,18,4.690182,0.939814,1,4.699583,3.432115,-1.15061,-2.997126,-0.031086,-0.176313,0.030935,born
20260526-194630-sentence-script-long-microtubule-tracks-2a3c00,25.8058,2026-05-27T00:46:57.639720+00:00,1546,2,0,1,ORGANIZE,,4.0419,12.7945,0.0,0.0,0.0,22,22,0,0,0,0,0,0,4.474677,4.486207,1.534302,11.766142,6,7,8,0.004329,0.557893,68,156,106,0,3,193,0,2,0,attached,18,4.859349,0.939814,1,4.868494,3.54618,-1.204487,-3.110636,-0.015017,-0.085176,0.014944,born
20260526-194630-sentence-script-long-microtubule-tracks-2a3c00,25.9082,2026-05-27T00:46:57.741922+00:00,1552,2,0,1,ORGANIZE,,4.1443,12.7945,0.0,0.0,0.0,22,22,0,0,0,0,0,0,4.537589,4.548992,1.537786,12.888698,6,7,8,0.004329,0.415635,68,157,106,0,3,193,0,2,0,attached,18,5.028515,0.939814,1,5.037364,3.662281,-1.246816,-3.226172,6.825043,-2.355573,-6.791829,born
20260526-194630-sentence-script-long-microtubule-tracks-2a3c00,26.0107,2026-05-27T00:46:57.844489+00:00,1558,2,0,1,ORGANIZE,,4.2468,12.7945,0.0,0.0,0.0,22,22,0,0,0,0,0,4,4.65197,4.662993,0.137442,0.264038,6,7,9,0.004329,0.753973,68,158,106,0,3,196,0,2,0,attached,18,5.028515,0.939814,1,5.037302,3.664149,-1.236217,-3.228031,0.025712,0.145834,-0.025587,born
20260526-194630-sentence-script-long-microtubule-tracks-2a3c00,26.1135,2026-05-27T00:46:57.947749+00:00,1564,2,0,1,ORGANIZE,,4.3496,12.7945,0.0,0.0,0.0,22,22,0,0,0,1,1,22,4.719624,4.730242,1.524213,10.575653,6,7,8,0.004329,0.695375,68,158,106,0,3,202,0,2,0,attached,18,5.197682,0.939814,1,5.206133,3.783844,-1.258165,-3.347143,7.143042,-2.292798,-7.108281,born
20260526-194630-sentence-script-long-microtubule-tracks-2a3c00,26.2103,2026-05-27T00:46:58.044028+00:00,1570,2,0,1,ORGANIZE,,4.4464,12.7945,0.0,0.0,0.0,21,19,2,1,0,1,1,22,4.617952,4.67799,8.553951,165.038397,5,7,8,0.004762,0.357057,70,159,107,0,3,208,0,2,0,attached,18,5.197682,0.939814,1,5.206156,3.787212,-1.239057,-3.350496,0.03268,0.185355,-0.032521,born
20260526-194630-sentence-script-long-microtubule-tracks-2a3c00,26.3051,2026-05-27T00:46:58.138853+00:00,1576,2,0,1,ORGANIZE,,4.5412,12.7945,0.0,0.0,0.0,21,20,1,1,0,1,1,22,4.676958,4.683691,0.701449,9.197037,5,7,8,0.004762,0.573038,70,160,107,0,3,210,0,2,0,attached,18,5.366848,0.939814,1,5.375117,3.906013,-1.266074,-3.468718,0.019476,0.110463,-0.019381,born
20260526-194630-sentence-script-long-microtubule-tracks-2a3c00,26.4133,2026-05-27T00:46:58.247147+00:00,1583,2,0,1,ORGANIZE,,4.6495,12.7945,0.0,0.0,0.0,21,21,0,1,0,1,1,22,4.741664,4.75292,0.564763,9.394194,5,6,8,0.004762,0.039325,70,160,107,0,3,217,0,2,0,attached,18,5.536015,0.939814,1,5.544058,4.023142,-1.302573,-3.585277,-0.002781,-0.015775,0.002768,born
20260526-194630-sentence-script-long-microtubule-tracks-2a3c00,26.5046,2026-05-27T00:46:58.339728+00:00,1589,2,0,1,ORGANIZE,,4.7407,12.7945,0.0,0.0,0.0,20,20,0,2,0,2,2,44,4.594645,4.606115,0.578503,9.511058,5,6,7,0.005263,3.55748,70,160,108,0,3,223,0,2,0,attached,18,5.536015,0.939814,1,5.544017,4.021888,-1.309681,-3.58403,-0.021037,-0.119318,0.020935,born
20260526-194630-sentence-script-long-microtubule-tracks-2a3c00,26.6103,2026-05-27T00:46:58.444247+00:00,1596,2,0,1,ORGANIZE,,4.8465,12.7945,0.0,0.0,0.0,19,19,0,3,0,3,3,62,4.531252,4.542578,0.626799,9.578099,6,6,6,0.005848,0.253212,70,161,108,0,3,230,0,2,0,attached,18,5.705181,0.939814,1,5.712888,4.135134,-1.368206,-3.696724,-0.034201,-0.193983,0.034035,born
20260526-194630-sentence-script-long-microtubule-tracks-2a3c00,26.7002,2026-05-27T00:46:58.533995+00:00,1602,2,0,1,ORGANIZE,,4.9363,12.7945,0.0,0.0,0.0,19,19,0,3,0,3,3,62,4.599728,4.61062,0.168151,0.209744,6,6,8,0.005848,0.679954,70,163,108,0,3,236,0,2,0,attached,18,5.874348,0.939814,1,5.881833,4.248309,-1.427127,-3.809349,-0.034982,-0.198414,0.034812,born
20260526-194630-sentence-script-long-microtubule-tracks-2a3c00,26.8051,2026-05-27T00:46:58.638930+00:00,1609,2,0,1,ORGANIZE,,5.0412,12.7945,0.0,0.0,0.0,18,18,0,4,0,4,4,76,4.145234,4.501486,26.280707,470.455651,4,6,6,0.006536,0.420315,70,163,109,0,3,243,0,2,0,attached,18,5.874348,0.939814,1,5.88189,4.245226,-1.444614,-3.806281,-0.023494,-0.133251,0.023379,born
20260526-194630-sentence-script-long-microtubule-tracks-2a3c00,26.9097,2026-05-27T00:46:58.743479+00:00,1616,2,0,1,ORGANIZE,,5.1459,12.7945,0.0,0.0,0.0,18,16,2,4,0,4,4,76,4.151282,4.240606,0.114003,0.294681,3,6,6,0.006536,0.070306,72,164,109,0,3,246,0,2,0,attached,18,6.043514,0.939814,1,6.050884,4.360309,-1.492718,-3.920803,-0.00303,-0.017186,0.003015,born
20260526-194630-sentence-script-long-microtubule-tracks-2a3c00,27.003,2026-05-27T00:46:58.836724+00:00,1622,2,0,1,ORGANIZE,,5.2391,12.7945,0.0,0.0,0.0,18,17,1,4,0,4,4,76,3.521753,3.591764,0.584293,8.636195,2,7,4,0.006536,0.230247,72,165,111,0,3,246,0,2,0,attached,18,6.043514,0.939814,1,6.050859,4.361095,-1.488262,-3.921585,0.016252,0.092179,-0.016173,born
20260526-194630-sentence-script-long-microtubule-tracks-2a3c00,27.1036,2026-05-27T00:46:58.938747+00:00,1628,2,0,1,ORGANIZE,,5.3397,12.7945,0.0,0.0,0.0,18,18,0,4,0,4,4,76,3.655828,3.673447,0.72973,8.600399,2,7,4,0.0,0.03905,72,167,111,0,3,246,0,2,0,attached,18,6.212681,0.939814,1,6.21977,4.480068,-1.514301,-4.039979,0.031562,0.179016,-0.031409,born
20260526-194630-sentence-script-long-microtubule-tracks-2a3c00,27.2045,2026-05-27T00:46:59.038309+00:00,1634,2,0,1,ORGANIZE,,5.4406,12.7945,0.0,0.0,0.0,18,18,0,4,0,4,4,72,3.406812,3.42447,1.749521,11.935007,1,7,3,0.0,0.050472,72,167,112,0,3,246,0,2,0,attached,18,6.212681,0.939814,1,6.219754,4.4836,-1.494268,-4.043494,0.035708,0.202529,-0.035534,born
20260526-194630-sentence-script-long-microtubule-tracks-2a3c00,27.3055,2026-05-27T00:46:59.139435+00:00,1640,2,0,1,ORGANIZE,,5.5417,12.7945,0.0,0.0,0.0,18,18,0,4,0,4,4,70,3.467387,3.484403,1.630764,10.23226,1,7,3,0.0,0.247649,72,170,112,0,3,246,0,2,0,attached,18,6.381848,0.939814,1,6.388777,4.603166,-1.516941,-4.162478,0.027147,0.153971,-0.027015,born
20260526-194630-sentence-script-long-microtubule-tracks-2a3c00,27.4067,2026-05-27T00:46:59.241827+00:00,1646,2,0,1,ORGANIZE,,5.6429,12.7945,0.0,0.0,0.0,17,17,0,5,0,5,5,87,3.3213,3.337586,0.616823,8.532256,0,7,1,0.0,0.604882,72,170,112,0,3,246,0,2,0,attached,18,6.381848,0.939814,1,6.388823,4.604892,-1.507154,-4.164196,0.008885,0.050395,-0.008842,born
20260526-194630-sentence-script-long-microtubule-tracks-2a3c00,27.5083,2026-05-27T00:46:59.342085+00:00,1652,2,0,1,ORGANIZE,,5.7444,12.7945,0.0,0.0,0.0,17,17,0,5,0,5,5,87,3.066638,3.084254,2.682114,10.148178,0,8,0,0.007353,0.352898,72,173,113,0,3,246,0,2,0,attached,2,0.861995,0.8,-1,0.911681,0.334665,0.735607,-0.421953,-0.361545,-7.418387,4.119618,switched
20260526-194630-sentence-script-long-microtubule-tracks-2a3c00,27.6099,2026-05-27T00:46:59.443717+00:00,1658,2,0,1,ORGANIZE,,5.846,12.7945,0.0,0.0,0.0,17,17,0,5,0,5,5,82,3.164653,3.1819,0.703797,8.49288,0,8,0,0.007353,0.179887,72,174,113,0,3,246,0,2,0,attached,2,0.861995,0.8,-1,0.912064,0.335834,0.727748,-0.435269,0.008612,-0.057912,-0.098134,switched
20260526-194630-sentence-script-long-microtubule-tracks-2a3c00,27.7118,2026-05-27T00:46:59.548142+00:00,1664,2,0,1,ORGANIZE,,5.9479,12.7945,0.0,0.0,0.0,17,17,0,5,0,5,5,80,3.217067,3.233729,1.157821,8.496763,0,8,1,0.007353,0.188312,73,174,113,0,3,246,0,2,0,attached,2,0.861995,0.8,-1,0.912228,0.336179,0.725427,-0.439203,-0.00056,0.003765,0.00638,switched
20260526-194630-sentence-script-long-microtubule-tracks-2a3c00,27.8141,2026-05-27T00:46:59.647878+00:00,1670,2,0,1,ORGANIZE,,6.0502,12.7945,0.0,0.0,0.0,17,17,0,5,0,5,5,76,3.295573,3.312156,0.628968,8.446619,0,8,1,0.007353,0.183964,73,175,113,0,3,246,0,2,0,attached,2,0.717995,0.8,-1,0.777265,0.329187,0.605399,-0.35954,-0.009565,0.064316,0.108984,switched
20260526-194630-sentence-script-long-microtubule-tracks-2a3c00,27.9164,2026-05-27T00:46:59.750184+00:00,1676,2,0,1,ORGANIZE,,6.1525,12.7945,0.0,0.0,0.0,17,17,0,5,0,5,5,71,3.306866,3.324849,1.095824,8.434025,0,8,1,0.014706,0.598948,73,177,114,0,3,246,0,2,0,attached,2,0.573995,0.8,-1,0.64611,0.321461,0.490317,-0.271497,-0.015075,0.10137,0.171773,switched
20260526-194630-sentence-script-long-microtubule-tracks-2a3c00,28.0041,2026-05-27T00:46:59.837884+00:00,1681,2,0,1,ORGANIZE,,6.2402,12.7945,0.0,0.0,0.0,17,17,0,5,0,5,5,66,3.359961,3.377361,2.465096,9.405416,0,8,2,0.007353,0.032956,73,178,114,0,3,246,0,2,0,attached,2,0.573995,0.8,-1,0.646116,0.320089,0.49954,-0.255867,-0.015469,0.104015,0.176256,switched
20260526-194630-sentence-script-long-microtubule-tracks-2a3c00,28.1018,2026-05-27T00:46:59.935503+00:00,1687,2,0,1,ORGANIZE,,6.3379,12.7945,0.0,0.0,0.0,17,17,0,5,0,5,5,60,3.22952,3.247861,0.140696,0.20966,0,8,2,0.007353,5.434631,73,178,115,0,3,246,0,2,0,attached,2,0.48,0.8,1,0.564807,0.314634,0.427184,-0.193717,-0.010938,0.073551,0.124634,switched
20260526-194630-sentence-script-long-microtubule-tracks-2a3c00,28.2126,2026-05-27T00:47:00.047755+00:00,1694,2,0,1,ORGANIZE,,6.4487,12.7945,0.0,0.0,0.0,17,17,0,5,0,5,5,53,3.308026,3.32595,1.322617,10.999168,0,7,2,0.007353,0.182977,73,179,115,0,3,246,0,2,0,attached,2,0.48,0.8,1,0.56527,0.313991,0.431508,-0.186388,-0.001537,0.010337,0.017516,switched
20260526-194630-sentence-script-long-microtubule-tracks-2a3c00,28.3058,2026-05-27T00:47:00.140878+00:00,1700,2,0,1,ORGANIZE,,6.5419,12.7945,0.0,0.0,0.0,17,17,0,5,0,5,5,52,3.413067,3.429116,1.751467,9.348269,0,7,2,0.007353,0.788892,73,180,115,0,3,252,0,2,0,attached,2,0.624,0.8,1,0.691534,0.320702,0.553423,-0.262853,0.007058,-0.047459,-0.08042,switched
20260526-194630-sentence-script-long-microtubule-tracks-2a3c00,28.4126,2026-05-27T00:47:00.246311+00:00,1707,2,0,1,ORGANIZE,,6.6487,12.7945,0.0,0.0,0.0,17,16,1,5,0,5,5,50,3.5951,3.513664,1.785932,9.528655,1,7,2,0.007353,0.195143,75,181,115,0,3,254,0,2,0,attached,2,0.768,0.8,1,0.82337,0.328308,0.669321,-0.349516,0.436211,8.117346,-4.970394,switched
20260526-194630-sentence-script-long-microtubule-tracks-2a3c00,28.5025,2026-05-27T00:47:00.336212+00:00,1713,2,0,1,ORGANIZE,,6.7386,12.7945,0.0,0.0,0.0,17,16,1,5,0,5,5,46,3.378231,3.575792,1.24937,9.674611,1,6,2,0.007353,0.041636,76,182,115,0,3,254,0,2,0,attached,2,0.768,0.8,1,0.823255,0.329697,0.659981,-0.365342,0.015779,-0.106105,-0.179797,switched
20260526-194630-sentence-script-long-microtubule-tracks-2a3c00,28.6059,2026-05-27T00:47:00.439542+00:00,1720,2,0,1,ORGANIZE,,6.842,12.7945,0.0,0.0,0.0,17,17,0,5,0,5,5,40,3.611438,3.626188,2.42854,9.8061,1,6,2,0.007353,0.178921,76,183,115,0,3,255,0,2,0,attached,2,0.768,0.8,1,0.823582,0.331162,0.650129,-0.382037,0.012158,-0.081755,-0.138535,switched
20260526-194630-sentence-script-long-microtubule-tracks-2a3c00,28.7088,2026-05-27T00:47:00.543914+00:00,1727,2,0,1,ORGANIZE,,6.9449,12.7945,0.0,0.0,0.0,17,17,0,5,0,5,5,35,3.672924,3.687046,1.37977,11.516818,1,7,2,0.014706,0.038013,76,183,115,0,3,255,0,2,0,attached,2,0.912,0.8,1,0.959595,0.338343,0.768876,-0.463869,0.00406,-0.0273,-0.046261,switched
20260526-194630-sentence-script-long-microtubule-tracks-2a3c00,28.8122,2026-05-27T00:47:00.645854+00:00,1734,2,0,1,ORGANIZE,,7.0483,12.7945,0.0,0.0,0.0,17,15,2,5,0,5,5,35,4.028523,3.809453,0.711613,9.796878,2,7,2,0.007353,0.379586,78,183,115,0,3,258,0,2,0,attached,2,1.056,0.8,1,1.097305,0.34457,0.894046,-0.534819,0.428458,8.48297,-4.882055,switched
20260526-194630-sentence-script-long-microtubule-tracks-2a3c00,28.9004,2026-05-27T00:47:00.734106+00:00,1740,2,0,1,ORGANIZE,,7.1365,12.7945,0.0,0.0,0.0,17,16,1,5,0,5,5,31,3.935432,3.853325,1.282982,9.775637,2,7,3,0.007353,0.090174,78,184,115,0,3,258,0,2,0,attached,2,1.056,0.8,1,1.097031,0.343713,0.899809,-0.525055,-0.012301,0.082713,0.140158,switched
20260526-194630-sentence-script-long-microtubule-tracks-2a3c00,29.0011,2026-05-27T00:47:00.834754+00:00,1746,2,0,1,ORGANIZE,,7.2372,12.7945,0.0,0.0,0.0,17,16,1,5,0,5,5,23,4.011602,3.929741,0.629849,8.612701,2,6,3,0.007353,0.194234,78,184,115,0,3,258,0,2,0,attached,2,1.2,0.8,1,1.236087,0.348611,1.033918,-0.580857,-0.015767,0.106024,0.179659,switched
20260526-194630-sentence-script-long-microtubule-tracks-2a3c00,29.1016,2026-05-27T00:47:00.935296+00:00,1752,2,0,1,ORGANIZE,,7.3377,12.7945,0.0,0.0,0.0,17,17,0,5,0,5,5,16,3.971242,3.983627,0.63041,8.598641,2,6,3,0.014706,0.049075,78,186,115,0,3,258,0,2,0,attached,2,1.2,0.8,1,1.236231,0.3471,1.044074,-0.563646,-0.013721,0.092263,0.156341,switched
20260526-194630-sentence-script-long-microtubule-tracks-2a3c00,29.2022,2026-05-27T00:47:01.035859+00:00,1758,2,0,1,ORGANIZE,,7.4383,12.7945,0.0,0.0,0.0,17,17,0,5,0,5,5,13,4.010265,4.022379,1.624513,8.588738,2,7,3,0.014706,0.276841,78,187,115,0,3,258,0,2,0,attached,2,1.344,0.8,1,1.376694,0.352473,1.174984,-0.62487,-0.006832,0.045942,0.07785,switched
20260526-194630-sentence-script-long-microtubule-tracks-2a3c00,29.303,2026-05-27T00:47:01.136670+00:00,1764,2,0,1,ORGANIZE,,7.5391,12.7945,0.0,0.0,0.0,17,15,2,5,0,5,5,16,4.388887,4.060602,1.782847,8.564801,2,6,3,0.007353,0.296788,80,188,115,0,3,261,0,2,0,detached,2,1.344,0.8,1,1.299013,0.348084,1.107452,-0.582942,-0.013115,-0.216879,0.122469,detached
20260526-194630-sentence-script-long-microtubule-tracks-2a3c00,29.4038,2026-05-27T00:47:01.237471+00:00,1770,2,0,1,ORGANIZE,,7.6399,12.7945,0.0,0.0,0.0,17,17,0,5,0,5,5,13,4.105066,4.117035,2.224025,10.231239,2,5,3,0.014706,0.041847,80,189,115,0,3,261,0,2,0,attached,2,1.242905,0.8,1,1.27784,0.351366,1.065158,-0.612255,0.01505,-0.101202,-0.171488,attached
20260526-194630-sentence-script-long-microtubule-tracks-2a3c00,29.5048,2026-05-27T00:47:01.339799+00:00,1776,2,0,1,ORGANIZE,,7.7409,12.7945,0.0,0.0,0.0,17,17,0,5,0,5,5,7,4.175652,4.187167,0.755329,10.859851,2,3,3,0.007353,0.178085,80,189,115,0,3,264,0,2,0,attached,2,1.386905,0.8,1,1.418537,0.358983,1.180977,-0.69905,0.009592,-0.064497,-0.109291,attached
20260526-194630-sentence-script-long-microtubule-tracks-2a3c00,29.6058,2026-05-27T00:47:01.439584+00:00,1782,2,0,1,ORGANIZE,,7.8419,12.7945,0.0,0.0,0.0,17,17,0,5,0,5,5,4,4.03517,4.046643,0.592209,8.571909,1,3,2,0.014706,0.311157,80,189,116,0,3,267,0,2,0,attached,2,1.530905,0.8,1,1.559744,0.365826,1.302008,-0.777013,0.000716,-0.004816,-0.00816,attached
20260526-194630-sentence-script-long-microtubule-tracks-2a3c00,29.7067,2026-05-27T00:47:01.540447+00:00,1788,2,0,1,ORGANIZE,,7.9428,12.7945,0.0,0.0,0.0,17,17,0,5,0,5,5,8,4.066007,4.077159,1.7788,10.869035,1,3,3,0.014706,0.54775,80,193,116,0,3,271,0,2,0,attached,2,1.674905,0.8,1,1.701187,0.371729,1.429348,-0.844285,-0.008403,0.056505,0.095749,attached
20260526-194630-sentence-script-long-microtubule-tracks-2a3c00,29.8075,2026-05-27T00:47:01.641221+00:00,1794,2,0,1,ORGANIZE,,8.0436,12.7945,0.0,0.0,0.0,17,15,2,5,0,5,5,12,4.452713,4.155709,15.351261,248.446152,1,3,2,0.014706,0.276502,83,194,117,0,3,277,0,2,0,detached,2,1.674905,0.8,1,1.63206,0.366331,1.371916,-0.804529,-0.018756,-0.224721,0.111542,detached
20260526-194630-sentence-script-long-microtubule-tracks-2a3c00,29.901,2026-05-27T00:47:01.734762+00:00,1799,2,0,1,ORGANIZE,,8.1371,12.7945,0.0,0.0,0.0,17,16,1,5,0,5,5,12,4.192225,4.045785,1.455377,6.76853,0,3,1,0.022059,0.413565,83,196,117,0,3,282,0,2,0,attached,2,1.514364,0.8,1,1.543304,0.360642,1.317677,-0.717949,0.016028,1.291293,2.206384,attached
20260526-194630-sentence-script-long-microtubule-tracks-2a3c00,30.0062,2026-05-27T00:47:01.841255+00:00,1805,2,0,1,ORGANIZE,,8.2423,12.7945,0.0,0.0,0.0,17,17,0,5,0,5,5,8,4.138004,4.148708,0.12314,0.206631,0,3,2,0.022059,0.316589,83,196,117,0,3,288,0,2,0,attached,2,1.658364,0.8,1,1.685012,0.366241,1.44707,-0.781743,-0.003632,0.024423,0.041385,attached
20260526-194630-sentence-script-long-microtubule-tracks-2a3c00,30.1066,2026-05-27T00:47:01.940284+00:00,1811,2,0,1,ORGANIZE,,8.3427,12.7945,0.0,0.0,0.0,17,17,0,5,0,5,5,8,4.184281,4.19479,0.696688,8.603783,0,3,2,0.014706,0.773909,84,198,117,0,3,294,0,2,0,attached,2,1.658364,0.8,1,1.684661,0.36872,1.430396,-0.809998,0.015751,-0.105915,-0.179475,attached
20260526-194630-sentence-script-long-microtubule-tracks-2a3c00,30.2077,2026-05-27T00:47:02.041435+00:00,1817,2,0,1,ORGANIZE,,8.4438,12.7945,0.0336,0.0,0.0,17,17,0,5,0,5,5,8,4.211488,4.221816,0.163298,0.209826,0,3,2,0.022059,0.045194,84,200,117,0,3,295,0,2,0,attached,2,1.802364,0.8,1,1.826684,0.376624,1.54429,-0.900054,0.013785,-0.092693,-0.157071,attached
20260526-194630-sentence-script-long-microtubule-tracks-2a3c00,30.3087,2026-05-27T00:47:02.142436+00:00,1823,2,0,1,ORGANIZE,,8.5448,12.7945,0.0,0.0,0.0,17,16,1,5,0,5,5,12,4.310233,4.265729,1.635909,8.564685,0,2,2,0.022059,0.327371,85,200,117,0,3,296,0,2,0,attached,2,1.802364,0.8,1,1.826872,0.377643,1.537437,-0.911666,0.006914,-0.046492,-0.078782,attached
20260526-194630-sentence-script-long-microtubule-tracks-2a3c00,30.4095,2026-05-27T00:47:02.243115+00:00,1829,2,0,1,ORGANIZE,,8.6456,12.7945,0.0,0.0,0.0,17,14,3,5,0,5,5,12,4.210724,4.30528,0.759006,8.564988,0,2,2,0.022059,0.255993,87,200,117,0,3,299,0,2,0,attached,2,1.946364,0.8,1,1.969116,0.384179,1.660526,-0.986142,-0.002403,0.016161,0.027385,attached
20260526-194630-sentence-script-long-microtubule-tracks-2a3c00,30.511,2026-05-27T00:47:02.346036+00:00,1835,2,0,1,ORGANIZE,,8.7471,12.7945,0.0,0.0,0.0,17,14,3,5,0,5,5,8,4.24378,4.332434,1.079672,8.280288,0,2,2,0.022059,0.076102,87,200,117,0,3,299,0,2,0,attached,2,1.946364,0.8,1,1.968965,0.38341,1.665698,-0.977378,-0.010899,0.073287,0.124186,attached
20260526-194630-sentence-script-long-microtubule-tracks-2a3c00,30.6123,2026-05-27T00:47:02.445939+00:00,1841,2,0,1,ORGANIZE,,8.8484,12.7945,0.0,0.0,0.0,17,14,3,5,0,5,5,4,4.31026,4.387142,0.124446,0.242842,0,2,3,0.014706,0.07365,87,200,118,0,3,299,0,2,0,attached,2,2.090364,0.8,1,2.111293,0.388372,1.79937,-1.03392,-0.0155,0.104229,0.176618,attached
20260526-194630-sentence-script-long-microtubule-tracks-2a3c00,30.7132,2026-05-27T00:47:02.546807+00:00,1847,2,0,1,ORGANIZE,,8.9493,12.7945,0.0,0.0,0.0,17,15,2,5,0,5,5,4,4.183424,4.253698,0.653578,8.55237,0,2,3,0.0,0.455679,87,201,118,0,3,299,0,2,0,attached,2,2.090364,0.8,1,2.111342,0.386818,1.809822,-1.01621,-0.014548,0.097825,0.165767,attached
20260526-194630-sentence-script-long-microtubule-tracks-2a3c00,30.8142,2026-05-27T00:47:02.647840+00:00,1853,2,0,1,ORGANIZE,,9.0503,12.7945,0.0168,0.0,0.0,17,15,2,5,0,5,5,4,4.233998,4.304537,2.7679,10.900523,1,3,4,0.0,0.065413,87,201,118,0,3,299,0,2,0,attached,2,2.234364,0.8,1,2.254157,0.392054,1.941653,-1.075873,0.370953,7.437926,-4.226819,attached
20260526-194630-sentence-script-long-microtubule-tracks-2a3c00,30.9148,2026-05-27T00:47:02.748502+00:00,1859,2,0,1,ORGANIZE,,9.151,12.7945,0.0,0.0,0.0,17,15,2,5,0,5,5,4,4.280948,4.351804,0.638596,8.595012,2,2,4,0.0,0.330272,87,201,118,0,3,299,0,2,0,attached,2,2.378364,0.8,1,2.397027,0.398109,2.067974,-1.144872,0.381501,7.404875,-4.347012,attached
20260526-194630-sentence-script-long-microtubule-tracks-2a3c00,31.0157,2026-05-27T00:47:02.850646+00:00,1865,2,0,1,ORGANIZE,,9.2518,12.7945,0.0,0.0,0.0,17,16,1,5,0,5,5,4,4.455351,4.412557,2.545628,14.061618,2,2,4,0.007353,0.180933,87,203,118,0,3,299,0,2,0,attached,2,2.378364,0.8,1,2.396924,0.398716,2.063897,-1.151781,0.009542,-0.064166,-0.10873,attached
20260526-194630-sentence-script-long-microtubule-tracks-2a3c00,31.1161,2026-05-27T00:47:02.949716+00:00,1871,2,0,1,ORGANIZE,,9.3522,12.7945,0.0,0.0,0.0,17,17,0,5,0,5,5,0,4.440237,4.450678,1.61998,8.603904,2,2,6,0.0,0.72299,87,205,118,0,3,299,0,2,0,attached,2,2.378364,0.8,1,2.396792,0.400033,2.05504,-1.166789,0.015018,-0.100984,-0.171119,attached
20260526-194630-sentence-script-long-microtubule-tracks-2a3c00,31.2166,2026-05-27T00:47:03.050378+00:00,1877,2,0,1,ORGANIZE,,9.4528,12.7945,0.0,0.0,0.0,17,17,0,5,0,5,5,0,4.501184,4.511498,1.270443,10.893435,2,2,6,0.0,0.320013,87,205,118,0,3,299,0,2,0,attached,2,2.522364,0.8,1,2.539756,0.40798,2.168643,-1.257339,0.01519,-0.102139,-0.173077,attached
20260526-194630-sentence-script-long-microtubule-tracks-2a3c00,31.3007,2026-05-27T00:47:03.134431+00:00,1882,2,0,1,ORGANIZE,,9.5368,12.7945,0.0,0.0,0.0,17,17,0,5,0,5,5,0,4.56275,4.572797,1.347494,12.408972,2,2,6,0.0,0.063409,87,206,118,0,3,299,0,2,0,attached,2,2.522364,0.8,1,2.539863,0.409076,2.161268,-1.269836,0.011164,-0.075068,-0.127204,attached
20260526-194630-sentence-script-long-microtubule-tracks-2a3c00,31.4015,2026-05-27T00:47:03.235121+00:00,1888,2,0,1,ORGANIZE,,9.6376,12.7945,0.0,0.0,0.0,17,17,0,5,0,5,5,0,4.61182,4.621736,0.128215,0.209911,3,2,6,0.0,0.321708,87,207,118,0,3,299,0,2,0,attached,2,2.666364,0.8,1,2.683023,0.416112,2.280997,-1.350005,0.002808,-0.01888,-0.031993,attached
20260526-194630-sentence-script-long-microtubule-tracks-2a3c00,31.5024,2026-05-27T00:47:03.336071+00:00,1894,2,0,1,ORGANIZE,,9.7385,12.7945,0.0,0.0,0.0,17,17,0,5,0,5,5,0,4.675039,4.684702,1.612851,8.568147,3,2,5,0.0,0.357051,87,209,118,0,3,299,0,2,0,attached,2,2.666364,0.8,1,2.682978,0.415839,2.282835,-1.34689,-0.006552,0.044056,0.074653,attached
20260526-194630-sentence-script-long-microtubule-tracks-2a3c00,31.6037,2026-05-27T00:47:03.437391+00:00,1900,2,0,1,ORGANIZE,,9.8399,12.7945,0.0168,0.0,0.0,17,17,0,5,0,5,5,0,4.700451,4.710013,1.63705,8.552651,3,2,5,0.0,0.042751,87,210,118,0,3,299,0,2,0,attached,2,2.810364,0.8,1,2.826008,0.421107,2.414453,-1.406915,0.365223,7.462253,-4.161533,attached
20260526-194630-sentence-script-long-microtubule-tracks-2a3c00,31.7047,2026-05-27T00:47:03.538393+00:00,1906,2,0,1,ORGANIZE,,9.9409,12.7945,0.0,0.0,0.0,17,17,0,5,0,5,5,0,4.814493,4.823681,0.646465,8.531911,4,2,6,0.0,0.499837,87,211,118,0,3,299,0,2,0,attached,2,2.810364,0.8,1,2.825964,0.419559,2.424862,-1.389275,-0.015782,0.10612,0.179823,attached
20260526-194630-sentence-script-long-microtubule-tracks-2a3c00,31.8061,2026-05-27T00:47:03.639793+00:00,1912,2,0,1,ORGANIZE,,10.0422,12.7945,0.0,0.0,0.0,17,17,0,5,0,5,5,0,4.854568,4.863668,0.631805,8.501198,4,1,6,0.0,0.306159,87,212,118,0,3,299,0,2,0,attached,2,2.954364,0.8,1,2.969296,0.424499,2.55868,-1.445571,-0.01232,0.082847,0.140386,attached
20260526-194630-sentence-script-long-microtubule-tracks-2a3c00,31.9081,2026-05-27T00:47:03.741706+00:00,1918,2,0,1,ORGANIZE,,10.1442,12.7945,0.0,0.0,0.0,17,17,0,5,0,5,5,0,4.940927,4.94977,0.597346,8.501933,5,1,6,0.0,0.476165,87,213,118,0,3,299,0,2,0,attached,2,3.098364,0.8,1,3.112705,0.430068,2.688274,-1.509025,-0.004387,0.029498,0.049985,attached
20260526-194630-sentence-script-long-microtubule-tracks-2a3c00,32.0092,2026-05-27T00:47:03.844329+00:00,1924,2,0,1,ORGANIZE,,10.2454,12.7945,0.0,0.0,0.0,17,17,0,5,0,5,5,0,4.994022,5.0027,1.711393,10.198938,5,1,7,0.0,0.317849,88,213,118,0,3,299,0,2,0,attached,2,3.098364,0.8,1,3.112688,0.430184,2.687496,-1.510342,0.00507,-0.034093,-0.057772,attached
20260526-194630-sentence-script-long-microtubule-tracks-2a3c00,32.1095,2026-05-27T00:47:03.943316+00:00,1930,2,0,1,ORGANIZE,,10.3457,12.7945,0.0,0.0,0.0,17,17,0,5,0,5,5,0,5.065711,5.074224,0.638626,8.625579,4,1,7,0.0,0.039933,88,214,118,0,3,299,0,2,0,attached,2,3.242364,0.8,1,3.255951,0.437544,2.805042,-1.594211,0.012668,-0.085184,-0.144346,attached
20260526-194630-sentence-script-long-microtubule-tracks-2a3c00,32.2099,2026-05-27T00:47:04.043604+00:00,1936,2,0,1,ORGANIZE,,10.446,12.7945,0.0,0.0,0.0,17,17,0,5,0,5,5,0,5.1374,5.145791,0.134498,0.209743,4,1,8,0.0,0.643676,88,215,118,0,3,299,0,2,0,attached,2,3.242364,0.8,1,3.255892,0.439043,2.794963,-1.61129,0.015808,-0.106296,-0.18012,attached
20260526-194630-sentence-script-long-microtubule-tracks-2a3c00,32.3104,2026-05-27T00:47:04.144130+00:00,1942,2,0,1,ORGANIZE,,10.5465,12.7945,0.0,0.0,0.0,17,16,1,5,0,5,5,4,5.208997,5.144738,2.145227,8.581461,3,1,8,0.014706,0.347708,89,215,118,0,3,300,0,2,0,attached,2,3.386364,0.8,1,3.399379,0.446914,2.909077,-1.700974,0.393517,7.306234,-4.483923,attached
20260526-194630-sentence-script-long-microtubule-tracks-2a3c00,32.4109,2026-05-27T00:47:04.245871+00:00,1948,2,0,1,ORGANIZE,,10.647,12.7945,0.0,0.0,0.0,17,17,0,5,0,5,5,4,5.194071,5.202271,0.144704,0.20985,3,1,8,0.014706,0.171929,89,216,118,0,3,306,0,2,0,attached,2,3.386364,0.8,1,3.399478,0.44787,2.902647,-1.71187,0.006235,-0.041929,-0.07105,attached
20260526-194630-sentence-script-long-microtubule-tracks-2a3c00,32.5116,2026-05-27T00:47:04.345324+00:00,1954,2,0,1,ORGANIZE,,10.7477,12.7945,0.0,0.0,0.0,16,16,0,6,0,6,6,22,5.087276,5.095478,0.664491,8.584207,2,1,7,0.016667,0.46067,89,217,118,0,3,312,0,2,0,attached,2,3.530364,0.8,1,3.542955,0.454333,3.026229,-1.785511,-0.003131,0.021054,0.035676,attached
20260526-194630-sentence-script-long-microtubule-tracks-2a3c00,32.6122,2026-05-27T00:47:04.445921+00:00,1960,2,0,1,ORGANIZE,,10.8483,12.7945,0.0,0.0,0.0,16,15,1,6,0,6,6,22,5.067554,5.132542,0.662998,8.568438,2,1,7,0.016667,0.406513,91,218,118,0,3,318,0,2,0,attached,2,3.530364,0.8,1,3.542867,0.453512,3.031753,-1.77615,-0.011379,0.076518,0.129661,attached
20260526-194630-sentence-script-long-microtubule-tracks-2a3c00,32.7131,2026-05-27T00:47:04.546822+00:00,1966,2,0,1,ORGANIZE,,10.9492,12.7945,0.0,0.0,0.0,16,15,1,6,0,6,6,26,5.12928,5.184118,2.02825,13.503585,4,1,6,0.016667,0.658524,91,218,118,0,3,321,0,2,0,attached,2,3.674364,0.8,1,3.686309,0.458453,3.165562,-1.83246,-0.01561,0.104969,0.177872,attached
20260526-194630-sentence-script-long-microtubule-tracks-2a3c00,32.8142,2026-05-27T00:47:04.647923+00:00,1972,2,0,1,ORGANIZE,,11.0503,12.7945,0.0,0.0,0.0,16,15,1,6,0,6,6,26,5.186008,5.232025,2.546504,30.350774,4,1,7,0.016667,0.974933,91,219,118,0,3,327,0,2,0,attached,2,3.818364,0.8,1,3.829894,0.463286,3.300106,-1.887525,-0.014289,0.096081,0.162812,attached
20260526-194630-sentence-script-long-microtubule-tracks-2a3c00,32.9153,2026-05-27T00:47:04.749013+00:00,1978,2,0,1,ORGANIZE,,11.1514,12.7945,0.0,0.0,0.0,15,15,0,7,0,7,7,44,4.723906,4.734794,0.678814,8.536935,3,2,5,0.019048,7.147787,91,219,119,0,3,333,0,2,0,attached,2,3.818364,0.8,1,3.829985,0.462185,3.307507,-1.874985,-0.00787,0.052923,0.089679,attached
20260526-194630-sentence-script-long-microtubule-tracks-2a3c00,33.0006,2026-05-27T00:47:04.834243+00:00,1983,2,0,1,ORGANIZE,,11.2367,12.7945,0.0,0.0,0.0,15,13,2,7,0,7,7,48,4.776163,4.748552,0.776919,8.706787,2,2,5,0.019048,0.169074,93,220,119,0,3,342,0,2,0,attached,2,3.962364,0.8,1,3.973595,0.468282,3.433553,-1.944449,-0.000127,0.000854,0.001447,attached
20260526-194630-sentence-script-long-microtubule-tracks-2a3c00,33.1148,2026-05-27T00:47:04.948505+00:00,1990,2,0,1,ORGANIZE,,11.351,12.7945,0.0,0.0,0.0,15,14,1,7,0,7,7,44,4.829212,4.799659,0.639378,5.627838,2,2,5,0.019048,0.189737,93,221,119,0,3,349,0,2,0,attached,2,3.962364,0.8,1,3.973528,0.468947,3.429081,-1.952027,0.009932,-0.066786,-0.11317,attached
20260526-194630-sentence-script-long-microtubule-tracks-2a3c00,33.2121,2026-05-27T00:47:05.045787+00:00,1996,2,0,1,ORGANIZE,,11.4482,12.7945,0.0,0.0,0.0,15,15,0,7,0,7,7,44,4.819724,4.831677,1.313964,8.967654,2,2,6,0.019048,0.617805,93,221,119,0,3,355,0,2,0,attached,2,4.106364,0.8,1,4.117064,0.476619,3.544528,-2.039453,0.015076,-0.101374,-0.17178,attached
20260526-194630-sentence-script-long-microtubule-tracks-2a3c00,33.3082,2026-05-27T00:47:05.141890+00:00,2002,2,0,1,ORGANIZE,,11.5443,12.7945,0.0,0.0,0.0,15,15,0,7,0,7,7,44,4.858124,4.869063,0.728616,9.007366,1,2,6,0.019048,0.172858,93,221,119,0,3,357,0,2,0,attached,2,4.106364,0.8,1,4.117069,0.478119,3.534446,-2.056538,0.015253,-0.102568,-0.173804,attached
20260526-194630-sentence-script-long-microtubule-tracks-2a3c00,33.4037,2026-05-27T00:47:05.238735+00:00,2008,2,0,1,ORGANIZE,,11.6398,12.7945,0.0,0.0,0.0,15,15,0,7,0,7,7,44,4.934924,4.945145,1.320903,9.071549,1,2,5,0.019048,0.030714,93,221,119,0,3,357,0,2,0,attached,2,4.250364,0.8,1,4.26078,0.485727,3.650327,-2.143227,0.010536,-0.070847,-0.120053,attached
20260526-194630-sentence-script-long-microtubule-tracks-2a3c00,33.5146,2026-05-27T00:47:05.348334+00:00,2015,2,0,1,ORGANIZE,,11.7507,12.7945,0.0,0.0,0.0,15,15,0,7,0,7,7,39,4.973324,4.983453,1.325538,9.134906,1,1,5,0.019048,0.031475,93,222,119,0,3,357,0,2,0,attached,2,4.250364,0.8,1,4.260837,0.486315,3.646372,-2.14993,0.001,-0.006722,-0.01139,attached
20260526-194630-sentence-script-long-microtubule-tracks-2a3c00,33.6093,2026-05-27T00:47:05.442913+00:00,2021,2,0,1,ORGANIZE,,11.8454,12.7945,0.0,0.0,0.0,15,15,0,7,0,7,7,38,5.069324,5.078854,0.123535,0.207381,2,1,5,0.009524,0.456166,93,222,119,0,3,357,0,2,0,attached,2,4.394364,0.8,1,4.404456,0.492304,3.773143,-2.218166,-0.007652,0.051454,0.08719,attached
20260526-194630-sentence-script-long-microtubule-tracks-2a3c00,33.7035,2026-05-27T00:47:05.537176+00:00,2027,2,0,1,ORGANIZE,,11.9396,12.7945,0.0,0.0,0.0,15,15,0,7,0,7,7,32,5.078924,5.088422,1.346703,9.194285,3,1,5,0.009524,0.03005,93,223,119,0,3,357,0,2,0,attached,2,4.394364,0.8,1,4.404382,0.491213,3.780479,-2.205736,-0.013883,0.093354,0.15819,attached
20260526-194630-sentence-script-long-microtubule-tracks-2a3c00,33.8132,2026-05-27T00:47:05.646996+00:00,2034,2,0,1,ORGANIZE,,12.0493,12.7945,0.0,0.0,0.0,15,15,0,7,0,7,7,36,5.146811,5.155859,3.447551,40.449141,2,1,5,0.009524,0.454971,93,223,119,0,3,358,0,2,0,attached,2,4.538364,0.8,1,4.548044,0.4959,3.915997,-2.259149,-0.015624,0.105059,0.178025,attached
20260526-194630-sentence-script-long-microtubule-tracks-2a3c00,33.9074,2026-05-27T00:47:05.741052+00:00,2040,2,0,1,ORGANIZE,,12.1435,12.7945,0.0,0.0,0.0,15,15,0,7,0,7,7,34,5.097918,5.106824,0.744332,9.158568,2,1,5,0.009524,0.17543,93,224,119,0,3,358,0,2,0,attached,2,4.151609,0.8,1,4.162329,0.476675,3.596639,-2.040087,0.406469,7.890714,-4.631499,switched
20260526-194630-sentence-script-long-microtubule-tracks-2a3c00,34.0081,2026-05-27T00:47:05.841955+00:00,2046,2,0,1,ORGANIZE,,12.2442,12.7945,0.0,0.0,0.0,15,15,0,7,0,7,7,32,5.155518,5.164313,1.295935,8.58712,3,1,5,0.009524,0.319833,93,225,119,0,3,358,0,2,0,attached,2,4.151609,0.8,1,4.16227,0.477276,3.592599,-2.046933,0.009505,-0.063917,-0.108309,switched
20260526-194630-sentence-script-long-microtubule-tracks-2a3c00,34.1087,2026-05-27T00:47:05.942470+00:00,2052,2,0,1,ORGANIZE,,12.3448,12.7945,0.0,0.0,0.0,15,15,0,7,0,7,7,29,5.174718,5.183286,2.955687,8.579574,3,1,6,0.009524,0.31631,93,225,119,0,3,358,0,2,0,attached,2,4.295609,0.8,1,4.30584,0.484973,3.707882,-2.134636,0.395024,7.29313,-4.501098,switched
20260526-194630-sentence-script-long-microtubule-tracks-2a3c00,34.2093,2026-05-27T00:47:06.045077+00:00,2058,2,0,1,ORGANIZE,,12.4454,12.7945,0.0,0.0,0.0,15,15,0,7,0,7,7,28,5.203518,5.211883,0.683598,8.605934,3,1,6,0.009524,0.174124,93,226,119,0,3,358,0,2,0,attached,2,4.295609,0.8,1,4.305946,0.488064,3.687094,-2.169862,0.007504,-0.050462,-0.085509,attached
20260526-194630-sentence-script-long-microtubule-tracks-2a3c00,34.3103,2026-05-27T00:47:06.145288+00:00,2064,2,0,1,ORGANIZE,,12.5464,12.7945,0.0,0.0,0.0,15,15,0,7,0,7,7,28,5.232318,5.240663,0.706366,8.548312,3,1,6,0.009524,0.315886,93,228,119,0,3,361,0,2,0,attached,2,4.439609,0.8,1,4.449633,0.494666,3.809745,-2.24508,-0.001763,0.011853,0.020085,attached
20260526-194630-sentence-script-long-microtubule-tracks-2a3c00,34.4114,2026-05-27T00:47:06.245069+00:00,2070,2,0,1,ORGANIZE,,12.6475,12.7945,0.0,0.0,0.0,15,15,0,7,0,7,7,25,5.289918,5.298042,0.71121,8.562499,3,1,6,0.009524,0.177538,93,228,119,0,3,367,0,2,0,attached,2,4.439609,0.8,1,4.44957,0.493958,3.814502,-2.237019,-0.010413,0.070022,0.118654,attached
20260526-194630-sentence-script-long-microtubule-tracks-2a3c00,34.5121,2026-05-27T00:47:06.345761+00:00,2076,2,0,1,ORGANIZE,,12.7482,12.7945,0.0,0.0,0.0,15,15,0,7,0,7,7,23,5.309118,5.317222,6.695006,47.536428,3,1,5,0.009524,0.034695,93,230,119,0,3,373,0,2,0,attached,2,4.583609,0.8,1,4.593284,0.496209,3.966404,-2.262671,-0.009083,0.061077,0.103496,attached
20260526-194630-sentence-script-long-microtubule-tracks-2a3c00,34.6127,2026-05-27T00:47:06.447711+00:00,2082,2,0,1,CAREFUL,ORGANIZE,0.0503,14.8378,0.0,0.0,0.0,15,15,0,7,0,7,7,14,5.303715,5.311707,0.876265,8.424273,3,1,6,0.009524,0.030694,93,231,119,0,3,379,0,2,0,attached,2,4.724751,0.78412,1,4.734174,0.502061,4.090783,-2.329342,0.373128,7.26313,-4.251598,attached
20260526-194630-sentence-script-long-microtubule-tracks-2a3c00,34.7134,2026-05-27T00:47:06.547065+00:00,2088,2,0,1,CAREFUL,ORGANIZE,0.151,14.8378,0.0,0.0,0.0,15,15,0,7,0,7,7,12,5.331802,5.339678,0.660866,8.176787,4,1,6,0.009524,0.571226,93,231,119,0,3,383,0,2,0,attached,2,4.724751,0.760888,1,4.734127,0.502591,4.087219,-2.335381,0.008884,-0.059741,-0.101232,attached
20260526-194630-sentence-script-long-microtubule-tracks-2a3c00,34.8139,2026-05-27T00:47:06.647623+00:00,2094,2,0,1,CAREFUL,ORGANIZE,0.2514,14.8378,0.0,0.0,0.0,14,14,0,8,0,8,8,29,5.207135,5.215131,2.368669,7.928677,3,1,5,0.010989,0.295587,93,232,119,0,3,383,0,2,0,attached,2,4.858321,0.738345,1,4.867372,0.509781,4.193813,-2.417307,0.014739,-0.099112,-0.167947,attached
20260526-194630-sentence-script-long-microtubule-tracks-2a3c00,34.9146,2026-05-27T00:47:06.748331+00:00,2100,2,0,1,CAREFUL,ORGANIZE,0.3522,14.8378,0.0,0.0,0.0,14,14,0,8,0,8,8,27,5.253774,5.261725,0.690351,7.682,3,1,5,0.010989,0.289023,93,232,119,0,3,383,0,2,0,attached,2,4.858321,0.71647,1,4.86737,0.511351,4.183255,-2.435197,0.015394,-0.103516,-0.175409,attached
20260526-194630-sentence-script-long-microtubule-tracks-2a3c00,35.0151,2026-05-27T00:47:06.850096+00:00,2106,2,0,1,CAREFUL,ORGANIZE,0.4526,14.8378,0.0,0.0,0.0,14,14,0,8,0,8,8,22,5.263122,5.270995,1.78329,7.536454,3,1,6,0.0,0.157642,93,233,119,0,3,383,0,2,0,attached,2,4.983465,0.695242,1,4.99235,0.518201,4.282355,-2.513258,0.344264,6.420561,-3.922709,attached
20260526-194630-sentence-script-long-microtubule-tracks-2a3c00,35.115,2026-05-27T00:47:06.948606+00:00,2112,2,0,1,CAREFUL,ORGANIZE,0.5525,14.8378,0.0,0.0,0.0,14,14,0,8,0,8,8,20,5.334235,5.342017,1.654328,7.307433,4,1,7,0.0,0.147736,93,233,119,0,3,383,0,2,0,attached,2,4.983465,0.674644,1,4.992399,0.518787,4.278418,-2.51993,0.002138,-0.014377,-0.024363,attached
20260526-194630-sentence-script-long-microtubule-tracks-2a3c00,35.2148,2026-05-27T00:47:07.048443+00:00,2118,2,0,1,CAREFUL,ORGANIZE,0.6524,14.8378,0.0,0.0,0.0,14,14,0,8,0,8,8,20,5.359913,5.367626,0.752725,7.088864,4,1,7,0.0,0.174184,93,235,119,0,3,383,0,2,0,attached,2,5.101895,0.654656,1,5.110594,0.523704,4.382733,-2.575957,-0.007071,0.047545,0.080567,attached
20260526-194630-sentence-script-long-microtubule-tracks-2a3c00,35.3146,2026-05-27T00:47:07.148253+00:00,2124,2,0,1,CAREFUL,ORGANIZE,0.7521,14.8378,0.0,0.0,0.0,14,14,0,8,0,8,8,19,5.394097,5.401751,0.658845,7.412701,4,1,7,0.0,0.144365,93,236,119,0,3,383,0,2,0,attached,2,5.101895,0.63526,1,5.110526,0.522575,4.390328,-2.563088,-0.013816,0.092903,0.157426,attached
20260526-194630-sentence-script-long-microtubule-tracks-2a3c00,35.4143,2026-05-27T00:47:07.247928+00:00,2130,2,0,1,CAREFUL,ORGANIZE,0.8518,14.8378,0.0,0.0,0.0,14,14,0,8,0,8,8,18,5.453551,5.461085,0.152488,0.209275,4,1,7,0.0,0.143225,93,236,119,0,3,383,0,2,0,attached,2,5.213495,0.62,1,5.221921,0.525984,4.496855,-2.601941,-0.015757,0.105956,0.179545,attached
20260526-194630-sentence-script-long-microtubule-tracks-2a3c00,35.5139,2026-05-27T00:47:07.348907+00:00,2136,2,0,1,CAREFUL,ORGANIZE,0.9515,14.8378,0.0,0.0,0.0,14,14,0,8,0,8,8,18,5.479902,5.487434,0.592583,6.717269,4,1,7,0.0,0.184227,93,237,119,0,3,383,0,2,0,attached,2,5.213495,0.62,1,5.221972,0.524577,4.506316,-2.58591,-0.012228,0.082227,0.139335,attached
20260526-194630-sentence-script-long-microtubule-tracks-2a3c00,35.6138,2026-05-27T00:47:07.447488+00:00,2142,2,0,1,CAREFUL,ORGANIZE,1.0514,14.8378,0.0,0.0,0.0,14,14,0,8,0,8,8,18,5.553935,5.561349,1.04911,6.713192,5,1,7,0.0,0.265557,93,237,119,0,3,383,0,2,0,attached,2,5.325095,0.62,1,5.333451,0.528729,4.607853,-2.633218,-0.004432,0.029803,0.050502,attached
20260526-194630-sentence-script-long-microtubule-tracks-2a3c00,35.7138,2026-05-27T00:47:07.547469+00:00,2148,2,0,1,CAREFUL,ORGANIZE,1.1514,14.8378,0.0,0.0,0.0,14,14,0,8,0,8,8,18,5.597797,5.605163,0.616013,6.698744,5,1,7,0.0,0.162441,93,239,119,0,3,383,0,2,0,attached,2,5.325095,0.62,1,5.333443,0.528832,4.607163,-2.634388,0.004915,-0.033047,-0.056,attached
20260526-194630-sentence-script-long-microtubule-tracks-2a3c00,35.8138,2026-05-27T00:47:07.647514+00:00,2154,2,0,1,CAREFUL,ORGANIZE,1.2514,14.8378,0.0,0.0,0.0,14,14,0,8,0,8,8,17,5.654932,5.662199,0.619271,6.702089,5,1,7,0.0,0.032226,93,243,119,0,3,383,0,2,0,attached,2,5.436695,0.62,1,5.44481,0.53474,4.696893,-2.701704,0.012548,-0.084374,-0.142973,attached
20260526-194630-sentence-script-long-microtubule-tracks-2a3c00,35.9136,2026-05-27T00:47:07.747275+00:00,2160,2,0,1,CAREFUL,ORGANIZE,1.3512,14.8378,0.0,0.0,0.0,13,12,1,9,0,9,9,33,5.407395,5.55089,0.126973,0.211247,4,1,6,0.0,0.153403,94,243,119,0,3,383,0,2,0,attached,2,5.436695,0.62,1,5.444774,0.536224,4.686915,-2.718612,0.015796,-0.106215,-0.179984,attached
20260526-194630-sentence-script-long-microtubule-tracks-2a3c00,36.0146,2026-05-27T00:47:07.848244+00:00,2166,2,0,1,CAREFUL,ORGANIZE,1.4521,14.8378,0.0,0.0,0.0,13,12,1,9,0,9,9,30,5.425648,5.57422,1.226818,7.604326,4,1,7,0.012821,0.382123,94,243,119,0,3,383,0,2,0,attached,2,5.548295,0.62,1,5.556246,0.542673,4.773005,-2.792096,0.013487,-0.090692,-0.153679,attached
20260526-194630-sentence-script-long-microtubule-tracks-2a3c00,36.1128,2026-05-27T00:47:07.946418+00:00,2172,2,0,1,CAREFUL,ORGANIZE,1.5503,14.8378,0.0,0.0,0.0,13,13,0,9,0,9,9,29,5.596853,5.604335,0.661456,6.828992,6,1,7,0.012821,0.03039,94,244,119,0,3,383,0,2,0,attached,2,5.548295,0.62,1,5.556306,0.543632,4.766554,-2.803028,0.006611,-0.044452,-0.075325,attached
20260526-194630-sentence-script-long-microtubule-tracks-2a3c00,36.2101,2026-05-27T00:47:08.043793+00:00,2178,2,0,1,CAREFUL,ORGANIZE,1.6477,14.8378,0.0,0.0,0.0,13,13,0,9,0,9,9,29,5.624049,5.631553,0.678823,7.323938,6,1,7,0.012821,0.276307,94,244,119,0,3,383,0,2,0,attached,2,5.659895,0.62,1,5.667759,0.548713,4.861843,-2.860924,-0.00242,0.016276,0.02758,attached
20260526-194630-sentence-script-long-microtubule-tracks-2a3c00,36.3069,2026-05-27T00:47:08.140459+00:00,2184,2,0,1,CAREFUL,ORGANIZE,1.7444,14.8378,0.0,0.0,0.0,13,13,0,9,0,9,9,29,5.632772,5.640352,0.134337,0.208648,6,1,8,0.012821,0.246923,94,244,119,0,3,383,0,2,0,attached,2,5.771495,0.62,1,5.779159,0.552944,4.962848,-2.909135,-0.010602,0.071292,0.120806,attached
20260526-194630-sentence-script-long-microtubule-tracks-2a3c00,36.4036,2026-05-27T00:47:08.238661+00:00,2190,2,0,1,CAREFUL,ORGANIZE,1.8411,14.8378,0.0,0.0,0.0,12,12,0,10,0,10,10,49,5.513099,5.520792,1.268535,6.987096,5,1,7,0.015152,0.476025,94,244,119,0,3,384,0,2,0,attached,2,5.883095,0.62,1,5.890566,0.556564,5.067967,-2.950375,0.294139,6.123728,-3.351558,attached
20260526-194630-sentence-script-long-microtubule-tracks-2a3c00,36.5153,2026-05-27T00:47:08.348980+00:00,2197,2,0,1,CAREFUL,ORGANIZE,1.9528,14.8378,0.0159,0.0,0.0,12,12,0,10,0,10,10,48,5.503799,5.511578,1.408857,8.575064,4,1,7,0.015152,0.025637,94,245,119,0,3,391,0,2,0,attached,2,5.883095,0.62,1,5.890582,0.554842,5.079543,-2.930759,-0.014481,0.097377,0.165007,attached
20260526-194630-sentence-script-long-microtubule-tracks-2a3c00,36.6104,2026-05-27T00:47:08.444058+00:00,2203,2,0,1,CAREFUL,ORGANIZE,2.048,14.8378,0.0,0.0,0.0,12,12,0,10,0,10,10,44,5.543232,5.550985,1.394815,8.261787,4,1,7,0.015152,0.356997,94,245,119,0,3,397,0,2,0,attached,2,5.883095,0.62,1,5.890638,0.553753,5.086868,-2.918346,-0.00874,0.058768,0.099584,attached
20260526-194630-sentence-script-long-microtubule-tracks-2a3c00,36.7056,2026-05-27T00:47:08.539191+00:00,2209,2,0,1,CAREFUL,ORGANIZE,2.1431,14.8378,0.0158,0.0,0.0,12,12,0,10,0,10,10,43,5.563449,5.571262,1.845088,7.056613,4,1,7,0.015152,0.023066,94,245,119,0,3,403,0,2,0,attached,2,5.994695,0.62,1,6.002124,0.558327,5.185568,-2.970463,-0.000229,0.001538,0.002607,attached
20260526-194630-sentence-script-long-microtubule-tracks-2a3c00,36.8003,2026-05-27T00:47:08.633868+00:00,2215,2,0,1,CAREFUL,ORGANIZE,2.2378,14.8378,0.0,0.0,0.0,11,11,0,11,0,11,11,61,5.381775,5.389859,0.897504,8.441891,3,1,6,0.018182,0.025693,94,246,119,0,3,409,0,2,0,attached,2,5.994695,0.62,1,6.002092,0.558788,5.182467,-2.975717,0.008323,-0.055966,-0.094836,attached
20260526-194630-sentence-script-long-microtubule-tracks-2a3c00,36.9131,2026-05-27T00:47:08.746729+00:00,2222,2,0,1,CAREFUL,ORGANIZE,2.3507,14.8378,0.0,0.0,0.0,11,11,0,11,0,11,11,63,5.427318,5.435393,0.840635,7.984799,3,1,6,0.018182,0.027013,94,249,119,0,3,413,0,2,0,attached,2,6.128348,0.735112,1,6.135583,0.569043,5.268544,-3.092573,0.009732,-0.065444,-0.110896,attached
20260526-194630-sentence-script-long-microtubule-tracks-2a3c00,37.0135,2026-05-27T00:47:08.847250+00:00,2228,2,0,1,CAREFUL,ORGANIZE,2.451,14.8378,0.0,0.0,0.0,11,11,0,11,0,11,11,62,5.47172,5.479863,0.105705,0.20845,3,1,6,0.018182,0.238975,94,249,119,0,3,413,0,2,0,attached,2,6.128348,0.713333,1,6.135616,0.569522,5.265322,-3.098034,0.000955,-0.006421,-0.010881,attached
20260526-194630-sentence-script-long-microtubule-tracks-2a3c00,37.1145,2026-05-27T00:47:08.948166+00:00,2234,2,0,1,CAREFUL,ORGANIZE,2.5521,14.8378,0.0,0.0,0.0,11,11,0,11,0,11,11,59,5.494381,5.502483,1.537966,7.835434,4,1,6,0.018182,0.25133,94,251,119,0,3,413,0,2,0,attached,2,6.252944,0.692198,1,6.260036,0.574588,5.375792,-3.15575,0.320207,6.44527,-3.648588,attached
20260526-194630-sentence-script-long-microtubule-tracks-2a3c00,37.2156,2026-05-27T00:47:09.049305+00:00,2240,2,0,1,CAREFUL,ORGANIZE,2.6532,14.8378,0.0,0.0,0.0,10,10,0,12,0,12,12,72,5.324635,5.332773,0.801745,6.625122,3,1,5,0.022222,0.023794,94,251,119,0,3,413,0,2,0,attached,2,6.252944,0.67169,1,6.259982,0.573354,5.384088,-3.141693,-0.014455,0.0972,0.164707,attached
20260526-194630-sentence-script-long-microtubule-tracks-2a3c00,37.3006,2026-05-27T00:47:09.134232+00:00,2245,2,0,1,CAREFUL,ORGANIZE,2.7382,14.8378,0.0,0.0,0.0,10,10,0,12,0,12,12,71,5.381642,5.389713,1.457082,7.079165,3,1,6,0.022222,0.252463,94,251,119,0,3,413,0,2,0,attached,2,6.252944,0.655065,1,6.259971,0.572032,5.392976,-3.126632,-0.015757,0.105955,0.179543,attached
20260526-194630-sentence-script-long-microtubule-tracks-2a3c00,37.4192,2026-05-27T00:47:09.253442+00:00,2251,2,0,1,CAREFUL,ORGANIZE,2.8568,14.8378,0.0417,0.0,0.0,10,10,0,12,0,12,12,69,5.405834,5.413806,0.128478,0.209749,3,1,6,0.0,0.027729,94,251,119,0,3,413,0,2,0,attached,2,6.370266,0.635657,1,6.377217,0.575615,5.504977,-3.167458,-0.011101,0.074645,0.126488,attached
20260526-194630-sentence-script-long-microtubule-tracks-2a3c00,37.5145,2026-05-27T00:47:09.348422+00:00,2256,2,0,1,CAREFUL,ORGANIZE,2.952,14.8378,0.0,0.0,0.0,10,10,0,12,0,12,12,67,5.462834,5.470668,0.695208,5.754666,4,1,6,0.0,0.134263,94,251,119,0,3,413,0,2,0,attached,2,6.482977,0.62,1,6.489845,0.579987,5.606323,-3.217275,-0.003203,0.02154,0.036501,attached
20260526-194630-sentence-script-long-microtubule-tracks-2a3c00,37.6076,2026-05-27T00:47:09.441386+00:00,2261,2,0,1,CAREFUL,ORGANIZE,3.0451,14.8378,0.0,0.0,0.0,10,10,0,12,0,12,12,61,5.485154,5.492954,0.146031,0.209223,4,1,5,0.0,0.025199,94,252,119,0,3,413,0,2,0,attached,2,6.482977,0.62,1,6.489832,0.580181,5.605021,-3.21948,0.00541,-0.03638,-0.061648,attached
20260526-194630-sentence-script-long-microtubule-tracks-2a3c00,37.7023,2026-05-27T00:47:09.535972+00:00,2266,2,0,1,CAREFUL,ORGANIZE,3.1398,14.8378,0.0,0.0,0.0,10,10,0,12,0,12,12,57,5.545033,5.552819,1.341167,6.26844,4,1,6,0.0,0.263675,94,253,119,0,3,413,0,2,0,attached,2,6.594577,0.62,1,6.601267,0.586075,5.694845,-3.286638,0.012656,-0.085103,-0.14421,attached
20260526-194630-sentence-script-long-microtubule-tracks-2a3c00,37.8109,2026-05-27T00:47:09.644589+00:00,2272,2,0,1,CAREFUL,ORGANIZE,3.2485,14.8378,0.0,0.0,0.0,10,10,0,12,0,12,12,51,5.569152,5.576883,0.244373,1.35493,4,1,6,0.0,0.392515,94,255,119,0,3,413,0,2,0,attached,2,6.594577,0.62,1,6.601239,0.587705,5.68388,-3.305219,0.015819,-0.106373,-0.180252,attached
20260526-194630-sentence-script-long-microtubule-tracks-2a3c00,37.9126,2026-05-27T00:47:09.746269+00:00,2278,2,0,1,CAREFUL,ORGANIZE,3.3502,14.8378,0.0,0.0,0.0,9,9,0,13,0,13,13,64,5.391941,5.399959,0.1355,0.209583,3,1,5,0.0,0.12943,94,255,119,0,3,413,0,2,0,attached,2,6.706177,0.62,1,6.712763,0.59413,5.770137,-3.378419,0.01286,-0.086473,-0.146531,attached
20260526-194630-sentence-script-long-microtubule-tracks-2a3c00,38.0141,2026-05-27T00:47:09.849335+00:00,2284,2,0,1,CAREFUL,ORGANIZE,3.4516,14.8378,0.0335,0.0,0.0,9,9,0,13,0,14,14,80,5.429141,5.437035,0.146667,0.209763,3,1,4,0.0,0.021957,94,255,119,0,3,413,0,2,0,attached,2,6.706177,0.62,1,6.712812,0.595014,5.764189,-3.388499,0.005277,-0.035481,-0.060124,attached
20260526-194630-sentence-script-long-microtubule-tracks-2a3c00,38.115,2026-05-27T00:47:09.949000+00:00,2290,2,0,1,CAREFUL,ORGANIZE,3.5525,14.8378,0.0,0.0,0.0,8,8,0,14,0,14,14,77,5.188923,5.197211,0.161077,0.205924,2,1,5,0.0,0.021398,94,256,119,0,3,413,0,2,0,attached,2,6.817777,0.62,1,6.824302,0.599938,5.860532,-3.444609,-0.004144,0.027866,0.04722,attached
20260526-194630-sentence-script-long-microtubule-tracks-2a3c00,38.2164,2026-05-27T00:47:10.050059+00:00,2296,2,0,1,CAREFUL,ORGANIZE,3.6539,14.8378,0.0,0.0,0.0,8,8,0,14,0,14,14,74,5.259685,5.267826,0.143974,0.2097,2,1,5,0.0,0.136166,94,256,119,0,3,413,0,2,0,attached,2,6.817777,0.62,1,6.824253,0.59902,5.866706,-3.434147,-0.012125,0.081532,0.138158,attached
20260526-194630-sentence-script-long-microtubule-tracks-2a3c00,38.3011,2026-05-27T00:47:10.134671+00:00,2301,2,0,1,CAREFUL,ORGANIZE,3.7386,14.8378,0.0,0.0,0.0,8,8,0,14,0,14,14,67,5.292362,5.300441,1.038488,6.578003,2,1,5,0.0,0.150215,94,258,119,0,3,413,0,2,0,attached,2,6.929377,0.62,1,6.935719,0.602739,5.971153,-3.476525,0.275768,5.772386,-3.142235,attached
20260526-194630-sentence-script-long-microtubule-tracks-2a3c00,38.4028,2026-05-27T00:47:10.236619+00:00,2307,2,0,1,CAREFUL,ORGANIZE,3.8403,14.8378,0.0,0.0,0.0,8,8,0,14,0,14,14,65,5.379148,5.387088,0.117303,0.198041,3,1,5,0.0,0.125034,94,258,119,0,3,413,0,2,0,attached,2,6.929377,0.62,1,6.935735,0.601177,5.981661,-3.458719,-0.01444,0.097097,0.164533,attached
20260526-194630-sentence-script-long-microtubule-tracks-2a3c00,38.5043,2026-05-27T00:47:10.339297+00:00,2313,2,0,1,CAREFUL,ORGANIZE,3.9419,14.8378,0.0,0.0,0.0,8,8,0,14,0,14,14,61,5.452225,5.460046,0.943572,6.609789,3,1,5,0.0,0.127335,94,258,119,0,3,413,0,2,0,attached,2,7.040977,0.62,1,7.047284,0.604992,6.085459,-3.502197,-0.008141,0.054742,0.092761,attached
20260526-194630-sentence-script-long-microtubule-tracks-2a3c00,38.6059,2026-05-27T00:47:10.439554+00:00,2319,2,0,1,CAREFUL,ORGANIZE,4.0435,14.8378,0.0,0.0,0.0,8,8,0,14,0,14,14,58,5.509572,5.517251,0.956712,6.57719,3,1,5,0.0,0.139472,94,258,119,0,3,413,0,2,0,attached,2,7.152577,0.62,1,7.158804,0.609646,6.183625,-3.555219,0.292501,5.662654,-3.332899,attached
20260526-194630-sentence-script-long-microtubule-tracks-2a3c00,38.7076,2026-05-27T00:47:10.541464+00:00,2325,2,0,1,CAREFUL,ORGANIZE,4.1451,14.8378,0.0,0.0,0.0,8,8,0,14,0,14,14,58,5.583686,5.591259,0.124095,0.209293,4,1,5,0.0,0.151849,94,259,119,0,3,413,0,2,0,attached,2,7.152577,0.62,1,7.158767,0.610299,6.179234,-3.562659,0.009935,-0.066803,-0.113199,attached
20260526-194630-sentence-script-long-microtubule-tracks-2a3c00,38.8091,2026-05-27T00:47:10.643902+00:00,2331,2,0,1,CAREFUL,ORGANIZE,4.2467,14.8378,0.0,0.0,0.0,8,8,0,14,0,14,14,54,5.642243,5.649702,0.97881,6.778882,4,1,5,0.0,0.020347,94,261,119,0,3,413,0,2,0,attached,2,7.152577,0.62,1,7.158724,0.611659,6.170091,-3.578153,0.015193,-0.102163,-0.173117,attached
20260526-194630-sentence-script-long-microtubule-tracks-2a3c00,38.9106,2026-05-27T00:47:10.744176+00:00,2337,2,0,1,CAREFUL,ORGANIZE,4.3481,14.8378,0.0,0.0,0.0,8,8,0,14,0,14,14,46,5.71527,5.72257,0.153238,0.200394,4,0,5,0.0,0.131809,94,262,119,0,3,413,0,2,0,attached,2,7.264177,0.62,1,7.270236,0.61818,6.255695,-3.652461,0.014986,-0.100773,-0.170763,attached
20260526-194630-sentence-script-long-microtubule-tracks-2a3c00,39.0115,2026-05-27T00:47:10.845092+00:00,2343,2,0,1,CAREFUL,ORGANIZE,4.449,14.8378,0.0,0.0,0.0,8,8,0,14,0,14,14,42,5.774792,5.782065,0.957826,6.697023,5,0,5,0.0,0.126952,94,262,119,0,3,413,0,2,0,attached,2,7.264177,0.62,1,7.270283,0.619403,6.247467,-3.666403,0.009428,-0.063399,-0.107431,attached
20260526-194630-sentence-script-long-microtubule-tracks-2a3c00,39.112,2026-05-27T00:47:10.946866+00:00,2349,2,0,1,CAREFUL,ORGANIZE,4.5495,14.8378,0.0,0.0,0.0,8,8,0,14,0,14,14,37,5.832452,5.839596,0.954136,7.055127,5,0,5,0.0,0.013189,94,262,119,0,3,413,0,2,0,attached,2,7.375777,0.62,1,7.381816,0.624792,6.340692,-3.727797,0.000572,-0.003847,-0.006518,attached
20260526-194630-sentence-script-long-microtubule-tracks-2a3c00,39.2128,2026-05-27T00:47:11.046428+00:00,2355,2,0,1,CAREFUL,ORGANIZE,4.6504,14.8378,0.0,0.0,0.0,7,7,0,15,0,15,15,51,5.604833,5.612259,0.158449,0.209796,3,0,4,0.0,0.130982,94,264,119,0,3,413,0,2,0,attached,2,7.375777,0.62,1,7.381788,0.624301,6.343989,-3.722211,-0.008527,0.057337,0.09716,attached
20260526-194630-sentence-script-long-microtubule-tracks-2a3c00,39.3141,2026-05-27T00:47:11.147731+00:00,2361,2,0,1,CAREFUL,ORGANIZE,4.7517,14.8378,0.0,0.0,0.0,7,6,1,15,0,15,15,49,5.759187,5.665421,1.104318,6.589991,3,0,4,0.0,0.046611,95,264,119,0,3,413,0,2,0,attached,2,7.487377,0.62,1,7.493254,0.627987,6.448662,-3.764207,-0.014606,0.098217,0.166432,attached
20260526-194630-sentence-script-long-microtubule-tracks-2a3c00,39.4158,2026-05-27T00:47:11.249375+00:00,2367,2,0,1,CAREFUL,ORGANIZE,4.8533,14.8378,0.0169,0.0,0.0,7,6,1,15,0,15,15,48,5.78048,5.705434,2.001297,6.590175,3,0,4,0.0,0.041675,95,264,119,0,3,413,0,2,0,attached,2,7.487377,0.62,1,7.49325,0.626404,6.459305,-3.746171,-0.015454,0.103917,0.17609,attached
20260526-194630-sentence-script-long-microtubule-tracks-2a3c00,39.5003,2026-05-27T00:47:11.333864+00:00,2372,2,0,1,CAREFUL,ORGANIZE,4.9378,14.8378,0.0,0.0,0.0,7,7,0,15,0,15,15,43,5.785915,5.793093,0.092022,0.207372,3,0,4,0.0,0.010007,95,265,119,0,3,413,0,2,0,attached,2,7.598977,0.62,1,7.604798,0.6302,6.563234,-3.789427,-0.011864,0.079777,0.135184,attached
20260526-194630-sentence-script-long-microtubule-tracks-2a3c00,39.6016,2026-05-27T00:47:11.435219+00:00,2378,2,0,1,CAREFUL,ORGANIZE,5.0392,14.8378,0.0,0.0,0.0,7,7,0,15,0,15,15,40,5.769972,5.77715,0.123538,0.188779,3,0,4,0.0,0.014583,95,266,119,0,3,413,0,2,0,attached,2,7.598977,0.62,1,7.604836,0.629452,6.568263,-3.780905,-0.003756,0.025259,0.042802,attached
20260526-194630-sentence-script-long-microtubule-tracks-2a3c00,39.7072,2026-05-27T00:47:11.540799+00:00,2384,2,0,1,CAREFUL,ORGANIZE,5.1448,14.8378,0.0,0.0,0.0,7,7,0,15,0,15,15,36,5.836235,5.843281,1.094123,6.845976,3,0,4,0.0,0.01694,95,266,119,0,3,413,0,2,0,attached,2,7.710577,0.62,1,7.71634,0.634606,6.663063,-3.83963,0.00607,-0.040814,-0.06916,attached
20260526-194630-sentence-script-long-microtubule-tracks-2a3c00,39.8083,2026-05-27T00:47:11.641942+00:00,2390,2,0,1,CAREFUL,ORGANIZE,5.2459,14.8378,0.0,0.0,0.0,7,7,0,15,0,15,15,35,5.868688,5.875704,1.066788,6.632251,3,0,4,0.0,0.016815,95,267,119,0,3,413,0,2,0,attached,2,7.710577,0.738806,1,7.716296,0.638331,6.638017,-3.882073,0.014005,-0.094174,-0.159579,attached
20260526-194630-sentence-script-long-microtubule-tracks-2a3c00,39.9095,2026-05-27T00:47:11.743072+00:00,2396,2,0,1,CAREFUL,ORGANIZE,5.347,14.8378,0.0337,0.0,0.0,6,6,0,16,0,16,16,50,5.600763,5.607904,0.154303,0.209104,2,0,3,0.0,0.036747,95,268,119,0,3,413,0,2,,,,,,,,,,,,,,
20260526-194630-sentence-script-long-microtubule-tracks-2a3c00,40.0105,2026-05-27T00:47:11.844068+00:00,2402,2,0,1,CAREFUL,ORGANIZE,5.4481,14.8378,0.0,0.0,0.0,6,6,0,16,0,16,16,46,5.697106,5.704122,0.116414,0.204134,2,0,3,0.0,0.121891,95,269,119,0,3,413,0,2,,,,,,,,,,,,,,
20260526-194630-sentence-script-long-microtubule-tracks-2a3c00,40.1106,2026-05-27T00:47:11.944233+00:00,2408,2,0,1,CAREFUL,ORGANIZE,5.5482,14.8378,0.0168,0.0,0.0,6,6,0,16,0,16,16,45,5.718722,5.725726,2.282658,6.664774,2,0,3,0.0,0.011348,95,270,119,0,3,413,0,2,,,,,,,,,,,,,,
20260526-194630-sentence-script-long-microtubule-tracks-2a3c00,40.2111,2026-05-27T00:47:12.044619+00:00,2414,2,0,1,CAREFUL,ORGANIZE,5.6486,14.8378,0.0,0.0,0.0,6,6,0,16,0,16,16,42,5.796465,5.803331,1.436267,7.8664,2,0,3,0.0,0.015802,95,272,119,0,3,413,0,2,,,,,,,,,,,,,,
20260526-194630-sentence-script-long-microtubule-tracks-2a3c00,40.3115,2026-05-27T00:47:12.146346+00:00,2420,2,0,1,CAREFUL,ORGANIZE,5.749,14.8378,0.0,0.0,0.0,6,6,0,16,0,16,16,37,5.897592,5.904325,0.138398,0.201981,2,0,4,0.0,0.132994,95,273,119,0,3,413,0,2,,,,,,,,,,,,,,
20260526-194630-sentence-script-long-microtubule-tracks-2a3c00,40.4122,2026-05-27T00:47:12.245671+00:00,2426,2,0,1,CAREFUL,ORGANIZE,5.8497,14.8378,0.0,0.0,0.0,6,6,0,16,0,16,16,30,5.961174,5.967842,1.220785,6.655374,2,0,4,0.0,0.139567,95,273,119,0,3,413,0,2,,,,,,,,,,,,,,
20260526-194630-sentence-script-long-microtubule-tracks-2a3c00,40.513,2026-05-27T00:47:12.346428+00:00,2432,2,0,1,CAREFUL,ORGANIZE,5.9505,14.8378,0.0,0.0,0.0,6,6,0,16,0,16,16,29,5.998844,6.005469,0.105655,0.196269,2,0,4,0.0,0.01128,95,274,119,0,3,413,0,2,,,,,,,,,,,,,,
20260526-194630-sentence-script-long-microtubule-tracks-2a3c00,40.6139,2026-05-27T00:47:12.447496+00:00,2438,2,0,1,CAREFUL,ORGANIZE,6.0514,14.8378,0.0,0.0,0.0,5,5,0,17,0,17,17,44,5.758879,5.765761,1.73284,8.377036,2,0,3,0.0,0.24191,95,276,119,0,3,413,0,2,,,,,,,,,,,,,,
20260526-194630-sentence-script-long-microtubule-tracks-2a3c00,40.7152,2026-05-27T00:47:12.550148+00:00,2444,2,0,1,CAREFUL,ORGANIZE,6.1528,14.8378,0.0,0.0,0.0,4,4,0,18,0,18,18,60,5.332082,5.339463,0.539673,1.640077,1,0,2,0.0,0.012161,95,278,119,0,3,413,0,2,,,,,,,,,,,,,,
20260526-194630-sentence-script-long-microtubule-tracks-2a3c00,40.8076,2026-05-27T00:47:12.641226+00:00,2449,2,0,1,CAREFUL,ORGANIZE,6.2451,14.8378,0.0,0.0,0.0,4,4,0,18,0,18,18,60,5.397586,5.404901,1.404574,5.2912,1,0,2,0.0,0.140162,95,278,119,0,3,413,0,2,,,,,,,,,,,,,,
20260526-194630-sentence-script-long-microtubule-tracks-2a3c00,40.9092,2026-05-27T00:47:12.742778+00:00,2455,2,0,1,CAREFUL,ORGANIZE,6.3468,14.8378,0.0,0.0,0.0,4,4,0,18,0,18,18,57,5.484535,5.491754,0.117736,0.206642,1,0,2,0.0,0.130779,95,280,119,0,3,413,0,2,,,,,,,,,,,,,,
20260526-194630-sentence-script-long-microtubule-tracks-2a3c00,41.0137,2026-05-27T00:47:12.848615+00:00,2461,2,0,1,CAREFUL,ORGANIZE,6.4513,14.8378,0.0169,0.0,0.0,4,4,0,18,0,18,18,57,5.515997,5.523164,0.122967,0.191231,1,0,2,0.0,0.008512,95,280,119,0,3,413,0,2,,,,,,,,,,,,,,
20260526-194630-sentence-script-long-microtubule-tracks-2a3c00,41.1142,2026-05-27T00:47:12.947707+00:00,2467,2,0,1,CAREFUL,ORGANIZE,6.5517,14.8378,0.0,0.0,0.0,4,4,0,18,0,18,18,57,5.604996,5.61204,0.139649,0.206595,1,0,2,0.0,0.134914,95,280,119,0,3,413,0,2,,,,,,,,,,,,,,
20260526-194630-sentence-script-long-microtubule-tracks-2a3c00,41.2148,2026-05-27T00:47:13.048558+00:00,2473,2,0,1,CAREFUL,ORGANIZE,6.6524,14.8378,0.0168,0.0,0.0,4,4,0,18,0,18,18,53,5.662821,5.669787,0.156,0.192934,1,0,2,0.0,0.010355,95,280,119,0,3,413,0,2,,,,,,,,,,,,,,
20260526-194630-sentence-script-long-microtubule-tracks-2a3c00,41.3157,2026-05-27T00:47:13.149395+00:00,2479,2,0,1,CAREFUL,ORGANIZE,6.7533,14.8378,0.0,0.0,0.0,4,4,0,18,0,18,18,53,5.747225,5.754103,1.847598,7.035238,2,0,2,0.0,0.117682,95,280,119,0,3,413,0,2,,,,,,,,,,,,,,
20260526-194630-sentence-script-long-microtubule-tracks-2a3c00,41.4001,2026-05-27T00:47:13.233801+00:00,2484,2,0,1,CAREFUL,ORGANIZE,6.8377,14.8378,0.0507,0.0,0.0,4,4,0,18,0,18,18,50,5.776851,5.783685,1.748366,6.61319,2,0,2,0.0,0.007751,95,280,119,0,3,413,0,2,,,,,,,,,,,,,,
20260526-194630-sentence-script-long-microtubule-tracks-2a3c00,41.5014,2026-05-27T00:47:13.335107+00:00,2490,2,0,1,CAREFUL,ORGANIZE,6.939,14.8378,0.0169,0.0,0.0,4,4,0,18,0,18,18,49,5.861113,5.867838,1.763795,6.601412,2,0,2,0.0,0.008563,95,280,119,0,3,413,0,2,,,,,,,,,,,,,,
20260526-194630-sentence-script-long-microtubule-tracks-2a3c00,41.6071,2026-05-27T00:47:13.440845+00:00,2496,2,0,1,CAREFUL,ORGANIZE,7.0447,14.8378,0.0,0.0,0.0,4,4,0,18,0,18,18,45,5.916913,5.923583,1.677176,6.365814,2,0,2,0.0,0.156885,95,281,119,0,3,413,0,2,,,,,,,,,,,,,,
20260526-194630-sentence-script-long-microtubule-tracks-2a3c00,41.7127,2026-05-27T00:47:13.546305+00:00,2502,2,0,1,CAREFUL,ORGANIZE,7.1503,14.8378,0.0,0.0,0.0,4,4,0,18,0,18,18,39,5.978394,5.98498,0.140908,0.203211,2,0,2,0.0,0.008735,95,281,119,0,3,413,0,2,,,,,,,,,,,,,,
20260526-194630-sentence-script-long-microtubule-tracks-2a3c00,41.8139,2026-05-27T00:47:13.647512+00:00,2508,2,0,1,CAREFUL,ORGANIZE,7.2514,14.8378,0.0337,0.0,0.0,4,4,0,18,0,18,18,31,6.034194,6.04069,0.271399,0.514267,2,0,2,0.0,0.011815,95,282,119,0,3,413,0,2,,,,,,,,,,,,,,
20260526-194630-sentence-script-long-microtubule-tracks-2a3c00,41.9018,2026-05-27T00:47:13.735447+00:00,2513,2,0,1,CAREFUL,ORGANIZE,7.3394,14.8378,0.0,0.0,0.0,4,4,0,18,0,18,18,29,6.12697,6.133368,0.358454,0.884149,2,0,2,0.0,0.012125,95,283,119,0,3,413,0,2,,,,,,,,,,,,,,
20260526-194630-sentence-script-long-microtubule-tracks-2a3c00,42.0031,2026-05-27T00:47:13.836620+00:00,2519,2,0,1,CAREFUL,ORGANIZE,7.4407,14.8378,0.0337,0.0,0.0,4,4,0,18,0,18,18,27,6.15487,6.161238,0.210872,0.305338,2,0,2,0.0,0.010687,96,283,119,0,3,413,0,2,,,,,,,,,,,,,,
20260526-194630-sentence-script-long-microtubule-tracks-2a3c00,42.1042,2026-05-27T00:47:13.937783+00:00,2525,2,0,1,CAREFUL,ORGANIZE,7.5418,14.8378,0.0329,0.0,0.0,4,3,1,18,0,18,18,25,5.926517,6.279344,0.965257,3.528935,2,0,2,0.0,0.03119,96,284,119,0,3,413,0,2,,,,,,,,,,,,,,
20260526-194630-sentence-script-long-microtubule-tracks-2a3c00,42.2018,2026-05-27T00:47:14.035477+00:00,2531,2,0,1,CAREFUL,ORGANIZE,7.6394,14.8378,0.0,0.0,0.0,4,4,0,18,0,18,18,20,6.300354,6.306593,0.107144,0.202822,2,0,2,0.0,0.118288,96,284,119,0,3,413,0,2,,,,,,,,,,,,,,
20260526-194630-sentence-script-long-microtubule-tracks-2a3c00,42.3144,2026-05-27T00:47:14.147973+00:00,2538,2,0,1,CAREFUL,ORGANIZE,7.752,14.8378,0.0482,0.0,0.0,4,4,0,18,0,18,18,17,6.390752,6.396905,0.116624,0.187008,2,0,3,0.0,0.007298,96,284,119,0,3,413,0,2,,,,,,,,,,,,,,
20260526-194630-sentence-script-long-microtubule-tracks-2a3c00,42.4103,2026-05-27T00:47:14.243826+00:00,2544,2,0,1,CAREFUL,ORGANIZE,7.8479,14.8378,0.0,0.0,0.0,4,4,0,18,0,18,18,15,6.446552,6.452626,0.141664,0.208779,2,0,3,0.0,0.009533,96,285,119,0,3,413,0,2,,,,,,,,,,,,,,
20260526-194630-sentence-script-long-microtubule-tracks-2a3c00,42.5058,2026-05-27T00:47:14.339277+00:00,2550,2,0,1,CAREFUL,ORGANIZE,7.9434,14.8378,0.0159,0.0,0.0,4,4,0,18,0,18,18,14,6.509693,6.51572,1.844407,7.04108,2,0,3,0.0,0.008246,96,285,119,0,3,413,0,2,,,,,,,,,,,,,,
20260526-194630-sentence-script-long-microtubule-tracks-2a3c00,42.6007,2026-05-27T00:47:14.435509+00:00,2556,2,0,1,CAREFUL,ORGANIZE,8.0382,14.8378,0.0,0.0,0.0,4,4,0,18,0,18,18,13,6.626457,6.632386,0.116083,0.185538,2,0,3,0.0,0.007416,96,285,119,0,3,413,0,2,,,,,,,,,,,,,,
20260526-194630-sentence-script-long-microtubule-tracks-2a3c00,42.711,2026-05-27T00:47:14.544624+00:00,2563,2,0,1,CAREFUL,ORGANIZE,8.1486,14.8378,0.0,0.0,0.0,4,4,0,18,0,18,18,12,6.654357,6.66028,0.067807,0.18359,2,0,3,0.0,0.114694,96,286,119,0,3,413,0,2,,,,,,,,,,,,,,
20260526-194630-sentence-script-long-microtubule-tracks-2a3c00,42.8051,2026-05-27T00:47:14.638702+00:00,2569,2,0,1,CAREFUL,ORGANIZE,8.2427,14.8378,0.0,0.0,0.0,3,3,0,19,0,19,19,26,6.39056,6.396365,0.161979,0.209566,1,0,2,0.0,0.007158,96,286,119,0,3,413,0,2,,,,,,,,,,,,,,
20260526-194630-sentence-script-long-microtubule-tracks-2a3c00,42.915,2026-05-27T00:47:14.748472+00:00,2576,2,0,1,CAREFUL,ORGANIZE,8.3525,14.8378,0.0313,0.0,0.0,3,3,0,19,0,19,19,20,6.435111,6.440881,0.165555,0.1971,1,0,2,0.0,0.008071,96,287,119,0,3,413,0,2,,,,,,,,,,,,,,
20260526-194630-sentence-script-long-microtubule-tracks-2a3c00,43.0109,2026-05-27T00:47:14.844433+00:00,2582,2,0,1,CAREFUL,ORGANIZE,8.4485,14.8378,0.0167,0.0,0.0,3,3,0,19,0,19,19,19,6.472493,6.478239,2.302215,6.697414,1,0,2,0.0,0.007112,96,288,119,0,3,413,0,2,,,,,,,,,,,,,,
20260526-194630-sentence-script-long-microtubule-tracks-2a3c00,43.111,2026-05-27T00:47:14.944517+00:00,2588,2,0,1,CAREFUL,ORGANIZE,8.5486,14.8378,0.05,0.0,0.0,3,3,0,19,0,19,19,18,6.55336,6.559034,0.153466,0.207001,1,0,2,0.0,0.007094,96,289,119,0,3,413,0,2,,,,,,,,,,,,,,
20260526-194630-sentence-script-long-microtubule-tracks-2a3c00,43.2113,2026-05-27T00:47:15.045192+00:00,2594,2,0,1,CAREFUL,ORGANIZE,8.6488,14.8378,0.0,0.0,0.0,3,3,0,19,0,20,20,36,6.634227,6.639782,0.208571,0.209108,2,0,2,0.0,0.010356,96,290,119,0,3,413,0,2,,,,,,,,,,,,,,
20260526-194630-sentence-script-long-microtubule-tracks-2a3c00,43.3163,2026-05-27T00:47:15.149807+00:00,2600,2,0,1,CAREFUL,ORGANIZE,8.7539,14.8378,0.0883,0.105,0.0,2,2,0,20,0,20,20,36,6.109065,6.115205,0.093619,0.158168,1,0,2,0.0,0.004733,96,291,119,0,3,413,0,2,,,,,,,,,,,,,,
20260526-194630-sentence-script-long-microtubule-tracks-2a3c00,43.4031,2026-05-27T00:47:15.236630+00:00,2605,2,0,1,CAREFUL,ORGANIZE,8.8407,14.8378,0.0168,0.1918,0.0,2,2,0,20,0,20,20,36,6.172944,6.179043,3.851827,7.635157,1,0,2,0.0,0.002463,96,291,119,0,3,413,0,2,,,,,,,,,,,,,,
20260526-194630-sentence-script-long-microtubule-tracks-2a3c00,43.504,2026-05-27T00:47:15.337540+00:00,2611,2,0,1,CAREFUL,ORGANIZE,8.9416,14.8378,0.0673,0.2927,0.0,2,2,0,20,0,20,20,36,6.237144,6.243153,0.11587,0.175176,1,0,2,0.0,0.003334,96,291,119,0,3,413,0,2,,,,,,,,,,,,,,
20260526-194630-sentence-script-long-microtubule-tracks-2a3c00,43.6095,2026-05-27T00:47:15.443005+00:00,2617,2,0,1,CAREFUL,ORGANIZE,9.047,14.8378,0.0,0.3982,0.0,2,2,0,20,0,20,20,36,6.358361,6.364214,0.881529,1.597916,1,0,2,0.0,0.007556,96,292,119,0,3,413,0,2,,,,,,,,,,,,,,
20260526-194630-sentence-script-long-microtubule-tracks-2a3c00,43.7124,2026-05-27T00:47:15.545898+00:00,2623,2,0,1,CAREFUL,ORGANIZE,9.15,14.8378,0.103,0.5011,0.0,2,2,0,20,0,20,20,36,6.358361,6.364232,0.161204,0.209674,1,0,2,0.0,0.005086,96,293,119,0,3,413,0,2,,,,,,,,,,,,,,
20260526-194630-sentence-script-long-microtubule-tracks-2a3c00,43.8148,2026-05-27T00:47:15.648325+00:00,2629,2,0,1,CAREFUL,ORGANIZE,9.2523,14.8378,0.0,0.6035,0.0,2,2,0,20,0,20,20,36,6.480131,6.485874,0.185635,0.194167,1,0,2,0.0,0.006762,96,293,119,0,3,413,0,2,,,,,,,,,,,,,,
20260526-194630-sentence-script-long-microtubule-tracks-2a3c00,43.9034,2026-05-27T00:47:15.736867+00:00,2634,2,0,1,CAREFUL,ORGANIZE,9.3409,14.8378,0.0,0.6921,0.0,2,2,0,20,0,20,20,34,6.480131,6.485935,0.060121,0.09555,1,0,2,0.0,0.002699,96,294,119,0,3,413,0,2,,,,,,,,,,,,,,
20260526-194630-sentence-script-long-microtubule-tracks-2a3c00,44.0088,2026-05-27T00:47:15.842291+00:00,2640,2,0,1,CAREFUL,ORGANIZE,9.4463,14.8378,0.0169,0.7975,0.0,2,2,0,20,0,20,20,32,6.601761,6.607439,0.127223,0.151126,1,0,2,0.0,0.003709,96,295,119,0,3,413,0,2,,,,,,,,,,,,,,
20260526-194630-sentence-script-long-microtubule-tracks-2a3c00,44.1097,2026-05-27T00:47:15.943217+00:00,2646,2,0,1,CAREFUL,ORGANIZE,9.5473,14.8378,0.0,0.8984,0.0,2,2,0,20,0,20,20,31,6.601761,6.607391,0.190448,0.205644,1,0,2,0.0,0.04319,96,298,119,0,3,413,0,2,,,,,,,,,,,,,,
20260526-194630-sentence-script-long-microtubule-tracks-2a3c00,44.2105,2026-05-27T00:47:16.045406+00:00,2652,2,0,1,CAREFUL,ORGANIZE,9.6481,14.8378,0.0,0.9993,0.0,2,2,0,20,0,20,20,29,3.434699,3.481405,0.122309,0.166169,1,1,1,0.0,0.004202,96,298,120,0,3,413,0,2,,,,,,,,,,,,,,
20260526-194630-sentence-script-long-microtubule-tracks-2a3c00,44.3131,2026-05-27T00:47:16.146505+00:00,2658,2,0,1,CAREFUL,ORGANIZE,9.7506,14.8378,0.0,1.1018,0.0,2,2,0,20,0,20,20,23,3.497625,3.544025,0.129013,0.209725,1,1,1,0.0,0.129345,96,298,120,0,3,413,0,2,,,,,,,,,,,,,,
20260526-194630-sentence-script-long-microtubule-tracks-2a3c00,44.4139,2026-05-27T00:47:16.247380+00:00,2664,2,0,1,CAREFUL,ORGANIZE,9.8515,14.8378,0.0,1.2027,0.0,2,2,0,20,0,20,20,19,3.559611,3.597144,0.090362,0.17753,1,1,1,0.0,0.038273,96,300,120,0,3,413,0,2,,,,,,,,,,,,,,
20260526-194630-sentence-script-long-microtubule-tracks-2a3c00,44.5149,2026-05-27T00:47:16.349699+00:00,2670,2,0,1,CAREFUL,ORGANIZE,9.9524,14.8378,0.0,1.3036,0.0,2,2,0,20,0,20,20,18,3.686588,3.718374,0.119282,0.156389,1,1,1,0.0,0.004552,96,301,120,0,3,413,0,2,,,,,,,,,,,,,,
20260526-194630-sentence-script-long-microtubule-tracks-2a3c00,44.6158,2026-05-27T00:47:16.449372+00:00,2676,2,0,1,CAREFUL,ORGANIZE,10.0534,14.8378,0.101,1.4045,0.0,2,2,0,20,0,20,20,15,3.686588,3.718471,0.045632,0.048843,1,1,1,0.0,0.001524,96,301,120,0,3,413,0,2,,,,,,,,,,,,,,
20260526-194630-sentence-script-long-microtubule-tracks-2a3c00,44.704,2026-05-27T00:47:16.537499+00:00,2681,2,0,1,CAREFUL,ORGANIZE,10.1416,14.8378,0.0,1.4928,0.0,2,2,0,20,0,20,20,13,3.805837,3.833455,0.100688,0.140435,1,1,1,0.0,0.23853,96,301,120,0,3,413,0,2,,,,,,,,,,,,,,
20260526-194630-sentence-script-long-microtubule-tracks-2a3c00,44.8048,2026-05-27T00:47:16.639668+00:00,2687,2,0,1,CAREFUL,ORGANIZE,10.2423,14.8378,0.0503,1.5935,0.0,2,2,0,20,0,20,20,11,3.806793,3.834387,0.129442,0.164306,1,1,1,0.0,0.004416,96,303,121,0,3,413,0,2,,,,,,,,,,,,,,
20260526-194630-sentence-script-long-microtubule-tracks-2a3c00,44.9072,2026-05-27T00:47:16.740719+00:00,2693,2,0,1,CAREFUL,ORGANIZE,10.3448,14.8378,0.0,1.696,0.0,2,2,0,20,0,20,20,11,3.931249,3.955363,0.12018,0.209569,1,1,1,0.0,0.118127,96,303,121,0,3,413,0,2,,,,,,,,,,,,,,
20260526-194630-sentence-script-long-microtubule-tracks-2a3c00,45.0079,2026-05-27T00:47:16.841395+00:00,2699,2,0,1,CAREFUL,ORGANIZE,10.4455,14.8378,0.0839,1.7967,0.0,2,2,0,20,0,20,20,7,3.931249,3.95524,0.161288,0.179274,1,1,1,0.0,0.005318,96,303,121,0,3,413,0,2,,,,,,,,,,,,,,
20260526-194630-sentence-script-long-microtubule-tracks-2a3c00,45.1085,2026-05-27T00:47:16.942013+00:00,2705,2,0,1,CAREFUL,ORGANIZE,10.5461,14.8378,0.0167,1.8972,0.0,2,1,1,20,0,20,20,7,7.084184,4.043598,2.167832,4.250076,1,1,1,0.0,0.023245,97,304,121,0,3,413,0,2,,,,,,,,,,,,,,
20260526-194630-sentence-script-long-microtubule-tracks-2a3c00,45.2091,2026-05-27T00:47:17.042571+00:00,2711,2,0,1,CAREFUL,ORGANIZE,10.6467,14.8378,0.0335,1.9978,0.0,2,2,0,20,0,20,20,6,4.01982,4.042226,0.123921,0.209539,1,1,1,0.0,0.003808,97,305,121,0,3,413,0,2,,,,,,,,,,,,,,
20260526-194630-sentence-script-long-microtubule-tracks-2a3c00,45.3097,2026-05-27T00:47:17.144593+00:00,2717,2,0,1,CAREFUL,ORGANIZE,10.7473,14.8378,0.0,2.0985,0.0,2,2,0,20,0,20,20,2,4.142447,4.162571,0.15301,0.157319,1,1,1,0.0,0.135909,97,306,121,0,3,413,0,2,,,,,,,,,,,,,,
20260526-194630-sentence-script-long-microtubule-tracks-2a3c00,45.4121,2026-05-27T00:47:17.245564+00:00,2723,2,0,1,CAREFUL,ORGANIZE,10.8497,14.8378,0.0856,2.2009,0.0,2,2,0,20,0,20,20,1,4.142447,4.162424,1.23213,2.257346,1,1,1,0.0,0.006848,97,307,121,0,3,413,0,2,,,,,,,,,,,,,,
20260526-194630-sentence-script-long-microtubule-tracks-2a3c00,45.5127,2026-05-27T00:47:17.347277+00:00,2729,2,0,1,CAREFUL,ORGANIZE,10.9503,14.8378,0.0,2.3014,0.0,2,2,0,20,0,20,20,0,4.276772,4.295085,0.096501,0.1593,1,1,1,0.0,0.13456,97,308,121,0,3,413,0,2,,,,,,,,,,,,,,
20260526-194630-sentence-script-long-microtubule-tracks-2a3c00,45.6134,2026-05-27T00:47:17.446805+00:00,2735,2,0,1,CAREFUL,ORGANIZE,11.0509,14.8378,0.0,2.4021,0.0,2,2,0,20,0,20,20,0,4.341945,4.358548,0.201674,0.208747,1,1,1,0.0,0.043518,97,309,121,0,3,413,0,2,,,,,,,,,,,,,,
20260526-194630-sentence-script-long-microtubule-tracks-2a3c00,45.7141,2026-05-27T00:47:17.547588+00:00,2741,2,0,1,CAREFUL,ORGANIZE,11.1516,14.8378,0.0,2.5028,0.0,2,2,0,20,0,20,20,0,4.407774,4.42326,0.643441,1.171481,1,1,1,0.0,0.005465,97,310,121,0,3,413,0,2,,,,,,,,,,,,,,
20260526-194630-sentence-script-long-microtubule-tracks-2a3c00,45.8166,2026-05-27T00:47:17.650107+00:00,2747,2,0,1,CAREFUL,ORGANIZE,11.2541,14.8378,0.0504,2.6053,0.0,2,2,0,20,0,20,20,0,4.474936,4.490476,1.006301,1.918889,1,1,1,0.0,0.001488,97,311,121,0,3,413,0,2,,,,,,,,,,,,,,
20260526-194630-sentence-script-long-microtubule-tracks-2a3c00,45.9004,2026-05-27T00:47:17.733852+00:00,2752,2,0,1,CAREFUL,ORGANIZE,11.3379,14.8378,0.0,2.6891,0.0,2,2,0,20,0,20,20,0,4.541097,4.555392,0.184073,0.195499,1,1,1,0.0,0.135041,97,311,121,0,3,413,0,2,,,,,,,,,,,,,,
20260526-194630-sentence-script-long-microtubule-tracks-2a3c00,46.001,2026-05-27T00:47:17.835842+00:00,2758,2,0,1,CAREFUL,ORGANIZE,11.4386,14.8378,0.0,2.7898,0.0,2,2,0,20,0,20,20,0,4.603707,4.618049,1.069354,2.021201,1,1,1,0.0,0.005758,97,312,121,0,3,413,0,2,,,,,,,,,,,,,,
20260526-194630-sentence-script-long-microtubule-tracks-2a3c00,46.1027,2026-05-27T00:47:17.936129+00:00,2764,2,0,1,CAREFUL,ORGANIZE,11.5402,14.8378,0.0,2.8914,0.0,2,2,0,20,0,20,20,0,4.666005,4.679602,0.017274,0.031173,1,1,1,0.0,0.124768,97,312,121,0,3,413,0,2,,,,,,,,,,,,,,
20260526-194630-sentence-script-long-microtubule-tracks-2a3c00,46.2028,2026-05-27T00:47:18.036206+00:00,2770,2,0,1,CAREFUL,ORGANIZE,11.6404,14.8378,0.0,2.9915,0.0,2,2,0,20,0,20,20,0,4.730528,4.74401,0.140952,0.160529,1,1,1,0.0,0.051809,97,313,121,0,3,413,0,2,,,,,,,,,,,,,,
20260526-194630-sentence-script-long-microtubule-tracks-2a3c00,46.3034,2026-05-27T00:47:18.137223+00:00,2776,2,0,1,RESETTING,ORGANIZE,11.6404,14.8378,0.0839,3.0922,0.0,2,2,0,20,0,21,21,18,4.730528,4.743934,0.197142,0.197142,1,1,0,0.0,0.004437,97,313,121,0,3,413,0,2,,,,,,,,,,,,,,
20260526-194630-sentence-script-long-microtubule-tracks-2a3c00,46.4113,2026-05-27T00:47:18.244776+00:00,2782,2,0,1,RESETTING,ORGANIZE,11.6404,14.8378,0.0379,3.2001,0.0,1,1,0,21,0,21,21,18,1.862655,1.883359,0.200746,0.200746,0,1,0,0.0,0.004335,97,313,121,0,3,413,0,2,,,,,,,,,,,,,,
20260526-194630-sentence-script-long-microtubule-tracks-2a3c00,46.5018,2026-05-27T00:47:18.335415+00:00,2787,2,0,1,RESETTING,ORGANIZE,11.6404,14.8378,0.0,3.2906,0.0,1,1,0,21,0,21,21,18,1.982954,2.002545,0.141759,0.141759,0,1,0,0.0,0.120329,97,313,121,0,3,413,0,2,,,,,,,,,,,,,,
20260526-194630-sentence-script-long-microtubule-tracks-2a3c00,46.6131,2026-05-27T00:47:18.446611+00:00,2793,2,0,1,RESETTING,ORGANIZE,11.6404,14.8378,0.0944,3.4018,0.0,1,1,0,21,0,21,21,18,1.982954,2.002698,0.014448,0.014448,0,1,0,0.0,0.000617,97,313,121,0,3,413,0,2,,,,,,,,,,,,,,
20260526-194630-sentence-script-long-microtubule-tracks-2a3c00,46.7015,2026-05-27T00:47:18.535095+00:00,2798,2,0,1,RESETTING,ORGANIZE,11.6404,14.8378,0.0,3.4902,0.0,1,1,0,21,0,21,21,18,2.103254,2.121836,0.094428,0.094428,0,1,0,0.0,0.120306,97,313,121,0,3,413,0,2,,,,,,,,,,,,,,
20260526-194630-sentence-script-long-microtubule-tracks-2a3c00,46.815,2026-05-27T00:47:18.648598+00:00,2804,2,0,1,RESETTING,ORGANIZE,11.6404,14.8378,0.0967,3.6038,0.0,1,1,0,21,0,21,21,18,2.103254,2.121661,5.73799,5.73799,0,1,0,0.0,0.00302,97,313,121,0,3,413,0,2,,,,,,,,,,,,,,
20260526-194630-sentence-script-long-microtubule-tracks-2a3c00,46.9073,2026-05-27T00:47:18.740784+00:00,2809,2,0,1,RESETTING,ORGANIZE,11.6404,14.8378,0.0547,3.6961,0.0,1,1,0,21,0,21,21,18,2.223554,2.240912,0.208107,0.208107,0,1,0,0.0,0.004409,97,313,121,0,3,413,0,2,,,,,,,,,,,,,,
20260526-194630-sentence-script-long-microtubule-tracks-2a3c00,47.0082,2026-05-27T00:47:18.841666+00:00,2815,2,0,1,RESETTING,ORGANIZE,11.6404,14.8378,0.1555,3.7969,0.0,1,1,0,21,0,21,21,18,2.223554,2.24102,0.155535,0.155535,0,1,0,0.0,0.002838,97,313,121,0,3,413,0,2,,,,,,,,,,,,,,
20260526-194630-sentence-script-long-microtubule-tracks-2a3c00,47.1122,2026-05-27T00:47:18.945617+00:00,2821,2,0,1,RESETTING,ORGANIZE,11.6404,14.8378,0.0168,3.9009,0.0,1,1,0,21,0,21,21,18,2.343854,2.360567,0.043915,0.043915,0,1,0,0.0,0.001084,97,313,121,0,3,413,0,2,,,,,,,,,,,,,,
20260526-194630-sentence-script-long-microtubule-tracks-2a3c00,47.2126,2026-05-27T00:47:19.046105+00:00,2827,2,0,1,RESETTING,ORGANIZE,11.6404,14.8378,0.1173,4.0013,0.0,1,1,0,21,0,21,21,18,2.343854,2.360556,0.080205,0.080205,0,1,0,0.0,0.001013,97,313,121,0,3,413,0,2,,,,,,,,,,,,,,
20260526-194630-sentence-script-long-microtubule-tracks-2a3c00,47.3148,2026-05-27T00:47:19.148214+00:00,2833,2,0,1,RESETTING,ORGANIZE,11.6404,14.8378,0.0,4.1035,0.0,1,1,0,21,0,21,21,18,2.464153,2.479909,0.177192,0.177192,0,1,0,0.0,0.002987,97,313,121,0,3,413,0,2,,,,,,,,,,,,,,
20260526-194630-sentence-script-long-microtubule-tracks-2a3c00,47.4156,2026-05-27T00:47:19.250420+00:00,2839,2,0,1,RESETTING,ORGANIZE,11.6404,14.8378,0.0,4.2043,0.0,1,1,0,21,0,21,21,17,2.584453,2.599401,0.209749,0.209749,0,1,0,0.0,0.120351,97,313,121,0,3,413,0,2,,,,,,,,,,,,,,
20260526-194630-sentence-script-long-microtubule-tracks-2a3c00,47.5074,2026-05-27T00:47:19.340882+00:00,2844,2,0,1,RESETTING,ORGANIZE,11.6404,14.8378,0.0749,4.2961,0.0,1,1,0,21,0,21,21,16,2.584453,2.599458,0.175853,0.175853,0,1,0,0.0,0.003162,97,313,121,0,3,413,0,2,,,,,,,,,,,,,,
20260526-194630-sentence-script-long-microtubule-tracks-2a3c00,47.614,2026-05-27T00:47:19.447449+00:00,2850,2,0,1,RESETTING,ORGANIZE,11.6404,14.8378,0.0557,4.4027,0.0,1,1,0,21,0,21,21,14,2.704753,2.719231,0.070275,0.070275,0,1,0,0.0,0.001698,97,313,121,0,3,413,0,2,,,,,,,,,,,,,,
20260526-194630-sentence-script-long-microtubule-tracks-2a3c00,47.7001,2026-05-27T00:47:19.533597+00:00,2855,2,0,1,RESETTING,ORGANIZE,11.6404,14.8378,0.1419,4.4889,0.0,1,1,0,21,0,21,21,13,2.704753,2.719261,7.149257,7.149257,0,1,0,0.0,0.000263,97,313,121,0,3,413,0,2,,,,,,,,,,,,,,
20260526-194630-sentence-script-long-microtubule-tracks-2a3c00,47.8031,2026-05-27T00:47:19.636576+00:00,2861,2,0,1,RESETTING,ORGANIZE,11.6404,14.8378,0.0693,4.5918,0.0,1,1,0,21,0,21,21,12,2.825053,2.83885,0.149599,0.149599,0,1,0,0.0,0.002252,97,313,121,0,3,413,0,2,,,,,,,,,,,,,,
20260526-194630-sentence-script-long-microtubule-tracks-2a3c00,47.9079,2026-05-27T00:47:19.741345+00:00,2867,2,0,1,RESETTING,ORGANIZE,11.6404,14.8378,0.0503,4.6967,0.0,1,1,0,21,0,21,21,11,2.945352,2.958485,0.207609,0.207609,0,0,0,0.0,0.003412,97,313,121,0,3,413,0,2,,,,,,,,,,,,,,
20260526-194630-sentence-script-long-microtubule-tracks-2a3c00,48.0129,2026-05-27T00:47:19.846406+00:00,2873,2,0,1,RESETTING,ORGANIZE,11.6404,14.8378,0.1553,4.8016,0.0,1,1,0,21,0,21,21,9,2.945352,2.958513,0.186054,0.186054,0,0,0,0.0,0.004109,97,313,121,0,3,413,0,2,,,,,,,,,,,,,,
20260526-194630-sentence-script-long-microtubule-tracks-2a3c00,48.1152,2026-05-27T00:47:19.948589+00:00,2879,2,0,1,RESETTING,ORGANIZE,11.6404,14.8378,0.0336,4.9039,0.0,1,1,0,21,0,21,21,8,3.065652,3.078413,0.096158,0.096158,0,0,0,0.0,0.001923,97,313,121,0,3,413,0,2,,,,,,,,,,,,,,
20260526-194630-sentence-script-long-microtubule-tracks-2a3c00,48.2161,2026-05-27T00:47:20.049542+00:00,2885,2,0,1,RESETTING,ORGANIZE,11.6404,14.8378,0.1346,5.0049,0.0,1,1,0,21,0,21,21,5,3.065652,3.078461,0.027449,0.027449,0,0,0,0.0,0.000112,97,313,121,0,3,413,0,2,,,,,,,,,,,,,,
20260526-194630-sentence-script-long-microtubule-tracks-2a3c00,48.3137,2026-05-27T00:47:20.147132+00:00,2891,2,0,1,RESETTING,ORGANIZE,11.6404,14.8378,0.0323,5.1024,0.0,1,1,0,21,0,21,21,4,3.185952,3.198207,0.137959,0.137959,0,0,0,0.0,0.001975,97,313,121,0,3,413,0,2,,,,,,,,,,,,,,
20260526-194630-sentence-script-long-microtubule-tracks-2a3c00,48.4101,2026-05-27T00:47:20.243547+00:00,2897,2,0,1,RESETTING,ORGANIZE,11.6404,14.8378,0.0,5.1988,0.0,1,1,0,21,0,21,21,2,3.306251,3.317967,0.202042,0.202042,0,0,0,0.0,0.120341,97,313,121,0,3,413,0,2,,,,,,,,,,,,,,
20260526-194630-sentence-script-long-microtubule-tracks-2a3c00,48.5054,2026-05-27T00:47:20.338906+00:00,2903,2,0,1,RESETTING,ORGANIZE,11.6404,14.8378,0.0794,5.2942,0.0,1,1,0,21,0,21,21,1,3.306251,3.31796,0.200669,0.200669,0,0,0,0.0,0.00326,97,313,121,0,3,413,0,2,,,,,,,,,,,,,,
20260526-194630-sentence-script-long-microtubule-tracks-2a3c00,48.6002,2026-05-27T00:47:20.433674+00:00,2909,2,0,1,RESETTING,ORGANIZE,11.6404,14.8378,0.0158,5.3889,0.0,1,1,0,21,0,21,21,0,3.426551,3.437934,0.135882,0.135882,0,0,0,0.0,0.002373,97,313,121,0,3,413,0,2,,,,,,,,,,,,,,
20260526-194630-sentence-script-long-microtubule-tracks-2a3c00,48.71,2026-05-27T00:47:20.543454+00:00,2916,2,0,1,RESETTING,ORGANIZE,11.6404,14.8378,0.0,5.4987,0.0,1,1,0,21,0,21,21,0,3.546851,3.557928,0.009441,0.009441,0,0,0,0.0,0.000455,97,313,121,0,3,413,0,2,,,,,,,,,,,,,,
20260526-194630-sentence-script-long-microtubule-tracks-2a3c00,48.8037,2026-05-27T00:47:20.637162+00:00,2922,2,0,1,RESETTING,ORGANIZE,11.6404,14.8378,0.0937,5.5924,0.0,1,1,0,21,0,21,21,0,3.546851,3.557894,0.103821,0.103821,0,0,0,0.0,0.001349,97,313,121,0,3,413,0,2,,,,,,,,,,,,,,
20260526-194630-sentence-script-long-microtubule-tracks-2a3c00,48.9127,2026-05-27T00:47:20.746140+00:00,2929,2,0,1,RESETTING,ORGANIZE,11.6404,14.8378,0.2028,5.7015,0.0,1,1,0,21,0,21,21,0,3.546851,3.557789,7.713491,7.713491,0,0,0,0.0,0.002875,97,313,121,0,3,413,0,2,,,,,,,,,,,,,,
20260526-194630-sentence-script-long-microtubule-tracks-2a3c00,49.0061,2026-05-27T00:47:20.839641+00:00,2935,2,0,1,RESETTING,ORGANIZE,11.6404,14.8378,0.0622,5.7949,0.0,1,1,0,21,0,21,21,0,3.667151,3.677702,0.207199,0.207199,0,0,0,0.0,0.003254,97,313,121,0,3,413,0,2,,,,,,,,,,,,,,
20260526-194630-sentence-script-long-microtubule-tracks-2a3c00,49.1009,2026-05-27T00:47:20.934407+00:00,2941,2,0,1,RESETTING,ORGANIZE,11.6404,14.8378,0.157,5.8897,0.0,1,1,0,21,0,21,21,0,3.667151,3.677765,0.156916,0.156916,0,0,0,0.0,0.002647,97,313,121,0,3,413,0,2,,,,,,,,,,,,,,
20260526-194630-sentence-script-long-microtubule-tracks-2a3c00,49.2013,2026-05-27T00:47:21.034831+00:00,2947,2,0,1,RESETTING,ORGANIZE,11.6404,14.8378,0.0167,5.9901,0.0,1,1,0,21,0,21,21,0,3.78745,3.797814,0.050243,0.050243,0,0,0,0.0,0.001178,97,313,121,0,3,413,0,2,,,,,,,,,,,,,,
20260526-194630-sentence-script-long-microtubule-tracks-2a3c00,49.3026,2026-05-27T00:47:21.136322+00:00,2953,3,0,1,DELIVER,,0.0845,9.6293,0.0,0.0,0.0,22,22,0,0,0,0,0,20,1.872222,1.894813,2.224478,13.122205,0,22,0,0.012987,2.261849,97,313,122,0,3,423,0,3,0,attached,0,1.775894,1.267872,1,1.793438,-0.005233,1.775894,-0.250181,-0.208877,0.0,0.0,born
20260526-194630-sentence-script-long-microtubule-tracks-2a3c00,49.4049,2026-05-27T00:47:21.238618+00:00,2959,3,0,1,DELIVER,,0.1868,9.6293,0.0,0.0,0.0,22,22,0,0,0,0,0,20,1.90757,1.931716,2.249294,14.277347,0,22,0,0.017316,0.561235,97,314,123,0,3,426,0,3,0,attached,0,2.004111,1.267872,1,2.019811,-0.024215,2.004111,-0.250181,-0.158776,0.0,0.0,born
20260526-194630-sentence-script-long-microtubule-tracks-2a3c00,49.5072,2026-05-27T00:47:21.341017+00:00,2965,3,0,1,DELIVER,,0.2891,9.6293,0.0,0.0,0.0,22,22,0,0,0,0,0,20,2.043847,2.065177,1.37216,14.239208,0,18,0,0.008658,0.220633,97,315,123,0,3,430,0,3,0,attached,0,2.004111,1.267872,1,2.019958,-0.034351,2.004111,-0.250181,-0.050724,0.0,0.0,born
20260526-194630-sentence-script-long-microtubule-tracks-2a3c00,49.6123,2026-05-27T00:47:21.446065+00:00,2971,3,0,1,DELIVER,,0.3943,9.6293,0.0,0.0,0.0,22,22,0,0,0,0,0,20,2.17466,2.19463,0.738852,14.149598,0,17,0,0.008658,0.51385,97,315,123,0,3,432,0,3,0,attached,0,2.232328,1.267872,1,2.246527,-0.031697,2.232328,-0.250181,0.079108,0.0,0.0,born
20260526-194630-sentence-script-long-microtubule-tracks-2a3c00,49.7042,2026-05-27T00:47:21.538011+00:00,2976,3,0,1,DELIVER,,0.4861,9.6293,0.0,0.0,0.0,22,20,2,0,0,0,0,24,2.290211,2.282858,1.244376,13.648454,0,14,0,0.008658,0.29842,99,316,123,0,3,435,0,3,0,attached,0,2.232328,1.267872,1,2.246386,-0.019232,2.232328,-0.250181,0.169187,0.0,0.0,born
20260526-194630-sentence-script-long-microtubule-tracks-2a3c00,49.8122,2026-05-27T00:47:21.645959+00:00,2982,3,0,1,DELIVER,,0.5941,9.6293,0.0,0.0,0.0,22,20,2,0,0,0,0,24,2.582357,2.548602,1.296668,14.141847,0,13,1,0.008658,0.510856,99,316,123,0,4,435,0,3,0,attached,0,2.460545,1.267872,1,2.473232,0.002307,2.460545,-0.250181,0.209885,0.0,0.0,born
20260526-194630-sentence-script-long-microtubule-tracks-2a3c00,49.9031,2026-05-27T00:47:21.737051+00:00,2987,3,0,1,DELIVER,,0.6851,9.6293,0.0,0.0,0.0,22,20,2,0,0,0,0,24,2.668195,2.626871,1.491323,13.698167,0,13,1,0.004329,0.332715,99,317,123,0,4,435,0,3,0,attached,0,2.460545,1.267872,1,2.473313,0.020105,2.460545,-0.250181,0.17841,0.0,0.0,born
20260526-194630-sentence-script-long-microtubule-tracks-2a3c00,50.0144,2026-05-27T00:47:21.848168+00:00,2993,3,0,1,DELIVER,,0.7964,9.6293,0.0172,0.0,0.0,22,21,1,0,0,0,0,16,2.762507,2.767912,0.762038,14.394649,0,13,1,0.008658,0.057665,99,317,123,0,4,435,0,3,0,attached,0,2.688762,1.267872,1,2.700584,0.033527,2.688762,-0.250181,0.070524,0.0,0.0,born
20260526-194630-sentence-script-long-microtubule-tracks-2a3c00,50.1045,2026-05-27T00:47:21.938188+00:00,2998,3,0,1,DELIVER,,0.8864,9.6293,0.0,0.0,0.0,22,22,0,0,0,0,0,13,2.768132,2.78635,0.953481,10.059869,0,13,1,0.008658,1.449611,99,318,124,0,4,435,0,3,0,attached,0,2.916979,1.267872,1,2.927884,0.03392,2.916979,-0.250181,-0.041175,0.0,0.0,born
20260526-194630-sentence-script-long-microtubule-tracks-2a3c00,50.2065,2026-05-27T00:47:22.040399+00:00,3004,3,0,1,DELIVER,,0.9885,9.6293,0.0,0.0,0.0,22,22,0,0,0,0,0,14,2.863145,2.880259,2.805919,17.748674,1,11,1,0.004329,0.04753,99,320,125,0,4,436,0,3,0,attached,0,2.916979,1.267872,1,2.927776,0.022795,2.916979,-0.250181,-0.15226,0.0,0.0,born
20260526-194630-sentence-script-long-microtubule-tracks-2a3c00,50.3065,2026-05-27T00:47:22.140343+00:00,3010,3,0,1,DELIVER,,1.0885,9.6293,0.0,0.0,0.0,22,21,1,0,0,0,0,14,2.878205,3.060571,1.339749,13.217751,1,10,1,0.004329,0.335342,100,320,125,0,4,438,0,3,0,attached,0,3.145196,1.267872,1,3.155132,0.00382,3.145196,-0.250181,-0.207253,0.0,0.0,born
20260526-194630-sentence-script-long-microtubule-tracks-2a3c00,50.4067,2026-05-27T00:47:22.240523+00:00,3016,3,0,1,DELIVER,,1.1887,9.6293,0.0,0.0,0.0,22,21,1,0,0,0,0,10,3.001102,3.187468,0.642442,10.743052,1,10,1,0.004329,0.309831,100,320,125,0,4,442,0,3,0,attached,0,3.145196,1.267872,1,3.155173,-0.016532,3.145196,-0.250181,-0.189757,0.0,0.0,born
20260526-194630-sentence-script-long-microtubule-tracks-2a3c00,50.5074,2026-05-27T00:47:22.341243+00:00,3022,3,0,1,DELIVER,,1.2894,9.6293,0.0,0.0,0.0,22,22,0,0,0,0,0,7,3.323835,3.337205,1.060458,11.663069,1,9,1,0.008658,0.942012,100,322,125,0,4,448,0,3,0,attached,0,3.373412,1.267872,1,3.38282,-0.031129,3.373412,-0.250181,-0.10525,0.0,0.0,born
20260526-194630-sentence-script-long-microtubule-tracks-2a3c00,50.6084,2026-05-27T00:47:22.443527+00:00,3028,3,0,1,DELIVER,,1.3903,9.6293,0.0,0.0,0.0,22,22,0,0,0,0,0,6,3.435937,3.448622,0.107744,0.207154,1,8,1,0.004329,0.940534,100,322,125,0,4,454,0,3,0,attached,0,3.373412,1.267872,1,3.382855,-0.0347,3.373412,-0.250181,0.016801,0.0,0.0,born
20260526-194630-sentence-script-long-microtubule-tracks-2a3c00,50.7095,2026-05-27T00:47:22.543435+00:00,3034,3,0,1,DELIVER,,1.4914,9.6293,0.0,0.0,0.0,22,21,1,0,0,0,0,8,3.602128,3.597784,1.421886,14.848858,1,5,1,0.008658,1.00477,102,324,125,0,4,457,0,3,0,attached,0,3.601629,1.267872,1,3.610401,-0.025902,3.601629,-0.250181,0.133142,13.536754,0.0,born
20260526-194630-sentence-script-long-microtubule-tracks-2a3c00,50.8106,2026-05-27T00:47:22.644345+00:00,3040,3,0,1,DELIVER,,1.5925,9.6293,0.0,0.0,0.0,22,21,1,0,0,0,0,8,3.69621,3.702979,0.151737,0.256296,1,5,1,0.004329,0.131323,104,326,125,0,4,462,0,3,0,attached,0,3.601629,1.267872,1,3.610317,-0.007869,3.601629,-0.250181,0.201887,0.0,0.0,born
20260526-194630-sentence-script-long-microtubule-tracks-2a3c00,50.9119,2026-05-27T00:47:22.745674+00:00,3046,3,0,1,DELIVER,,1.6938,9.6293,0.0,0.0,0.0,22,21,1,0,0,0,0,8,3.844036,3.854206,2.881382,13.878268,1,3,1,0.004329,0.585678,104,326,125,0,4,465,0,3,0,attached,0,3.829846,1.267872,1,3.838031,0.013026,3.829846,-0.250181,0.198548,0.0,0.0,born
20260526-194630-sentence-script-long-microtubule-tracks-2a3c00,51.0133,2026-05-27T00:47:22.847054+00:00,3052,3,0,1,DELIVER,,1.7953,9.6293,0.0,0.0,0.0,22,20,2,0,0,0,0,4,4.002811,3.984312,0.754926,13.524699,1,3,1,0.008658,0.535715,106,327,125,0,4,466,0,3,0,attached,0,4.058063,1.267872,1,4.065873,0.029258,4.058063,-0.250181,0.123935,13.524131,0.0,born
20260526-194630-sentence-script-long-microtubule-tracks-2a3c00,51.1146,2026-05-27T00:47:22.949766+00:00,3058,3,0,1,DELIVER,,1.8966,9.6293,0.0,0.0,0.0,22,20,2,0,0,0,0,4,4.127715,4.098756,0.126301,0.290642,1,3,1,0.0,0.594074,107,328,125,0,4,466,0,3,0,attached,0,4.058063,1.267872,1,4.065918,0.034987,4.058063,-0.250181,0.004979,0.0,0.0,born
20260526-194630-sentence-script-long-microtubule-tracks-2a3c00,51.2159,2026-05-27T00:47:23.049607+00:00,3064,3,0,1,DELIVER,,1.9978,9.6293,0.0,0.0,0.0,21,21,0,1,0,1,1,22,4.120016,4.130116,1.925983,13.632759,0,3,2,0.004762,0.760612,107,330,125,0,5,466,0,3,0,attached,0,5.877,1.45,1,5.88239,0.028194,5.877,-0.250181,-0.115736,0.0,0.0,deliver
20260526-194630-sentence-script-long-microtubule-tracks-2a3c00,51.3166,2026-05-27T00:47:23.150341+00:00,3070,3,0,1,DELIVER,,2.0985,9.6293,0.0,0.0,0.0,21,21,0,1,0,1,1,22,4.216876,4.226754,3.691949,14.44971,0,2,2,0.0,0.309823,107,330,125,0,5,466,0,3,0,attached,0,6.138,1.45,1,6.143107,0.011417,6.138,-0.250181,-0.194716,0.0,0.0,deliver
20260526-194630-sentence-script-long-microtubule-tracks-2a3c00,51.4007,2026-05-27T00:47:23.234568+00:00,3075,3,0,1,DELIVER,,2.1827,9.6293,0.0,0.0,0.0,21,21,0,1,0,1,1,18,4.381286,4.390675,1.584552,17.133537,0,2,3,0.0,0.074022,107,332,125,0,5,466,0,3,0,attached,0,6.138,1.45,1,6.143099,-0.006017,6.138,-0.250181,-0.208346,0.0,0.0,deliver
20260526-194630-sentence-script-long-microtubule-tracks-2a3c00,51.5019,2026-05-27T00:47:23.335710+00:00,3081,3,0,1,DELIVER,,2.2838,9.6293,0.0,0.0,0.0,21,21,0,1,0,1,1,18,4.525578,4.534676,0.164435,0.867238,2,2,3,0.004762,0.666236,107,334,125,0,5,466,0,3,0,attached,0,6.399,1.45,1,6.403936,-0.024606,6.399,-0.250181,-0.156555,0.0,0.0,deliver
20260526-194630-sentence-script-long-microtubule-tracks-2a3c00,51.603,2026-05-27T00:47:23.438083+00:00,3087,3,0,1,DELIVER,,2.3849,9.6293,0.0,0.0,0.0,21,21,0,1,0,1,1,18,4.648447,4.657212,2.093072,14.440546,2,1,3,0.0,1.025279,107,336,125,0,5,466,0,3,0,attached,0,6.399,1.45,1,6.403981,-0.034406,6.399,-0.250181,-0.048879,0.0,0.0,deliver
20260526-194630-sentence-script-long-microtubule-tracks-2a3c00,51.7042,2026-05-27T00:47:23.537999+00:00,3093,3,0,1,DELIVER,,2.4862,9.6293,0.0,0.0,0.0,21,21,0,1,0,1,1,18,4.771266,4.779823,0.941168,16.891017,2,1,4,0.009524,0.270372,107,337,125,0,5,466,0,3,0,attached,0,6.66,1.45,1,6.664774,-0.031916,6.66,-0.250181,0.076342,0.0,0.0,deliver
20260526-194630-sentence-script-long-microtubule-tracks-2a3c00,51.8055,2026-05-27T00:47:23.639367+00:00,3099,3,0,1,DELIVER,,2.5874,9.6293,0.0,0.0,0.0,21,21,0,1,0,1,1,18,4.923114,4.931351,3.467705,15.486875,3,0,6,0.0,0.493111,107,337,125,0,5,466,0,3,0,attached,0,6.921,1.45,1,6.925544,-0.018003,6.921,-0.250181,0.174325,15.485894,0.0,deliver
20260526-194630-sentence-script-long-microtubule-tracks-2a3c00,51.9068,2026-05-27T00:47:23.740510+00:00,3105,3,0,1,DELIVER,,2.6887,9.6293,0.0,0.0,0.0,21,21,0,1,0,1,1,18,5.069567,5.077601,2.421023,13.973506,3,0,8,0.0,0.540719,107,338,125,0,5,466,0,3,0,attached,0,6.921,1.45,1,6.925521,0.002362,6.921,-0.250181,0.20988,0.0,0.0,deliver
20260526-194630-sentence-script-long-microtubule-tracks-2a3c00,52.0083,2026-05-27T00:47:23.842003+00:00,3111,3,0,1,DELIVER,,2.7902,9.6293,0.0,0.0,0.0,21,21,0,1,0,1,1,18,5.241849,5.249575,0.80766,14.603892,3,0,9,0.004762,0.644375,107,339,125,0,5,466,0,3,0,attached,0,7.182,1.45,1,7.18639,0.021905,7.182,-0.250181,0.17017,0.0,0.0,deliver
20260526-194630-sentence-script-long-microtubule-tracks-2a3c00,52.1098,2026-05-27T00:47:23.943598+00:00,3117,3,0,1,DELIVER,,2.8917,9.6293,0.0,0.0,0.0,21,21,0,1,0,1,1,18,5.363039,5.370572,0.859739,15.436916,3,0,9,0.0,0.25339,107,339,125,0,5,466,0,3,0,attached,0,7.443,1.45,1,7.447279,0.033582,7.443,-0.250181,0.069272,15.436761,0.0,deliver
20260526-194630-sentence-script-long-microtubule-tracks-2a3c00,52.2114,2026-05-27T00:47:24.045249+00:00,3123,3,0,1,DELIVER,,2.9934,9.6293,0.0,0.0,0.0,21,21,0,1,0,1,1,17,5.503462,5.510771,1.763886,18.558212,6,0,8,0.0,0.500796,107,341,125,0,5,466,0,3,0,attached,0,7.704,1.45,1,7.708133,0.033174,7.704,-0.250181,-0.056846,15.595984,0.0,deliver
20260526-194630-sentence-script-long-microtubule-tracks-2a3c00,52.3011,2026-05-27T00:47:24.134831+00:00,3128,3,0,1,DELIVER,,3.083,9.6293,0.0,0.0,0.0,20,20,0,2,0,2,2,35,5.537094,5.544309,1.174865,10.978285,5,0,8,0.0,0.866099,107,342,125,0,5,466,0,3,0,attached,0,7.704,1.45,1,7.708095,0.022773,7.704,-0.250181,-0.149777,0.0,0.0,deliver
20260526-194630-sentence-script-long-microtubule-tracks-2a3c00,52.4039,2026-05-27T00:47:24.237752+00:00,3133,3,0,1,DELIVER,,3.1858,9.6293,0.0,0.0,0.0,19,19,0,3,0,3,3,53,5.538878,5.546106,0.126937,0.209593,5,0,8,0.005848,1.205729,107,342,125,0,5,466,0,3,,,,,,,,,,,,,,
20260526-194630-sentence-script-long-microtubule-tracks-2a3c00,52.5055,2026-05-27T00:47:24.339588+00:00,3138,3,0,1,DELIVER,,3.2875,9.6293,0.0,0.0,0.0,19,18,1,3,0,3,3,52,5.692428,5.636109,2.047814,13.623541,6,0,8,0.005848,0.266692,108,342,125,0,5,466,0,3,,,,,,,,,,,,,,
20260526-194630-sentence-script-long-microtubule-tracks-2a3c00,52.6025,2026-05-27T00:47:24.436542+00:00,3143,3,0,1,DELIVER,,3.3844,9.6293,0.0,0.0,0.0,19,19,0,3,0,3,3,51,5.719898,5.726886,2.421996,15.296441,6,0,9,0.0,0.503632,108,343,125,0,5,466,0,3,,,,,,,,,,,,,,
20260526-194630-sentence-script-long-microtubule-tracks-2a3c00,52.7153,2026-05-27T00:47:24.549228+00:00,3149,3,0,1,DELIVER,,3.4973,9.6293,0.0,0.0,0.0,19,19,0,3,0,3,3,51,5.89051,5.897293,0.783854,12.283601,8,0,9,0.005848,0.333475,108,343,125,0,5,466,0,3,,,,,,,,,,,,,,
20260526-194630-sentence-script-long-microtubule-tracks-2a3c00,52.8071,2026-05-27T00:47:24.640840+00:00,3154,3,0,1,DELIVER,,3.589,9.6293,0.0,0.0,0.0,19,19,0,3,0,3,3,48,6.020554,6.027177,1.959066,18.736173,8,0,10,0.005848,1.055525,108,344,125,0,6,466,0,3,,,,,,,,,,,,,,
20260526-194630-sentence-script-long-microtubule-tracks-2a3c00,52.9118,2026-05-27T00:47:24.745659+00:00,3160,3,0,1,DELIVER,,3.6937,9.6293,0.0,0.0,0.0,18,17,1,4,0,4,4,70,5.975342,6.043471,1.630641,14.163002,7,0,12,0.013072,1.608272,109,344,125,0,6,468,0,3,,,,,,,,,,,,,,
20260526-194630-sentence-script-long-microtubule-tracks-2a3c00,53.0016,2026-05-27T00:47:24.835397+00:00,3165,3,0,1,DELIVER,,3.7835,9.6293,0.0,0.0,0.0,16,15,1,6,0,6,6,105,5.90439,5.991332,3.366309,16.31247,5,0,10,0.008333,0.25917,109,345,125,0,6,473,0,3,,,,,,,,,,,,,,
20260526-194630-sentence-script-long-microtubule-tracks-2a3c00,53.1043,2026-05-27T00:47:24.938103+00:00,3171,3,0,1,DELIVER,,3.8862,9.6293,0.0,0.0,0.0,16,15,1,6,0,6,6,103,5.999775,6.077044,0.988069,13.800636,6,0,10,0.016667,0.37562,111,346,125,0,6,479,0,3,,,,,,,,,,,,,,
20260526-194630-sentence-script-long-microtubule-tracks-2a3c00,53.2067,2026-05-27T00:47:25.040513+00:00,3177,3,0,1,DELIVER,,3.9886,9.6293,0.0,0.0,0.0,16,15,1,6,0,6,6,102,6.143946,6.205232,1.043674,12.453367,7,0,11,0.008333,0.248099,111,347,125,0,6,479,0,3,,,,,,,,,,,,,,
20260526-194630-sentence-script-long-microtubule-tracks-2a3c00,53.3085,2026-05-27T00:47:25.142525+00:00,3183,3,0,1,DELIVER,,4.0904,9.6293,0.0,0.0,0.0,16,15,1,6,0,6,6,99,6.295974,6.353098,0.988502,13.552028,7,0,12,0.008333,0.343673,112,347,125,0,6,479,0,3,,,,,,,,,,,,,,
20260526-194630-sentence-script-long-microtubule-tracks-2a3c00,53.4086,2026-05-27T00:47:25.242791+00:00,3189,3,0,1,DELIVER,,4.1905,9.6293,0.0,0.0,0.0,15,14,1,7,0,8,8,131,6.331908,6.400763,2.131623,14.077779,7,0,10,0.009524,0.067384,112,347,125,0,6,479,0,3,,,,,,,,,,,,,,
20260526-194630-sentence-script-long-microtubule-tracks-2a3c00,53.5097,2026-05-27T00:47:25.343644+00:00,3195,3,0,1,DELIVER,,4.2916,9.6293,0.0,0.0,0.0,13,13,0,9,0,9,9,143,6.346344,6.352481,2.119159,13.416108,7,0,10,0.0,0.242499,112,349,125,0,6,479,0,3,,,,,,,,,,,,,,
20260526-194630-sentence-script-long-microtubule-tracks-2a3c00,53.6108,2026-05-27T00:47:25.444736+00:00,3201,3,0,1,DELIVER,,4.3927,9.6293,0.0,0.0,0.0,12,12,0,10,0,10,10,160,6.352725,6.358903,1.631496,18.062116,6,0,9,0.0,0.025278,112,349,125,0,6,479,0,3,,,,,,,,,,,,,,
20260526-194630-sentence-script-long-microtubule-tracks-2a3c00,53.7119,2026-05-27T00:47:25.547023+00:00,3207,3,0,1,DELIVER,,4.4938,9.6293,0.0168,0.0,0.0,12,12,0,10,0,10,10,154,6.505644,6.511688,3.836695,16.600006,8,0,9,0.0,0.02383,112,352,125,0,6,479,0,3,,,,,,,,,,,,,,
20260526-194630-sentence-script-long-microtubule-tracks-2a3c00,53.8131,2026-05-27T00:47:25.647037+00:00,3213,3,0,1,DELIVER,,4.595,9.6293,0.0,0.0,0.0,11,11,0,11,0,11,11,168,6.536128,6.542137,0.132761,0.206482,7,0,9,0.0,0.234886,112,352,125,0,6,479,0,3,,,,,,,,,,,,,,
20260526-194630-sentence-script-long-microtubule-tracks-2a3c00,53.9147,2026-05-27T00:47:25.748494+00:00,3219,3,0,1,DELIVER,,4.6966,9.6293,0.0,0.0,0.0,10,10,0,12,0,12,12,184,6.615109,6.620982,1.575478,14.353006,6,0,9,0.0,0.927485,112,353,125,0,6,479,0,3,,,,,,,,,,,,,,
20260526-194630-sentence-script-long-microtubule-tracks-2a3c00,54.0162,2026-05-27T00:47:25.851337+00:00,3225,3,0,1,DELIVER,,4.7982,9.6293,0.0169,0.0,0.0,10,9,1,12,0,12,12,178,6.580365,6.675024,4.480968,18.591886,6,0,9,0.0,0.054931,113,353,125,0,6,479,0,3,,,,,,,,,,,,,,
20260526-194630-sentence-script-long-microtubule-tracks-2a3c00,54.1008,2026-05-27T00:47:25.934602+00:00,3230,3,0,1,DELIVER,,4.8828,9.6293,0.0,0.0,0.0,10,9,1,12,0,12,12,173,6.773389,6.860416,0.162157,0.345692,7,0,10,0.0,0.052844,113,353,125,0,6,479,0,3,,,,,,,,,,,,,,
20260526-194630-sentence-script-long-microtubule-tracks-2a3c00,54.2021,2026-05-27T00:47:26.036453+00:00,3236,3,0,1,DELIVER,,4.9841,9.6293,0.0,0.0,0.0,9,9,0,13,0,14,14,204,6.865012,6.870698,1.922046,14.617674,6,0,8,0.0,0.227716,113,354,125,0,6,479,0,3,,,,,,,,,,,,,,
20260526-194630-sentence-script-long-microtubule-tracks-2a3c00,54.3039,2026-05-27T00:47:26.138011+00:00,3242,3,0,1,DELIVER,,5.0858,9.6293,0.0,0.0,0.0,8,8,0,14,0,15,15,217,6.972131,6.977661,0.101345,0.209437,6,0,7,0.0,0.014356,113,355,125,0,6,479,0,3,,,,,,,,,,,,,,
20260526-194630-sentence-script-long-microtubule-tracks-2a3c00,54.4047,2026-05-27T00:47:26.238565+00:00,3248,3,0,1,DELIVER,,5.1866,9.6293,0.0168,0.0,0.0,6,6,0,16,0,16,16,230,6.859979,6.865509,0.141804,0.185625,5,0,6,0.0,0.013246,113,355,125,0,7,479,0,3,,,,,,,,,,,,,,
20260526-194630-sentence-script-long-microtubule-tracks-2a3c00,54.5071,2026-05-27T00:47:26.342190+00:00,3254,3,0,1,DELIVER,,5.289,9.6293,0.0,0.0,0.0,5,5,0,17,0,17,17,233,6.846259,6.851641,2.8456,13.472635,5,0,5,0.0,0.015779,113,356,125,0,7,479,0,3,,,,,,,,,,,,,,
20260526-194630-sentence-script-long-microtubule-tracks-2a3c00,54.6088,2026-05-27T00:47:26.442668+00:00,3260,3,0,1,DELIVER,,5.3908,9.6293,0.0,0.0,0.0,5,5,0,17,0,17,17,225,7.036071,7.04131,3.555786,16.449878,5,0,5,0.0,0.455048,113,357,125,0,7,479,0,3,,,,,,,,,,,,,,
20260526-194630-sentence-script-long-microtubule-tracks-2a3c00,54.7107,2026-05-27T00:47:26.544855+00:00,3266,3,0,1,DELIVER,,5.4926,9.6293,0.0,0.0,0.0,5,5,0,17,0,18,18,232,7.14671,7.151905,0.12446,0.193019,5,0,4,0.0,0.010149,113,358,125,0,7,479,0,3,,,,,,,,,,,,,,
20260526-194630-sentence-script-long-microtubule-tracks-2a3c00,54.8127,2026-05-27T00:47:26.646716+00:00,3272,3,0,1,DELIVER,,5.5946,9.6293,0.0,0.0,0.0,4,4,0,18,0,18,18,220,7.247305,7.252518,0.15504,0.209809,4,0,4,0.0,0.010341,113,359,125,0,7,479,0,3,,,,,,,,,,,,,,
20260526-194630-sentence-script-long-microtubule-tracks-2a3c00,54.9148,2026-05-27T00:47:26.748646+00:00,3278,3,0,1,DELIVER,,5.6968,9.6293,0.0,0.0,0.0,3,3,0,19,0,19,19,228,7.190362,7.195384,6.398235,18.834114,3,0,3,0.0,0.009763,113,359,125,0,7,479,0,3,,,,,,,,,,,,,,
20260526-194630-sentence-script-long-microtubule-tracks-2a3c00,55.0007,2026-05-27T00:47:26.834542+00:00,3283,3,0,1,DELIVER,,5.7827,9.6293,0.0518,0.0689,0.0,2,2,0,20,0,20,20,236,7.221233,7.226475,0.185372,0.208699,2,0,2,0.0,0.006575,113,359,125,0,8,479,0,3,,,,,,,,,,,,,,
20260526-194630-sentence-script-long-microtubule-tracks-2a3c00,55.1028,2026-05-27T00:47:26.937927+00:00,3289,3,0,1,DELIVER,,5.8848,9.6293,0.051,0.171,0.0,2,2,0,20,0,20,20,227,7.361794,7.366976,0.106794,0.15778,2,0,2,0.0,0.0042,113,359,125,0,8,479,0,3,,,,,,,,,,,,,,
20260526-194630-sentence-script-long-microtubule-tracks-2a3c00,55.2049,2026-05-27T00:47:27.038653+00:00,3295,3,0,1,DELIVER,,5.9868,9.6293,0.034,0.273,0.0,2,2,0,20,0,20,20,217,7.522476,7.527569,0.06009,0.070603,2,0,2,0.0,0.00204,113,359,125,0,9,479,0,3,,,,,,,,,,,,,,
20260526-194630-sentence-script-long-microtubule-tracks-2a3c00,55.3073,2026-05-27T00:47:27.141007+00:00,3301,3,0,1,DELIVER,,6.0892,9.6293,0.0344,0.3754,0.0,1,1,0,21,0,21,21,224,7.681848,7.686745,1.541098,1.541098,1,0,1,0.0,0.012105,113,361,125,0,9,479,0,3,,,,,,,,,,,,,,
20260526-194630-sentence-script-long-microtubule-tracks-2a3c00,55.4073,2026-05-27T00:47:27.242374+00:00,3307,3,0,1,DELIVER,,6.1893,9.6293,0.1345,0.4754,0.0,1,1,0,21,0,21,21,210,7.681848,7.686742,0.16218,0.16218,1,0,1,0.0,0.002913,113,361,125,0,9,479,0,3,,,,,,,,,,,,,,
20260526-194630-sentence-script-long-microtubule-tracks-2a3c00,55.5077,2026-05-27T00:47:27.341380+00:00,3313,3,0,1,RESETTING,,6.2394,9.6293,0.0335,0.5758,0.0,0,0,0,22,0,22,22,208,0.0,0.0,0.0,0,0,0,0,0.0,0,113,361,125,0,9,479,0,3,,,,,,,,,,,,,,
20260526-194630-sentence-script-long-microtubule-tracks-2a3c00,55.6077,2026-05-27T00:47:27.441427+00:00,3319,3,0,1,RESETTING,,6.2394,9.6293,0.1335,0.6759,0.0,0,0,0,22,0,22,22,192,0.0,0.0,0.0,0,0,0,0,0.0,0,113,361,125,0,9,479,0,3,,,,,,,,,,,,,,
20260526-194630-sentence-script-long-microtubule-tracks-2a3c00,55.7076,2026-05-27T00:47:27.541298+00:00,3325,3,0,1,RESETTING,,6.2394,9.6293,0.2334,0.7757,0.0,0,0,0,22,0,22,22,176,0.0,0.0,0.0,0,0,0,0,0.0,0,113,361,125,0,9,479,0,3,,,,,,,,,,,,,,
20260526-194630-sentence-script-long-microtubule-tracks-2a3c00,55.8073,2026-05-27T00:47:27.643328+00:00,3331,3,0,1,RESETTING,,6.2394,9.6293,0.3331,0.8754,0.0,0,0,0,22,0,22,22,158,0.0,0.0,0.0,0,0,0,0,0.0,0,113,361,125,0,9,479,0,3,,,,,,,,,,,,,,
20260526-194630-sentence-script-long-microtubule-tracks-2a3c00,55.9074,2026-05-27T00:47:27.741094+00:00,3337,3,0,1,RESETTING,,6.2394,9.6293,0.4332,0.9756,0.0,0,0,0,22,0,22,22,142,0.0,0.0,0.0,0,0,0,0,0.0,0,113,361,125,0,9,479,0,3,,,,,,,,,,,,,,
20260526-194630-sentence-script-long-microtubule-tracks-2a3c00,56.0076,2026-05-27T00:47:27.841317+00:00,3343,3,0,1,RESETTING,,6.2394,9.6293,0.5335,1.0758,0.0,0,0,0,22,0,22,22,127,0.0,0.0,0.0,0,0,0,0,0.0,0,113,361,125,0,9,479,0,3,,,,,,,,,,,,,,
20260526-194630-sentence-script-long-microtubule-tracks-2a3c00,56.1086,2026-05-27T00:47:27.942260+00:00,3349,3,0,1,RESETTING,,6.2394,9.6293,0.6345,1.1768,0.0,0,0,0,22,0,22,22,112,0.0,0.0,0.0,0,0,0,0,0.0,0,113,361,125,0,9,479,0,3,,,,,,,,,,,,,,
20260526-194630-sentence-script-long-microtubule-tracks-2a3c00,56.2086,2026-05-27T00:47:28.042175+00:00,3355,3,0,1,RESETTING,,6.2394,9.6293,0.7344,1.2767,0.0,0,0,0,22,0,22,22,102,0.0,0.0,0.0,0,0,0,0,0.0,0,113,361,125,0,9,479,0,3,,,,,,,,,,,,,,
20260526-194630-sentence-script-long-microtubule-tracks-2a3c00,56.3084,2026-05-27T00:47:28.143302+00:00,3361,3,0,1,RESETTING,,6.2394,9.6293,0.8342,1.3765,0.0,0,0,0,22,0,22,22,94,0.0,0.0,0.0,0,0,0,0,0.0,0,113,361,125,0,9,479,0,3,,,,,,,,,,,,,,
20260526-194630-sentence-script-long-microtubule-tracks-2a3c00,56.4089,2026-05-27T00:47:28.242393+00:00,3367,3,0,1,RESETTING,,6.2394,9.6293,0.9347,1.477,0.0,0,0,0,22,0,22,22,85,0.0,0.0,0.0,0,0,0,0,0.0,0,113,361,125,0,9,479,0,3,,,,,,,,,,,,,,
20260526-194630-sentence-script-long-microtubule-tracks-2a3c00,56.5095,2026-05-27T00:47:28.344377+00:00,3373,3,0,1,RESETTING,,6.2394,9.6293,1.0354,1.5777,0.0,0,0,0,22,0,22,22,74,0.0,0.0,0.0,0,0,0,0,0.0,0,113,361,125,0,9,479,0,3,,,,,,,,,,,,,,
20260526-194630-sentence-script-long-microtubule-tracks-2a3c00,56.6104,2026-05-27T00:47:28.443949+00:00,3379,3,0,1,RESETTING,,6.2394,9.6293,1.1363,1.6786,0.0,0,0,0,22,0,22,22,67,0.0,0.0,0.0,0,0,0,0,0.0,0,113,361,125,0,9,479,0,3,,,,,,,,,,,,,,
20260526-194630-sentence-script-long-microtubule-tracks-2a3c00,56.7154,2026-05-27T00:47:28.548859+00:00,3385,3,0,1,RESETTING,,6.2394,9.6293,1.2412,1.7835,0.0,0,0,0,22,0,22,22,57,0.0,0.0,0.0,0,0,0,0,0.0,0,113,361,125,0,9,479,0,3,,,,,,,,,,,,,,
20260526-194630-sentence-script-long-microtubule-tracks-2a3c00,56.8162,2026-05-27T00:47:28.649714+00:00,3391,3,0,1,RESETTING,,6.2394,9.6293,1.342,1.8843,0.0,0,0,0,22,0,22,22,52,0.0,0.0,0.0,0,0,0,0,0.0,0,113,361,125,0,9,479,0,3,,,,,,,,,,,,,,
20260526-194630-sentence-script-long-microtubule-tracks-2a3c00,56.9004,2026-05-27T00:47:28.733872+00:00,3396,3,0,1,RESETTING,,6.2394,9.6293,1.4262,1.9685,0.0,0,0,0,22,0,22,22,47,0.0,0.0,0.0,0,0,0,0,0.0,0,113,361,125,0,9,479,0,3,,,,,,,,,,,,,,
20260526-194630-sentence-script-long-microtubule-tracks-2a3c00,57.0013,2026-05-27T00:47:28.836126+00:00,3402,3,0,1,RESETTING,,6.2394,9.6293,1.5271,2.0695,0.0,0,0,0,22,0,22,22,38,0.0,0.0,0.0,0,0,0,0,0.0,0,113,361,125,0,9,479,0,3,,,,,,,,,,,,,,
20260526-194630-sentence-script-long-microtubule-tracks-2a3c00,57.106,2026-05-27T00:47:28.939456+00:00,3408,3,0,1,RESETTING,,6.2394,9.6293,1.6318,2.1741,0.0,0,0,0,22,0,22,22,28,0.0,0.0,0.0,0,0,0,0,0.0,0,113,361,125,0,9,479,0,3,,,,,,,,,,,,,,
20260526-194630-sentence-script-long-microtubule-tracks-2a3c00,57.2066,2026-05-27T00:47:29.040053+00:00,3414,3,0,1,RESETTING,,6.2394,9.6293,1.7324,2.2747,0.0,0,0,0,22,0,22,22,23,0.0,0.0,0.0,0,0,0,0,0.0,0,113,361,125,0,9,479,0,3,,,,,,,,,,,,,,
20260526-194630-sentence-script-long-microtubule-tracks-2a3c00,57.3071,2026-05-27T00:47:29.140499+00:00,3420,3,0,1,RESETTING,,6.2394,9.6293,1.8329,2.3752,0.0,0,0,0,22,0,22,22,17,0.0,0.0,0.0,0,0,0,0,0.0,0,113,361,125,0,9,479,0,3,,,,,,,,,,,,,,
20260526-194630-sentence-script-long-microtubule-tracks-2a3c00,57.4073,2026-05-27T00:47:29.242027+00:00,3426,3,0,1,RESETTING,,6.2394,9.6293,1.9331,2.4754,0.0,0,0,0,22,0,22,22,13,0.0,0.0,0.0,0,0,0,0,0.0,0,113,361,125,0,9,479,0,3,,,,,,,,,,,,,,
20260526-194630-sentence-script-long-microtubule-tracks-2a3c00,57.5077,2026-05-27T00:47:29.341116+00:00,3432,3,0,1,RESETTING,,6.2394,9.6293,2.0335,2.5758,0.0,0,0,0,22,0,22,22,9,0.0,0.0,0.0,0,0,0,0,0.0,0,113,361,125,0,9,479,0,3,,,,,,,,,,,,,,
20260526-194630-sentence-script-long-microtubule-tracks-2a3c00,57.6085,2026-05-27T00:47:29.441959+00:00,3438,3,0,1,RESETTING,,6.2394,9.6293,2.1343,2.6766,0.0,0,0,0,22,0,22,22,5,0.0,0.0,0.0,0,0,0,0,0.0,0,113,361,125,0,9,479,0,3,,,,,,,,,,,,,,
20260526-194630-sentence-script-long-microtubule-tracks-2a3c00,57.7202,2026-05-27T00:47:29.553657+00:00,3444,3,0,1,RESETTING,,6.2394,9.6293,2.246,2.7883,0.0,0,0,0,22,0,22,22,3,0.0,0.0,0.0,0,0,0,0,0.0,0,113,361,125,0,9,479,0,3,,,,,,,,,,,,,,
20260526-194630-sentence-script-long-microtubule-tracks-2a3c00,57.8127,2026-05-27T00:47:29.646136+00:00,3449,3,0,1,RESETTING,,6.2394,9.6293,2.3385,2.8808,0.0,0,0,0,22,0,22,22,1,0.0,0.0,0.0,0,0,0,0,0.0,0,113,361,125,0,9,479,0,3,,,,,,,,,,,,,,
20260526-194630-sentence-script-long-microtubule-tracks-2a3c00,57.9149,2026-05-27T00:47:29.748306+00:00,3455,3,0,1,RESETTING,,6.2394,9.6293,2.4407,2.983,0.0,0,0,0,22,0,22,22,0,0.0,0.0,0.0,0,0,0,0,0.0,0,113,361,125,0,9,479,0,3,,,,,,,,,,,,,,
20260526-194630-sentence-script-long-microtubule-tracks-2a3c00,58.003,2026-05-27T00:47:29.836518+00:00,3460,3,0,1,RESETTING,,6.2394,9.6293,2.5288,3.0711,0.0,0,0,0,22,0,22,22,0,0.0,0.0,0.0,0,0,0,0,0.0,0,113,361,125,0,9,479,0,3,,,,,,,,,,,,,,
20260526-194630-sentence-script-long-microtubule-tracks-2a3c00,58.1036,2026-05-27T00:47:29.938393+00:00,3466,3,0,1,RESETTING,,6.2394,9.6293,2.6294,3.1717,0.0,0,0,0,22,0,22,22,0,0.0,0.0,0.0,0,0,0,0,0.0,0,113,361,125,0,9,479,0,3,,,,,,,,,,,,,,
20260526-194630-sentence-script-long-microtubule-tracks-2a3c00,58.2111,2026-05-27T00:47:30.044502+00:00,3472,3,0,1,RESETTING,,6.2394,9.6293,2.7369,3.2792,0.0,0,0,0,22,0,22,22,0,0.0,0.0,0.0,0,0,0,0,0.0,0,113,361,125,0,9,479,0,3,,,,,,,,,,,,,,
20260526-194630-sentence-script-long-microtubule-tracks-2a3c00,58.3202,2026-05-27T00:47:30.153763+00:00,3478,3,0,1,RESETTING,,6.2394,9.6293,2.8461,3.3884,0.0,0,0,0,22,0,22,22,0,0.0,0.0,0.0,0,0,0,0,0.0,0,113,361,125,0,9,479,0,3,,,,,,,,,,,,,,
20260526-194630-sentence-script-long-microtubule-tracks-2a3c00,58.4068,2026-05-27T00:47:30.241499+00:00,3483,3,0,1,RESETTING,,6.2394,9.6293,2.9326,3.4749,0.0,0,0,0,22,0,22,22,0,0.0,0.0,0.0,0,0,0,0,0.0,0,113,361,125,0,9,479,0,3,,,,,,,,,,,,,,
20260526-194630-sentence-script-long-microtubule-tracks-2a3c00,58.5068,2026-05-27T00:47:30.340611+00:00,3489,4,0,1,CURIOUS_SWITCH,,0.0341,9.7894,0.0,0.0,0.0,22,22,0,0,0,0,0,20,2.108024,2.129253,1.636346,12.302005,0,20,0,0.017316,0.512647,113,361,125,0,9,485,0,4,0,attached,5,1.995927,1.277189,1,2.01564,1.440078,1.28327,-0.584977,0.049877,-0.068163,-0.031727,born
20260526-194630-sentence-script-long-microtubule-tracks-2a3c00,58.6051,2026-05-27T00:47:30.438895+00:00,3495,4,0,1,CURIOUS_SWITCH,,0.1325,9.7894,0.0,0.0,0.0,22,18,4,0,0,0,0,20,2.144945,2.208538,0.796397,14.289458,0,19,0,0.017316,0.291208,117,361,125,0,9,493,0,4,0,attached,5,1.995927,1.277189,1,2.015674,1.441201,1.281736,-0.585691,-0.01689,0.023082,0.010744,born
20260526-194630-sentence-script-long-microtubule-tracks-2a3c00,58.7026,2026-05-27T00:47:30.536384+00:00,3501,4,0,1,CURIOUS_SWITCH,,0.23,9.7894,0.0,0.0,0.0,22,18,4,0,0,0,0,20,2.338799,2.324839,0.154012,0.274128,0,17,0,0.012987,0.644484,118,362,125,0,9,493,0,4,0,attached,5,2.225821,1.277189,1,2.24342,1.582515,1.439503,-0.675584,-0.077519,0.105939,0.049311,born
20260526-194630-sentence-script-long-microtubule-tracks-2a3c00,58.8157,2026-05-27T00:47:30.649562+00:00,3508,4,0,1,CURIOUS_SWITCH,,0.343,9.7894,0.0,0.0,0.0,22,19,3,0,0,0,0,20,2.17993,2.212303,2.2616,14.242526,0,16,0,0.021645,0.473601,118,363,127,0,9,493,0,4,0,attached,5,2.455715,1.277189,1,2.471556,1.717474,1.605955,-0.761434,8.963242,9.486868,-5.701681,born
20260526-194630-sentence-script-long-microtubule-tracks-2a3c00,58.9124,2026-05-27T00:47:30.746190+00:00,3514,4,0,1,CURIOUS_SWITCH,,0.4398,9.7894,0.0,0.0,0.0,22,18,4,0,0,0,0,24,2.136444,2.239639,0.14663,0.225885,0,15,0,0.017316,3.089265,120,364,128,0,9,495,0,4,0,attached,5,2.455715,1.277189,1,2.471603,1.706575,1.620849,-0.754501,-0.105964,0.144813,0.067405,born
20260526-194630-sentence-script-long-microtubule-tracks-2a3c00,59.0098,2026-05-27T00:47:30.843504+00:00,3520,4,0,1,CURIOUS_SWITCH,,0.5371,9.7894,0.0,0.0,0.0,22,18,4,0,0,0,0,29,2.241848,2.331325,0.632354,11.087959,0,14,0,0.012987,0.837372,120,364,128,0,9,496,0,4,0,attached,5,2.685609,1.277189,1,2.700269,1.845045,1.782502,-0.842584,-0.062321,0.085169,0.039643,born
20260526-194630-sentence-script-long-microtubule-tracks-2a3c00,59.1061,2026-05-27T00:47:30.941284+00:00,3526,4,0,1,CURIOUS_SWITCH,,0.6335,9.7894,0.0,0.0,0.0,22,18,4,0,0,0,0,29,2.306568,2.390788,1.299751,12.991044,0,12,0,0.008658,0.266452,120,364,128,0,9,496,0,4,0,attached,5,2.685609,1.277189,1,2.700324,1.842536,1.785931,-0.840988,0.001339,-0.00183,-0.000852,born
20260526-194630-sentence-script-long-microtubule-tracks-2a3c00,59.2023,2026-05-27T00:47:31.037524+00:00,3532,4,0,1,CURIOUS_SWITCH,,0.7297,9.7894,0.0,0.0,0.0,22,18,4,0,0,0,0,29,2.298772,2.390589,2.447892,13.854459,0,10,0,0.008658,3.665982,120,364,129,0,9,496,0,4,0,attached,14,0.629894,1.277189,1,0.689148,-0.590365,0.032693,0.354012,-0.003886,-0.195819,0.005527,switched
20260526-194630-sentence-script-long-microtubule-tracks-2a3c00,59.3144,2026-05-27T00:47:31.148267+00:00,3538,4,0,1,CURIOUS_SWITCH,,0.8418,9.7894,0.0,0.0,0.0,22,18,4,0,0,0,0,20,2.461235,2.529233,10.420982,226.18404,0,11,0,0.004329,1.24617,120,364,130,0,9,496,0,4,0,attached,14,0.629894,1.277189,1,0.689167,-0.590823,0.009611,0.354664,-0.003975,-0.200291,0.005653,switched
20260526-194630-sentence-script-long-microtubule-tracks-2a3c00,59.416,2026-05-27T00:47:31.251144+00:00,3544,4,0,1,CURIOUS_SWITCH,,0.9433,9.7894,0.0,0.0,0.0,22,18,4,0,0,0,0,19,2.397295,2.482951,1.330465,14.073445,0,11,0,0.008658,0.291884,120,364,130,0,9,496,0,4,0,attached,14,0.859788,1.277189,1,0.904488,-0.723293,0.00094,0.543088,-0.002546,-0.128292,0.003621,switched
20260526-194630-sentence-script-long-microtubule-tracks-2a3c00,59.5159,2026-05-27T00:47:31.349636+00:00,3550,4,0,1,CURIOUS_SWITCH,,1.0432,9.7894,0.0,0.0,0.0,22,18,4,0,0,0,0,18,2.338114,2.575907,16.851086,239.931877,0,12,0,0.008658,0.44765,120,364,132,0,9,496,0,4,0,attached,14,1.089682,1.277189,1,1.125464,-0.855557,0.002597,0.731221,-0.000243,-0.012251,0.000346,switched
20260526-194630-sentence-script-long-microtubule-tracks-2a3c00,59.6161,2026-05-27T00:47:31.449795+00:00,3556,4,0,1,CURIOUS_SWITCH,,1.1434,9.7894,0.0,0.0,0.0,22,20,2,0,0,0,0,13,2.452724,2.525355,0.673899,12.175521,0,11,0,0.008658,0.268802,120,366,132,0,9,496,0,4,0,attached,14,1.089682,1.277189,1,1.125294,-0.855439,0.008561,0.731053,0.00215,0.108349,-0.003058,switched
20260526-194630-sentence-script-long-microtubule-tracks-2a3c00,59.7159,2026-05-27T00:47:31.549669+00:00,3562,4,0,1,CURIOUS_SWITCH,,1.2432,9.7894,0.0,0.0,0.0,22,20,2,0,0,0,0,8,2.542218,2.612651,0.543337,9.230262,0,11,0,0.017316,0.271002,120,366,133,0,9,496,0,4,0,attached,14,1.319576,1.277189,1,1.348883,-0.987261,0.032546,0.918555,0.003785,0.19075,-0.005384,switched
20260526-194630-sentence-script-long-microtubule-tracks-2a3c00,59.816,2026-05-27T00:47:31.649796+00:00,3568,4,0,1,CURIOUS_SWITCH,,1.3434,9.7894,0.0,0.0,0.0,22,18,4,0,0,0,0,6,2.642659,2.724324,1.883126,14.264694,0,10,0,0.012987,0.342081,122,366,134,0,9,496,0,4,0,attached,14,1.54947,1.277189,1,1.574469,-1.118991,0.061115,1.105928,0.004102,0.206715,-0.005835,switched
20260526-194630-sentence-script-long-microtubule-tracks-2a3c00,59.916,2026-05-27T00:47:31.749707+00:00,3574,4,0,1,CURIOUS_SWITCH,,1.4433,9.7894,0.0,0.0,0.0,22,18,4,0,0,0,0,8,2.766745,2.842294,0.161779,0.415909,0,10,0,0.004329,0.710438,122,366,134,0,9,499,0,4,0,attached,14,1.54947,1.277189,1,1.574659,-1.118635,0.079037,1.105422,0.002984,0.150397,-0.004245,switched
20260526-194630-sentence-script-long-microtubule-tracks-2a3c00,60.016,2026-05-27T00:47:31.849692+00:00,3580,4,0,1,CURIOUS_SWITCH,,1.5433,9.7894,0.0,0.0,0.0,22,18,4,0,0,0,0,6,2.888064,2.957233,0.145167,0.386908,0,10,0,0.004329,1.10772,122,366,134,0,9,501,0,4,0,attached,14,1.54947,1.277189,1,1.574831,-1.118457,0.088018,1.105169,0.000826,0.041601,-0.001174,switched
